{"type":"FeatureCollection","features":[{"type":"Feature","id":"bfea50cf-55ba-4086-b215-19b4a50dbc33","geometry":{"type":"Polygon","coordinates":[[[17532, 17179],[17641, 18084],[18039, 18527],[18048, 18527],[18048, 18536],[18066, 18536],[18690, 18780],[19097, 18672],[19947, 17731],[19975, 17225],[20264, 17272],[21119, 17584],[21355, 17533],[21461, 17222],[22040, 16141],[21967, 15622],[22167, 14386],[22167, 14369],[22184, 14369],[22184, 14351],[22920, 13514],[23416, 12932],[23330, 11889],[23860, 10624],[25622, 9717],[26323, 8725],[26340, 8725],[26340, 8708],[27109, 7785],[28328, 6982],[28835, 6530],[29224, 5761],[30246, 5245],[30327, 4531],[30379, 3521],[30386, 3521],[30294, 3100],[29886, 3047],[29300, 3165],[28721, 3218],[28406, 3178],[27938, 3277],[27478, 3580],[27445, 4146],[27136, 4218],[26734, 4165],[25432, 4619],[25142, 4856],[22272, 9005],[21241, 9720],[20942, 10064],[21150, 10968],[21467, 11484],[21467, 11493],[21458, 11913],[20687, 12273],[20002, 12124],[19542, 12348],[19542, 13082],[19418, 14027],[19493, 14736],[19841, 14835],[20090, 15246],[20214, 15432],[20027, 16179],[19393, 16614],[18846, 16713],[18348, 16502],[17831, 16392],[17532, 17179]]]},"properties":{"objectType":"annotation","isLocked":true}},{"type":"Feature","id":"23f2889a-00c0-4657-8c3b-deb34ae1e9e5","geometry":{"type":"Polygon","coordinates":[[[28568, 4392],[28592, 4488],[28680, 4488],[28744, 4448],[28752, 4336],[28672, 4304],[28568, 4392]]]},"properties":{"objectType":"annotation","classification":{"name":"Tumor","color":[102, 77, 179]}}},{"type":"Feature","id":"81e3d137-64fd-40cd-8fab-6f0ea1c92e54","geometry":{"type":"Polygon","coordinates":[[[28104, 6768],[28128, 6872],[28256, 6856],[28360, 6760],[28360, 6648],[28200, 6632],[28152, 6664],[28160, 6736],[28104, 6768]]]},"properties":{"objectType":"annotation","classification":{"name":"Tumor","color":[102, 77, 179]}}},{"type":"Feature","id":"bbf53d63-34c8-442b-86d3-121b943c7331","geometry":{"type":"Polygon","coordinates":[[[25168, 7496],[25168, 7520],[25224, 7584],[25264, 7592],[25272, 7544],[25376, 7552],[25384, 7512],[25416, 7512],[25432, 7480],[25400, 7496],[25360, 7480],[25360, 7448],[25336, 7464],[25336, 7440],[25312, 7472],[25256, 7520],[25168, 7496]]]},"properties":{"objectType":"annotation","classification":{"name":"Tumor","color":[102, 77, 179]}}},{"type":"Feature","id":"57ef8ff0-b3af-4975-b6e0-83a8f167ed98","geometry":{"type":"Polygon","coordinates":[[[22808, 11392],[22824, 11424],[22808, 11456],[22848, 11456],[22832, 11488],[22856, 11600],[22896, 11592],[22920, 11616],[22968, 11600],[23032, 11600],[23064, 11576],[23088, 11504],[23080, 11416],[23064, 11400],[23064, 11336],[23000, 11344],[22992, 11368],[22928, 11360],[22928, 11408],[22896, 11408],[22880, 11440],[22832, 11432],[22832, 11384],[22808, 11392]]]},"properties":{"objectType":"annotation","classification":{"name":"Tumor","color":[102, 77, 179]}}},{"type":"Feature","id":"3ebbb8b6-1c07-43c2-b491-53143a526c28","geometry":{"type":"Polygon","coordinates":[[[19568, 14016],[19584, 14056],[19608, 14056],[19624, 14080],[19672, 14088],[19688, 14112],[19688, 14080],[19720, 14080],[19720, 14048],[19696, 14008],[19736, 14008],[19752, 13968],[19728, 13880],[19672, 13888],[19672, 13936],[19656, 13968],[19624, 13960],[19624, 13928],[19592, 13928],[19584, 13968],[19616, 13960],[19632, 13992],[19568, 14016]]]},"properties":{"objectType":"annotation","classification":{"name":"Tumor","color":[102, 77, 179]}}},{"type":"Feature","id":"50c49efd-7186-49bd-8aab-06bf5971ee21","geometry":{"type":"Polygon","coordinates":[[[19688, 17480],[19768, 17480],[19776, 17464],[19824, 17464],[19832, 17480],[19888, 17496],[19904, 17432],[19928, 17424],[19928, 17384],[19896, 17368],[19896, 17336],[19808, 17336],[19800, 17352],[19736, 17368],[19720, 17400],[19696, 17400],[19704, 17432],[19688, 17480]]]},"properties":{"objectType":"annotation","classification":{"name":"Tumor","color":[102, 77, 179]}}},{"type":"Feature","id":"4f06b1da-783e-4ae8-b6a1-7963d2127143","geometry":{"type":"Polygon","coordinates":[[[28808, 4376],[28856, 4432],[28904, 4432],[29016, 4360],[28952, 4280],[28888, 4264],[28816, 4312],[28808, 4376]]]},"properties":{"objectType":"annotation","classification":{"name":"Tumor","color":[102, 77, 179]}}},{"type":"Feature","id":"8fbaf903-6d49-4834-824c-e0d248b55537","geometry":{"type":"Polygon","coordinates":[[[20416, 16416],[20456, 16488],[20440, 16544],[20480, 16544],[20496, 16520],[20568, 16560],[20664, 16552],[20768, 16480],[20768, 16448],[20800, 16416],[20800, 16376],[20816, 16360],[20784, 16256],[20752, 16256],[20728, 16232],[20688, 16232],[20640, 16248],[20640, 16216],[20616, 16216],[20600, 16240],[20576, 16240],[20576, 16280],[20544, 16288],[20560, 16264],[20536, 16264],[20536, 16304],[20496, 16296],[20432, 16336],[20416, 16416]]]},"properties":{"objectType":"annotation","classification":{"name":"Tumor","color":[102, 77, 179]}}},{"type":"Feature","id":"cf54f53e-322a-41df-be69-18981a2ea019","geometry":{"type":"Polygon","coordinates":[[[27392, 4448],[27408, 4464],[27472, 4464],[27496, 4480],[27512, 4504],[27560, 4504],[27560, 4512],[27608, 4512],[27632, 4520],[27680, 4520],[27744, 4496],[27760, 4520],[27784, 4520],[27792, 4496],[27824, 4528],[27904, 4528],[27904, 4536],[27944, 4536],[27960, 4528],[27960, 4504],[27976, 4504],[27968, 4536],[27984, 4528],[28024, 4528],[28032, 4544],[28072, 4544],[28096, 4536],[28096, 4552],[28144, 4552],[28184, 4560],[28192, 4576],[28216, 4576],[28240, 4608],[28312, 4624],[28312, 4656],[28352, 4680],[28416, 4680],[28440, 4672],[28456, 4648],[28488, 4648],[28512, 4624],[28512, 4584],[28520, 4584],[28488, 4544],[28448, 4520],[28456, 4488],[28432, 4488],[28432, 4504],[28400, 4504],[28400, 4536],[28392, 4504],[28368, 4480],[28320, 4480],[28320, 4472],[28280, 4440],[28264, 4416],[28208, 4408],[28184, 4368],[28152, 4376],[28112, 4376],[28080, 4384],[28056, 4368],[28032, 4336],[28000, 4328],[27968, 4296],[27864, 4296],[27856, 4280],[27808, 4296],[27784, 4288],[27656, 4288],[27616, 4312],[27560, 4304],[27536, 4336],[27504, 4344],[27496, 4368],[27448, 4368],[27440, 4392],[27400, 4392],[27392, 4448]]]},"properties":{"objectType":"annotation","classification":{"name":"Tumor","color":[102, 77, 179]}}},{"type":"Feature","id":"d1411461-4dea-4f97-b46d-2df70d89c419","geometry":{"type":"Polygon","coordinates":[[[27880, 5464],[27880, 5504],[27896, 5512],[27896, 5528],[27912, 5536],[27920, 5560],[27936, 5560],[27944, 5544],[27944, 5488],[28008, 5488],[28008, 5472],[28032, 5456],[28032, 5432],[28072, 5432],[28072, 5408],[28104, 5400],[28120, 5384],[28120, 5360],[28136, 5352],[28136, 5336],[28152, 5328],[28152, 5312],[28184, 5304],[28184, 5288],[28168, 5288],[28168, 5272],[28192, 5264],[28192, 5240],[28224, 5224],[28224, 5208],[28256, 5184],[28264, 5152],[28288, 5152],[28328, 5112],[28352, 5104],[28360, 5080],[28408, 5040],[28408, 5024],[28424, 5024],[28440, 5008],[28440, 4992],[28472, 4984],[28472, 4952],[28496, 4944],[28496, 4928],[28520, 4912],[28528, 4888],[28560, 4888],[28640, 4832],[28728, 4832],[28728, 4784],[28736, 4800],[28784, 4800],[28808, 4784],[28864, 4784],[28872, 4760],[28912, 4752],[28920, 4736],[28984, 4736],[28984, 4728],[29032, 4728],[29040, 4736],[29040, 4776],[29032, 4792],[29000, 4792],[28984, 4824],[28960, 4816],[28920, 4816],[28896, 4824],[28880, 4840],[28880, 4872],[28864, 4920],[28888, 4928],[28904, 4920],[28912, 4944],[28904, 4952],[28832, 4952],[28792, 4920],[28760, 4920],[28752, 4896],[28728, 4920],[28704, 4928],[28704, 4968],[28696, 4968],[28696, 5024],[28656, 5056],[28592, 5096],[28584, 5120],[28584, 5152],[28592, 5160],[28624, 5160],[28640, 5168],[28648, 5192],[28744, 5192],[28768, 5168],[28792, 5160],[28824, 5136],[28848, 5128],[28856, 5112],[28872, 5112],[28880, 5096],[28904, 5096],[28920, 5064],[28960, 5064],[28976, 5056],[28976, 5088],[28984, 5096],[28960, 5120],[28912, 5144],[28880, 5136],[28880, 5160],[28848, 5176],[28816, 5208],[28792, 5216],[28760, 5216],[28744, 5240],[28712, 5256],[28712, 5272],[28688, 5272],[28688, 5256],[28648, 5264],[28496, 5264],[28480, 5272],[28480, 5288],[28464, 5296],[28464, 5328],[28448, 5344],[28440, 5336],[28424, 5352],[28448, 5352],[28448, 5392],[28464, 5416],[28472, 5456],[28488, 5456],[28496, 5472],[28472, 5472],[28440, 5448],[28440, 5472],[28456, 5480],[28456, 5504],[28440, 5504],[28440, 5520],[28424, 5528],[28424, 5560],[28416, 5560],[28416, 5608],[28432, 5616],[28432, 5632],[28456, 5632],[28456, 5608],[28440, 5608],[28432, 5584],[28448, 5584],[28456, 5600],[28536, 5624],[28536, 5632],[28600, 5632],[28608, 5624],[28592, 5600],[28640, 5608],[28640, 5576],[28664, 5576],[28672, 5560],[28696, 5560],[28728, 5544],[28768, 5512],[28768, 5496],[28800, 5504],[28808, 5472],[28824, 5480],[28824, 5512],[28840, 5528],[28872, 5544],[28928, 5544],[28920, 5528],[28920, 5472],[28936, 5464],[28896, 5464],[28896, 5448],[28880, 5464],[28864, 5456],[28872, 5432],[28888, 5432],[28896, 5416],[28928, 5408],[28936, 5392],[28968, 5392],[28984, 5376],[29040, 5368],[29056, 5360],[29080, 5368],[29096, 5352],[29096, 5328],[29120, 5328],[29144, 5304],[29144, 5288],[29224, 5288],[29224, 5256],[29256, 5256],[29256, 5272],[29272, 5256],[29296, 5256],[29320, 5232],[29352, 5232],[29352, 5248],[29336, 5256],[29304, 5256],[29288, 5280],[29272, 5280],[29264, 5304],[29248, 5312],[29248, 5344],[29240, 5344],[29240, 5408],[29216, 5400],[29216, 5480],[29224, 5480],[29224, 5520],[29232, 5528],[29264, 5528],[29312, 5560],[29336, 5560],[29336, 5584],[29352, 5584],[29360, 5568],[29384, 5568],[29376, 5552],[29392, 5504],[29392, 5456],[29400, 5472],[29424, 5472],[29432, 5448],[29464, 5432],[29464, 5424],[29496, 5424],[29496, 5416],[29552, 5416],[29568, 5408],[29568, 5392],[29616, 5392],[29632, 5368],[29656, 5368],[29656, 5352],[29704, 5336],[29696, 5352],[29728, 5344],[29728, 5248],[29720, 5224],[29744, 5224],[29768, 5240],[29760, 5256],[29760, 5344],[29768, 5352],[29808, 5352],[29824, 5368],[29824, 5384],[29912, 5384],[29936, 5360],[29992, 5360],[30000, 5368],[30024, 5296],[30024, 5272],[30048, 5272],[30024, 5264],[30000, 5240],[29992, 5216],[30016, 5184],[30024, 5144],[30048, 5144],[30048, 5120],[30032, 5120],[30032, 5104],[30008, 5112],[29960, 5112],[29960, 5088],[30040, 5056],[30048, 5024],[30072, 5024],[30072, 5016],[30096, 5016],[30096, 5008],[30120, 5008],[30120, 5000],[30144, 5000],[30184, 4976],[30192, 4960],[30192, 4928],[30176, 4920],[30168, 4896],[30136, 4896],[30136, 4888],[30096, 4888],[30096, 4896],[30040, 4896],[30040, 4920],[30024, 4936],[29984, 4936],[29984, 4928],[29952, 4936],[29944, 4912],[29928, 4896],[29928, 4848],[29944, 4840],[29952, 4856],[29976, 4856],[29976, 4808],[30008, 4800],[30032, 4776],[30032, 4744],[30040, 4744],[30040, 4688],[30000, 4672],[29984, 4648],[29920, 4648],[29920, 4664],[29904, 4656],[29864, 4656],[29864, 4664],[29808, 4664],[29808, 4672],[29776, 4672],[29776, 4680],[29744, 4680],[29736, 4656],[29720, 4656],[29720, 4704],[29696, 4720],[29664, 4720],[29656, 4744],[29640, 4760],[29584, 4760],[29560, 4792],[29544, 4792],[29536, 4808],[29440, 4848],[29400, 4840],[29368, 4840],[29392, 4848],[29392, 4864],[29336, 4888],[29336, 4904],[29312, 4904],[29304, 4920],[29272, 4920],[29264, 4944],[29264, 4976],[29232, 4984],[29224, 5008],[29168, 5048],[29136, 5080],[29104, 5072],[29104, 5088],[29080, 5072],[29080, 5016],[29096, 5008],[29096, 4992],[29176, 4920],[29200, 4904],[29208, 4880],[29224, 4880],[29248, 4864],[29248, 4824],[29264, 4800],[29264, 4768],[29280, 4752],[29280, 4736],[29296, 4728],[29296, 4704],[29336, 4672],[29392, 4648],[29392, 4672],[29416, 4664],[29416, 4640],[29432, 4632],[29488, 4632],[29496, 4616],[29512, 4616],[29544, 4584],[29552, 4560],[29568, 4560],[29584, 4544],[29568, 4496],[29536, 4496],[29528, 4480],[29440, 4480],[29440, 4472],[29400, 4472],[29400, 4464],[29344, 4464],[29344, 4456],[29256, 4456],[29256, 4464],[29200, 4464],[29200, 4472],[29152, 4496],[29104, 4496],[29104, 4504],[29072, 4520],[29024, 4520],[29008, 4536],[29008, 4552],[28992, 4560],[28992, 4544],[28952, 4552],[28952, 4528],[28936, 4528],[28936, 4568],[28952, 4568],[28952, 4584],[28928, 4592],[28904, 4560],[28880, 4560],[28856, 4584],[28776, 4584],[28752, 4600],[28704, 4600],[28680, 4608],[28664, 4624],[28640, 4632],[28600, 4664],[28560, 4640],[28560, 4688],[28552, 4688],[28552, 4720],[28536, 4728],[28536, 4752],[28504, 4768],[28464, 4800],[28464, 4816],[28440, 4824],[28432, 4840],[28416, 4840],[28408, 4864],[28368, 4896],[28368, 4912],[28304, 4976],[28280, 4976],[28280, 5000],[28256, 5024],[28256, 5048],[28240, 5056],[28240, 5096],[28224, 5104],[28224, 5120],[28200, 5128],[28200, 5152],[28184, 5152],[28176, 5176],[28144, 5176],[28152, 5208],[28104, 5208],[28088, 5240],[28048, 5240],[28064, 5256],[28064, 5272],[28040, 5288],[27992, 5304],[27992, 5328],[27960, 5368],[27936, 5376],[27936, 5408],[27952, 5408],[27952, 5440],[27944, 5464],[27928, 5464],[27928, 5432],[27896, 5432],[27888, 5416],[27888, 5464],[27880, 5464]]]},"properties":{"objectType":"annotation","classification":{"name":"Tumor","color":[102, 77, 179]}}},{"type":"Feature","id":"8d170570-02f8-455b-94f4-5eb92e743fb5","geometry":{"type":"Polygon","coordinates":[[[27688, 6360],[27688, 6400],[27704, 6408],[27712, 6456],[27752, 6456],[27736, 6504],[27776, 6520],[27776, 6544],[27848, 6536],[27856, 6552],[27896, 6544],[27912, 6560],[27944, 6560],[27944, 6584],[27968, 6568],[28016, 6568],[28072, 6552],[28096, 6568],[28072, 6544],[28056, 6456],[28040, 6440],[28032, 6376],[28056, 6376],[28040, 6328],[28056, 6304],[28016, 6304],[27992, 6272],[27912, 6280],[27904, 6264],[27856, 6248],[27792, 6240],[27776, 6256],[27744, 6256],[27744, 6272],[27712, 6296],[27704, 6336],[27688, 6360]]]},"properties":{"objectType":"annotation","classification":{"name":"Tumor","color":[102, 77, 179]}}},{"type":"Feature","id":"fb6a0d1b-b029-4d1b-9fae-e69fc9015fb0","geometry":{"type":"Polygon","coordinates":[[[21136, 15976],[21136, 16032],[21152, 16048],[21192, 16056],[21224, 16032],[21264, 16072],[21312, 16088],[21344, 16080],[21352, 16064],[21408, 16048],[21424, 16008],[21432, 15960],[21456, 15960],[21464, 15984],[21496, 15992],[21552, 16040],[21552, 16088],[21576, 16112],[21576, 16136],[21544, 16160],[21544, 16096],[21512, 16088],[21512, 16152],[21520, 16184],[21496, 16200],[21496, 16224],[21576, 16248],[21592, 16216],[21592, 16184],[21608, 16176],[21616, 16128],[21648, 16136],[21656, 16200],[21608, 16272],[21608, 16328],[21648, 16392],[21640, 16424],[21600, 16424],[21608, 16480],[21640, 16512],[21672, 16512],[21696, 16488],[21712, 16488],[21736, 16464],[21760, 16456],[21784, 16432],[21784, 16416],[21808, 16408],[21816, 16376],[21840, 16360],[21848, 16328],[21872, 16304],[21872, 16280],[21888, 16264],[21896, 16224],[21912, 16216],[21912, 16168],[21904, 16144],[21880, 16120],[21864, 16080],[21832, 16080],[21824, 16040],[21808, 16024],[21800, 15960],[21776, 15960],[21776, 15912],[21752, 15912],[21752, 15864],[21736, 15856],[21736, 15808],[21704, 15776],[21704, 15704],[21736, 15704],[21752, 15752],[21776, 15752],[21784, 15768],[21888, 15768],[21896, 15728],[21928, 15704],[21920, 15672],[21888, 15616],[21832, 15600],[21784, 15600],[21776, 15584],[21752, 15584],[21720, 15632],[21680, 15648],[21664, 15616],[21624, 15600],[21624, 15576],[21608, 15600],[21560, 15584],[21536, 15560],[21456, 15560],[21440, 15568],[21432, 15600],[21416, 15608],[21416, 15664],[21408, 15704],[21432, 15736],[21432, 15760],[21488, 15808],[21496, 15880],[21456, 15896],[21464, 15840],[21432, 15840],[21408, 15864],[21368, 15880],[21320, 15864],[21256, 15864],[21256, 15896],[21224, 15912],[21176, 15912],[21168, 15960],[21136, 15976]]]},"properties":{"objectType":"annotation","classification":{"name":"Tumor","color":[102, 77, 179]}}},{"type":"Feature","id":"e6dd0f00-be24-48f2-92e6-fa528012dc27","geometry":{"type":"Polygon","coordinates":[[[21904, 11688],[21928, 11744],[22000, 11760],[22080, 11760],[22112, 11720],[22200, 11696],[22400, 11576],[22400, 11552],[22448, 11512],[22496, 11504],[22616, 11440],[22688, 11376],[22728, 11376],[22816, 11320],[22824, 11288],[22888, 11256],[23000, 11168],[23000, 11136],[23032, 11136],[23040, 11104],[23080, 11096],[23096, 11056],[23240, 10928],[23272, 10912],[23328, 10832],[23392, 10792],[23392, 10752],[23424, 10752],[23512, 10656],[23512, 10632],[23592, 10576],[23584, 10512],[23624, 10472],[23624, 10392],[23648, 10384],[23720, 10304],[23712, 10248],[23744, 10248],[23760, 10184],[23760, 10120],[23776, 10096],[23768, 10024],[23712, 10000],[23592, 10040],[23544, 10072],[23504, 10128],[23432, 10160],[23440, 10216],[23416, 10248],[23384, 10240],[23328, 10296],[23280, 10296],[23240, 10360],[23160, 10376],[23016, 10504],[22976, 10512],[22984, 10544],[22904, 10584],[22888, 10640],[22760, 10728],[22760, 10784],[22720, 10784],[22672, 10816],[22656, 10856],[22592, 10904],[22592, 10928],[22544, 10960],[22552, 10992],[22496, 11048],[22488, 11152],[22472, 11144],[22488, 11072],[22440, 11080],[22424, 11120],[22352, 11200],[22272, 11248],[22232, 11328],[22160, 11352],[22120, 11416],[22032, 11488],[22032, 11512],[21936, 11616],[21936, 11664],[21904, 11688]]]},"properties":{"objectType":"annotation","classification":{"name":"Tumor","color":[102, 77, 179]}}},{"type":"Feature","id":"a60ac96e-fe70-4d53-9ec6-e977398368ae","geometry":{"type":"Polygon","coordinates":[[[20264, 16544],[20312, 16616],[20408, 16624],[20440, 16728],[20544, 16728],[20592, 16664],[20552, 16576],[20312, 16480],[20264, 16544]]]},"properties":{"objectType":"annotation","classification":{"name":"Tumor","color":[102, 77, 179]}}},{"type":"Feature","id":"b901ca4a-9ffd-4242-a61f-e224e010fc0d","geometry":{"type":"Polygon","coordinates":[[[17656, 17344],[17688, 17440],[17800, 17472],[17824, 17496],[17912, 17504],[17936, 17528],[17976, 17528],[17960, 17552],[17960, 17608],[17992, 17616],[17984, 17696],[17968, 17712],[17968, 17840],[18040, 17904],[18128, 17904],[18176, 17864],[18184, 17824],[18216, 17792],[18224, 17712],[18200, 17680],[18240, 17656],[18352, 17624],[18416, 17584],[18456, 17544],[18488, 17488],[18488, 17464],[18552, 17408],[18552, 17376],[18640, 17328],[18648, 17312],[18624, 17232],[18584, 17200],[18592, 17160],[18552, 17192],[18552, 17168],[18520, 17144],[18472, 17072],[18408, 17040],[18408, 17000],[18384, 17024],[18336, 17008],[18328, 16976],[18288, 16936],[18248, 16928],[18256, 16904],[18224, 16904],[18216, 16872],[18184, 16888],[18176, 16824],[18144, 16792],[18152, 16752],[18112, 16720],[18104, 16664],[18056, 16664],[18064, 16616],[17984, 16584],[17936, 16584],[17888, 16552],[17840, 16560],[17840, 16608],[17784, 16656],[17784, 16832],[17824, 16896],[17872, 16912],[17904, 16952],[17976, 16944],[17976, 16984],[18016, 16992],[18040, 17040],[18040, 17088],[18096, 17128],[18096, 17160],[18128, 17152],[18160, 17184],[18208, 17200],[18288, 17200],[18296, 17216],[18368, 17248],[18280, 17272],[18256, 17256],[18248, 17304],[18200, 17344],[18144, 17344],[18112, 17400],[18088, 17360],[18016, 17368],[17984, 17352],[17944, 17368],[17944, 17328],[17824, 17304],[17784, 17344],[17744, 17336],[17704, 17296],[17712, 17336],[17656, 17344]]]},"properties":{"objectType":"annotation","classification":{"name":"Tumor","color":[102, 77, 179]}}},{"type":"Feature","id":"704ba798-cb2d-4726-9a27-cc2482a357eb","geometry":{"type":"Polygon","coordinates":[[[23976, 10272],[24000, 10272],[24024, 10296],[24024, 10336],[24104, 10320],[24104, 10328],[24168, 10328],[24200, 10312],[24240, 10312],[24248, 10328],[24264, 10312],[24312, 10312],[24328, 10320],[24344, 10288],[24424, 10272],[24424, 10296],[24408, 10296],[24408, 10320],[24432, 10328],[24440, 10304],[24480, 10304],[24504, 10280],[24504, 10224],[24488, 10216],[24504, 10152],[24488, 10128],[24528, 10128],[24536, 10112],[24632, 10112],[24688, 10056],[24688, 10008],[24704, 9968],[24624, 9880],[24608, 9880],[24544, 9840],[24512, 9848],[24496, 9832],[24440, 9856],[24408, 9856],[24392, 9880],[24360, 9888],[24360, 9912],[24320, 9968],[24320, 10000],[24296, 10048],[24272, 10048],[24264, 10064],[24224, 10072],[24208, 10096],[24176, 10088],[24176, 10112],[24152, 10128],[24080, 10136],[24080, 10160],[24064, 10176],[24032, 10184],[24032, 10200],[24000, 10256],[23976, 10272]]]},"properties":{"objectType":"annotation","classification":{"name":"Tumor","color":[102, 77, 179]}}},{"type":"Feature","id":"ceb62899-3d4e-44e2-9aef-bbe20b09b786","geometry":{"type":"Polygon","coordinates":[[[21000, 13088],[21000, 13168],[21024, 13224],[21096, 13280],[21144, 13216],[21248, 13216],[21312, 13192],[21304, 13104],[21328, 13104],[21312, 13064],[21352, 13072],[21384, 13128],[21416, 13128],[21448, 13088],[21448, 13048],[21488, 12984],[21488, 12936],[21464, 12880],[21280, 12888],[21200, 12960],[21200, 13016],[21024, 13024],[21024, 13072],[21000, 13088]]]},"properties":{"objectType":"annotation","classification":{"name":"Tumor","color":[102, 77, 179]}}},{"type":"Feature","id":"6bf9ca19-c65f-4393-a124-c59e3b152dfe","geometry":{"type":"Polygon","coordinates":[[[24976, 9712],[25088, 9720],[25104, 9736],[25216, 9728],[25272, 9696],[25392, 9680],[25464, 9648],[25496, 9616],[25536, 9616],[25648, 9520],[25680, 9456],[25696, 9352],[25728, 9360],[25720, 9312],[25696, 9312],[25704, 9264],[25672, 9256],[25536, 9264],[25504, 9232],[25496, 9272],[25424, 9288],[25232, 9432],[25176, 9488],[25000, 9608],[24976, 9712]]]},"properties":{"objectType":"annotation","classification":{"name":"Tumor","color":[102, 77, 179]}}},{"type":"Feature","id":"6807ba30-c880-4685-8968-e45feb76fd03","geometry":{"type":"Polygon","coordinates":[[[19648, 14624],[19680, 14624],[19688, 14608],[19720, 14608],[19736, 14592],[19744, 14536],[19776, 14520],[19824, 14464],[19848, 14464],[19864, 14448],[19864, 14416],[19896, 14416],[19976, 14384],[20000, 14360],[20040, 14352],[20056, 14320],[20080, 14320],[20104, 14280],[20128, 14280],[20184, 14232],[20184, 14208],[20208, 14192],[20224, 14200],[20296, 14200],[20304, 14176],[20352, 14176],[20408, 14160],[20448, 14120],[20480, 14120],[20504, 14104],[20552, 14104],[20560, 14080],[20608, 14080],[20616, 14064],[20648, 14056],[20648, 14032],[20704, 14032],[20768, 13992],[20800, 13960],[20800, 13936],[20832, 13952],[20856, 13952],[20872, 13936],[20872, 13912],[20888, 13896],[20944, 13896],[20928, 13888],[20992, 13864],[21104, 13864],[21112, 13848],[21184, 13840],[21184, 13832],[21256, 13832],[21264, 13816],[21304, 13816],[21304, 13808],[21344, 13808],[21352, 13792],[21392, 13784],[21400, 13768],[21432, 13760],[21432, 13720],[21464, 13728],[21488, 13712],[21488, 13696],[21528, 13664],[21536, 13640],[21568, 13640],[21568, 13688],[21584, 13688],[21592, 13720],[21544, 13752],[21536, 13784],[21520, 13792],[21520, 13832],[21496, 13864],[21496, 13912],[21472, 13936],[21472, 13992],[21456, 14040],[21456, 14072],[21480, 14080],[21480, 14104],[21504, 14120],[21496, 14136],[21496, 14192],[21488, 14192],[21488, 14256],[21472, 14272],[21472, 14304],[21456, 14320],[21448, 14368],[21456, 14384],[21424, 14384],[21416, 14408],[21352, 14408],[21304, 14352],[21288, 14344],[21216, 14352],[21208, 14384],[21192, 14392],[21192, 14440],[21224, 14456],[21224, 14472],[21264, 14496],[21264, 14544],[21216, 14552],[21192, 14576],[21152, 14576],[21144, 14592],[21112, 14584],[21088, 14600],[21080, 14640],[21056, 14664],[21056, 14688],[21040, 14696],[21032, 14760],[21024, 14760],[21024, 14816],[21000, 14816],[20984, 14832],[20936, 14824],[20936, 14848],[20912, 14856],[20912, 14872],[20888, 14864],[20840, 14864],[20816, 14880],[20760, 14880],[20736, 14912],[20712, 14896],[20688, 14920],[20656, 14920],[20656, 14976],[20640, 14976],[20640, 15000],[20616, 15008],[20592, 15032],[20568, 15040],[20568, 15128],[20544, 15160],[20584, 15152],[20592, 15184],[20608, 15184],[20632, 15208],[20688, 15208],[20712, 15200],[20768, 15200],[20768, 15216],[20808, 15208],[20816, 15176],[20864, 15160],[20920, 15120],[20960, 15080],[20960, 15048],[21016, 15040],[21016, 15024],[21064, 15000],[21072, 14976],[21088, 14976],[21120, 14944],[21128, 14920],[21152, 14920],[21160, 14888],[21208, 14856],[21208, 14840],[21248, 14808],[21248, 14792],[21272, 14776],[21272, 14760],[21296, 14744],[21312, 14720],[21320, 14688],[21360, 14656],[21360, 14632],[21384, 14624],[21384, 14600],[21408, 14560],[21432, 14552],[21432, 14536],[21464, 14536],[21456, 14576],[21440, 14592],[21440, 14624],[21424, 14632],[21424, 14672],[21400, 14704],[21400, 14728],[21384, 14776],[21368, 14784],[21360, 14840],[21392, 14856],[21392, 14912],[21408, 14936],[21392, 14960],[21360, 14960],[21336, 14992],[21336, 15024],[21320, 15032],[21320, 15088],[21312, 15088],[21312, 15128],[21320, 15144],[21288, 15168],[21280, 15200],[21280, 15160],[21248, 15168],[21248, 15200],[21264, 15224],[21216, 15256],[21208, 15280],[21208, 15352],[21224, 15368],[21288, 15360],[21296, 15344],[21328, 15336],[21328, 15312],[21344, 15304],[21344, 15232],[21360, 15216],[21440, 15216],[21480, 15176],[21512, 15136],[21512, 15112],[21528, 15096],[21536, 15064],[21536, 15016],[21560, 15008],[21560, 14976],[21592, 14936],[21592, 14880],[21528, 14888],[21536, 14864],[21584, 14872],[21592, 14864],[21584, 14824],[21616, 14816],[21672, 14736],[21672, 14712],[21688, 14696],[21688, 14640],[21672, 14632],[21672, 14592],[21632, 14592],[21632, 14576],[21672, 14576],[21672, 14552],[21688, 14536],[21712, 14536],[21720, 14552],[21744, 14552],[21776, 14576],[21808, 14568],[21848, 14568],[21896, 14528],[21912, 14528],[21952, 14488],[21960, 14464],[21960, 14392],[21952, 14368],[21920, 14376],[21888, 14352],[21824, 14344],[21816, 14360],[21768, 14376],[21760, 14400],[21744, 14408],[21704, 14408],[21688, 14392],[21688, 14352],[21696, 14320],[21712, 14312],[21712, 14288],[21728, 14272],[21728, 14240],[21744, 14208],[21784, 14184],[21784, 14160],[21800, 14160],[21872, 14088],[21888, 14064],[21896, 14024],[21912, 14016],[21904, 14000],[21904, 13952],[21912, 13952],[21904, 13904],[21920, 13888],[21920, 13840],[21952, 13792],[21960, 13760],[21960, 13688],[21984, 13664],[21984, 13640],[22072, 13560],[22096, 13544],[22104, 13512],[22144, 13496],[22184, 13416],[22184, 13392],[22200, 13384],[22208, 13352],[22232, 13352],[22280, 13296],[22288, 13264],[22312, 13264],[22352, 13200],[22352, 13184],[22384, 13176],[22392, 13128],[22416, 13120],[22416, 13104],[22448, 13080],[22464, 13032],[22464, 12968],[22480, 12952],[22480, 12928],[22456, 12904],[22456, 12880],[22432, 12872],[22432, 12848],[22392, 12832],[22360, 12848],[22336, 12840],[22288, 12864],[22232, 12864],[22224, 12888],[22192, 12888],[22184, 12904],[22160, 12912],[22160, 12936],[22128, 12936],[22120, 12952],[22088, 12960],[22088, 12976],[22008, 13048],[22008, 13064],[21968, 13072],[21944, 13120],[21888, 13152],[21880, 13176],[21856, 13184],[21824, 13216],[21784, 13240],[21768, 13264],[21760, 13304],[21736, 13304],[21728, 13328],[21656, 13360],[21656, 13384],[21640, 13392],[21600, 13392],[21584, 13408],[21512, 13408],[21504, 13424],[21480, 13416],[21352, 13416],[21336, 13424],[21328, 13408],[21272, 13448],[21248, 13432],[21224, 13448],[21192, 13448],[21168, 13464],[21120, 13464],[21112, 13480],[21072, 13480],[21024, 13520],[20992, 13520],[20968, 13536],[20928, 13536],[20928, 13560],[20904, 13576],[20904, 13592],[20824, 13648],[20792, 13648],[20720, 13696],[20688, 13696],[20672, 13720],[20632, 13720],[20608, 13744],[20592, 13744],[20584, 13784],[20576, 13760],[20536, 13760],[20512, 13792],[20480, 13816],[20456, 13816],[20432, 13864],[20392, 13888],[20392, 13936],[20336, 13936],[20328, 13952],[20296, 13968],[20248, 13976],[20248, 14000],[20232, 14016],[20232, 14040],[20200, 14048],[20184, 14072],[20136, 14088],[20144, 14104],[20112, 14136],[20096, 14136],[20096, 14168],[20056, 14168],[20032, 14200],[20000, 14200],[19992, 14232],[19944, 14256],[19944, 14272],[19920, 14280],[19920, 14320],[19840, 14384],[19832, 14416],[19808, 14424],[19784, 14448],[19752, 14456],[19720, 14480],[19680, 14496],[19680, 14552],[19664, 14568],[19664, 14592],[19648, 14624]]]},"properties":{"objectType":"annotation","classification":{"name":"Tumor","color":[102, 77, 179]}}},{"type":"Feature","id":"153970ce-7480-4c61-a199-c961b38a8ee5","geometry":{"type":"Polygon","coordinates":[[[25200, 5144],[25224, 5152],[25272, 5144],[25328, 5216],[25360, 5208],[25384, 5168],[25384, 5152],[25408, 5128],[25368, 5120],[25368, 5104],[25400, 5088],[25424, 5096],[25440, 5072],[25512, 5072],[25512, 5080],[25464, 5080],[25472, 5104],[25496, 5104],[25528, 5080],[25544, 5080],[25536, 5056],[25584, 5048],[25608, 5056],[25672, 5032],[25688, 5008],[25712, 5008],[25760, 4968],[25832, 4936],[25840, 4928],[25840, 4896],[25816, 4888],[25848, 4888],[25848, 4896],[25888, 4896],[25888, 4888],[25920, 4888],[25928, 4864],[25944, 4856],[25984, 4856],[26016, 4840],[26024, 4824],[26040, 4824],[26048, 4808],[26096, 4808],[26104, 4784],[26144, 4784],[26152, 4768],[26168, 4768],[26176, 4752],[26224, 4744],[26232, 4728],[26264, 4728],[26280, 4736],[26296, 4728],[26296, 4704],[26320, 4688],[26416, 4688],[26448, 4664],[26496, 4648],[26512, 4632],[26560, 4624],[26576, 4632],[26584, 4608],[26616, 4608],[26648, 4584],[26656, 4568],[26680, 4560],[26680, 4528],[26712, 4520],[26736, 4496],[26784, 4496],[26800, 4480],[26840, 4472],[26848, 4456],[26912, 4472],[26912, 4464],[26960, 4464],[26960, 4456],[27000, 4456],[27032, 4440],[27056, 4384],[27056, 4344],[27016, 4328],[27016, 4304],[26984, 4304],[26984, 4296],[26944, 4296],[26936, 4280],[26912, 4296],[26912, 4312],[26888, 4312],[26888, 4296],[26864, 4288],[26864, 4272],[26816, 4288],[26784, 4288],[26784, 4280],[26744, 4280],[26720, 4288],[26712, 4304],[26688, 4312],[26656, 4312],[26656, 4320],[26616, 4336],[26608, 4320],[26592, 4336],[26576, 4336],[26568, 4352],[26536, 4352],[26536, 4376],[26480, 4376],[26472, 4392],[26440, 4416],[26416, 4416],[26392, 4440],[26352, 4448],[26344, 4464],[26304, 4472],[26296, 4488],[26256, 4496],[26240, 4512],[26208, 4512],[26192, 4536],[26144, 4552],[26136, 4568],[26112, 4568],[26104, 4584],[26088, 4576],[26048, 4576],[26024, 4584],[26016, 4608],[26000, 4592],[25984, 4592],[25976, 4608],[25912, 4648],[25856, 4648],[25848, 4664],[25808, 4672],[25800, 4688],[25736, 4712],[25712, 4704],[25680, 4712],[25680, 4728],[25624, 4728],[25592, 4736],[25584, 4752],[25560, 4752],[25536, 4776],[25504, 4792],[25496, 4816],[25472, 4816],[25464, 4832],[25432, 4832],[25416, 4856],[25384, 4880],[25384, 4904],[25400, 4912],[25392, 4928],[25368, 4912],[25352, 4920],[25352, 4944],[25312, 4976],[25312, 4992],[25288, 5008],[25280, 5040],[25248, 5064],[25232, 5088],[25232, 5112],[25208, 5120],[25200, 5144]]]},"properties":{"objectType":"annotation","classification":{"name":"Tumor","color":[102, 77, 179]}}},{"type":"Feature","id":"056bfc38-5c3f-45bb-b520-2ae3b294ae01","geometry":{"type":"Polygon","coordinates":[[[22424, 12464],[22448, 12496],[22448, 12520],[22488, 12536],[22528, 12528],[22536, 12512],[22568, 12512],[22600, 12472],[22616, 12416],[22576, 12416],[22560, 12400],[22560, 12368],[22592, 12312],[22592, 12336],[22616, 12344],[22640, 12376],[22712, 12352],[22736, 12336],[22744, 12288],[22784, 12320],[22784, 12344],[22760, 12376],[22712, 12360],[22752, 12416],[22728, 12424],[22728, 12448],[22768, 12448],[22776, 12464],[22848, 12456],[22864, 12464],[22864, 12432],[22880, 12416],[22864, 12400],[22880, 12376],[22856, 12384],[22816, 12368],[22816, 12344],[22848, 12360],[22920, 12360],[22952, 12352],[22968, 12320],[22992, 12304],[22992, 12240],[23016, 12232],[23016, 12208],[22992, 12216],[22976, 12144],[22952, 12112],[22952, 12088],[22920, 12048],[22864, 12040],[22784, 12048],[22744, 12088],[22736, 12112],[22648, 12112],[22584, 12184],[22592, 12232],[22576, 12240],[22560, 12216],[22488, 12208],[22480, 12240],[22448, 12264],[22440, 12288],[22440, 12368],[22424, 12464]]]},"properties":{"objectType":"annotation","classification":{"name":"Tumor","color":[102, 77, 179]}}},{"type":"Feature","id":"3ab9a136-f24d-47f5-9f06-afea147370f7","geometry":{"type":"Polygon","coordinates":[[[27512, 4000],[27512, 4088],[27536, 4152],[27600, 4160],[27664, 4120],[27704, 4072],[27728, 3992],[27776, 3960],[27832, 3952],[27832, 3848],[27888, 3864],[27904, 3784],[27952, 3736],[27992, 3728],[28016, 3656],[28064, 3624],[28040, 3544],[28024, 3568],[27976, 3552],[27960, 3576],[27920, 3560],[27880, 3600],[27848, 3584],[27816, 3616],[27704, 3680],[27704, 3712],[27592, 3856],[27536, 3992],[27512, 4000]]]},"properties":{"objectType":"annotation","classification":{"name":"Tumor","color":[102, 77, 179]}}},{"type":"Feature","id":"3cabee17-742a-4920-a103-8b512ea83f9d","geometry":{"type":"Polygon","coordinates":[[[24672, 6128],[24680, 6176],[24752, 6152],[24776, 6160],[24768, 6112],[24800, 6088],[24840, 6088],[24848, 6104],[24888, 6112],[24912, 6136],[24952, 6144],[24952, 6160],[24984, 6168],[24984, 6192],[24952, 6176],[24912, 6176],[24904, 6224],[24912, 6248],[24952, 6256],[24968, 6280],[24976, 6240],[24992, 6224],[25024, 6224],[25024, 6256],[24992, 6248],[25008, 6264],[25008, 6320],[25032, 6352],[25120, 6352],[25144, 6336],[25144, 6312],[25192, 6288],[25192, 6312],[25248, 6312],[25272, 6320],[25296, 6304],[25336, 6304],[25360, 6280],[25400, 6280],[25408, 6248],[25408, 6200],[25352, 6152],[25304, 6152],[25272, 6208],[25248, 6200],[25256, 6176],[25272, 6176],[25264, 6144],[25248, 6136],[25256, 6096],[25288, 6096],[25312, 6080],[25280, 6016],[25216, 6032],[25208, 6048],[25144, 6048],[25144, 6032],[25104, 6016],[25048, 6024],[25048, 6000],[25032, 5984],[24984, 5992],[24960, 5976],[24928, 5984],[24856, 5984],[24856, 5952],[24840, 5952],[24840, 5984],[24808, 5992],[24784, 5976],[24816, 6032],[24776, 6048],[24776, 6024],[24752, 6024],[24736, 6048],[24704, 6056],[24704, 6080],[24728, 6096],[24728, 6136],[24672, 6128]]]},"properties":{"objectType":"annotation","classification":{"name":"Tumor","color":[102, 77, 179]}}},{"type":"Feature","id":"6e318032-6273-41e1-92e1-abcd71deefee","geometry":{"type":"Polygon","coordinates":[[[21296, 12536],[21304, 12608],[21328, 12632],[21328, 12680],[21344, 12704],[21400, 12696],[21416, 12712],[21408, 12680],[21488, 12680],[21496, 12632],[21520, 12600],[21568, 12592],[21568, 12552],[21584, 12520],[21584, 12456],[21568, 12448],[21560, 12416],[21544, 12408],[21504, 12416],[21432, 12416],[21416, 12440],[21416, 12472],[21376, 12496],[21320, 12496],[21312, 12536],[21296, 12536]]]},"properties":{"objectType":"annotation","classification":{"name":"Tumor","color":[102, 77, 179]}}},{"type":"Feature","id":"c047453d-cfb5-48c1-9c0f-963226d4c912","geometry":{"type":"Polygon","coordinates":[[[19592, 16920],[19616, 16976],[19648, 16960],[19736, 16992],[19848, 16968],[19944, 16968],[20040, 16864],[20112, 16736],[20112, 16672],[20048, 16592],[19992, 16560],[19976, 16608],[19832, 16648],[19744, 16632],[19680, 16688],[19632, 16880],[19592, 16920]]]},"properties":{"objectType":"annotation","classification":{"name":"Tumor","color":[102, 77, 179]}}},{"type":"Feature","id":"7650ae58-922d-49e2-b0b5-cc5511eff0f7","geometry":{"type":"Polygon","coordinates":[[[18104, 18200],[18104, 18232],[18128, 18264],[18152, 18280],[18216, 18280],[18216, 18288],[18288, 18288],[18288, 18280],[18336, 18280],[18336, 18272],[18392, 18272],[18392, 18264],[18424, 18264],[18440, 18272],[18456, 18248],[18496, 18248],[18512, 18232],[18544, 18232],[18552, 18208],[18592, 18208],[18600, 18184],[18616, 18192],[18672, 18192],[18680, 18200],[18680, 18232],[18664, 18232],[18664, 18272],[18696, 18280],[18696, 18296],[18728, 18320],[18728, 18344],[18744, 18344],[18792, 18400],[18824, 18400],[18848, 18424],[18880, 18424],[18904, 18432],[18936, 18480],[18904, 18480],[18904, 18504],[18888, 18544],[18864, 18560],[18864, 18608],[18896, 18648],[18952, 18648],[18952, 18640],[18984, 18640],[19032, 18624],[19040, 18608],[19056, 18608],[19056, 18592],[19088, 18568],[19088, 18552],[19104, 18544],[19104, 18520],[19128, 18512],[19120, 18504],[19120, 18456],[19128, 18440],[19152, 18424],[19152, 18400],[19192, 18384],[19208, 18344],[19208, 18320],[19232, 18312],[19232, 18328],[19248, 18328],[19256, 18312],[19272, 18312],[19264, 18280],[19240, 18296],[19208, 18256],[19224, 18256],[19232, 18240],[19248, 18240],[19256, 18256],[19272, 18256],[19264, 18232],[19232, 18232],[19232, 18184],[19200, 18192],[19192, 18176],[19152, 18168],[19152, 18136],[19128, 18128],[19128, 18096],[19112, 18112],[19088, 18112],[19096, 18128],[19120, 18136],[19120, 18152],[19096, 18160],[19008, 18160],[18992, 18152],[18976, 18120],[18944, 18120],[18944, 18112],[18904, 18120],[18904, 18104],[18872, 18104],[18872, 18072],[18896, 18048],[18896, 18032],[18912, 18024],[18912, 18008],[18944, 17984],[18952, 17944],[18976, 17920],[18976, 17888],[18992, 17872],[19000, 17848],[19000, 17800],[19016, 17784],[19016, 17728],[19032, 17720],[19032, 17696],[19016, 17696],[19000, 17680],[19000, 17640],[18952, 17632],[18944, 17616],[18912, 17616],[18904, 17600],[18888, 17608],[18888, 17624],[18872, 17608],[18840, 17600],[18816, 17608],[18808, 17624],[18760, 17648],[18760, 17664],[18744, 17672],[18744, 17688],[18704, 17752],[18696, 17800],[18664, 17800],[18640, 17824],[18640, 17840],[18600, 17872],[18560, 17872],[18544, 17896],[18496, 17896],[18472, 17904],[18448, 17928],[18408, 17928],[18408, 17936],[18360, 17976],[18360, 17992],[18336, 18000],[18328, 18016],[18312, 18016],[18304, 18040],[18280, 18040],[18272, 18056],[18240, 18056],[18224, 18072],[18232, 18048],[18208, 18048],[18216, 18072],[18192, 18088],[18184, 18120],[18152, 18120],[18136, 18184],[18104, 18200]]]},"properties":{"objectType":"annotation","classification":{"name":"Tumor","color":[102, 77, 179]}}},{"type":"Feature","id":"97cee2b7-ffad-41e9-bc37-84597d024855","geometry":{"type":"Polygon","coordinates":[[[29200, 4000],[29216, 4056],[29296, 4088],[29288, 4176],[29320, 4264],[29368, 4320],[29440, 4328],[29504, 4248],[29448, 4152],[29528, 4184],[29600, 4184],[29680, 4136],[29680, 4072],[29712, 4048],[29704, 3912],[29664, 3880],[29560, 3912],[29560, 3944],[29432, 4032],[29432, 3968],[29384, 3936],[29296, 4008],[29280, 3968],[29200, 4000]]]},"properties":{"objectType":"annotation","classification":{"name":"Tumor","color":[102, 77, 179]}}},{"type":"Feature","id":"d62b7fed-67d2-4f89-af40-e57d3f6a82cd","geometry":{"type":"Polygon","coordinates":[[[21376, 16480],[21424, 16504],[21440, 16552],[21456, 16528],[21536, 16528],[21576, 16416],[21552, 16336],[21464, 16336],[21392, 16400],[21376, 16480]]]},"properties":{"objectType":"annotation","classification":{"name":"Tumor","color":[102, 77, 179]}}},{"type":"Feature","id":"e2b6722e-5ff8-48cd-b2b7-bfd36bb1adae","geometry":{"type":"Polygon","coordinates":[[[27200, 6784],[27208, 6856],[27232, 6896],[27304, 6936],[27352, 6936],[27408, 6904],[27472, 6824],[27560, 6824],[27632, 6776],[27648, 6728],[27640, 6656],[27592, 6600],[27528, 6584],[27472, 6592],[27472, 6632],[27448, 6600],[27360, 6664],[27296, 6680],[27288, 6704],[27216, 6744],[27224, 6784],[27200, 6784]]]},"properties":{"objectType":"annotation","classification":{"name":"Tumor","color":[102, 77, 179]}}},{"type":"Feature","id":"b889bd37-a85a-4b96-892e-5eedf44f28e6","geometry":{"type":"Polygon","coordinates":[[[20216, 16696],[20224, 16744],[20256, 16776],[20344, 16776],[20376, 16744],[20376, 16696],[20336, 16648],[20320, 16640],[20280, 16640],[20272, 16608],[20272, 16648],[20232, 16656],[20232, 16680],[20216, 16696]]]},"properties":{"objectType":"annotation","classification":{"name":"Tumor","color":[102, 77, 179]}}},{"type":"Feature","id":"379765d8-bdf8-4058-9649-5b36f22b614c","geometry":{"type":"Polygon","coordinates":[[[27608, 4896],[27608, 4992],[27624, 5024],[27656, 5032],[27696, 5088],[27704, 5064],[27736, 5064],[27760, 5048],[27800, 5048],[27800, 5016],[27816, 5000],[27816, 4952],[27832, 4912],[27792, 4888],[27808, 4864],[27808, 4840],[27792, 4856],[27760, 4840],[27712, 4856],[27664, 4856],[27624, 4872],[27608, 4896]]]},"properties":{"objectType":"annotation","classification":{"name":"Tumor","color":[102, 77, 179]}}},{"type":"Feature","id":"5632c7f3-25c6-4fe9-b5f5-325a3fd49ca8","geometry":{"type":"Polygon","coordinates":[[[19672, 12592],[19672, 12728],[19688, 12768],[19712, 12792],[19784, 12792],[19840, 12744],[19840, 12768],[19816, 12784],[19816, 12848],[19840, 12880],[19840, 12904],[19880, 12936],[19952, 12936],[19992, 12904],[20024, 12840],[20024, 12776],[20032, 12744],[20056, 12768],[20064, 12848],[20136, 12856],[20168, 12840],[20168, 12760],[20152, 12728],[20176, 12728],[20216, 12688],[20240, 12640],[20288, 12632],[20288, 12608],[20312, 12624],[20288, 12640],[20272, 12672],[20240, 12832],[20216, 12848],[20224, 12880],[20200, 12952],[20184, 12952],[20176, 13000],[20192, 13008],[20168, 13024],[20160, 13072],[20168, 13088],[20144, 13104],[20152, 13176],[20168, 13216],[20152, 13248],[20208, 13240],[20224, 13264],[20264, 13256],[20304, 13216],[20328, 13216],[20352, 13192],[20344, 13216],[20400, 13208],[20432, 13232],[20480, 13240],[20496, 13264],[20544, 13264],[20544, 13280],[20520, 13272],[20464, 13280],[20448, 13264],[20416, 13272],[20368, 13272],[20344, 13304],[20328, 13352],[20264, 13352],[20248, 13336],[20184, 13336],[20184, 13352],[20152, 13408],[20136, 13416],[20136, 13528],[20128, 13552],[20152, 13560],[20168, 13584],[20192, 13584],[20192, 13648],[20208, 13648],[20256, 13712],[20288, 13696],[20336, 13696],[20384, 13656],[20416, 13640],[20416, 13616],[20432, 13616],[20472, 13576],[20472, 13552],[20440, 13520],[20440, 13496],[20392, 13464],[20352, 13464],[20296, 13440],[20296, 13400],[20280, 13360],[20328, 13360],[20352, 13384],[20352, 13424],[20392, 13440],[20392, 13456],[20416, 13456],[20432, 13480],[20448, 13480],[20448, 13512],[20472, 13520],[20520, 13520],[20520, 13536],[20568, 13544],[20576, 13568],[20664, 13544],[20680, 13520],[20712, 13504],[20688, 13472],[20712, 13456],[20712, 13400],[20656, 13336],[20648, 13288],[20688, 13280],[20712, 13264],[20736, 13232],[20768, 13232],[20784, 13216],[20824, 13208],[20832, 13192],[20856, 13192],[20856, 13168],[20872, 13144],[20896, 13144],[20936, 13112],[20936, 13080],[20952, 13080],[20968, 13032],[20992, 13032],[20968, 13016],[20960, 12984],[20944, 12976],[20944, 12936],[20896, 12928],[20896, 12904],[20856, 12904],[20824, 12872],[20768, 12904],[20768, 12928],[20752, 12952],[20752, 12992],[20768, 13008],[20744, 13008],[20744, 13024],[20784, 13032],[20792, 13072],[20808, 13080],[20816, 13112],[20792, 13120],[20720, 13056],[20680, 13000],[20600, 13000],[20560, 13008],[20544, 13040],[20440, 13040],[20424, 13072],[20400, 13072],[20400, 13048],[20432, 13024],[20432, 13000],[20456, 12976],[20448, 12920],[20472, 12920],[20472, 12848],[20488, 12824],[20488, 12792],[20584, 12792],[20584, 12776],[20624, 12784],[20640, 12760],[20688, 12760],[20744, 12712],[20752, 12672],[20776, 12664],[20776, 12624],[20792, 12600],[20832, 12592],[20864, 12600],[20888, 12624],[20960, 12616],[20984, 12624],[21008, 12600],[21024, 12624],[20992, 12648],[20976, 12672],[20984, 12720],[20952, 12736],[20952, 12752],[20928, 12768],[20928, 12792],[20912, 12792],[20904, 12768],[20880, 12768],[20880, 12800],[20912, 12800],[20944, 12840],[21000, 12848],[21000, 12840],[21048, 12840],[21064, 12848],[21080, 12824],[21120, 12824],[21144, 12792],[21192, 12792],[21200, 12744],[21232, 12768],[21256, 12768],[21256, 12720],[21304, 12728],[21304, 12696],[21280, 12696],[21296, 12648],[21280, 12560],[21248, 12528],[21248, 12504],[21224, 12496],[21192, 12520],[21224, 12536],[21176, 12536],[21168, 12552],[21128, 12560],[21128, 12592],[21088, 12624],[21072, 12624],[21072, 12592],[21040, 12608],[21064, 12576],[21080, 12576],[21120, 12528],[21112, 12512],[21112, 12456],[21080, 12432],[21080, 12416],[21104, 12424],[21160, 12424],[21168, 12384],[21184, 12376],[21184, 12320],[21136, 12280],[21072, 12280],[21056, 12296],[21000, 12296],[20992, 12280],[20968, 12280],[20968, 12256],[20952, 12272],[20880, 12272],[20888, 12304],[20928, 12304],[20920, 12320],[20880, 12320],[20872, 12336],[20848, 12328],[20760, 12328],[20744, 12360],[20704, 12360],[20680, 12376],[20672, 12416],[20624, 12440],[20616, 12464],[20584, 12456],[20592, 12504],[20560, 12488],[20496, 12528],[20440, 12528],[20440, 12512],[20472, 12488],[20480, 12456],[20504, 12440],[20512, 12416],[20504, 12376],[20488, 12376],[20456, 12352],[20416, 12352],[20392, 12336],[20352, 12336],[20320, 12304],[20280, 12296],[20200, 12296],[20160, 12272],[20160, 12296],[20128, 12328],[20128, 12384],[20104, 12360],[20112, 12296],[20088, 12280],[20088, 12224],[20032, 12192],[19968, 12192],[19936, 12216],[19936, 12296],[19952, 12304],[19976, 12360],[19952, 12368],[19968, 12392],[19976, 12376],[20000, 12392],[20000, 12416],[19960, 12432],[19936, 12408],[19872, 12408],[19848, 12424],[19808, 12424],[19808, 12440],[19752, 12464],[19744, 12488],[19672, 12592]]]},"properties":{"objectType":"annotation","classification":{"name":"Tumor","color":[102, 77, 179]}}},{"type":"Feature","id":"dbf18418-dd33-4813-a984-8bb903bf9190","geometry":{"type":"Polygon","coordinates":[[[29128, 3864],[29152, 3944],[29200, 3952],[29224, 3880],[29344, 3928],[29392, 3920],[29440, 3856],[29440, 3792],[29408, 3760],[29288, 3760],[29128, 3864]]]},"properties":{"objectType":"annotation","classification":{"name":"Tumor","color":[102, 77, 179]}}},{"type":"Feature","id":"ad733a17-7c17-47cf-9b04-bd5f7bb2b7c0","geometry":{"type":"Polygon","coordinates":[[[20272, 16904],[20272, 17048],[20288, 17056],[20288, 17096],[20328, 17120],[20344, 17160],[20392, 17208],[20384, 17232],[20416, 17232],[20456, 17264],[20520, 17264],[20560, 17248],[20608, 17208],[20672, 17184],[20672, 17144],[20712, 17096],[20720, 17040],[20768, 17016],[20776, 17000],[20800, 17024],[20744, 17104],[20744, 17168],[20704, 17224],[20696, 17312],[20728, 17320],[20728, 17336],[20760, 17336],[20816, 17384],[20856, 17384],[20872, 17408],[20936, 17400],[20960, 17432],[20984, 17440],[20992, 17464],[21024, 17480],[21064, 17520],[21088, 17528],[21208, 17528],[21256, 17520],[21280, 17504],[21312, 17464],[21312, 17400],[21288, 17344],[21256, 17320],[21216, 17264],[21160, 17256],[21128, 17232],[21072, 17232],[21032, 17216],[21024, 17192],[21000, 17184],[20992, 17136],[21040, 17184],[21072, 17184],[21152, 17232],[21256, 17232],[21328, 17192],[21328, 17176],[21360, 17152],[21384, 17088],[21384, 17048],[21368, 17032],[21376, 16992],[21360, 16992],[21336, 16960],[21288, 16944],[21264, 16920],[21208, 16912],[21192, 16864],[21144, 16872],[21096, 16840],[21136, 16832],[21136, 16800],[21168, 16784],[21168, 16736],[21200, 16736],[21176, 16688],[21192, 16688],[21200, 16720],[21216, 16728],[21216, 16768],[21264, 16784],[21312, 16776],[21464, 16776],[21480, 16792],[21520, 16784],[21568, 16744],[21568, 16696],[21608, 16656],[21624, 16608],[21568, 16576],[21528, 16568],[21432, 16568],[21408, 16576],[21360, 16552],[21304, 16552],[21304, 16560],[21208, 16560],[21168, 16576],[21152, 16616],[21080, 16624],[21064, 16600],[21072, 16640],[21056, 16664],[20992, 16656],[20944, 16616],[20912, 16616],[20904, 16592],[20816, 16592],[20760, 16600],[20752, 16616],[20712, 16624],[20688, 16656],[20672, 16736],[20656, 16768],[20624, 16768],[20624, 16792],[20600, 16816],[20600, 16880],[20568, 16880],[20568, 16840],[20528, 16792],[20464, 16768],[20456, 16752],[20424, 16752],[20416, 16768],[20376, 16768],[20360, 16808],[20312, 16840],[20304, 16872],[20272, 16904]]]},"properties":{"objectType":"annotation","classification":{"name":"Tumor","color":[102, 77, 179]}}},{"type":"Feature","id":"a87df72b-2855-420e-8157-94256480b929","geometry":{"type":"Polygon","coordinates":[[[24640, 9688],[24640, 9768],[24648, 9768],[24648, 9824],[24672, 9808],[24688, 9816],[24736, 9816],[24768, 9832],[24768, 9864],[24784, 9872],[24800, 9856],[24792, 9816],[24808, 9832],[24832, 9832],[24840, 9816],[24896, 9808],[24904, 9768],[24936, 9760],[24944, 9728],[24936, 9688],[24904, 9672],[24872, 9672],[24800, 9624],[24736, 9616],[24704, 9632],[24680, 9632],[24696, 9648],[24640, 9688]]]},"properties":{"objectType":"annotation","classification":{"name":"Tumor","color":[102, 77, 179]}}},{"type":"Feature","id":"d07cd2d8-0a39-4d2b-9495-83864db80657","geometry":{"type":"Polygon","coordinates":[[[19592, 13712],[19592, 13760],[19608, 13792],[19696, 13808],[19728, 13760],[19728, 13728],[19776, 13720],[19744, 13712],[19760, 13680],[19824, 13680],[19824, 13664],[19896, 13624],[19904, 13592],[19960, 13560],[20008, 13480],[20024, 13432],[20056, 13416],[20080, 13360],[20072, 13328],[20080, 13264],[20032, 13256],[20016, 13280],[19952, 13312],[19912, 13376],[19864, 13400],[19800, 13408],[19784, 13432],[19720, 13464],[19720, 13488],[19688, 13512],[19656, 13568],[19600, 13592],[19648, 13592],[19648, 13672],[19608, 13672],[19592, 13712]]]},"properties":{"objectType":"annotation","classification":{"name":"Tumor","color":[102, 77, 179]}}},{"type":"Feature","id":"3c051902-a9d2-4f2b-8f60-8bfe22e32e92","geometry":{"type":"Polygon","coordinates":[[[19824, 13848],[19864, 13920],[20008, 13920],[20016, 13888],[20056, 13888],[20080, 13832],[20096, 13736],[20120, 13704],[20096, 13592],[20072, 13624],[20000, 13608],[19976, 13648],[19912, 13696],[19880, 13760],[19840, 13752],[19856, 13800],[19824, 13848]]]},"properties":{"objectType":"annotation","classification":{"name":"Tumor","color":[102, 77, 179]}}},{"type":"Feature","id":"2ce9129b-78a3-4189-aa8e-44915fd7c6e3","geometry":{"type":"Polygon","coordinates":[[[28088, 3912],[28088, 3952],[28136, 4016],[28296, 4008],[28352, 3976],[28352, 3912],[28424, 3928],[28488, 3840],[28512, 3832],[28488, 3640],[28560, 3544],[28592, 3456],[28592, 3384],[28568, 3344],[28616, 3336],[28616, 3288],[28568, 3272],[28528, 3296],[28536, 3328],[28456, 3352],[28368, 3432],[28376, 3344],[28360, 3280],[28248, 3296],[28192, 3352],[28224, 3464],[28304, 3480],[28320, 3552],[28256, 3544],[28232, 3576],[28248, 3624],[28184, 3696],[28160, 3824],[28272, 3840],[28288, 3864],[28136, 3864],[28088, 3912]]]},"properties":{"objectType":"annotation","classification":{"name":"Tumor","color":[102, 77, 179]}}},{"type":"Feature","id":"c48a70f2-b533-49bc-90a0-f75c0d95705a","geometry":{"type":"Polygon","coordinates":[[[19360, 17800],[19432, 17808],[19424, 17856],[19456, 17816],[19528, 17808],[19568, 17768],[19608, 17760],[19600, 17792],[19536, 17872],[19528, 17936],[19560, 17944],[19568, 17984],[19608, 17984],[19712, 17880],[19736, 17880],[19792, 17784],[19824, 17768],[19800, 17640],[19752, 17648],[19656, 17640],[19656, 17672],[19624, 17680],[19624, 17648],[19680, 17608],[19664, 17552],[19680, 17528],[19592, 17544],[19520, 17584],[19504, 17632],[19480, 17632],[19368, 17696],[19360, 17800]]]},"properties":{"objectType":"annotation","classification":{"name":"Tumor","color":[102, 77, 179]}}},{"type":"Feature","id":"208eab5c-12b8-4b57-9d46-9567f99565f5","geometry":{"type":"Polygon","coordinates":[[[23624, 8704],[23680, 8696],[23688, 8680],[23744, 8672],[23800, 8632],[23824, 8632],[23864, 8592],[23888, 8592],[23944, 8544],[23960, 8544],[24000, 8504],[24080, 8496],[24048, 8528],[24096, 8520],[24104, 8496],[24144, 8488],[24176, 8432],[24176, 8368],[24192, 8352],[24192, 8320],[24232, 8264],[24280, 8232],[24280, 8216],[24320, 8224],[24320, 8208],[24392, 8184],[24416, 8160],[24448, 8160],[24472, 8136],[24520, 8112],[24584, 8112],[24616, 8056],[24656, 8056],[24696, 8024],[24736, 8024],[24752, 7984],[24792, 7976],[24816, 7952],[24880, 7952],[24896, 7920],[24912, 7920],[24936, 7896],[24984, 7888],[25016, 7864],[25072, 7864],[25072, 7840],[25104, 7816],[25176, 7816],[25160, 7808],[25184, 7792],[25184, 7808],[25208, 7800],[25216, 7776],[25240, 7776],[25248, 7760],[25272, 7760],[25280, 7744],[25304, 7744],[25352, 7712],[25384, 7704],[25392, 7680],[25424, 7672],[25432, 7656],[25456, 7656],[25488, 7640],[25552, 7584],[25576, 7584],[25592, 7544],[25632, 7520],[25632, 7504],[25656, 7488],[25648, 7456],[25584, 7480],[25544, 7488],[25488, 7488],[25472, 7512],[25448, 7520],[25448, 7544],[25416, 7560],[25384, 7560],[25352, 7592],[25320, 7592],[25312, 7608],[25248, 7648],[25192, 7656],[25176, 7680],[25152, 7680],[25136, 7696],[25112, 7696],[25096, 7712],[25032, 7736],[24968, 7744],[24960, 7768],[24936, 7768],[24920, 7792],[24888, 7800],[24872, 7784],[24872, 7808],[24824, 7840],[24792, 7840],[24784, 7856],[24744, 7864],[24736, 7880],[24672, 7896],[24640, 7920],[24616, 7920],[24592, 7944],[24552, 7944],[24520, 7976],[24464, 7992],[24384, 8024],[24384, 8040],[24336, 8048],[24320, 8064],[24256, 8072],[24232, 8096],[24152, 8104],[24160, 8080],[24128, 8080],[24136, 8120],[24112, 8128],[24104, 8112],[24048, 8120],[24032, 8104],[23968, 8088],[23984, 8136],[24008, 8152],[24048, 8152],[24064, 8192],[24104, 8192],[24120, 8208],[24176, 8216],[24176, 8256],[24152, 8280],[24128, 8280],[24104, 8304],[24072, 8312],[24056, 8352],[24072, 8384],[24024, 8424],[24024, 8440],[23984, 8448],[23968, 8472],[23936, 8472],[23936, 8488],[23904, 8520],[23872, 8528],[23816, 8576],[23768, 8592],[23728, 8624],[23672, 8624],[23648, 8648],[23624, 8704]]]},"properties":{"objectType":"annotation","classification":{"name":"Tumor","color":[102, 77, 179]}}},{"type":"Feature","id":"f639dc79-ae5c-4c83-8629-f8b2e5dd5134","geometry":{"type":"Polygon","coordinates":[[[21688, 11448],[21752, 11576],[21808, 11600],[21896, 11560],[21944, 11512],[21944, 11448],[21912, 11392],[21736, 11392],[21728, 11440],[21688, 11448]]]},"properties":{"objectType":"annotation","classification":{"name":"Tumor","color":[102, 77, 179]}}},{"type":"Feature","id":"519ba2ab-e0b7-40cc-b4f5-9c609838d600","geometry":{"type":"Polygon","coordinates":[[[22472, 12808],[22512, 12800],[22536, 12824],[22512, 12920],[22528, 12944],[22576, 12936],[22552, 12984],[22608, 12976],[22632, 12952],[22688, 12936],[22704, 12968],[22768, 12984],[22800, 12968],[22792, 13000],[22720, 12992],[22720, 13064],[22688, 13104],[22712, 13144],[22800, 13184],[22824, 13248],[22896, 13256],[22936, 13240],[22960, 13208],[23056, 13192],[23048, 13136],[23088, 13112],[23104, 12992],[23032, 12984],[23032, 12952],[23000, 12968],[22928, 12952],[22928, 12912],[22896, 12912],[22896, 12944],[22824, 12960],[22888, 12872],[22896, 12808],[22936, 12784],[22968, 12800],[22968, 12768],[23000, 12760],[23024, 12672],[23024, 12560],[23016, 12520],[22984, 12496],[22984, 12464],[22936, 12456],[22936, 12480],[22896, 12472],[22848, 12504],[22728, 12608],[22712, 12648],[22688, 12648],[22696, 12688],[22672, 12712],[22672, 12800],[22688, 12824],[22632, 12856],[22624, 12792],[22584, 12736],[22520, 12720],[22496, 12736],[22504, 12776],[22472, 12808]]]},"properties":{"objectType":"annotation","classification":{"name":"Tumor","color":[102, 77, 179]}}},{"type":"Feature","id":"9bded3ee-b31a-4db4-b616-d9f67a5b6418","geometry":{"type":"Polygon","coordinates":[[[17736, 17912],[17744, 17968],[17760, 17960],[17760, 18016],[17744, 18048],[17768, 18048],[17816, 18120],[17872, 18168],[17872, 18184],[17936, 18184],[18008, 18144],[18000, 18104],[18016, 18072],[18016, 17976],[17968, 17840],[17936, 17816],[17904, 17768],[17832, 17776],[17792, 17800],[17760, 17856],[17760, 17912],[17736, 17912]]]},"properties":{"objectType":"annotation","classification":{"name":"Tumor","color":[102, 77, 179]}}},{"type":"Feature","id":"75b08293-a0e0-4bed-a668-d5bb017dfb69","geometry":{"type":"Polygon","coordinates":[[[22064, 9488],[22088, 9576],[22208, 9696],[22248, 9688],[22272, 9728],[22352, 9752],[22568, 9728],[22624, 9688],[22664, 9616],[22616, 9464],[22568, 9424],[22576, 9392],[22448, 9336],[22408, 9288],[22384, 9304],[22208, 9296],[22088, 9360],[22064, 9488]]]},"properties":{"objectType":"annotation","classification":{"name":"Tumor","color":[102, 77, 179]}}},{"type":"Feature","id":"1f02ac3a-34f2-4c14-b9c5-19994ecc512c","geometry":{"type":"Polygon","coordinates":[[[25304, 5512],[25304, 5584],[25336, 5632],[25456, 5632],[25496, 5624],[25504, 5608],[25536, 5608],[25544, 5592],[25600, 5584],[25608, 5568],[25640, 5568],[25688, 5552],[25768, 5512],[25776, 5488],[25832, 5448],[25872, 5448],[25880, 5432],[25936, 5424],[25944, 5408],[25976, 5408],[25984, 5392],[26008, 5392],[26032, 5368],[26128, 5328],[26152, 5312],[26152, 5280],[26168, 5256],[26184, 5256],[26184, 5288],[26200, 5296],[26216, 5280],[26280, 5272],[26288, 5256],[26320, 5248],[26320, 5224],[26368, 5224],[26392, 5232],[26408, 5200],[26424, 5200],[26424, 5160],[26440, 5160],[26440, 5192],[26480, 5200],[26496, 5192],[26496, 5168],[26512, 5152],[26544, 5152],[26568, 5128],[26592, 5120],[26592, 5088],[26624, 5088],[26688, 5024],[26704, 5024],[26744, 4992],[26744, 4976],[26792, 4952],[26800, 4936],[26824, 4936],[26840, 4904],[26880, 4880],[26880, 4848],[26904, 4848],[26912, 4824],[26944, 4824],[26968, 4808],[26968, 4784],[26984, 4776],[26992, 4736],[27008, 4712],[26984, 4696],[26984, 4664],[26936, 4656],[26920, 4672],[26888, 4680],[26848, 4672],[26848, 4656],[26800, 4656],[26800, 4688],[26768, 4696],[26768, 4672],[26752, 4672],[26744, 4720],[26720, 4712],[26720, 4744],[26704, 4760],[26664, 4760],[26656, 4776],[26592, 4776],[26576, 4800],[26528, 4824],[26528, 4848],[26512, 4840],[26488, 4848],[26448, 4848],[26416, 4880],[26408, 4904],[26376, 4912],[26336, 4936],[26336, 4960],[26272, 5000],[26272, 5024],[26240, 5032],[26224, 5056],[26224, 5096],[26216, 5064],[26200, 5064],[26192, 5088],[26168, 5096],[26160, 5072],[26112, 5072],[26080, 5096],[26040, 5096],[26032, 5120],[26000, 5144],[25968, 5144],[25960, 5176],[25888, 5160],[25896, 5184],[25912, 5184],[25912, 5208],[25896, 5208],[25872, 5168],[25848, 5168],[25816, 5144],[25784, 5152],[25752, 5176],[25720, 5184],[25672, 5216],[25672, 5256],[25648, 5272],[25640, 5304],[25616, 5320],[25616, 5336],[25592, 5344],[25584, 5368],[25536, 5400],[25448, 5400],[25440, 5416],[25408, 5424],[25368, 5464],[25344, 5464],[25304, 5512]]]},"properties":{"objectType":"annotation","classification":{"name":"Tumor","color":[102, 77, 179]}}},{"type":"Feature","id":"ebeae678-3bb3-400e-bd54-c6faa07278ec","geometry":{"type":"Polygon","coordinates":[[[27304, 7296],[27304, 7360],[27344, 7424],[27400, 7432],[27400, 7448],[27464, 7440],[27512, 7416],[27552, 7368],[27576, 7368],[27584, 7328],[27624, 7304],[27640, 7328],[27640, 7280],[27672, 7240],[27648, 7200],[27680, 7176],[27704, 7192],[27704, 7144],[27736, 7112],[27736, 7056],[27720, 7048],[27720, 6992],[27696, 6944],[27664, 6912],[27624, 6904],[27608, 6872],[27568, 6872],[27464, 7000],[27448, 7080],[27504, 7128],[27504, 7152],[27416, 7152],[27368, 7232],[27328, 7224],[27344, 7264],[27304, 7296]]]},"properties":{"objectType":"annotation","classification":{"name":"Tumor","color":[102, 77, 179]}}},{"type":"Feature","id":"e9ceb5a7-5768-44f4-ac31-d55c51de2d7f","geometry":{"type":"Polygon","coordinates":[[[23552, 9152],[23584, 9160],[23592, 9224],[23632, 9248],[23696, 9256],[23752, 9224],[23816, 9144],[23832, 9104],[23784, 9008],[23664, 9000],[23592, 9032],[23584, 9128],[23552, 9152]]]},"properties":{"objectType":"annotation","classification":{"name":"Tumor","color":[102, 77, 179]}}},{"type":"Feature","id":"942ab78a-711a-4ca9-ad9e-9593275d9939","geometry":{"type":"Polygon","coordinates":[[[21264, 12192],[21264, 12296],[21360, 12376],[21496, 12384],[21568, 12360],[21584, 12400],[21608, 12392],[21600, 12312],[21624, 12296],[21632, 12200],[21600, 12176],[21584, 12112],[21536, 12064],[21448, 12048],[21440, 12024],[21336, 12064],[21304, 12096],[21264, 12192]]]},"properties":{"objectType":"annotation","classification":{"name":"Tumor","color":[102, 77, 179]}}},{"type":"Feature","id":"3307d8a7-8f54-4387-9377-566fc84def9f","geometry":{"type":"Polygon","coordinates":[[[21136, 10256],[21144, 10296],[21208, 10328],[21296, 10336],[21320, 10296],[21360, 10296],[21352, 10264],[21328, 10280],[21328, 10240],[21352, 10232],[21368, 10168],[21328, 10192],[21352, 10152],[21336, 10088],[21288, 10088],[21248, 10128],[21144, 10168],[21136, 10256]]]},"properties":{"objectType":"annotation","classification":{"name":"Tumor","color":[102, 77, 179]}}},{"type":"Feature","id":"400a2f6f-d133-4141-a710-9a9acfa62639","geometry":{"type":"Polygon","coordinates":[[[21736, 12120],[21800, 12112],[21800, 12144],[21888, 12152],[22000, 12096],[22040, 12056],[22024, 11976],[21920, 11864],[21800, 11856],[21752, 11944],[21736, 12120]]]},"properties":{"objectType":"annotation","classification":{"name":"Tumor","color":[102, 77, 179]}}},{"type":"Feature","id":"776dd5dd-2968-42dc-8437-542b00513a35","geometry":{"type":"Polygon","coordinates":[[[21640, 11216],[21648, 11280],[21728, 11360],[21832, 11360],[21920, 11312],[22136, 11120],[22176, 11104],[22184, 11064],[22240, 11040],[22280, 10968],[22352, 10920],[22344, 10856],[22360, 10776],[22416, 10728],[22424, 10680],[22464, 10600],[22456, 10504],[22424, 10504],[22400, 10464],[22288, 10472],[22232, 10504],[22232, 10528],[22152, 10544],[22088, 10600],[22088, 10624],[22032, 10640],[22016, 10608],[22024, 10680],[22000, 10688],[21976, 10736],[21936, 10736],[21944, 10768],[21912, 10768],[21904, 10808],[21864, 10824],[21768, 10960],[21728, 10984],[21728, 11016],[21672, 11072],[21672, 11120],[21648, 11136],[21640, 11216]]]},"properties":{"objectType":"annotation","classification":{"name":"Tumor","color":[102, 77, 179]}}},{"type":"Feature","id":"54e7ef5a-4699-4d97-ae73-9acbb143991f","geometry":{"type":"Polygon","coordinates":[[[20200, 14968],[20280, 15008],[20392, 14960],[20552, 14856],[20568, 14800],[20600, 14800],[20704, 14736],[20768, 14680],[20808, 14696],[20808, 14656],[20920, 14576],[21008, 14496],[21056, 14432],[21048, 14376],[20952, 14376],[20912, 14408],[20864, 14408],[20840, 14440],[20816, 14416],[20800, 14464],[20680, 14504],[20672, 14536],[20616, 14576],[20552, 14592],[20496, 14648],[20408, 14680],[20408, 14720],[20328, 14752],[20272, 14800],[20256, 14880],[20224, 14856],[20200, 14968]]]},"properties":{"objectType":"annotation","classification":{"name":"Tumor","color":[102, 77, 179]}}},{"type":"Feature","id":"d5390eda-f83d-4bd3-8c4e-28d29faccfc5","geometry":{"type":"Polygon","coordinates":[[[33173, 4831],[33173, 4905],[33263, 5036],[33432, 5099],[33562.1, 5108.1],[33596, 5140],[33720, 5177],[33844, 5192],[33953, 5124],[33962, 5063],[33881, 5002],[33681, 4997],[33448.55, 4970],[33444, 4905],[33405, 4879],[33295, 4875.83],[33286, 4806],[33242, 4778],[33173, 4831]]]},"properties":{"objectType":"annotation","classification":{"name":"Tumor","color":[102, 77, 179]}}},{"type":"Feature","id":"8e2b5719-ede4-4e4a-b7c2-6b643c74150d","geometry":{"type":"Polygon","coordinates":[[[36343, 7241],[36367, 7333],[36477, 7289],[36539, 7228],[36729, 7111],[36857, 6962],[36889, 6803],[36847, 6748],[36857, 6654],[36812, 6619],[36742, 6653],[36773, 6748],[36598, 6850],[36491, 6957],[36385, 7125],[36343, 7241]]]},"properties":{"objectType":"annotation","classification":{"name":"Tumor","color":[102, 77, 179]}}},{"type":"Feature","id":"7568aeb8-c7d6-4efd-af5f-94c8b1311f68","geometry":{"type":"Polygon","coordinates":[[[32855, 5156],[32855, 5244],[32902, 5279],[33031, 5257],[33117, 5171],[33139, 5095],[33042, 5027],[32995, 5037],[32855, 5156]]]},"properties":{"objectType":"annotation","classification":{"name":"Tumor","color":[102, 77, 179]}}},{"type":"Feature","id":"c32b84b3-f6e3-49bf-9d30-2d5879584452","geometry":{"type":"Polygon","coordinates":[[[33287, 4555],[33311, 4615],[33366, 4626],[33434, 4570],[33421, 4521],[33343, 4510],[33287, 4555]]]},"properties":{"objectType":"annotation","classification":{"name":"Tumor","color":[102, 77, 179]}}},{"type":"Feature","id":"164c2832-bd9d-469e-be6f-2dec06defd09","geometry":{"type":"Polygon","coordinates":[[[10684, 25649],[38983, 25649],[38983, 220],[10684, 220],[10684, 25649]],[[18348, 16502],[18846, 16713],[19393, 16614],[20027, 16179],[20214, 15432],[20090, 15246],[19841, 14835],[19493, 14736],[19418, 14027],[19542, 13082],[19542, 12348],[20002, 12124],[20687, 12273],[21458, 11913],[21467, 11493],[21467, 11484],[21150, 10968],[20942, 10064],[21241, 9720],[22272, 9005],[25142, 4856],[25432, 4619],[26734, 4165],[27136, 4218],[27445, 4146],[27478, 3580],[27938, 3277],[28406, 3178],[28721, 3218],[29300, 3165],[29886, 3047],[30294, 3100],[30386, 3521],[30379, 3521],[30327, 4531],[30246, 5245],[29224, 5761],[28835, 6530],[28328, 6982],[27109, 7785],[26340, 8708],[26340, 8725],[26323, 8725],[25622, 9717],[23860, 10624],[23330, 11889],[23416, 12932],[22920, 13514],[22184, 14351],[22184, 14369],[22167, 14369],[22167, 14386],[21967, 15622],[22040, 16141],[21461, 17222],[21355, 17533],[21119, 17584],[20264, 17272],[19975, 17225],[19947, 17731],[19097, 18672],[18690, 18780],[18066, 18536],[18048, 18536],[18048, 18527],[18039, 18527],[17641, 18084],[17532, 17179],[17831, 16392],[18348, 16502]]]},"properties":{"objectType":"annotation","isLocked":true}},{"type":"Feature","id":"fb43ea3c-1a6a-4256-b977-8a222566d1fe","geometry":{"type":"Polygon","coordinates":[[[16120, 616],[16120, 680],[16128, 680],[16128, 688],[16184, 688],[16184, 680],[16192, 680],[16192, 672],[16200, 672],[16200, 664],[16208, 664],[16208, 656],[16216, 656],[16216, 640],[16208, 640],[16208, 624],[16200, 624],[16200, 616],[16184, 616],[16184, 608],[16176, 608],[16176, 600],[16136, 600],[16136, 608],[16128, 608],[16128, 616],[16120, 616]]]},"properties":{"objectType":"annotation","classification":{"name":"Ignore*","color":[180, 180, 180]},"isLocked":true}},{"type":"Feature","id":"67b73a78-2ea0-4756-8c33-933691e5fec8","geometry":{"type":"Polygon","coordinates":[[[28848, 984],[28848, 1000],[28856, 1000],[28856, 1008],[28864, 1008],[28864, 1016],[28888, 1016],[28888, 1008],[28896, 1008],[28896, 976],[28888, 976],[28888, 968],[28856, 968],[28856, 984],[28848, 984]]]},"properties":{"objectType":"annotation","classification":{"name":"Ignore*","color":[180, 180, 180]},"isLocked":true}},{"type":"Feature","id":"20e87d85-ffac-4afb-b7ac-97c6b17123e1","geometry":{"type":"Polygon","coordinates":[[[27696, 2456],[27696, 2480],[27704, 2480],[27704, 2496],[27720, 2496],[27720, 2504],[27736, 2504],[27736, 2512],[27752, 2512],[27752, 2520],[27768, 2520],[27768, 2528],[27824, 2528],[27824, 2520],[27832, 2520],[27832, 2512],[27840, 2512],[27840, 2496],[27856, 2496],[27856, 2504],[27880, 2504],[27880, 2512],[27912, 2512],[27912, 2504],[27928, 2504],[27928, 2496],[27936, 2496],[27936, 2488],[27928, 2488],[27928, 2424],[27920, 2424],[27920, 2416],[27864, 2416],[27864, 2424],[27848, 2424],[27848, 2432],[27840, 2432],[27840, 2472],[27848, 2472],[27848, 2480],[27840, 2480],[27840, 2488],[27832, 2488],[27832, 2480],[27824, 2480],[27824, 2472],[27816, 2472],[27816, 2464],[27792, 2464],[27792, 2456],[27776, 2456],[27776, 2448],[27768, 2448],[27768, 2440],[27752, 2440],[27752, 2432],[27712, 2432],[27712, 2440],[27704, 2440],[27704, 2456],[27696, 2456]]]},"properties":{"objectType":"annotation","classification":{"name":"Ignore*","color":[180, 180, 180]},"isLocked":true}},{"type":"Feature","id":"586d0646-9554-46b3-ac31-73888f541a72","geometry":{"type":"Polygon","coordinates":[[[28304, 2512],[28304, 2544],[28312, 2544],[28312, 2552],[28328, 2552],[28328, 2560],[28448, 2560],[28448, 2568],[28536, 2568],[28536, 2560],[28544, 2560],[28544, 2544],[28552, 2544],[28552, 2536],[28560, 2536],[28560, 2528],[28592, 2528],[28592, 2512],[28600, 2512],[28600, 2504],[28608, 2504],[28608, 2480],[28616, 2480],[28616, 2456],[28608, 2456],[28608, 2448],[28600, 2448],[28600, 2440],[28584, 2440],[28584, 2432],[28528, 2432],[28528, 2440],[28520, 2440],[28520, 2448],[28504, 2448],[28504, 2464],[28496, 2464],[28496, 2472],[28504, 2472],[28504, 2504],[28496, 2504],[28496, 2512],[28456, 2512],[28456, 2504],[28424, 2504],[28424, 2496],[28352, 2496],[28352, 2504],[28320, 2504],[28320, 2512],[28304, 2512]]]},"properties":{"objectType":"annotation","classification":{"name":"Ignore*","color":[180, 180, 180]},"isLocked":true}},{"type":"Feature","id":"994a5229-bb2f-4ddb-97d7-2c71f734a5f6","geometry":{"type":"Polygon","coordinates":[[[27984, 2512],[27984, 2552],[27992, 2552],[27992, 2560],[28000, 2560],[28000, 2568],[28032, 2568],[28032, 2560],[28040, 2560],[28040, 2552],[28048, 2552],[28048, 2520],[28040, 2520],[28040, 2512],[28032, 2512],[28032, 2504],[28024, 2504],[28024, 2496],[28000, 2496],[28000, 2504],[27992, 2504],[27992, 2512],[27984, 2512]]]},"properties":{"objectType":"annotation","classification":{"name":"Ignore*","color":[180, 180, 180]},"isLocked":true}},{"type":"Feature","id":"e46015fc-af9f-4bbb-9044-4bd1b4b08950","geometry":{"type":"Polygon","coordinates":[[[29392, 2560],[29392, 2568],[29400, 2568],[29400, 2584],[29440, 2584],[29440, 2576],[29448, 2576],[29448, 2568],[29456, 2568],[29456, 2560],[29464, 2560],[29464, 2552],[29472, 2552],[29472, 2544],[29480, 2544],[29480, 2528],[29472, 2528],[29472, 2504],[29464, 2504],[29464, 2496],[29456, 2496],[29456, 2488],[29432, 2488],[29432, 2496],[29416, 2496],[29416, 2504],[29408, 2504],[29408, 2520],[29400, 2520],[29400, 2560],[29392, 2560]]]},"properties":{"objectType":"annotation","classification":{"name":"Ignore*","color":[180, 180, 180]},"isLocked":true}},{"type":"Feature","id":"fdfa090f-ba6a-4891-a472-e833a5069cef","geometry":{"type":"Polygon","coordinates":[[[29552, 2512],[29552, 2576],[29560, 2576],[29560, 2592],[29568, 2592],[29568, 2600],[29600, 2600],[29600, 2592],[29608, 2592],[29608, 2584],[29616, 2584],[29616, 2576],[29624, 2576],[29624, 2528],[29616, 2528],[29616, 2512],[29608, 2512],[29608, 2504],[29600, 2504],[29600, 2496],[29568, 2496],[29568, 2504],[29560, 2504],[29560, 2512],[29552, 2512]]]},"properties":{"objectType":"annotation","classification":{"name":"Ignore*","color":[180, 180, 180]},"isLocked":true}},{"type":"Feature","id":"b9ec3b16-fe49-4330-bb9e-b915a6e32e9c","geometry":{"type":"Polygon","coordinates":[[[34880, 2560],[34880, 2592],[34888, 2592],[34888, 2608],[34896, 2608],[34896, 2616],[34904, 2616],[34904, 2624],[34944, 2624],[34944, 2616],[34960, 2616],[34960, 2608],[34968, 2608],[34968, 2600],[34976, 2600],[34976, 2592],[34984, 2592],[34984, 2536],[34976, 2536],[34976, 2528],[34944, 2528],[34944, 2536],[34912, 2536],[34912, 2544],[34896, 2544],[34896, 2552],[34888, 2552],[34888, 2560],[34880, 2560]]]},"properties":{"objectType":"annotation","classification":{"name":"Ignore*","color":[180, 180, 180]},"isLocked":true}},{"type":"Feature","id":"3fcf1755-511f-4eb2-b54f-858a948c3c5c","geometry":{"type":"Polygon","coordinates":[[[27696, 2600],[27696, 2616],[27704, 2616],[27704, 2624],[27744, 2624],[27744, 2616],[27760, 2616],[27760, 2600],[27768, 2600],[27768, 2584],[27760, 2584],[27760, 2576],[27728, 2576],[27728, 2584],[27712, 2584],[27712, 2592],[27704, 2592],[27704, 2600],[27696, 2600]]]},"properties":{"objectType":"annotation","classification":{"name":"Ignore*","color":[180, 180, 180]},"isLocked":true}},{"type":"Feature","id":"a32dc374-4c31-4993-a135-849c4031c169","geometry":{"type":"Polygon","coordinates":[[[24072, 2640],[24072, 2664],[24080, 2664],[24080, 2680],[24096, 2680],[24096, 2688],[24112, 2688],[24112, 2696],[24128, 2696],[24128, 2704],[24144, 2704],[24144, 2696],[24176, 2696],[24176, 2656],[24168, 2656],[24168, 2640],[24160, 2640],[24160, 2632],[24080, 2632],[24080, 2640],[24072, 2640]]]},"properties":{"objectType":"annotation","classification":{"name":"Ignore*","color":[180, 180, 180]},"isLocked":true}},{"type":"Feature","id":"a6cef9db-f7bb-4fc1-90af-79e09d8b03df","geometry":{"type":"Polygon","coordinates":[[[23384, 2688],[23384, 2704],[23392, 2704],[23392, 2712],[23408, 2712],[23408, 2704],[23416, 2704],[23416, 2688],[23408, 2688],[23408, 2680],[23392, 2680],[23392, 2688],[23384, 2688]]]},"properties":{"objectType":"annotation","classification":{"name":"Ignore*","color":[180, 180, 180]},"isLocked":true}},{"type":"Feature","id":"0436d71c-384f-401c-805f-91464021961b","geometry":{"type":"Polygon","coordinates":[[[28688, 2680],[28688, 2712],[28696, 2712],[28696, 2728],[28704, 2728],[28704, 2736],[28712, 2736],[28712, 2744],[28760, 2744],[28760, 2752],[28776, 2752],[28776, 2760],[28792, 2760],[28792, 2768],[28824, 2768],[28824, 2760],[28832, 2760],[28832, 2728],[28824, 2728],[28824, 2720],[28816, 2720],[28816, 2704],[28808, 2704],[28808, 2696],[28800, 2696],[28800, 2688],[28784, 2688],[28784, 2680],[28768, 2680],[28768, 2672],[28736, 2672],[28736, 2664],[28720, 2664],[28720, 2672],[28696, 2672],[28696, 2680],[28688, 2680]]]},"properties":{"objectType":"annotation","classification":{"name":"Ignore*","color":[180, 180, 180]},"isLocked":true}},{"type":"Feature","id":"7c1487cd-84fd-4953-b428-e2d85d7f928d","geometry":{"type":"Polygon","coordinates":[[[27560, 2728],[27560, 2768],[27568, 2768],[27568, 2784],[27576, 2784],[27576, 2792],[27584, 2792],[27584, 2800],[27608, 2800],[27608, 2792],[27624, 2792],[27624, 2784],[27640, 2784],[27640, 2768],[27648, 2768],[27648, 2760],[27656, 2760],[27656, 2736],[27664, 2736],[27664, 2720],[27672, 2720],[27672, 2712],[27680, 2712],[27680, 2696],[27688, 2696],[27688, 2672],[27680, 2672],[27680, 2664],[27672, 2664],[27672, 2656],[27624, 2656],[27624, 2664],[27592, 2664],[27592, 2672],[27584, 2672],[27584, 2696],[27576, 2696],[27576, 2712],[27568, 2712],[27568, 2728],[27560, 2728]]]},"properties":{"objectType":"annotation","classification":{"name":"Ignore*","color":[180, 180, 180]},"isLocked":true}},{"type":"Feature","id":"45b1c1a8-df7f-4cdc-b8b7-bf0c1e91fccf","geometry":{"type":"Polygon","coordinates":[[[26856, 2944],[26856, 2968],[26864, 2968],[26864, 2984],[26872, 2984],[26872, 2992],[26880, 2992],[26880, 3000],[26928, 3000],[26928, 2992],[26976, 2992],[26976, 2984],[26984, 2984],[26984, 2968],[26976, 2968],[26976, 2920],[26968, 2920],[26968, 2912],[26960, 2912],[26960, 2904],[26928, 2904],[26928, 2912],[26920, 2912],[26920, 2920],[26904, 2920],[26904, 2928],[26864, 2928],[26864, 2944],[26856, 2944]]]},"properties":{"objectType":"annotation","classification":{"name":"Ignore*","color":[180, 180, 180]},"isLocked":true}},{"type":"Feature","id":"83e687bb-b6e4-417e-90b5-57fd66b306fb","geometry":{"type":"Polygon","coordinates":[[[34912, 2968],[34912, 3000],[34920, 3000],[34920, 3008],[34928, 3008],[34928, 3016],[34976, 3016],[34976, 3008],[34992, 3008],[34992, 3000],[35000, 3000],[35000, 2992],[35008, 2992],[35008, 2968],[35000, 2968],[35000, 2952],[34992, 2952],[34992, 2944],[34984, 2944],[34984, 2936],[34976, 2936],[34976, 2928],[34952, 2928],[34952, 2936],[34936, 2936],[34936, 2944],[34928, 2944],[34928, 2952],[34920, 2952],[34920, 2968],[34912, 2968]]]},"properties":{"objectType":"annotation","classification":{"name":"Ignore*","color":[180, 180, 180]},"isLocked":true}},{"type":"Feature","id":"aeb894cf-f412-457f-866b-363d3d831bd0","geometry":{"type":"Polygon","coordinates":[[[26144, 3016],[26144, 3024],[26152, 3024],[26152, 3040],[26160, 3040],[26160, 3048],[26176, 3048],[26176, 3056],[26208, 3056],[26208, 3048],[26224, 3048],[26224, 3040],[26240, 3040],[26240, 3024],[26248, 3024],[26248, 3000],[26240, 3000],[26240, 2984],[26232, 2984],[26232, 2976],[26192, 2976],[26192, 2984],[26176, 2984],[26176, 2992],[26160, 2992],[26160, 3000],[26152, 3000],[26152, 3016],[26144, 3016]]]},"properties":{"objectType":"annotation","classification":{"name":"Ignore*","color":[180, 180, 180]},"isLocked":true}},{"type":"Feature","id":"1c6722e9-0c62-4a03-ac44-66605d8356f9","geometry":{"type":"Polygon","coordinates":[[[35024, 2984],[35024, 3008],[35032, 3008],[35032, 3064],[35040, 3064],[35040, 3072],[35048, 3072],[35048, 3080],[35064, 3080],[35064, 3088],[35088, 3088],[35088, 3080],[35104, 3080],[35104, 3072],[35112, 3072],[35112, 3056],[35120, 3056],[35120, 3016],[35112, 3016],[35112, 2992],[35104, 2992],[35104, 2984],[35096, 2984],[35096, 2976],[35088, 2976],[35088, 2968],[35048, 2968],[35048, 2976],[35032, 2976],[35032, 2984],[35024, 2984]]]},"properties":{"objectType":"annotation","classification":{"name":"Ignore*","color":[180, 180, 180]},"isLocked":true}},{"type":"Feature","id":"b26a5c01-7b88-4e66-975f-3d9ebfa5bebb","geometry":{"type":"Polygon","coordinates":[[[28960, 3096],[28960, 3136],[28968, 3136],[28968, 3144],[29008, 3144],[29008, 3136],[29032, 3136],[29032, 3128],[29040, 3128],[29040, 3120],[29048, 3120],[29048, 3112],[29056, 3112],[29056, 3080],[29048, 3080],[29048, 3072],[29032, 3072],[29032, 3064],[29024, 3064],[29024, 3072],[28992, 3072],[28992, 3080],[28984, 3080],[28984, 3088],[28968, 3088],[28968, 3096],[28960, 3096]]]},"properties":{"objectType":"annotation","classification":{"name":"Ignore*","color":[180, 180, 180]},"isLocked":true}},{"type":"Feature","id":"8ed7f6cd-a055-4dab-b936-4e7ab808e9f4","geometry":{"type":"Polygon","coordinates":[[[23328, 3240],[23328, 3248],[23336, 3248],[23336, 3256],[23352, 3256],[23352, 3248],[23360, 3248],[23360, 3232],[23336, 3232],[23336, 3240],[23328, 3240]]]},"properties":{"objectType":"annotation","classification":{"name":"Ignore*","color":[180, 180, 180]},"isLocked":true}},{"type":"Feature","id":"e366d630-d92a-4400-bbf3-6a32826aece6","geometry":{"type":"Polygon","coordinates":[[[26752, 3304],[26752, 3352],[26792, 3352],[26792, 3344],[26800, 3344],[26800, 3336],[26808, 3336],[26808, 3320],[26816, 3320],[26816, 3304],[26808, 3304],[26808, 3296],[26800, 3296],[26800, 3288],[26768, 3288],[26768, 3296],[26760, 3296],[26760, 3304],[26752, 3304]]]},"properties":{"objectType":"annotation","classification":{"name":"Ignore*","color":[180, 180, 180]},"isLocked":true}},{"type":"Feature","id":"49575e70-dafb-4ade-831b-1944336e94c0","geometry":{"type":"Polygon","coordinates":[[[35144, 3360],[35144, 3424],[35152, 3424],[35152, 3432],[35160, 3432],[35160, 3440],[35168, 3440],[35168, 3456],[35176, 3456],[35176, 3464],[35184, 3464],[35184, 3480],[35192, 3480],[35192, 3488],[35200, 3488],[35200, 3496],[35208, 3496],[35208, 3504],[35224, 3504],[35224, 3512],[35248, 3512],[35248, 3488],[35240, 3488],[35240, 3472],[35232, 3472],[35232, 3456],[35224, 3456],[35224, 3440],[35216, 3440],[35216, 3392],[35208, 3392],[35208, 3336],[35200, 3336],[35200, 3320],[35168, 3320],[35168, 3328],[35160, 3328],[35160, 3336],[35152, 3336],[35152, 3360],[35144, 3360]]]},"properties":{"objectType":"annotation","classification":{"name":"Ignore*","color":[180, 180, 180]},"isLocked":true}},{"type":"Feature","id":"0a9e22d6-93c5-4e50-98b2-7ca3151ab85d","geometry":{"type":"Polygon","coordinates":[[[35976, 3432],[35976, 3456],[35984, 3456],[35984, 3464],[35992, 3464],[35992, 3472],[36000, 3472],[36000, 3480],[36040, 3480],[36040, 3472],[36056, 3472],[36056, 3464],[36064, 3464],[36064, 3432],[36056, 3432],[36056, 3424],[36048, 3424],[36048, 3408],[36032, 3408],[36032, 3400],[36016, 3400],[36016, 3408],[36000, 3408],[36000, 3416],[35992, 3416],[35992, 3424],[35984, 3424],[35984, 3432],[35976, 3432]]]},"properties":{"objectType":"annotation","classification":{"name":"Ignore*","color":[180, 180, 180]},"isLocked":true}},{"type":"Feature","id":"ec874822-71cb-437c-9c5f-57ae9c8e7e58","geometry":{"type":"Polygon","coordinates":[[[36168, 3448],[36168, 3480],[36176, 3480],[36176, 3496],[36184, 3496],[36184, 3504],[36200, 3504],[36200, 3512],[36216, 3512],[36216, 3504],[36240, 3504],[36240, 3496],[36256, 3496],[36256, 3488],[36264, 3488],[36264, 3472],[36272, 3472],[36272, 3440],[36264, 3440],[36264, 3432],[36192, 3432],[36192, 3440],[36176, 3440],[36176, 3448],[36168, 3448]]]},"properties":{"objectType":"annotation","classification":{"name":"Ignore*","color":[180, 180, 180]},"isLocked":true}},{"type":"Feature","id":"8bafc267-b00d-434e-996b-fdf5c89caac3","geometry":{"type":"Polygon","coordinates":[[[25968, 3928],[25968, 3936],[25976, 3936],[25976, 3944],[25984, 3944],[25984, 3952],[26016, 3952],[26016, 3944],[26040, 3944],[26040, 3936],[26056, 3936],[26056, 3928],[26064, 3928],[26064, 3920],[26080, 3920],[26080, 3912],[26104, 3912],[26104, 3904],[26128, 3904],[26128, 3896],[26144, 3896],[26144, 3888],[26176, 3888],[26176, 3880],[26208, 3880],[26208, 3872],[26232, 3872],[26232, 3864],[26256, 3864],[26256, 3856],[26272, 3856],[26272, 3848],[26280, 3848],[26280, 3840],[26296, 3840],[26296, 3832],[26304, 3832],[26304, 3824],[26320, 3824],[26320, 3816],[26344, 3816],[26344, 3808],[26360, 3808],[26360, 3800],[26368, 3800],[26368, 3792],[26384, 3792],[26384, 3784],[26392, 3784],[26392, 3776],[26408, 3776],[26408, 3768],[26424, 3768],[26424, 3760],[26456, 3760],[26456, 3752],[26480, 3752],[26480, 3744],[26488, 3744],[26488, 3736],[26504, 3736],[26504, 3728],[26528, 3728],[26528, 3720],[26544, 3720],[26544, 3712],[26552, 3712],[26552, 3704],[26560, 3704],[26560, 3696],[26576, 3696],[26576, 3688],[26592, 3688],[26592, 3680],[26600, 3680],[26600, 3672],[26616, 3672],[26616, 3664],[26656, 3664],[26656, 3656],[26680, 3656],[26680, 3648],[26704, 3648],[26704, 3640],[26728, 3640],[26728, 3632],[26816, 3632],[26816, 3624],[26832, 3624],[26832, 3616],[26840, 3616],[26840, 3608],[26848, 3608],[26848, 3592],[26856, 3592],[26856, 3584],[26864, 3584],[26864, 3568],[26880, 3568],[26880, 3560],[26888, 3560],[26888, 3552],[26904, 3552],[26904, 3544],[26912, 3544],[26912, 3536],[26920, 3536],[26920, 3528],[26936, 3528],[26936, 3520],[26952, 3520],[26952, 3512],[26968, 3512],[26968, 3504],[26992, 3504],[26992, 3496],[27008, 3496],[27008, 3488],[27072, 3488],[27072, 3472],[27080, 3472],[27080, 3456],[27088, 3456],[27088, 3448],[27096, 3448],[27096, 3440],[27112, 3440],[27112, 3432],[27136, 3432],[27136, 3424],[27160, 3424],[27160, 3416],[27176, 3416],[27176, 3408],[27184, 3408],[27184, 3400],[27192, 3400],[27192, 3392],[27200, 3392],[27200, 3384],[27208, 3384],[27208, 3376],[27224, 3376],[27224, 3368],[27232, 3368],[27232, 3360],[27248, 3360],[27248, 3352],[27264, 3352],[27264, 3344],[27288, 3344],[27288, 3336],[27304, 3336],[27304, 3328],[27312, 3328],[27312, 3320],[27320, 3320],[27320, 3312],[27328, 3312],[27328, 3304],[27360, 3304],[27360, 3296],[27392, 3296],[27392, 3288],[27424, 3288],[27424, 3280],[27440, 3280],[27440, 3272],[27448, 3272],[27448, 3256],[27456, 3256],[27456, 3240],[27448, 3240],[27448, 3224],[27440, 3224],[27440, 3216],[27448, 3216],[27448, 3200],[27456, 3200],[27456, 3168],[27448, 3168],[27448, 3160],[27432, 3160],[27432, 3168],[27416, 3168],[27416, 3176],[27408, 3176],[27408, 3184],[27400, 3184],[27400, 3192],[27376, 3192],[27376, 3200],[27360, 3200],[27360, 3208],[27344, 3208],[27344, 3216],[27336, 3216],[27336, 3224],[27320, 3224],[27320, 3232],[27304, 3232],[27304, 3240],[27288, 3240],[27288, 3248],[27280, 3248],[27280, 3256],[27272, 3256],[27272, 3264],[27256, 3264],[27256, 3272],[27248, 3272],[27248, 3280],[27224, 3280],[27224, 3288],[27200, 3288],[27200, 3296],[27192, 3296],[27192, 3304],[27184, 3304],[27184, 3312],[27176, 3312],[27176, 3320],[27160, 3320],[27160, 3328],[27144, 3328],[27144, 3336],[27128, 3336],[27128, 3344],[27112, 3344],[27112, 3352],[27096, 3352],[27096, 3360],[27080, 3360],[27080, 3368],[27056, 3368],[27056, 3376],[27024, 3376],[27024, 3384],[27008, 3384],[27008, 3392],[26992, 3392],[26992, 3400],[26976, 3400],[26976, 3408],[26968, 3408],[26968, 3416],[26952, 3416],[26952, 3424],[26936, 3424],[26936, 3432],[26912, 3432],[26912, 3440],[26888, 3440],[26888, 3448],[26872, 3448],[26872, 3456],[26864, 3456],[26864, 3464],[26848, 3464],[26848, 3472],[26808, 3472],[26808, 3480],[26784, 3480],[26784, 3488],[26760, 3488],[26760, 3496],[26744, 3496],[26744, 3504],[26728, 3504],[26728, 3512],[26704, 3512],[26704, 3520],[26696, 3520],[26696, 3528],[26672, 3528],[26672, 3536],[26656, 3536],[26656, 3544],[26648, 3544],[26648, 3552],[26640, 3552],[26640, 3560],[26632, 3560],[26632, 3568],[26616, 3568],[26616, 3576],[26600, 3576],[26600, 3584],[26584, 3584],[26584, 3592],[26568, 3592],[26568, 3600],[26552, 3600],[26552, 3608],[26536, 3608],[26536, 3616],[26504, 3616],[26504, 3624],[26480, 3624],[26480, 3632],[26472, 3632],[26472, 3640],[26456, 3640],[26456, 3648],[26448, 3648],[26448, 3656],[26432, 3656],[26432, 3664],[26416, 3664],[26416, 3672],[26408, 3672],[26408, 3680],[26400, 3680],[26400, 3688],[26384, 3688],[26384, 3696],[26360, 3696],[26360, 3704],[26344, 3704],[26344, 3712],[26328, 3712],[26328, 3720],[26320, 3720],[26320, 3728],[26304, 3728],[26304, 3736],[26296, 3736],[26296, 3744],[26280, 3744],[26280, 3752],[26272, 3752],[26272, 3760],[26264, 3760],[26264, 3768],[26248, 3768],[26248, 3776],[26232, 3776],[26232, 3784],[26216, 3784],[26216, 3792],[26200, 3792],[26200, 3800],[26184, 3800],[26184, 3808],[26168, 3808],[26168, 3816],[26152, 3816],[26152, 3824],[26128, 3824],[26128, 3832],[26104, 3832],[26104, 3840],[26088, 3840],[26088, 3848],[26072, 3848],[26072, 3856],[26056, 3856],[26056, 3864],[26048, 3864],[26048, 3872],[26040, 3872],[26040, 3888],[26032, 3888],[26032, 3896],[26008, 3896],[26008, 3904],[25992, 3904],[25992, 3912],[25984, 3912],[25984, 3920],[25976, 3920],[25976, 3928],[25968, 3928]]]},"properties":{"objectType":"annotation","classification":{"name":"Ignore*","color":[180, 180, 180]},"isLocked":true}},{"type":"Feature","id":"8d3dfd8b-faeb-4c31-b4a4-0c93c21006cf","geometry":{"type":"Polygon","coordinates":[[[27200, 3936],[27200, 3960],[27208, 3960],[27208, 3976],[27224, 3976],[27224, 3984],[27240, 3984],[27240, 3992],[27248, 3992],[27248, 4000],[27264, 4000],[27264, 4008],[27272, 4008],[27272, 4016],[27288, 4016],[27288, 4008],[27296, 4008],[27296, 4000],[27304, 4000],[27304, 3984],[27312, 3984],[27312, 3968],[27320, 3968],[27320, 3952],[27328, 3952],[27328, 3944],[27336, 3944],[27336, 3920],[27328, 3920],[27328, 3912],[27320, 3912],[27320, 3904],[27312, 3904],[27312, 3896],[27296, 3896],[27296, 3888],[27264, 3888],[27264, 3880],[27224, 3880],[27224, 3888],[27216, 3888],[27216, 3904],[27208, 3904],[27208, 3936],[27200, 3936]]]},"properties":{"objectType":"annotation","classification":{"name":"Ignore*","color":[180, 180, 180]},"isLocked":true}},{"type":"Feature","id":"eec068c6-ca8f-4038-a231-5c0564bc9c19","geometry":{"type":"Polygon","coordinates":[[[25792, 4008],[25792, 4032],[25824, 4032],[25824, 4024],[25864, 4024],[25864, 4016],[25888, 4016],[25888, 4008],[25904, 4008],[25904, 4000],[25920, 4000],[25920, 3992],[25928, 3992],[25928, 3984],[25936, 3984],[25936, 3952],[25904, 3952],[25904, 3960],[25880, 3960],[25880, 3968],[25840, 3968],[25840, 3976],[25832, 3976],[25832, 3984],[25824, 3984],[25824, 3992],[25808, 3992],[25808, 4000],[25800, 4000],[25800, 4008],[25792, 4008]]]},"properties":{"objectType":"annotation","classification":{"name":"Ignore*","color":[180, 180, 180]},"isLocked":true}},{"type":"Feature","id":"2abd5cdf-05e9-4288-86d3-5ef96abe9384","geometry":{"type":"Polygon","coordinates":[[[26928, 4096],[26928, 4112],[26936, 4112],[26936, 4128],[26952, 4128],[26952, 4136],[27000, 4136],[27000, 4128],[27016, 4128],[27016, 4120],[27024, 4120],[27024, 4112],[27040, 4112],[27040, 4104],[27056, 4104],[27056, 4096],[27072, 4096],[27072, 4088],[27088, 4088],[27088, 4080],[27112, 4080],[27112, 4072],[27168, 4072],[27168, 4080],[27216, 4080],[27216, 4072],[27232, 4072],[27232, 4048],[27224, 4048],[27224, 4040],[27216, 4040],[27216, 4032],[27208, 4032],[27208, 4024],[27200, 4024],[27200, 4016],[27184, 4016],[27184, 4008],[27152, 4008],[27152, 4016],[27128, 4016],[27128, 4008],[27112, 4008],[27112, 4000],[27096, 4000],[27096, 3992],[27088, 3992],[27088, 4000],[27072, 4000],[27072, 4008],[27064, 4008],[27064, 4016],[27056, 4016],[27056, 4040],[27048, 4040],[27048, 4048],[27024, 4048],[27024, 4056],[27016, 4056],[27016, 4048],[26984, 4048],[26984, 4056],[26960, 4056],[26960, 4064],[26952, 4064],[26952, 4072],[26944, 4072],[26944, 4080],[26936, 4080],[26936, 4096],[26928, 4096]]]},"properties":{"objectType":"annotation","classification":{"name":"Ignore*","color":[180, 180, 180]},"isLocked":true}},{"type":"Feature","id":"db0ee1e1-c646-49d4-95c2-69fc19ca1b69","geometry":{"type":"Polygon","coordinates":[[[27360, 4064],[27360, 4112],[27368, 4112],[27368, 4120],[27400, 4120],[27400, 4112],[27408, 4112],[27408, 4096],[27416, 4096],[27416, 4080],[27424, 4080],[27424, 4040],[27416, 4040],[27416, 4032],[27408, 4032],[27408, 4024],[27384, 4024],[27384, 4032],[27376, 4032],[27376, 4040],[27368, 4040],[27368, 4064],[27360, 4064]]]},"properties":{"objectType":"annotation","classification":{"name":"Ignore*","color":[180, 180, 180]},"isLocked":true}},{"type":"Feature","id":"b065e80a-931d-4f76-9137-15cc7aa86543","geometry":{"type":"Polygon","coordinates":[[[25680, 4088],[25680, 4120],[25688, 4120],[25688, 4128],[25704, 4128],[25704, 4136],[25728, 4136],[25728, 4128],[25736, 4128],[25736, 4120],[25744, 4120],[25744, 4072],[25712, 4072],[25712, 4080],[25688, 4080],[25688, 4088],[25680, 4088]]]},"properties":{"objectType":"annotation","classification":{"name":"Ignore*","color":[180, 180, 180]},"isLocked":true}},{"type":"Feature","id":"4b468875-6bb3-4afd-ac3a-675dae93aa7e","geometry":{"type":"Polygon","coordinates":[[[25240, 4168],[25240, 4176],[25248, 4176],[25248, 4192],[25256, 4192],[25256, 4200],[25272, 4200],[25272, 4192],[25280, 4192],[25280, 4184],[25296, 4184],[25296, 4176],[25304, 4176],[25304, 4168],[25312, 4168],[25312, 4160],[25320, 4160],[25320, 4152],[25328, 4152],[25328, 4144],[25336, 4144],[25336, 4136],[25344, 4136],[25344, 4112],[25336, 4112],[25336, 4096],[25328, 4096],[25328, 4088],[25312, 4088],[25312, 4080],[25296, 4080],[25296, 4088],[25288, 4088],[25288, 4104],[25280, 4104],[25280, 4112],[25272, 4112],[25272, 4120],[25264, 4120],[25264, 4136],[25256, 4136],[25256, 4144],[25248, 4144],[25248, 4168],[25240, 4168]]]},"properties":{"objectType":"annotation","classification":{"name":"Ignore*","color":[180, 180, 180]},"isLocked":true}},{"type":"Feature","id":"06544c11-eab0-4a47-8789-d5a1e4963602","geometry":{"type":"Polygon","coordinates":[[[25024, 4152],[25024, 4168],[25032, 4168],[25032, 4176],[25040, 4176],[25040, 4184],[25088, 4184],[25088, 4176],[25096, 4176],[25096, 4152],[25088, 4152],[25088, 4144],[25080, 4144],[25080, 4136],[25040, 4136],[25040, 4144],[25032, 4144],[25032, 4152],[25024, 4152]]]},"properties":{"objectType":"annotation","classification":{"name":"Ignore*","color":[180, 180, 180]},"isLocked":true}},{"type":"Feature","id":"3def77ef-c70e-4bcf-9a00-def445e4b1fe","geometry":{"type":"Polygon","coordinates":[[[24864, 4288],[24864, 4304],[24872, 4304],[24872, 4320],[24880, 4320],[24880, 4328],[24888, 4328],[24888, 4336],[24896, 4336],[24896, 4344],[24928, 4344],[24928, 4336],[24944, 4336],[24944, 4328],[24952, 4328],[24952, 4312],[24960, 4312],[24960, 4272],[24968, 4272],[24968, 4256],[24976, 4256],[24976, 4248],[24984, 4248],[24984, 4240],[24992, 4240],[24992, 4224],[24984, 4224],[24984, 4216],[24976, 4216],[24976, 4208],[24960, 4208],[24960, 4200],[24944, 4200],[24944, 4208],[24928, 4208],[24928, 4224],[24920, 4224],[24920, 4248],[24912, 4248],[24912, 4256],[24896, 4256],[24896, 4264],[24880, 4264],[24880, 4272],[24872, 4272],[24872, 4288],[24864, 4288]]]},"properties":{"objectType":"annotation","classification":{"name":"Ignore*","color":[180, 180, 180]},"isLocked":true}},{"type":"Feature","id":"47b857ed-8ec2-40b0-8e11-42c37256e810","geometry":{"type":"Polygon","coordinates":[[[25344, 4368],[25344, 4376],[25352, 4376],[25352, 4392],[25360, 4392],[25360, 4400],[25400, 4400],[25400, 4392],[25408, 4392],[25408, 4384],[25416, 4384],[25416, 4376],[25424, 4376],[25424, 4368],[25432, 4368],[25432, 4360],[25440, 4360],[25440, 4312],[25432, 4312],[25432, 4304],[25400, 4304],[25400, 4312],[25392, 4312],[25392, 4320],[25376, 4320],[25376, 4328],[25368, 4328],[25368, 4336],[25360, 4336],[25360, 4344],[25352, 4344],[25352, 4368],[25344, 4368]]]},"properties":{"objectType":"annotation","classification":{"name":"Ignore*","color":[180, 180, 180]},"isLocked":true}},{"type":"Feature","id":"aed56c1c-e2db-49b9-93a9-b41e534166ef","geometry":{"type":"Polygon","coordinates":[[[25200, 4464],[25200, 4496],[25208, 4496],[25208, 4504],[25240, 4504],[25240, 4496],[25264, 4496],[25264, 4488],[25272, 4488],[25272, 4480],[25288, 4480],[25288, 4464],[25296, 4464],[25296, 4416],[25280, 4416],[25280, 4408],[25264, 4408],[25264, 4416],[25248, 4416],[25248, 4424],[25232, 4424],[25232, 4432],[25224, 4432],[25224, 4440],[25216, 4440],[25216, 4456],[25208, 4456],[25208, 4464],[25200, 4464]]]},"properties":{"objectType":"annotation","classification":{"name":"Ignore*","color":[180, 180, 180]},"isLocked":true}},{"type":"Feature","id":"ec3444d5-7583-4527-8382-cb52759f81b3","geometry":{"type":"Polygon","coordinates":[[[37696, 4568],[37696, 4592],[37704, 4592],[37704, 4600],[37712, 4600],[37712, 4608],[37720, 4608],[37720, 4616],[37728, 4616],[37728, 4632],[37736, 4632],[37736, 4608],[37744, 4608],[37744, 4592],[37752, 4592],[37752, 4576],[37760, 4576],[37760, 4568],[37768, 4568],[37768, 4552],[37776, 4552],[37776, 4544],[37784, 4544],[37784, 4536],[37792, 4536],[37792, 4496],[37784, 4496],[37784, 4504],[37768, 4504],[37768, 4512],[37760, 4512],[37760, 4520],[37752, 4520],[37752, 4528],[37744, 4528],[37744, 4536],[37720, 4536],[37720, 4544],[37712, 4544],[37712, 4552],[37704, 4552],[37704, 4568],[37696, 4568]]]},"properties":{"objectType":"annotation","classification":{"name":"Ignore*","color":[180, 180, 180]},"isLocked":true}},{"type":"Feature","id":"9b7dcfe6-912c-4282-be82-b844f8accf7d","geometry":{"type":"Polygon","coordinates":[[[30314.63, 4640],[30328, 4640],[30328, 4632],[30336, 4632],[30336, 4624],[30344, 4624],[30344, 4616],[30352, 4616],[30352, 4608],[30360, 4608],[30360, 4576],[30352, 4576],[30352, 4568],[30344, 4568],[30344, 4560],[30323.71, 4560],[30314.63, 4640]]]},"properties":{"objectType":"annotation","classification":{"name":"Ignore*","color":[180, 180, 180]},"isLocked":true}},{"type":"Feature","id":"c7d530ce-60a3-4119-bb07-9780fef9b24a","geometry":{"type":"Polygon","coordinates":[[[37520, 4752],[37520, 4800],[37528, 4800],[37528, 4808],[37544, 4808],[37544, 4784],[37552, 4784],[37552, 4776],[37544, 4776],[37544, 4752],[37520, 4752]]]},"properties":{"objectType":"annotation","classification":{"name":"Ignore*","color":[180, 180, 180]},"isLocked":true}},{"type":"Feature","id":"2766831b-629e-435a-aec0-acd9140ae355","geometry":{"type":"Polygon","coordinates":[[[24568, 4776],[24568, 4800],[24576, 4800],[24576, 4824],[24584, 4824],[24584, 4832],[24592, 4832],[24592, 4840],[24608, 4840],[24608, 4832],[24632, 4832],[24632, 4824],[24640, 4824],[24640, 4816],[24648, 4816],[24648, 4784],[24640, 4784],[24640, 4776],[24632, 4776],[24632, 4768],[24616, 4768],[24616, 4760],[24592, 4760],[24592, 4768],[24576, 4768],[24576, 4776],[24568, 4776]]]},"properties":{"objectType":"annotation","classification":{"name":"Ignore*","color":[180, 180, 180]},"isLocked":true}},{"type":"Feature","id":"e8528ff7-72a7-4a6a-9567-2e95f5d02dc9","geometry":{"type":"Polygon","coordinates":[[[23232, 4792],[23232, 4808],[23240, 4808],[23240, 4816],[23264, 4816],[23264, 4808],[23272, 4808],[23272, 4792],[23256, 4792],[23256, 4784],[23248, 4784],[23248, 4792],[23232, 4792]]]},"properties":{"objectType":"annotation","classification":{"name":"Ignore*","color":[180, 180, 180]},"isLocked":true}},{"type":"Feature","id":"c7b0a2bc-fb1a-4f85-b86c-8a6bf7bd985f","geometry":{"type":"Polygon","coordinates":[[[24440, 4864],[24440, 4872],[24448, 4872],[24448, 4880],[24472, 4880],[24472, 4872],[24480, 4872],[24480, 4864],[24488, 4864],[24488, 4856],[24496, 4856],[24496, 4848],[24504, 4848],[24504, 4840],[24512, 4840],[24512, 4832],[24472, 4832],[24472, 4840],[24456, 4840],[24456, 4848],[24448, 4848],[24448, 4864],[24440, 4864]]]},"properties":{"objectType":"annotation","classification":{"name":"Ignore*","color":[180, 180, 180]},"isLocked":true}},{"type":"Feature","id":"c49aa759-f0ce-4439-8251-d51268915bfd","geometry":{"type":"Polygon","coordinates":[[[24552, 4968],[24552, 4976],[24592, 4976],[24592, 4968],[24608, 4968],[24608, 4960],[24616, 4960],[24616, 4952],[24624, 4952],[24624, 4944],[24632, 4944],[24632, 4936],[24648, 4936],[24648, 4928],[24656, 4928],[24656, 4920],[24664, 4920],[24664, 4912],[24672, 4912],[24672, 4904],[24680, 4904],[24680, 4880],[24656, 4880],[24656, 4872],[24616, 4872],[24616, 4880],[24608, 4880],[24608, 4888],[24600, 4888],[24600, 4896],[24584, 4896],[24584, 4904],[24576, 4904],[24576, 4920],[24568, 4920],[24568, 4952],[24560, 4952],[24560, 4968],[24552, 4968]]]},"properties":{"objectType":"annotation","classification":{"name":"Ignore*","color":[180, 180, 180]},"isLocked":true}},{"type":"Feature","id":"543670a9-5fca-41b0-9645-3b89a15a2b07","geometry":{"type":"Polygon","coordinates":[[[24488, 5016],[24488, 5040],[24496, 5040],[24496, 5032],[24512, 5032],[24512, 5024],[24528, 5024],[24528, 5016],[24536, 5016],[24536, 5008],[24544, 5008],[24544, 4984],[24528, 4984],[24528, 4992],[24520, 4992],[24520, 5000],[24504, 5000],[24504, 5016],[24488, 5016]]]},"properties":{"objectType":"annotation","classification":{"name":"Ignore*","color":[180, 180, 180]},"isLocked":true}},{"type":"Feature","id":"fdf2d059-6d64-42a1-a97d-33d075add904","geometry":{"type":"Polygon","coordinates":[[[37352, 5080],[37352, 5096],[37360, 5096],[37360, 5104],[37368, 5104],[37368, 5112],[37384, 5112],[37384, 5096],[37376, 5096],[37376, 5080],[37352, 5080]]]},"properties":{"objectType":"annotation","classification":{"name":"Ignore*","color":[180, 180, 180]},"isLocked":true}},{"type":"Feature","id":"1c5124f4-bf2c-42ae-93e3-7120b912fbcc","geometry":{"type":"Polygon","coordinates":[[[32848, 5168],[32880, 5280],[32976, 5280],[33096, 5216],[33144, 5080],[33024, 5032],[32848, 5168]]]},"properties":{"objectType":"annotation","classification":{"name":"Tumor","color":[102, 77, 179]}}},{"type":"Feature","id":"c13bf773-c175-4f3a-9350-19d29bdaba91","geometry":{"type":"Polygon","coordinates":[[[37920, 5168],[37920, 5200],[37928, 5200],[37928, 5232],[37936, 5232],[37936, 5248],[37944, 5248],[37944, 5264],[37952, 5264],[37952, 5280],[37960, 5280],[37960, 5288],[37968, 5288],[37968, 5296],[37976, 5296],[37976, 5304],[38008, 5304],[38008, 5296],[38016, 5296],[38016, 5280],[38024, 5280],[38024, 5256],[38016, 5256],[38016, 5240],[38000, 5240],[38000, 5232],[37992, 5232],[37992, 5224],[37984, 5224],[37984, 5216],[37976, 5216],[37976, 5192],[37968, 5192],[37968, 5176],[37960, 5176],[37960, 5160],[37944, 5160],[37944, 5152],[37936, 5152],[37936, 5160],[37928, 5160],[37928, 5168],[37920, 5168]]]},"properties":{"objectType":"annotation","classification":{"name":"Ignore*","color":[180, 180, 180]},"isLocked":true}},{"type":"Feature","id":"def0849d-9ea6-482b-9b82-e2bc513d8a22","geometry":{"type":"Polygon","coordinates":[[[31968, 5392],[31968, 5408],[31976, 5408],[31976, 5424],[31984, 5424],[31984, 5432],[32016, 5432],[32016, 5424],[32024, 5424],[32024, 5416],[32016, 5416],[32016, 5400],[32008, 5400],[32008, 5392],[31992, 5392],[31992, 5384],[31976, 5384],[31976, 5392],[31968, 5392]]]},"properties":{"objectType":"annotation","classification":{"name":"Ignore*","color":[180, 180, 180]},"isLocked":true}},{"type":"Feature","id":"77aaa899-d38d-4f62-9e62-408f99ba06f1","geometry":{"type":"Polygon","coordinates":[[[34104, 5464],[34104, 5520],[34112, 5520],[34112, 5536],[34120, 5536],[34120, 5544],[34128, 5544],[34128, 5552],[34144, 5552],[34144, 5560],[34152, 5560],[34152, 5568],[34160, 5568],[34160, 5576],[34168, 5576],[34168, 5584],[34176, 5584],[34176, 5632],[34192, 5632],[34192, 5640],[34200, 5640],[34200, 5648],[34224, 5648],[34224, 5656],[34248, 5656],[34248, 5664],[34280, 5664],[34280, 5656],[34288, 5656],[34288, 5648],[34304, 5648],[34304, 5624],[34296, 5624],[34296, 5608],[34288, 5608],[34288, 5600],[34280, 5600],[34280, 5576],[34272, 5576],[34272, 5552],[34264, 5552],[34264, 5520],[34256, 5520],[34256, 5512],[34248, 5512],[34248, 5472],[34256, 5472],[34256, 5456],[34264, 5456],[34264, 5416],[34248, 5416],[34248, 5408],[34240, 5408],[34240, 5400],[34200, 5400],[34200, 5408],[34176, 5408],[34176, 5416],[34152, 5416],[34152, 5424],[34144, 5424],[34144, 5432],[34136, 5432],[34136, 5440],[34128, 5440],[34128, 5448],[34120, 5448],[34120, 5456],[34112, 5456],[34112, 5464],[34104, 5464]]]},"properties":{"objectType":"annotation","classification":{"name":"Ignore*","color":[180, 180, 180]},"isLocked":true}},{"type":"Feature","id":"a2ee03ef-8cb9-4498-941c-dd6c60590922","geometry":{"type":"Polygon","coordinates":[[[34320, 5632],[34320, 5648],[34328, 5648],[34328, 5664],[34336, 5664],[34336, 5672],[34344, 5672],[34344, 5688],[34352, 5688],[34352, 5696],[34368, 5696],[34368, 5704],[34376, 5704],[34376, 5696],[34392, 5696],[34392, 5688],[34400, 5688],[34400, 5680],[34408, 5680],[34408, 5672],[34416, 5672],[34416, 5656],[34424, 5656],[34424, 5608],[34408, 5608],[34408, 5600],[34368, 5600],[34368, 5608],[34352, 5608],[34352, 5616],[34336, 5616],[34336, 5624],[34328, 5624],[34328, 5632],[34320, 5632]]]},"properties":{"objectType":"annotation","classification":{"name":"Ignore*","color":[180, 180, 180]},"isLocked":true}},{"type":"Feature","id":"3f259bd2-2910-4eb1-b898-22ccce6bad8d","geometry":{"type":"Polygon","coordinates":[[[34664, 5704],[34664, 5720],[34672, 5720],[34672, 5728],[34696, 5728],[34696, 5736],[34704, 5736],[34704, 5744],[34712, 5744],[34712, 5752],[34720, 5752],[34720, 5776],[34728, 5776],[34728, 5792],[34744, 5792],[34744, 5800],[34776, 5800],[34776, 5792],[34784, 5792],[34784, 5768],[34776, 5768],[34776, 5736],[34784, 5736],[34784, 5728],[34800, 5728],[34800, 5720],[34808, 5720],[34808, 5712],[34824, 5712],[34824, 5704],[34840, 5704],[34840, 5696],[34856, 5696],[34856, 5688],[34872, 5688],[34872, 5680],[34880, 5680],[34880, 5672],[34896, 5672],[34896, 5664],[34912, 5664],[34912, 5656],[34920, 5656],[34920, 5648],[34928, 5648],[34928, 5640],[34968, 5640],[34968, 5632],[34984, 5632],[34984, 5624],[34992, 5624],[34992, 5616],[35000, 5616],[35000, 5608],[35008, 5608],[35008, 5592],[35016, 5592],[35016, 5568],[35008, 5568],[35008, 5552],[34992, 5552],[34992, 5544],[34976, 5544],[34976, 5536],[34952, 5536],[34952, 5528],[34920, 5528],[34920, 5536],[34912, 5536],[34912, 5544],[34904, 5544],[34904, 5552],[34896, 5552],[34896, 5560],[34888, 5560],[34888, 5568],[34880, 5568],[34880, 5576],[34864, 5576],[34864, 5584],[34856, 5584],[34856, 5592],[34848, 5592],[34848, 5600],[34840, 5600],[34840, 5608],[34832, 5608],[34832, 5616],[34816, 5616],[34816, 5624],[34808, 5624],[34808, 5632],[34792, 5632],[34792, 5640],[34776, 5640],[34776, 5648],[34768, 5648],[34768, 5656],[34760, 5656],[34760, 5664],[34752, 5664],[34752, 5672],[34736, 5672],[34736, 5680],[34720, 5680],[34720, 5688],[34680, 5688],[34680, 5696],[34672, 5696],[34672, 5704],[34664, 5704]]]},"properties":{"objectType":"annotation","classification":{"name":"Ignore*","color":[180, 180, 180]},"isLocked":true}},{"type":"Feature","id":"680dc4a5-5cc7-4c28-8051-80d45a74ace7","geometry":{"type":"Polygon","coordinates":[[[31488, 5648],[31488, 5656],[31496, 5656],[31496, 5664],[31504, 5664],[31504, 5672],[31512, 5672],[31512, 5680],[31528, 5680],[31528, 5688],[31560, 5688],[31560, 5680],[31568, 5680],[31568, 5648],[31560, 5648],[31560, 5640],[31552, 5640],[31552, 5632],[31544, 5632],[31544, 5624],[31520, 5624],[31520, 5632],[31504, 5632],[31504, 5640],[31496, 5640],[31496, 5648],[31488, 5648]]]},"properties":{"objectType":"annotation","classification":{"name":"Ignore*","color":[180, 180, 180]},"isLocked":true}},{"type":"Feature","id":"939c82e5-f111-418c-a704-03a1e36b9316","geometry":{"type":"Polygon","coordinates":[[[29736, 5784],[29736, 5800],[29744, 5800],[29744, 5808],[29768, 5808],[29768, 5800],[29784, 5800],[29784, 5792],[29792, 5792],[29792, 5776],[29800, 5776],[29800, 5768],[29792, 5768],[29792, 5760],[29776, 5760],[29776, 5752],[29768, 5752],[29768, 5760],[29752, 5760],[29752, 5776],[29744, 5776],[29744, 5784],[29736, 5784]]]},"properties":{"objectType":"annotation","classification":{"name":"Ignore*","color":[180, 180, 180]},"isLocked":true}},{"type":"Feature","id":"4af3d040-7547-4696-a3f0-8d48faac3653","geometry":{"type":"Polygon","coordinates":[[[37944, 5864],[37944, 5872],[37952, 5872],[37952, 5888],[37960, 5888],[37960, 5896],[37968, 5896],[37968, 5904],[37984, 5904],[37984, 5896],[37992, 5896],[37992, 5888],[38000, 5888],[38000, 5880],[38008, 5880],[38008, 5856],[38016, 5856],[38016, 5832],[38008, 5832],[38008, 5816],[38000, 5816],[38000, 5808],[37968, 5808],[37968, 5816],[37960, 5816],[37960, 5832],[37952, 5832],[37952, 5864],[37944, 5864]]]},"properties":{"objectType":"annotation","classification":{"name":"Ignore*","color":[180, 180, 180]},"isLocked":true}},{"type":"Feature","id":"257c86e5-1d7b-458d-9737-3f7abbc572fb","geometry":{"type":"Polygon","coordinates":[[[32968, 5824],[32968, 5864],[32976, 5864],[32976, 5872],[32984, 5872],[32984, 5880],[32992, 5880],[32992, 5888],[33000, 5888],[33000, 5896],[33008, 5896],[33008, 5904],[33016, 5904],[33016, 5912],[33040, 5912],[33040, 5920],[33088, 5920],[33088, 5912],[33104, 5912],[33104, 5904],[33120, 5904],[33120, 5896],[33136, 5896],[33136, 5888],[33144, 5888],[33144, 5856],[33136, 5856],[33136, 5848],[33120, 5848],[33120, 5840],[33096, 5840],[33096, 5832],[33088, 5832],[33088, 5824],[33080, 5824],[33080, 5816],[33064, 5816],[33064, 5808],[33040, 5808],[33040, 5800],[32992, 5800],[32992, 5808],[32984, 5808],[32984, 5816],[32976, 5816],[32976, 5824],[32968, 5824]]]},"properties":{"objectType":"annotation","classification":{"name":"Ignore*","color":[180, 180, 180]},"isLocked":true}},{"type":"Feature","id":"21c6f72a-437c-4a94-aea6-c1ba1c906c18","geometry":{"type":"Polygon","coordinates":[[[32152, 5864],[32152, 5880],[32160, 5880],[32160, 5888],[32208, 5888],[32208, 5880],[32216, 5880],[32216, 5840],[32208, 5840],[32208, 5832],[32168, 5832],[32168, 5848],[32160, 5848],[32160, 5864],[32152, 5864]]]},"properties":{"objectType":"annotation","classification":{"name":"Ignore*","color":[180, 180, 180]},"isLocked":true}},{"type":"Feature","id":"cef293e9-a6b9-44c6-805b-36c00eeda9c5","geometry":{"type":"Polygon","coordinates":[[[35080, 5984],[35080, 6016],[35088, 6016],[35088, 6024],[35104, 6024],[35104, 6032],[35152, 6032],[35152, 6040],[35184, 6040],[35184, 6032],[35200, 6032],[35200, 6024],[35208, 6024],[35208, 6016],[35216, 6016],[35216, 6008],[35224, 6008],[35224, 6000],[35232, 6000],[35232, 5992],[35240, 5992],[35240, 5984],[35256, 5984],[35256, 5976],[35272, 5976],[35272, 5968],[35280, 5968],[35280, 5952],[35288, 5952],[35288, 5936],[35304, 5936],[35304, 5928],[35312, 5928],[35312, 5936],[35344, 5936],[35344, 5928],[35352, 5928],[35352, 5920],[35368, 5920],[35368, 5904],[35376, 5904],[35376, 5872],[35328, 5872],[35328, 5880],[35312, 5880],[35312, 5896],[35304, 5896],[35304, 5912],[35288, 5912],[35288, 5896],[35296, 5896],[35296, 5880],[35304, 5880],[35304, 5832],[35296, 5832],[35296, 5816],[35264, 5816],[35264, 5824],[35256, 5824],[35256, 5832],[35248, 5832],[35248, 5840],[35240, 5840],[35240, 5904],[35232, 5904],[35232, 5912],[35224, 5912],[35224, 5920],[35208, 5920],[35208, 5928],[35184, 5928],[35184, 5936],[35160, 5936],[35160, 5944],[35152, 5944],[35152, 5952],[35136, 5952],[35136, 5960],[35120, 5960],[35120, 5968],[35096, 5968],[35096, 5976],[35088, 5976],[35088, 5984],[35080, 5984]]]},"properties":{"objectType":"annotation","classification":{"name":"Ignore*","color":[180, 180, 180]},"isLocked":true}},{"type":"Feature","id":"df3a975e-8baf-43f4-9099-94a1c126e683","geometry":{"type":"Polygon","coordinates":[[[33368, 5984],[33368, 6008],[33376, 6008],[33376, 6016],[33392, 6016],[33392, 6024],[33432, 6024],[33432, 6016],[33448, 6016],[33448, 6008],[33456, 6008],[33456, 6000],[33464, 6000],[33464, 5992],[33480, 5992],[33480, 5984],[33496, 5984],[33496, 5976],[33512, 5976],[33512, 5968],[33520, 5968],[33520, 5960],[33528, 5960],[33528, 5952],[33536, 5952],[33536, 5936],[33544, 5936],[33544, 5896],[33536, 5896],[33536, 5888],[33528, 5888],[33528, 5880],[33488, 5880],[33488, 5888],[33472, 5888],[33472, 5896],[33464, 5896],[33464, 5904],[33456, 5904],[33456, 5912],[33448, 5912],[33448, 5920],[33440, 5920],[33440, 5928],[33432, 5928],[33432, 5936],[33424, 5936],[33424, 5944],[33416, 5944],[33416, 5952],[33400, 5952],[33400, 5960],[33392, 5960],[33392, 5968],[33384, 5968],[33384, 5976],[33376, 5976],[33376, 5984],[33368, 5984]]]},"properties":{"objectType":"annotation","classification":{"name":"Ignore*","color":[180, 180, 180]},"isLocked":true}},{"type":"Feature","id":"14a36157-ec74-4035-b97e-767ec40bfeee","geometry":{"type":"Polygon","coordinates":[[[32928, 6112],[32928, 6128],[32960, 6128],[32960, 6120],[32968, 6120],[32968, 6096],[32952, 6096],[32952, 6104],[32936, 6104],[32936, 6112],[32928, 6112]]]},"properties":{"objectType":"annotation","classification":{"name":"Ignore*","color":[180, 180, 180]},"isLocked":true}},{"type":"Feature","id":"32c837e9-d9a3-487a-8889-745903d38cee","geometry":{"type":"Polygon","coordinates":[[[33344, 6120],[33344, 6160],[33352, 6160],[33352, 6168],[33368, 6168],[33368, 6176],[33392, 6176],[33392, 6168],[33408, 6168],[33408, 6160],[33416, 6160],[33416, 6152],[33424, 6152],[33424, 6144],[33432, 6144],[33432, 6112],[33424, 6112],[33424, 6104],[33400, 6104],[33400, 6096],[33392, 6096],[33392, 6104],[33360, 6104],[33360, 6112],[33352, 6112],[33352, 6120],[33344, 6120]]]},"properties":{"objectType":"annotation","classification":{"name":"Ignore*","color":[180, 180, 180]},"isLocked":true}},{"type":"Feature","id":"78ad9525-1c84-46df-9405-75ee62c9fc17","geometry":{"type":"Polygon","coordinates":[[[23728, 6144],[23728, 6160],[23736, 6160],[23736, 6168],[23776, 6168],[23776, 6160],[23784, 6160],[23784, 6144],[23792, 6144],[23792, 6136],[23784, 6136],[23784, 6128],[23744, 6128],[23744, 6136],[23736, 6136],[23736, 6144],[23728, 6144]]]},"properties":{"objectType":"annotation","classification":{"name":"Ignore*","color":[180, 180, 180]},"isLocked":true}},{"type":"Feature","id":"d473e7c1-b48a-4215-b780-02a96881d7eb","geometry":{"type":"Polygon","coordinates":[[[35040, 6152],[35040, 6184],[35048, 6184],[35048, 6208],[35104, 6208],[35104, 6200],[35136, 6200],[35136, 6192],[35152, 6192],[35152, 6184],[35168, 6184],[35168, 6152],[35160, 6152],[35160, 6144],[35152, 6144],[35152, 6136],[35136, 6136],[35136, 6128],[35088, 6128],[35088, 6136],[35056, 6136],[35056, 6144],[35048, 6144],[35048, 6152],[35040, 6152]]]},"properties":{"objectType":"annotation","classification":{"name":"Ignore*","color":[180, 180, 180]},"isLocked":true}},{"type":"Feature","id":"8cceb583-b62d-4590-8d63-055c0c7cb845","geometry":{"type":"Polygon","coordinates":[[[34952, 6304],[34952, 6352],[34968, 6352],[34968, 6360],[34976, 6360],[34976, 6368],[35000, 6368],[35000, 6376],[35040, 6376],[35040, 6384],[35064, 6384],[35064, 6392],[35072, 6392],[35072, 6408],[35080, 6408],[35080, 6424],[35088, 6424],[35088, 6432],[35104, 6432],[35104, 6440],[35152, 6440],[35152, 6432],[35176, 6432],[35176, 6424],[35184, 6424],[35184, 6392],[35176, 6392],[35176, 6360],[35184, 6360],[35184, 6352],[35192, 6352],[35192, 6344],[35200, 6344],[35200, 6336],[35216, 6336],[35216, 6328],[35240, 6328],[35240, 6320],[35280, 6320],[35280, 6312],[35304, 6312],[35304, 6304],[35312, 6304],[35312, 6296],[35320, 6296],[35320, 6288],[35336, 6288],[35336, 6280],[35400, 6280],[35400, 6272],[35416, 6272],[35416, 6264],[35424, 6264],[35424, 6256],[35432, 6256],[35432, 6248],[35440, 6248],[35440, 6240],[35448, 6240],[35448, 6232],[35456, 6232],[35456, 6216],[35448, 6216],[35448, 6208],[35432, 6208],[35432, 6200],[35400, 6200],[35400, 6192],[35384, 6192],[35384, 6176],[35376, 6176],[35376, 6168],[35368, 6168],[35368, 6160],[35352, 6160],[35352, 6152],[35344, 6152],[35344, 6160],[35328, 6160],[35328, 6168],[35312, 6168],[35312, 6176],[35304, 6176],[35304, 6192],[35296, 6192],[35296, 6200],[35288, 6200],[35288, 6208],[35280, 6208],[35280, 6216],[35272, 6216],[35272, 6224],[35264, 6224],[35264, 6232],[35248, 6232],[35248, 6240],[35240, 6240],[35240, 6248],[35232, 6248],[35232, 6256],[35224, 6256],[35224, 6264],[35208, 6264],[35208, 6272],[35200, 6272],[35200, 6280],[35192, 6280],[35192, 6288],[35176, 6288],[35176, 6296],[35152, 6296],[35152, 6304],[35088, 6304],[35088, 6312],[35064, 6312],[35064, 6304],[35048, 6304],[35048, 6296],[35040, 6296],[35040, 6288],[35032, 6288],[35032, 6272],[35024, 6272],[35024, 6264],[35000, 6264],[35000, 6272],[34984, 6272],[34984, 6280],[34968, 6280],[34968, 6288],[34960, 6288],[34960, 6304],[34952, 6304]]]},"properties":{"objectType":"annotation","classification":{"name":"Ignore*","color":[180, 180, 180]},"isLocked":true}},{"type":"Feature","id":"040e7673-c047-423b-9ff8-1911c8ce53fc","geometry":{"type":"Polygon","coordinates":[[[22344, 6352],[22344, 6368],[22352, 6368],[22352, 6360],[22360, 6360],[22360, 6344],[22368, 6344],[22368, 6320],[22360, 6320],[22360, 6312],[22352, 6312],[22352, 6352],[22344, 6352]]]},"properties":{"objectType":"annotation","classification":{"name":"Ignore*","color":[180, 180, 180]},"isLocked":true}},{"type":"Feature","id":"c2456ffa-dc7c-423a-accd-724ac8935d1b","geometry":{"type":"Polygon","coordinates":[[[23312, 6312],[23312, 6336],[23320, 6336],[23320, 6344],[23336, 6344],[23336, 6352],[23344, 6352],[23344, 6360],[23360, 6360],[23360, 6368],[23368, 6368],[23368, 6376],[23432, 6376],[23432, 6384],[23448, 6384],[23448, 6392],[23480, 6392],[23480, 6384],[23496, 6384],[23496, 6352],[23488, 6352],[23488, 6344],[23472, 6344],[23472, 6336],[23464, 6336],[23464, 6320],[23456, 6320],[23456, 6312],[23448, 6312],[23448, 6304],[23432, 6304],[23432, 6296],[23392, 6296],[23392, 6288],[23384, 6288],[23384, 6296],[23352, 6296],[23352, 6304],[23328, 6304],[23328, 6312],[23312, 6312]]]},"properties":{"objectType":"annotation","classification":{"name":"Ignore*","color":[180, 180, 180]},"isLocked":true}},{"type":"Feature","id":"ca8594b9-6978-4380-81ca-c90bac19fcf4","geometry":{"type":"Polygon","coordinates":[[[31936, 6400],[31936, 6416],[31944, 6416],[31944, 6424],[31952, 6424],[31952, 6416],[31960, 6416],[31960, 6408],[31968, 6408],[31968, 6392],[31960, 6392],[31960, 6384],[31952, 6384],[31952, 6392],[31944, 6392],[31944, 6400],[31936, 6400]]]},"properties":{"objectType":"annotation","classification":{"name":"Ignore*","color":[180, 180, 180]},"isLocked":true}},{"type":"Feature","id":"e2dd6869-b4aa-49c8-99f4-1ad0ff08f63d","geometry":{"type":"Polygon","coordinates":[[[34496, 6416],[34496, 6456],[34504, 6456],[34504, 6464],[34512, 6464],[34512, 6472],[34536, 6472],[34536, 6464],[34552, 6464],[34552, 6456],[34560, 6456],[34560, 6448],[34576, 6448],[34576, 6440],[34584, 6440],[34584, 6432],[34600, 6432],[34600, 6424],[34608, 6424],[34608, 6416],[34616, 6416],[34616, 6408],[34624, 6408],[34624, 6376],[34616, 6376],[34616, 6368],[34608, 6368],[34608, 6360],[34584, 6360],[34584, 6368],[34568, 6368],[34568, 6376],[34552, 6376],[34552, 6384],[34536, 6384],[34536, 6392],[34520, 6392],[34520, 6400],[34512, 6400],[34512, 6408],[34504, 6408],[34504, 6416],[34496, 6416]]]},"properties":{"objectType":"annotation","classification":{"name":"Ignore*","color":[180, 180, 180]},"isLocked":true}},{"type":"Feature","id":"51a5fe1d-d04f-42b8-8a62-68775eed408a","geometry":{"type":"Polygon","coordinates":[[[22152, 6528],[22152, 6560],[22160, 6560],[22160, 6576],[22168, 6576],[22168, 6584],[22184, 6584],[22184, 6576],[22200, 6576],[22200, 6568],[22208, 6568],[22208, 6552],[22216, 6552],[22216, 6544],[22224, 6544],[22224, 6536],[22232, 6536],[22232, 6528],[22248, 6528],[22248, 6520],[22256, 6520],[22256, 6512],[22264, 6512],[22264, 6496],[22272, 6496],[22272, 6480],[22280, 6480],[22280, 6472],[22288, 6472],[22288, 6448],[22280, 6448],[22280, 6440],[22272, 6440],[22272, 6448],[22256, 6448],[22256, 6464],[22248, 6464],[22248, 6472],[22232, 6472],[22232, 6480],[22208, 6480],[22208, 6488],[22192, 6488],[22192, 6496],[22184, 6496],[22184, 6504],[22176, 6504],[22176, 6512],[22168, 6512],[22168, 6520],[22160, 6520],[22160, 6528],[22152, 6528]]]},"properties":{"objectType":"annotation","classification":{"name":"Ignore*","color":[180, 180, 180]},"isLocked":true}},{"type":"Feature","id":"3a467087-c132-47bc-aabe-10de5fd49924","geometry":{"type":"Polygon","coordinates":[[[33896, 6512],[33896, 6560],[33904, 6560],[33904, 6576],[33912, 6576],[33912, 6584],[33920, 6584],[33920, 6592],[33944, 6592],[33944, 6584],[33952, 6584],[33952, 6576],[33960, 6576],[33960, 6544],[33968, 6544],[33968, 6504],[33960, 6504],[33960, 6488],[33952, 6488],[33952, 6480],[33920, 6480],[33920, 6488],[33912, 6488],[33912, 6496],[33904, 6496],[33904, 6512],[33896, 6512]]]},"properties":{"objectType":"annotation","classification":{"name":"Ignore*","color":[180, 180, 180]},"isLocked":true}},{"type":"Feature","id":"9e7d4a4a-086b-4958-ae14-cc8b4550cd2b","geometry":{"type":"Polygon","coordinates":[[[35248, 6536],[35248, 6592],[35264, 6592],[35264, 6600],[35272, 6600],[35272, 6592],[35288, 6592],[35288, 6584],[35296, 6584],[35296, 6576],[35304, 6576],[35304, 6560],[35312, 6560],[35312, 6544],[35320, 6544],[35320, 6512],[35312, 6512],[35312, 6504],[35280, 6504],[35280, 6512],[35264, 6512],[35264, 6520],[35256, 6520],[35256, 6536],[35248, 6536]]]},"properties":{"objectType":"annotation","classification":{"name":"Ignore*","color":[180, 180, 180]},"isLocked":true}},{"type":"Feature","id":"6d811daa-fcc7-4c90-b23e-57c709d3906f","geometry":{"type":"Polygon","coordinates":[[[37560, 6576],[37560, 6640],[37568, 6640],[37568, 6648],[37576, 6648],[37576, 6656],[37592, 6656],[37592, 6664],[37688, 6664],[37688, 6656],[37704, 6656],[37704, 6648],[37720, 6648],[37720, 6640],[37808, 6640],[37808, 6632],[37816, 6632],[37816, 6624],[37824, 6624],[37824, 6608],[37832, 6608],[37832, 6560],[37840, 6560],[37840, 6552],[37856, 6552],[37856, 6544],[37864, 6544],[37864, 6536],[37872, 6536],[37872, 6528],[37880, 6528],[37880, 6520],[37888, 6520],[37888, 6512],[37896, 6512],[37896, 6504],[37912, 6504],[37912, 6496],[37920, 6496],[37920, 6488],[37936, 6488],[37936, 6480],[37944, 6480],[37944, 6472],[37952, 6472],[37952, 6464],[37944, 6464],[37944, 6448],[37936, 6448],[37936, 6408],[37928, 6408],[37928, 6400],[37912, 6400],[37912, 6392],[37872, 6392],[37872, 6400],[37856, 6400],[37856, 6408],[37848, 6408],[37848, 6416],[37840, 6416],[37840, 6432],[37832, 6432],[37832, 6496],[37824, 6496],[37824, 6520],[37816, 6520],[37816, 6528],[37808, 6528],[37808, 6536],[37776, 6536],[37776, 6544],[37768, 6544],[37768, 6552],[37752, 6552],[37752, 6560],[37744, 6560],[37744, 6568],[37736, 6568],[37736, 6576],[37720, 6576],[37720, 6584],[37656, 6584],[37656, 6576],[37640, 6576],[37640, 6568],[37624, 6568],[37624, 6560],[37576, 6560],[37576, 6568],[37568, 6568],[37568, 6576],[37560, 6576]]]},"properties":{"objectType":"annotation","classification":{"name":"Ignore*","color":[180, 180, 180]},"isLocked":true}},{"type":"Feature","id":"3a69db7c-c72d-46ca-ad78-b3deebcec5b5","geometry":{"type":"Polygon","coordinates":[[[31752, 6616],[31752, 6640],[31760, 6640],[31760, 6648],[31768, 6648],[31768, 6656],[31776, 6656],[31776, 6672],[31784, 6672],[31784, 6688],[31792, 6688],[31792, 6704],[31808, 6704],[31808, 6696],[31816, 6696],[31816, 6688],[31824, 6688],[31824, 6680],[31832, 6680],[31832, 6672],[31840, 6672],[31840, 6656],[31848, 6656],[31848, 6648],[31864, 6648],[31864, 6632],[31872, 6632],[31872, 6624],[31880, 6624],[31880, 6616],[31888, 6616],[31888, 6608],[31896, 6608],[31896, 6600],[31904, 6600],[31904, 6592],[31912, 6592],[31912, 6576],[31920, 6576],[31920, 6568],[31928, 6568],[31928, 6560],[31944, 6560],[31944, 6544],[31952, 6544],[31952, 6512],[31944, 6512],[31944, 6504],[31936, 6504],[31936, 6496],[31904, 6496],[31904, 6504],[31888, 6504],[31888, 6512],[31880, 6512],[31880, 6528],[31872, 6528],[31872, 6536],[31864, 6536],[31864, 6552],[31856, 6552],[31856, 6560],[31848, 6560],[31848, 6568],[31840, 6568],[31840, 6584],[31832, 6584],[31832, 6592],[31824, 6592],[31824, 6600],[31816, 6600],[31816, 6608],[31792, 6608],[31792, 6616],[31784, 6616],[31784, 6608],[31768, 6608],[31768, 6616],[31752, 6616]]]},"properties":{"objectType":"annotation","classification":{"name":"Ignore*","color":[180, 180, 180]},"isLocked":true}},{"type":"Feature","id":"9a0e9351-7a27-49d5-ad9f-0c9e9eca335a","geometry":{"type":"Polygon","coordinates":[[[33736, 6608],[33736, 6648],[33744, 6648],[33744, 6656],[33752, 6656],[33752, 6664],[33768, 6664],[33768, 6672],[33784, 6672],[33784, 6664],[33800, 6664],[33800, 6656],[33808, 6656],[33808, 6648],[33824, 6648],[33824, 6640],[33832, 6640],[33832, 6632],[33840, 6632],[33840, 6624],[33848, 6624],[33848, 6584],[33840, 6584],[33840, 6576],[33792, 6576],[33792, 6584],[33768, 6584],[33768, 6592],[33752, 6592],[33752, 6600],[33744, 6600],[33744, 6608],[33736, 6608]]]},"properties":{"objectType":"annotation","classification":{"name":"Ignore*","color":[180, 180, 180]},"isLocked":true}},{"type":"Feature","id":"ee5cd5ad-e7e9-433b-89a5-6a13859c2ec8","geometry":{"type":"Polygon","coordinates":[[[36480, 6712],[36480, 6736],[36528, 6736],[36528, 6728],[36544, 6728],[36544, 6720],[36560, 6720],[36560, 6712],[36592, 6712],[36592, 6704],[36600, 6704],[36600, 6696],[36608, 6696],[36608, 6688],[36624, 6688],[36624, 6680],[36664, 6680],[36664, 6672],[36680, 6672],[36680, 6664],[36688, 6664],[36688, 6656],[36696, 6656],[36696, 6648],[36704, 6648],[36704, 6632],[36696, 6632],[36696, 6624],[36688, 6624],[36688, 6616],[36680, 6616],[36680, 6608],[36664, 6608],[36664, 6600],[36656, 6600],[36656, 6592],[36648, 6592],[36648, 6552],[36640, 6552],[36640, 6536],[36632, 6536],[36632, 6520],[36624, 6520],[36624, 6512],[36608, 6512],[36608, 6504],[36568, 6504],[36568, 6512],[36552, 6512],[36552, 6560],[36560, 6560],[36560, 6568],[36568, 6568],[36568, 6576],[36584, 6576],[36584, 6584],[36600, 6584],[36600, 6592],[36608, 6592],[36608, 6600],[36616, 6600],[36616, 6608],[36624, 6608],[36624, 6616],[36616, 6616],[36616, 6632],[36608, 6632],[36608, 6648],[36600, 6648],[36600, 6656],[36592, 6656],[36592, 6664],[36544, 6664],[36544, 6672],[36528, 6672],[36528, 6680],[36520, 6680],[36520, 6688],[36512, 6688],[36512, 6696],[36496, 6696],[36496, 6704],[36488, 6704],[36488, 6712],[36480, 6712]]]},"properties":{"objectType":"annotation","classification":{"name":"Ignore*","color":[180, 180, 180]},"isLocked":true}},{"type":"Feature","id":"164b40d0-e1e3-406b-a870-27f9784c8ef3","geometry":{"type":"Polygon","coordinates":[[[28904, 6568],[28904, 6592],[28912, 6592],[28912, 6616],[28920, 6616],[28920, 6624],[28928, 6624],[28928, 6640],[28936, 6640],[28936, 6656],[28944, 6656],[28944, 6664],[28952, 6664],[28952, 6680],[28960, 6680],[28960, 6704],[28968, 6704],[28968, 6736],[28976, 6736],[28976, 6776],[28984, 6776],[28984, 6792],[28992, 6792],[28992, 6800],[29016, 6800],[29016, 6792],[29024, 6792],[29024, 6776],[29032, 6776],[29032, 6696],[29040, 6696],[29040, 6648],[29048, 6648],[29048, 6584],[29040, 6584],[29040, 6576],[29032, 6576],[29032, 6568],[29016, 6568],[29016, 6560],[28992, 6560],[28992, 6552],[28976, 6552],[28976, 6544],[28968, 6544],[28968, 6536],[28960, 6536],[28960, 6528],[28936, 6528],[28936, 6536],[28920, 6536],[28920, 6544],[28912, 6544],[28912, 6568],[28904, 6568]]]},"properties":{"objectType":"annotation","classification":{"name":"Ignore*","color":[180, 180, 180]},"isLocked":true}},{"type":"Feature","id":"7b5e6ad2-1aec-4a82-9b68-95e8e07e7c0a","geometry":{"type":"Polygon","coordinates":[[[36736, 6656],[36736, 6680],[36744, 6680],[36744, 6696],[36752, 6696],[36752, 6704],[36768, 6704],[36768, 6712],[36800, 6712],[36800, 6720],[36808, 6720],[36808, 6712],[36848, 6712],[36848, 6704],[36856, 6704],[36856, 6696],[36864, 6696],[36864, 6688],[36872, 6688],[36872, 6680],[36880, 6680],[36880, 6672],[36888, 6672],[36888, 6664],[36896, 6664],[36896, 6656],[36888, 6656],[36888, 6648],[36864, 6648],[36864, 6640],[36848, 6640],[36848, 6632],[36824, 6632],[36824, 6624],[36784, 6624],[36784, 6632],[36768, 6632],[36768, 6640],[36752, 6640],[36752, 6648],[36744, 6648],[36744, 6656],[36736, 6656]]]},"properties":{"objectType":"annotation","classification":{"name":"Ignore*","color":[180, 180, 180]},"isLocked":true}},{"type":"Feature","id":"98e49478-4493-4c3b-aeda-29c5bae578ea","geometry":{"type":"Polygon","coordinates":[[[35328, 6712],[35328, 6744],[35336, 6744],[35336, 6752],[35344, 6752],[35344, 6760],[35360, 6760],[35360, 6752],[35416, 6752],[35416, 6744],[35432, 6744],[35432, 6736],[35448, 6736],[35448, 6728],[35488, 6728],[35488, 6720],[35520, 6720],[35520, 6712],[35536, 6712],[35536, 6704],[35552, 6704],[35552, 6696],[35560, 6696],[35560, 6688],[35568, 6688],[35568, 6680],[35584, 6680],[35584, 6672],[35592, 6672],[35592, 6664],[35632, 6664],[35632, 6656],[35656, 6656],[35656, 6648],[35672, 6648],[35672, 6640],[35680, 6640],[35680, 6632],[35688, 6632],[35688, 6624],[35696, 6624],[35696, 6616],[35704, 6616],[35704, 6600],[35696, 6600],[35696, 6592],[35640, 6592],[35640, 6600],[35616, 6600],[35616, 6608],[35608, 6608],[35608, 6616],[35592, 6616],[35592, 6624],[35576, 6624],[35576, 6632],[35560, 6632],[35560, 6640],[35552, 6640],[35552, 6648],[35512, 6648],[35512, 6656],[35480, 6656],[35480, 6664],[35456, 6664],[35456, 6672],[35440, 6672],[35440, 6680],[35416, 6680],[35416, 6688],[35352, 6688],[35352, 6696],[35336, 6696],[35336, 6712],[35328, 6712]]]},"properties":{"objectType":"annotation","classification":{"name":"Ignore*","color":[180, 180, 180]},"isLocked":true}},{"type":"Feature","id":"97cef03a-4e3d-4ac1-8fbc-d27d75b93c4b","geometry":{"type":"Polygon","coordinates":[[[37760, 6712],[37760, 6736],[37768, 6736],[37768, 6752],[37776, 6752],[37776, 6776],[37784, 6776],[37784, 6824],[37792, 6824],[37792, 6832],[37800, 6832],[37800, 6840],[37808, 6840],[37808, 6848],[37824, 6848],[37824, 6856],[37840, 6856],[37840, 6864],[37872, 6864],[37872, 6856],[37880, 6856],[37880, 6848],[37888, 6848],[37888, 6808],[37880, 6808],[37880, 6792],[37872, 6792],[37872, 6784],[37864, 6784],[37864, 6768],[37856, 6768],[37856, 6760],[37848, 6760],[37848, 6752],[37840, 6752],[37840, 6728],[37832, 6728],[37832, 6696],[37824, 6696],[37824, 6680],[37792, 6680],[37792, 6688],[37776, 6688],[37776, 6704],[37768, 6704],[37768, 6712],[37760, 6712]]]},"properties":{"objectType":"annotation","classification":{"name":"Ignore*","color":[180, 180, 180]},"isLocked":true}},{"type":"Feature","id":"a34320fc-a1cd-4058-9d8c-ee62a0e8a0cf","geometry":{"type":"Polygon","coordinates":[[[34656, 6872],[34656, 6896],[34704, 6896],[34704, 6888],[34720, 6888],[34720, 6880],[34728, 6880],[34728, 6872],[34736, 6872],[34736, 6864],[34752, 6864],[34752, 6856],[34768, 6856],[34768, 6848],[34784, 6848],[34784, 6840],[34792, 6840],[34792, 6832],[34816, 6832],[34816, 6824],[34832, 6824],[34832, 6816],[34840, 6816],[34840, 6808],[34848, 6808],[34848, 6800],[34856, 6800],[34856, 6792],[34872, 6792],[34872, 6784],[34888, 6784],[34888, 6776],[34896, 6776],[34896, 6768],[34904, 6768],[34904, 6760],[34920, 6760],[34920, 6752],[34928, 6752],[34928, 6744],[34952, 6744],[34952, 6736],[34968, 6736],[34968, 6728],[34992, 6728],[34992, 6720],[35000, 6720],[35000, 6704],[34992, 6704],[34992, 6696],[34984, 6696],[34984, 6688],[34936, 6688],[34936, 6696],[34928, 6696],[34928, 6704],[34920, 6704],[34920, 6712],[34896, 6712],[34896, 6720],[34864, 6720],[34864, 6728],[34848, 6728],[34848, 6736],[34840, 6736],[34840, 6744],[34824, 6744],[34824, 6752],[34808, 6752],[34808, 6760],[34784, 6760],[34784, 6768],[34760, 6768],[34760, 6776],[34752, 6776],[34752, 6784],[34744, 6784],[34744, 6792],[34736, 6792],[34736, 6800],[34728, 6800],[34728, 6808],[34720, 6808],[34720, 6816],[34704, 6816],[34704, 6824],[34696, 6824],[34696, 6832],[34688, 6832],[34688, 6840],[34680, 6840],[34680, 6848],[34672, 6848],[34672, 6864],[34664, 6864],[34664, 6872],[34656, 6872]]]},"properties":{"objectType":"annotation","classification":{"name":"Ignore*","color":[180, 180, 180]},"isLocked":true}},{"type":"Feature","id":"50b636c1-0f96-4fc8-bd7e-f6a71d85f06a","geometry":{"type":"Polygon","coordinates":[[[34040, 6816],[34040, 6864],[34048, 6864],[34048, 6872],[34080, 6872],[34080, 6864],[34096, 6864],[34096, 6856],[34104, 6856],[34104, 6840],[34112, 6840],[34112, 6816],[34104, 6816],[34104, 6800],[34088, 6800],[34088, 6792],[34056, 6792],[34056, 6800],[34048, 6800],[34048, 6816],[34040, 6816]]]},"properties":{"objectType":"annotation","classification":{"name":"Ignore*","color":[180, 180, 180]},"isLocked":true}},{"type":"Feature","id":"d34ef712-94ed-4996-ada3-cd4adbdca105","geometry":{"type":"Polygon","coordinates":[[[31216, 6832],[31216, 6888],[31256, 6888],[31256, 6880],[31264, 6880],[31264, 6872],[31272, 6872],[31272, 6864],[31280, 6864],[31280, 6856],[31304, 6856],[31304, 6864],[31320, 6864],[31320, 6872],[31336, 6872],[31336, 6864],[31352, 6864],[31352, 6848],[31360, 6848],[31360, 6832],[31368, 6832],[31368, 6816],[31360, 6816],[31360, 6800],[31336, 6800],[31336, 6792],[31296, 6792],[31296, 6800],[31288, 6800],[31288, 6808],[31280, 6808],[31280, 6816],[31232, 6816],[31232, 6824],[31224, 6824],[31224, 6832],[31216, 6832]]]},"properties":{"objectType":"annotation","classification":{"name":"Ignore*","color":[180, 180, 180]},"isLocked":true}},{"type":"Feature","id":"695f05ce-3619-4a06-ae8d-0bacb77ff024","geometry":{"type":"Polygon","coordinates":[[[30704, 6856],[30736, 6968],[30872, 6992],[31064, 6920],[31144, 6864],[31152, 6768],[31128, 6744],[30936, 6728],[30800, 6776],[30704, 6856]]]},"properties":{"objectType":"annotation","classification":{"name":"Tumor","color":[102, 77, 179]}}},{"type":"Feature","id":"7a156086-2dd2-48f7-9042-2300856ac73e","geometry":{"type":"Polygon","coordinates":[[[33872, 6936],[33872, 6960],[33880, 6960],[33880, 6976],[33888, 6976],[33888, 6984],[33896, 6984],[33896, 6992],[33904, 6992],[33904, 7000],[33920, 7000],[33920, 7008],[33944, 7008],[33944, 7016],[33968, 7016],[33968, 7024],[34024, 7024],[34024, 7032],[34056, 7032],[34056, 7040],[34128, 7040],[34128, 7048],[34152, 7048],[34152, 7056],[34168, 7056],[34168, 7048],[34192, 7048],[34192, 7040],[34200, 7040],[34200, 7032],[34208, 7032],[34208, 7016],[34216, 7016],[34216, 6992],[34208, 6992],[34208, 6984],[34184, 6984],[34184, 6976],[34128, 6976],[34128, 6968],[34104, 6968],[34104, 6960],[34072, 6960],[34072, 6952],[34064, 6952],[34064, 6944],[34048, 6944],[34048, 6936],[34040, 6936],[34040, 6928],[34024, 6928],[34024, 6920],[34008, 6920],[34008, 6928],[33984, 6928],[33984, 6936],[33936, 6936],[33936, 6928],[33880, 6928],[33880, 6936],[33872, 6936]]]},"properties":{"objectType":"annotation","classification":{"name":"Ignore*","color":[180, 180, 180]},"isLocked":true}},{"type":"Feature","id":"ae030387-ea87-4624-8c7e-eda9966f0b82","geometry":{"type":"Polygon","coordinates":[[[34424, 7024],[34424, 7040],[34432, 7040],[34432, 7048],[34440, 7048],[34440, 7056],[34472, 7056],[34472, 7048],[34480, 7048],[34480, 7032],[34488, 7032],[34488, 7024],[34480, 7024],[34480, 7016],[34472, 7016],[34472, 7008],[34448, 7008],[34448, 7016],[34432, 7016],[34432, 7024],[34424, 7024]]]},"properties":{"objectType":"annotation","classification":{"name":"Ignore*","color":[180, 180, 180]},"isLocked":true}},{"type":"Feature","id":"f14a006b-0eb2-411a-88af-376f7eae8132","geometry":{"type":"Polygon","coordinates":[[[34888, 7016],[34888, 7080],[34896, 7080],[34896, 7088],[34920, 7088],[34920, 7096],[34944, 7096],[34944, 7088],[34992, 7088],[34992, 7080],[35000, 7080],[35000, 7072],[35008, 7072],[35008, 7040],[35000, 7040],[35000, 7016],[34992, 7016],[34992, 7000],[34984, 7000],[34984, 6992],[34976, 6992],[34976, 6984],[34968, 6984],[34968, 6976],[34920, 6976],[34920, 6984],[34912, 6984],[34912, 6992],[34904, 6992],[34904, 7000],[34896, 7000],[34896, 7016],[34888, 7016]]]},"properties":{"objectType":"annotation","classification":{"name":"Ignore*","color":[180, 180, 180]},"isLocked":true}},{"type":"Feature","id":"cd6ad6fd-d1af-4619-9b64-b87b3da84315","geometry":{"type":"Polygon","coordinates":[[[37024, 7016],[37024, 7072],[37032, 7072],[37032, 7080],[37040, 7080],[37040, 7088],[37056, 7088],[37056, 7096],[37088, 7096],[37088, 7104],[37096, 7104],[37096, 7096],[37112, 7096],[37112, 7040],[37104, 7040],[37104, 7016],[37096, 7016],[37096, 7000],[37080, 7000],[37080, 6992],[37048, 6992],[37048, 7000],[37032, 7000],[37032, 7016],[37024, 7016]]]},"properties":{"objectType":"annotation","classification":{"name":"Ignore*","color":[180, 180, 180]},"isLocked":true}},{"type":"Feature","id":"aab38f08-98b5-4fa3-aaab-da161db5c409","geometry":{"type":"Polygon","coordinates":[[[23256, 7080],[23256, 7144],[23264, 7144],[23264, 7152],[23272, 7152],[23272, 7160],[23296, 7160],[23296, 7168],[23312, 7168],[23312, 7160],[23336, 7160],[23336, 7144],[23344, 7144],[23344, 7112],[23352, 7112],[23352, 7080],[23360, 7080],[23360, 7064],[23352, 7064],[23352, 7056],[23344, 7056],[23344, 7048],[23336, 7048],[23336, 7040],[23328, 7040],[23328, 7032],[23296, 7032],[23296, 7040],[23288, 7040],[23288, 7048],[23280, 7048],[23280, 7056],[23272, 7056],[23272, 7072],[23264, 7072],[23264, 7080],[23256, 7080]]]},"properties":{"objectType":"annotation","classification":{"name":"Ignore*","color":[180, 180, 180]},"isLocked":true}},{"type":"Feature","id":"625019d8-d923-418b-a8d3-704679b9b411","geometry":{"type":"Polygon","coordinates":[[[35576, 7136],[35576, 7160],[35584, 7160],[35584, 7168],[35592, 7168],[35592, 7176],[35600, 7176],[35600, 7184],[35640, 7184],[35640, 7176],[35664, 7176],[35664, 7168],[35736, 7168],[35736, 7160],[35752, 7160],[35752, 7152],[35776, 7152],[35776, 7144],[35848, 7144],[35848, 7136],[35864, 7136],[35864, 7128],[35872, 7128],[35872, 7120],[35880, 7120],[35880, 7112],[35896, 7112],[35896, 7104],[35904, 7104],[35904, 7088],[35912, 7088],[35912, 7072],[35904, 7072],[35904, 7048],[35896, 7048],[35896, 7032],[35880, 7032],[35880, 7024],[35864, 7024],[35864, 7032],[35824, 7032],[35824, 7040],[35816, 7040],[35816, 7048],[35808, 7048],[35808, 7056],[35800, 7056],[35800, 7064],[35792, 7064],[35792, 7072],[35776, 7072],[35776, 7080],[35760, 7080],[35760, 7088],[35672, 7088],[35672, 7096],[35656, 7096],[35656, 7104],[35632, 7104],[35632, 7112],[35608, 7112],[35608, 7120],[35592, 7120],[35592, 7128],[35584, 7128],[35584, 7136],[35576, 7136]]]},"properties":{"objectType":"annotation","classification":{"name":"Ignore*","color":[180, 180, 180]},"isLocked":true}},{"type":"Feature","id":"5fd40158-6a18-4ced-8d72-f1c7a42ce758","geometry":{"type":"Polygon","coordinates":[[[37864, 7112],[37864, 7152],[37872, 7152],[37872, 7160],[37888, 7160],[37888, 7168],[37912, 7168],[37912, 7160],[37920, 7160],[37920, 7152],[37928, 7152],[37928, 7144],[37944, 7144],[37944, 7136],[37952, 7136],[37952, 7128],[37960, 7128],[37960, 7104],[37952, 7104],[37952, 7088],[37888, 7088],[37888, 7096],[37880, 7096],[37880, 7104],[37872, 7104],[37872, 7112],[37864, 7112]]]},"properties":{"objectType":"annotation","classification":{"name":"Ignore*","color":[180, 180, 180]},"isLocked":true}},{"type":"Feature","id":"46f5f880-2fed-4dec-8dd7-eed45928180b","geometry":{"type":"Polygon","coordinates":[[[34576, 7128],[34576, 7144],[34584, 7144],[34584, 7152],[34600, 7152],[34600, 7160],[34616, 7160],[34616, 7168],[34632, 7168],[34632, 7176],[34664, 7176],[34664, 7168],[34672, 7168],[34672, 7160],[34728, 7160],[34728, 7152],[34736, 7152],[34736, 7144],[34744, 7144],[34744, 7120],[34736, 7120],[34736, 7112],[34728, 7112],[34728, 7104],[34688, 7104],[34688, 7096],[34672, 7096],[34672, 7088],[34624, 7088],[34624, 7096],[34608, 7096],[34608, 7104],[34592, 7104],[34592, 7112],[34584, 7112],[34584, 7128],[34576, 7128]]]},"properties":{"objectType":"annotation","classification":{"name":"Ignore*","color":[180, 180, 180]},"isLocked":true}},{"type":"Feature","id":"98f99fb8-0753-4735-be12-073e08d25633","geometry":{"type":"Polygon","coordinates":[[[22728, 7152],[22728, 7168],[22736, 7168],[22736, 7184],[22744, 7184],[22744, 7192],[22776, 7192],[22776, 7200],[22808, 7200],[22808, 7192],[22832, 7192],[22832, 7168],[22840, 7168],[22840, 7120],[22832, 7120],[22832, 7104],[22824, 7104],[22824, 7096],[22808, 7096],[22808, 7104],[22792, 7104],[22792, 7112],[22784, 7112],[22784, 7120],[22768, 7120],[22768, 7128],[22752, 7128],[22752, 7136],[22736, 7136],[22736, 7152],[22728, 7152]]]},"properties":{"objectType":"annotation","classification":{"name":"Ignore*","color":[180, 180, 180]},"isLocked":true}},{"type":"Feature","id":"b17cf83f-248c-4507-8f1e-900a3d72d4bc","geometry":{"type":"Polygon","coordinates":[[[31128, 7104],[31128, 7136],[31136, 7136],[31136, 7144],[31144, 7144],[31144, 7152],[31160, 7152],[31160, 7160],[31176, 7160],[31176, 7168],[31192, 7168],[31192, 7176],[31200, 7176],[31200, 7184],[31208, 7184],[31208, 7192],[31216, 7192],[31216, 7208],[31224, 7208],[31224, 7216],[31288, 7216],[31288, 7208],[31328, 7208],[31328, 7200],[31336, 7200],[31336, 7192],[31352, 7192],[31352, 7184],[31368, 7184],[31368, 7168],[31376, 7168],[31376, 7144],[31368, 7144],[31368, 7136],[31352, 7136],[31352, 7128],[31344, 7128],[31344, 7120],[31288, 7120],[31288, 7128],[31272, 7128],[31272, 7136],[31240, 7136],[31240, 7128],[31232, 7128],[31232, 7120],[31216, 7120],[31216, 7112],[31208, 7112],[31208, 7104],[31200, 7104],[31200, 7096],[31192, 7096],[31192, 7088],[31152, 7088],[31152, 7096],[31136, 7096],[31136, 7104],[31128, 7104]]]},"properties":{"objectType":"annotation","classification":{"name":"Ignore*","color":[180, 180, 180]},"isLocked":true}},{"type":"Feature","id":"e6f7ed0b-e43a-4aa3-9bab-7697d52ea4bb","geometry":{"type":"Polygon","coordinates":[[[30528, 7208],[30528, 7240],[30536, 7240],[30536, 7256],[30544, 7256],[30544, 7264],[30576, 7264],[30576, 7256],[30616, 7256],[30616, 7248],[30624, 7248],[30624, 7232],[30632, 7232],[30632, 7216],[30640, 7216],[30640, 7208],[30648, 7208],[30648, 7200],[30656, 7200],[30656, 7192],[30664, 7192],[30664, 7168],[30648, 7168],[30648, 7160],[30600, 7160],[30600, 7168],[30584, 7168],[30584, 7176],[30576, 7176],[30576, 7184],[30560, 7184],[30560, 7192],[30544, 7192],[30544, 7200],[30536, 7200],[30536, 7208],[30528, 7208]]]},"properties":{"objectType":"annotation","classification":{"name":"Ignore*","color":[180, 180, 180]},"isLocked":true}},{"type":"Feature","id":"4c22a25e-ce4a-4719-9827-0c62942508f7","geometry":{"type":"Polygon","coordinates":[[[31024, 7208],[31024, 7248],[31032, 7248],[31032, 7256],[31048, 7256],[31048, 7264],[31080, 7264],[31080, 7256],[31096, 7256],[31096, 7240],[31104, 7240],[31104, 7224],[31096, 7224],[31096, 7208],[31088, 7208],[31088, 7200],[31072, 7200],[31072, 7192],[31048, 7192],[31048, 7200],[31032, 7200],[31032, 7208],[31024, 7208]]]},"properties":{"objectType":"annotation","classification":{"name":"Ignore*","color":[180, 180, 180]},"isLocked":true}},{"type":"Feature","id":"29907171-204b-43ae-bccb-5903fd10fd20","geometry":{"type":"Polygon","coordinates":[[[29296, 7256],[29296, 7272],[29304, 7272],[29304, 7280],[29320, 7280],[29320, 7288],[29352, 7288],[29352, 7280],[29368, 7280],[29368, 7248],[29360, 7248],[29360, 7240],[29344, 7240],[29344, 7232],[29328, 7232],[29328, 7240],[29312, 7240],[29312, 7248],[29304, 7248],[29304, 7256],[29296, 7256]]]},"properties":{"objectType":"annotation","classification":{"name":"Ignore*","color":[180, 180, 180]},"isLocked":true}},{"type":"Feature","id":"5a86bb86-4f97-4d70-a84b-96b427067a69","geometry":{"type":"Polygon","coordinates":[[[28664, 7272],[28664, 7312],[28672, 7312],[28672, 7320],[28720, 7320],[28720, 7312],[28728, 7312],[28728, 7304],[28736, 7304],[28736, 7296],[28752, 7296],[28752, 7288],[28768, 7288],[28768, 7296],[28784, 7296],[28784, 7304],[28824, 7304],[28824, 7312],[28864, 7312],[28864, 7320],[28872, 7320],[28872, 7336],[28880, 7336],[28880, 7352],[28888, 7352],[28888, 7360],[28904, 7360],[28904, 7368],[28936, 7368],[28936, 7376],[28984, 7376],[28984, 7368],[28992, 7368],[28992, 7360],[29000, 7360],[29000, 7320],[28992, 7320],[28992, 7304],[28984, 7304],[28984, 7296],[28976, 7296],[28976, 7288],[28960, 7288],[28960, 7280],[28952, 7280],[28952, 7272],[28944, 7272],[28944, 7264],[28936, 7264],[28936, 7256],[28928, 7256],[28928, 7248],[28920, 7248],[28920, 7240],[28912, 7240],[28912, 7232],[28888, 7232],[28888, 7224],[28816, 7224],[28816, 7216],[28808, 7216],[28808, 7208],[28792, 7208],[28792, 7200],[28768, 7200],[28768, 7208],[28760, 7208],[28760, 7216],[28744, 7216],[28744, 7224],[28736, 7224],[28736, 7232],[28728, 7232],[28728, 7240],[28704, 7240],[28704, 7248],[28688, 7248],[28688, 7256],[28680, 7256],[28680, 7264],[28672, 7264],[28672, 7272],[28664, 7272]]]},"properties":{"objectType":"annotation","classification":{"name":"Ignore*","color":[180, 180, 180]},"isLocked":true}},{"type":"Feature","id":"33f0a0e9-aaa8-4224-8d22-33617294e335","geometry":{"type":"Polygon","coordinates":[[[27720, 7382.51],[27720, 7384],[27784, 7384],[27784, 7376],[27792, 7376],[27792, 7368],[27800, 7368],[27800, 7329.81],[27720, 7382.51]]]},"properties":{"objectType":"annotation","classification":{"name":"Ignore*","color":[180, 180, 180]},"isLocked":true}},{"type":"Feature","id":"ef579677-6143-408e-8603-4f170a2d491d","geometry":{"type":"Polygon","coordinates":[[[30432, 7336],[30432, 7376],[30440, 7376],[30440, 7384],[30448, 7384],[30448, 7408],[30456, 7408],[30456, 7432],[30464, 7432],[30464, 7456],[30472, 7456],[30472, 7464],[30504, 7464],[30504, 7456],[30512, 7456],[30512, 7440],[30520, 7440],[30520, 7432],[30528, 7432],[30528, 7424],[30536, 7424],[30536, 7416],[30544, 7416],[30544, 7360],[30552, 7360],[30552, 7352],[30568, 7352],[30568, 7344],[30576, 7344],[30576, 7328],[30568, 7328],[30568, 7320],[30560, 7320],[30560, 7312],[30552, 7312],[30552, 7304],[30536, 7304],[30536, 7312],[30520, 7312],[30520, 7320],[30456, 7320],[30456, 7328],[30440, 7328],[30440, 7336],[30432, 7336]]]},"properties":{"objectType":"annotation","classification":{"name":"Ignore*","color":[180, 180, 180]},"isLocked":true}},{"type":"Feature","id":"df67354d-0029-4771-8494-ff69d85a5aaa","geometry":{"type":"Polygon","coordinates":[[[23184, 7416],[23184, 7432],[23192, 7432],[23192, 7448],[23200, 7448],[23200, 7456],[23216, 7456],[23216, 7464],[23272, 7464],[23272, 7456],[23280, 7456],[23280, 7448],[23288, 7448],[23288, 7440],[23296, 7440],[23296, 7432],[23304, 7432],[23304, 7424],[23312, 7424],[23312, 7416],[23320, 7416],[23320, 7400],[23328, 7400],[23328, 7392],[23320, 7392],[23320, 7376],[23312, 7376],[23312, 7368],[23288, 7368],[23288, 7376],[23216, 7376],[23216, 7384],[23208, 7384],[23208, 7392],[23200, 7392],[23200, 7400],[23192, 7400],[23192, 7416],[23184, 7416]]]},"properties":{"objectType":"annotation","classification":{"name":"Ignore*","color":[180, 180, 180]},"isLocked":true}},{"type":"Feature","id":"0bbbda7f-8d24-4458-89b2-b0c143004bcf","geometry":{"type":"Polygon","coordinates":[[[38128, 7432],[38128, 7448],[38152, 7448],[38152, 7440],[38168, 7440],[38168, 7424],[38176, 7424],[38176, 7408],[38184, 7408],[38184, 7400],[38192, 7400],[38192, 7376],[38184, 7376],[38184, 7384],[38168, 7384],[38168, 7400],[38160, 7400],[38160, 7408],[38152, 7408],[38152, 7416],[38144, 7416],[38144, 7424],[38136, 7424],[38136, 7432],[38128, 7432]]]},"properties":{"objectType":"annotation","classification":{"name":"Ignore*","color":[180, 180, 180]},"isLocked":true}},{"type":"Feature","id":"e7c29f47-ba8e-4874-b7c6-3be67de1dc67","geometry":{"type":"Polygon","coordinates":[[[28096, 7416],[28096, 7424],[28104, 7424],[28104, 7432],[28112, 7432],[28112, 7440],[28136, 7440],[28136, 7448],[28152, 7448],[28152, 7440],[28168, 7440],[28168, 7432],[28176, 7432],[28176, 7408],[28160, 7408],[28160, 7400],[28136, 7400],[28136, 7392],[28128, 7392],[28128, 7400],[28104, 7400],[28104, 7416],[28096, 7416]]]},"properties":{"objectType":"annotation","classification":{"name":"Ignore*","color":[180, 180, 180]},"isLocked":true}},{"type":"Feature","id":"4b241382-d4b8-4913-ac77-2409bd24cd25","geometry":{"type":"Polygon","coordinates":[[[34240, 7424],[34240, 7456],[34288, 7456],[34288, 7448],[34296, 7448],[34296, 7408],[34288, 7408],[34288, 7400],[34264, 7400],[34264, 7408],[34248, 7408],[34248, 7424],[34240, 7424]]]},"properties":{"objectType":"annotation","classification":{"name":"Ignore*","color":[180, 180, 180]},"isLocked":true}},{"type":"Feature","id":"15a2389f-396b-4a7f-b740-fbf6c8911f36","geometry":{"type":"Polygon","coordinates":[[[29584, 7448],[29584, 7488],[29600, 7488],[29600, 7496],[29616, 7496],[29616, 7488],[29632, 7488],[29632, 7480],[29648, 7480],[29648, 7464],[29656, 7464],[29656, 7448],[29648, 7448],[29648, 7432],[29600, 7432],[29600, 7440],[29592, 7440],[29592, 7448],[29584, 7448]]]},"properties":{"objectType":"annotation","classification":{"name":"Ignore*","color":[180, 180, 180]},"isLocked":true}},{"type":"Feature","id":"e81fe294-d032-4910-ad63-4bd5030a447f","geometry":{"type":"Polygon","coordinates":[[[27856, 7480],[27856, 7496],[27880, 7496],[27880, 7488],[27888, 7488],[27888, 7480],[27904, 7480],[27904, 7464],[27888, 7464],[27888, 7472],[27880, 7472],[27880, 7480],[27856, 7480]]]},"properties":{"objectType":"annotation","classification":{"name":"Ignore*","color":[180, 180, 180]},"isLocked":true}},{"type":"Feature","id":"744cec12-8fc9-4190-b9cc-3c395e0f1c9a","geometry":{"type":"Polygon","coordinates":[[[34720, 7448],[34720, 7464],[34728, 7464],[34728, 7480],[34736, 7480],[34736, 7496],[34744, 7496],[34744, 7512],[34752, 7512],[34752, 7528],[34760, 7528],[34760, 7544],[34768, 7544],[34768, 7552],[34776, 7552],[34776, 7560],[34784, 7560],[34784, 7568],[34792, 7568],[34792, 7576],[34808, 7576],[34808, 7584],[34832, 7584],[34832, 7592],[34848, 7592],[34848, 7584],[34872, 7584],[34872, 7576],[34880, 7576],[34880, 7560],[34888, 7560],[34888, 7552],[34880, 7552],[34880, 7528],[34872, 7528],[34872, 7520],[34856, 7520],[34856, 7512],[34848, 7512],[34848, 7504],[34840, 7504],[34840, 7496],[34832, 7496],[34832, 7488],[34824, 7488],[34824, 7472],[34816, 7472],[34816, 7456],[34808, 7456],[34808, 7448],[34800, 7448],[34800, 7432],[34784, 7432],[34784, 7424],[34744, 7424],[34744, 7432],[34728, 7432],[34728, 7448],[34720, 7448]]]},"properties":{"objectType":"annotation","classification":{"name":"Ignore*","color":[180, 180, 180]},"isLocked":true}},{"type":"Feature","id":"23912ab7-33df-443a-919a-ff81afc787fc","geometry":{"type":"Polygon","coordinates":[[[28040, 7504],[28040, 7520],[28048, 7520],[28048, 7536],[28064, 7536],[28064, 7544],[28080, 7544],[28080, 7536],[28096, 7536],[28096, 7520],[28104, 7520],[28104, 7512],[28096, 7512],[28096, 7496],[28088, 7496],[28088, 7488],[28048, 7488],[28048, 7504],[28040, 7504]]]},"properties":{"objectType":"annotation","classification":{"name":"Ignore*","color":[180, 180, 180]},"isLocked":true}},{"type":"Feature","id":"437964c9-23f5-4e62-8292-18449e98ba99","geometry":{"type":"Polygon","coordinates":[[[37832, 7472],[37832, 7520],[37840, 7520],[37840, 7528],[37856, 7528],[37856, 7536],[37912, 7536],[37912, 7528],[37928, 7528],[37928, 7520],[37936, 7520],[37936, 7512],[37960, 7512],[37960, 7520],[37952, 7520],[37952, 7528],[37944, 7528],[37944, 7536],[37928, 7536],[37928, 7544],[37920, 7544],[37920, 7552],[37912, 7552],[37912, 7568],[37904, 7568],[37904, 7624],[37912, 7624],[37912, 7632],[37928, 7632],[37928, 7640],[37936, 7640],[37936, 7648],[37952, 7648],[37952, 7656],[37984, 7656],[37984, 7648],[38000, 7648],[38000, 7640],[38008, 7640],[38008, 7584],[38016, 7584],[38016, 7568],[38024, 7568],[38024, 7560],[38032, 7560],[38032, 7552],[38040, 7552],[38040, 7544],[38048, 7544],[38048, 7528],[38056, 7528],[38056, 7496],[38048, 7496],[38048, 7488],[38008, 7488],[38008, 7496],[37960, 7496],[37960, 7480],[37952, 7480],[37952, 7464],[37944, 7464],[37944, 7448],[37936, 7448],[37936, 7440],[37928, 7440],[37928, 7432],[37920, 7432],[37920, 7424],[37904, 7424],[37904, 7432],[37880, 7432],[37880, 7440],[37864, 7440],[37864, 7448],[37856, 7448],[37856, 7456],[37848, 7456],[37848, 7464],[37840, 7464],[37840, 7472],[37832, 7472]]]},"properties":{"objectType":"annotation","classification":{"name":"Ignore*","color":[180, 180, 180]},"isLocked":true}},{"type":"Feature","id":"ea71cb45-7313-45d7-a553-e52a9429b4cc","geometry":{"type":"Polygon","coordinates":[[[28440, 7640],[28440, 7664],[28448, 7664],[28448, 7672],[28456, 7672],[28456, 7680],[28488, 7680],[28488, 7664],[28496, 7664],[28496, 7656],[28488, 7656],[28488, 7640],[28480, 7640],[28480, 7632],[28448, 7632],[28448, 7640],[28440, 7640]]]},"properties":{"objectType":"annotation","classification":{"name":"Ignore*","color":[180, 180, 180]},"isLocked":true}},{"type":"Feature","id":"47b438c0-7842-4820-aaa8-b8a5dd1b9063","geometry":{"type":"Polygon","coordinates":[[[29368, 7616],[29368, 7648],[29376, 7648],[29376, 7664],[29384, 7664],[29384, 7672],[29392, 7672],[29392, 7680],[29424, 7680],[29424, 7672],[29440, 7672],[29440, 7680],[29448, 7680],[29448, 7736],[29456, 7736],[29456, 7744],[29464, 7744],[29464, 7752],[29472, 7752],[29472, 7760],[29480, 7760],[29480, 7768],[29488, 7768],[29488, 7776],[29496, 7776],[29496, 7784],[29504, 7784],[29504, 7792],[29512, 7792],[29512, 7800],[29520, 7800],[29520, 7808],[29528, 7808],[29528, 7816],[29536, 7816],[29536, 7824],[29552, 7824],[29552, 7816],[29568, 7816],[29568, 7808],[29576, 7808],[29576, 7792],[29584, 7792],[29584, 7768],[29592, 7768],[29592, 7696],[29584, 7696],[29584, 7648],[29576, 7648],[29576, 7640],[29584, 7640],[29584, 7608],[29592, 7608],[29592, 7592],[29600, 7592],[29600, 7576],[29608, 7576],[29608, 7544],[29600, 7544],[29600, 7528],[29592, 7528],[29592, 7520],[29544, 7520],[29544, 7528],[29528, 7528],[29528, 7536],[29520, 7536],[29520, 7544],[29512, 7544],[29512, 7552],[29504, 7552],[29504, 7560],[29496, 7560],[29496, 7568],[29488, 7568],[29488, 7576],[29480, 7576],[29480, 7584],[29464, 7584],[29464, 7592],[29416, 7592],[29416, 7600],[29384, 7600],[29384, 7608],[29376, 7608],[29376, 7616],[29368, 7616]]]},"properties":{"objectType":"annotation","classification":{"name":"Ignore*","color":[180, 180, 180]},"isLocked":true}},{"type":"Feature","id":"9f718886-b9f0-4726-8129-246fe372e7eb","geometry":{"type":"Polygon","coordinates":[[[27264, 7760],[27264, 7768],[27272, 7768],[27272, 7776],[27296, 7776],[27296, 7768],[27304, 7768],[27304, 7752],[27272, 7752],[27272, 7760],[27264, 7760]]]},"properties":{"objectType":"annotation","classification":{"name":"Ignore*","color":[180, 180, 180]},"isLocked":true}},{"type":"Feature","id":"6034e03f-4b67-4505-ae08-9a527b34ad04","geometry":{"type":"Polygon","coordinates":[[[31616, 7736],[31616, 7776],[31624, 7776],[31624, 7792],[31632, 7792],[31632, 7800],[31640, 7800],[31640, 7816],[31648, 7816],[31648, 7824],[31656, 7824],[31656, 7832],[31664, 7832],[31664, 7840],[31688, 7840],[31688, 7848],[31720, 7848],[31720, 7840],[31728, 7840],[31728, 7832],[31736, 7832],[31736, 7712],[31728, 7712],[31728, 7704],[31712, 7704],[31712, 7696],[31680, 7696],[31680, 7704],[31656, 7704],[31656, 7712],[31640, 7712],[31640, 7720],[31632, 7720],[31632, 7728],[31624, 7728],[31624, 7736],[31616, 7736]]]},"properties":{"objectType":"annotation","classification":{"name":"Ignore*","color":[180, 180, 180]},"isLocked":true}},{"type":"Feature","id":"d3b40b88-32a0-4505-8581-c3f32ed84433","geometry":{"type":"Polygon","coordinates":[[[30976, 7856],[30976, 7888],[30992, 7888],[30992, 7896],[31008, 7896],[31008, 7888],[31032, 7888],[31032, 7880],[31040, 7880],[31040, 7872],[31048, 7872],[31048, 7848],[31032, 7848],[31032, 7840],[30992, 7840],[30992, 7848],[30984, 7848],[30984, 7856],[30976, 7856]]]},"properties":{"objectType":"annotation","classification":{"name":"Ignore*","color":[180, 180, 180]},"isLocked":true}},{"type":"Feature","id":"c8ff7c6b-00ba-4b98-8fa2-33cbc6255fca","geometry":{"type":"Polygon","coordinates":[[[34504, 7904],[34504, 7912],[34512, 7912],[34512, 7920],[34520, 7920],[34520, 7928],[34552, 7928],[34552, 7936],[34568, 7936],[34568, 7944],[34576, 7944],[34576, 7952],[34584, 7952],[34584, 7960],[34600, 7960],[34600, 7968],[34616, 7968],[34616, 7976],[34632, 7976],[34632, 7984],[34672, 7984],[34672, 7976],[34688, 7976],[34688, 7968],[34696, 7968],[34696, 7960],[34704, 7960],[34704, 7936],[34696, 7936],[34696, 7928],[34680, 7928],[34680, 7920],[34672, 7920],[34672, 7912],[34664, 7912],[34664, 7848],[34656, 7848],[34656, 7840],[34640, 7840],[34640, 7832],[34584, 7832],[34584, 7840],[34568, 7840],[34568, 7848],[34552, 7848],[34552, 7856],[34544, 7856],[34544, 7864],[34528, 7864],[34528, 7872],[34520, 7872],[34520, 7888],[34512, 7888],[34512, 7904],[34504, 7904]]]},"properties":{"objectType":"annotation","classification":{"name":"Ignore*","color":[180, 180, 180]},"isLocked":true}},{"type":"Feature","id":"59235a82-2e48-4936-bee5-4dbe5bb87575","geometry":{"type":"Polygon","coordinates":[[[31216, 7912],[31216, 7944],[31224, 7944],[31224, 7952],[31240, 7952],[31240, 7960],[31272, 7960],[31272, 7968],[31328, 7968],[31328, 7952],[31336, 7952],[31336, 7912],[31328, 7912],[31328, 7904],[31320, 7904],[31320, 7896],[31296, 7896],[31296, 7888],[31256, 7888],[31256, 7896],[31232, 7896],[31232, 7904],[31224, 7904],[31224, 7912],[31216, 7912]]]},"properties":{"objectType":"annotation","classification":{"name":"Ignore*","color":[180, 180, 180]},"isLocked":true}},{"type":"Feature","id":"708508f5-3e52-45f2-8ac2-468526ff7376","geometry":{"type":"Polygon","coordinates":[[[27712, 7912],[27712, 7984],[27720, 7984],[27720, 8000],[27728, 8000],[27728, 8008],[27736, 8008],[27736, 8016],[27744, 8016],[27744, 8024],[27816, 8024],[27816, 8016],[27824, 8016],[27824, 8008],[27832, 8008],[27832, 7952],[27824, 7952],[27824, 7928],[27816, 7928],[27816, 7912],[27808, 7912],[27808, 7904],[27792, 7904],[27792, 7896],[27728, 7896],[27728, 7904],[27720, 7904],[27720, 7912],[27712, 7912]]]},"properties":{"objectType":"annotation","classification":{"name":"Ignore*","color":[180, 180, 180]},"isLocked":true}},{"type":"Feature","id":"f050fb51-9f7b-432f-a01c-ede9ca338890","geometry":{"type":"Polygon","coordinates":[[[30384, 7928],[30384, 7960],[30392, 7960],[30392, 7992],[30400, 7992],[30400, 8000],[30464, 8000],[30464, 7992],[30480, 7992],[30480, 7984],[30488, 7984],[30488, 7952],[30480, 7952],[30480, 7944],[30472, 7944],[30472, 7936],[30464, 7936],[30464, 7928],[30456, 7928],[30456, 7920],[30400, 7920],[30400, 7928],[30384, 7928]]]},"properties":{"objectType":"annotation","classification":{"name":"Ignore*","color":[180, 180, 180]},"isLocked":true}},{"type":"Feature","id":"3fefeaeb-58a9-42e9-a98a-b8488fca7788","geometry":{"type":"Polygon","coordinates":[[[30832, 8008],[30832, 8024],[30840, 8024],[30840, 8032],[30848, 8032],[30848, 8040],[30856, 8040],[30856, 8032],[30880, 8032],[30880, 8024],[30896, 8024],[30896, 8016],[30904, 8016],[30904, 8008],[30912, 8008],[30912, 8000],[30928, 8000],[30928, 7992],[30936, 7992],[30936, 7984],[30944, 7984],[30944, 7936],[30936, 7936],[30936, 7928],[30888, 7928],[30888, 7936],[30880, 7936],[30880, 7944],[30872, 7944],[30872, 7952],[30864, 7952],[30864, 7960],[30856, 7960],[30856, 7968],[30848, 7968],[30848, 7984],[30840, 7984],[30840, 8008],[30832, 8008]]]},"properties":{"objectType":"annotation","classification":{"name":"Ignore*","color":[180, 180, 180]},"isLocked":true}},{"type":"Feature","id":"f1cadd5d-def8-49ee-baab-53ad83648433","geometry":{"type":"Polygon","coordinates":[[[28320, 7992],[28320, 8008],[28344, 8008],[28344, 8000],[28376, 8000],[28376, 7992],[28384, 7992],[28384, 7976],[28376, 7976],[28376, 7968],[28360, 7968],[28360, 7960],[28352, 7960],[28352, 7968],[28336, 7968],[28336, 7976],[28328, 7976],[28328, 7992],[28320, 7992]]]},"properties":{"objectType":"annotation","classification":{"name":"Ignore*","color":[180, 180, 180]},"isLocked":true}},{"type":"Feature","id":"000c66f2-b381-4349-947b-5f3c821b797c","geometry":{"type":"Polygon","coordinates":[[[29736, 7920],[29736, 7944],[29744, 7944],[29744, 7960],[29752, 7960],[29752, 8008],[29744, 8008],[29744, 8032],[29736, 8032],[29736, 8088],[29752, 8088],[29752, 8096],[29776, 8096],[29776, 8104],[29816, 8104],[29816, 8088],[29824, 8088],[29824, 8048],[29832, 8048],[29832, 8024],[29840, 8024],[29840, 8016],[29848, 8016],[29848, 7960],[29840, 7960],[29840, 7952],[29832, 7952],[29832, 7936],[29824, 7936],[29824, 7928],[29816, 7928],[29816, 7920],[29808, 7920],[29808, 7912],[29744, 7912],[29744, 7920],[29736, 7920]]]},"properties":{"objectType":"annotation","classification":{"name":"Ignore*","color":[180, 180, 180]},"isLocked":true}},{"type":"Feature","id":"c94b011a-c44c-48bf-8075-495a98cf0ad1","geometry":{"type":"Polygon","coordinates":[[[28112, 8024],[28112, 8056],[28120, 8056],[28120, 8064],[28128, 8064],[28128, 8072],[28136, 8072],[28136, 8080],[28144, 8080],[28144, 8088],[28168, 8088],[28168, 8080],[28176, 8080],[28176, 8072],[28192, 8072],[28192, 8064],[28208, 8064],[28208, 8056],[28216, 8056],[28216, 8048],[28224, 8048],[28224, 8000],[28208, 8000],[28208, 7992],[28144, 7992],[28144, 8000],[28136, 8000],[28136, 8008],[28128, 8008],[28128, 8016],[28120, 8016],[28120, 8024],[28112, 8024]]]},"properties":{"objectType":"annotation","classification":{"name":"Ignore*","color":[180, 180, 180]},"isLocked":true}},{"type":"Feature","id":"7375b360-74e1-48e0-bdfd-eaa9311ecc4b","geometry":{"type":"Polygon","coordinates":[[[27968, 8056],[27968, 8096],[27976, 8096],[27976, 8112],[27984, 8112],[27984, 8120],[28024, 8120],[28024, 8112],[28032, 8112],[28032, 8104],[28048, 8104],[28048, 8096],[28056, 8096],[28056, 8088],[28064, 8088],[28064, 8080],[28072, 8080],[28072, 8064],[28080, 8064],[28080, 8056],[28072, 8056],[28072, 8040],[28064, 8040],[28064, 8032],[28048, 8032],[28048, 8024],[28032, 8024],[28032, 8032],[28008, 8032],[28008, 8040],[27992, 8040],[27992, 8048],[27976, 8048],[27976, 8056],[27968, 8056]]]},"properties":{"objectType":"annotation","classification":{"name":"Ignore*","color":[180, 180, 180]},"isLocked":true}},{"type":"Feature","id":"e51db5c0-de04-4dee-b3fd-0fb37e378cf4","geometry":{"type":"Polygon","coordinates":[[[34152, 8040],[34152, 8064],[34160, 8064],[34160, 8072],[34168, 8072],[34168, 8080],[34176, 8080],[34176, 8144],[34168, 8144],[34168, 8168],[34176, 8168],[34176, 8176],[34200, 8176],[34200, 8168],[34216, 8168],[34216, 8160],[34232, 8160],[34232, 8152],[34240, 8152],[34240, 8144],[34248, 8144],[34248, 8136],[34256, 8136],[34256, 8128],[34264, 8128],[34264, 8120],[34272, 8120],[34272, 8112],[34288, 8112],[34288, 8104],[34296, 8104],[34296, 8096],[34304, 8096],[34304, 8088],[34312, 8088],[34312, 8080],[34320, 8080],[34320, 8064],[34328, 8064],[34328, 8056],[34336, 8056],[34336, 8040],[34344, 8040],[34344, 8016],[34352, 8016],[34352, 8000],[34344, 8000],[34344, 7992],[34304, 7992],[34304, 8000],[34296, 8000],[34296, 8008],[34280, 8008],[34280, 8016],[34264, 8016],[34264, 8024],[34224, 8024],[34224, 8016],[34216, 8016],[34216, 8008],[34184, 8008],[34184, 8016],[34168, 8016],[34168, 8024],[34160, 8024],[34160, 8040],[34152, 8040]]]},"properties":{"objectType":"annotation","classification":{"name":"Ignore*","color":[180, 180, 180]},"isLocked":true}},{"type":"Feature","id":"d5b91e3b-88a1-457d-9151-ac49313033df","geometry":{"type":"Polygon","coordinates":[[[33968, 8176],[33968, 8208],[33976, 8208],[33976, 8224],[34000, 8224],[34000, 8232],[34040, 8232],[34040, 8224],[34048, 8224],[34048, 8216],[34056, 8216],[34056, 8200],[34064, 8200],[34064, 8152],[34072, 8152],[34072, 8128],[34064, 8128],[34064, 8120],[34048, 8120],[34048, 8112],[34040, 8112],[34040, 8120],[34032, 8120],[34032, 8128],[34024, 8128],[34024, 8136],[34016, 8136],[34016, 8144],[34008, 8144],[34008, 8152],[34000, 8152],[34000, 8160],[33984, 8160],[33984, 8168],[33976, 8168],[33976, 8176],[33968, 8176]]]},"properties":{"objectType":"annotation","classification":{"name":"Ignore*","color":[180, 180, 180]},"isLocked":true}},{"type":"Feature","id":"1b946e34-5b0d-4cfe-96c2-f14240bc0e23","geometry":{"type":"Polygon","coordinates":[[[28440, 8240],[28440, 8272],[28448, 8272],[28448, 8280],[28472, 8280],[28472, 8288],[28496, 8288],[28496, 8280],[28504, 8280],[28504, 8272],[28512, 8272],[28512, 8224],[28504, 8224],[28504, 8216],[28464, 8216],[28464, 8224],[28448, 8224],[28448, 8240],[28440, 8240]]]},"properties":{"objectType":"annotation","classification":{"name":"Ignore*","color":[180, 180, 180]},"isLocked":true}},{"type":"Feature","id":"b963fb88-a4a1-4dfd-b975-622b7a603611","geometry":{"type":"Polygon","coordinates":[[[29008, 8304],[29008, 8336],[29016, 8336],[29016, 8344],[29024, 8344],[29024, 8352],[29032, 8352],[29032, 8368],[29040, 8368],[29040, 8376],[29048, 8376],[29048, 8392],[29056, 8392],[29056, 8432],[29064, 8432],[29064, 8440],[29072, 8440],[29072, 8448],[29088, 8448],[29088, 8456],[29120, 8456],[29120, 8448],[29128, 8448],[29128, 8432],[29136, 8432],[29136, 8424],[29144, 8424],[29144, 8416],[29152, 8416],[29152, 8408],[29200, 8408],[29200, 8400],[29224, 8400],[29224, 8392],[29232, 8392],[29232, 8376],[29240, 8376],[29240, 8352],[29232, 8352],[29232, 8336],[29224, 8336],[29224, 8320],[29208, 8320],[29208, 8312],[29184, 8312],[29184, 8320],[29160, 8320],[29160, 8328],[29096, 8328],[29096, 8320],[29088, 8320],[29088, 8312],[29080, 8312],[29080, 8280],[29088, 8280],[29088, 8272],[29096, 8272],[29096, 8264],[29112, 8264],[29112, 8256],[29144, 8256],[29144, 8248],[29184, 8248],[29184, 8240],[29200, 8240],[29200, 8232],[29216, 8232],[29216, 8208],[29224, 8208],[29224, 8152],[29216, 8152],[29216, 8128],[29208, 8128],[29208, 8120],[29200, 8120],[29200, 8104],[29184, 8104],[29184, 8096],[29160, 8096],[29160, 8088],[29120, 8088],[29120, 8096],[29112, 8096],[29112, 8104],[29104, 8104],[29104, 8168],[29096, 8168],[29096, 8184],[29080, 8184],[29080, 8192],[29048, 8192],[29048, 8200],[29032, 8200],[29032, 8208],[29024, 8208],[29024, 8216],[29016, 8216],[29016, 8240],[29024, 8240],[29024, 8256],[29032, 8256],[29032, 8272],[29040, 8272],[29040, 8288],[29032, 8288],[29032, 8296],[29024, 8296],[29024, 8304],[29008, 8304]]]},"properties":{"objectType":"annotation","classification":{"name":"Ignore*","color":[180, 180, 180]},"isLocked":true}},{"type":"Feature","id":"57acbd77-8af5-45c2-88f5-3f055fc668d4","geometry":{"type":"Polygon","coordinates":[[[31400, 8336],[31400, 8376],[31408, 8376],[31408, 8384],[31416, 8384],[31416, 8392],[31424, 8392],[31424, 8400],[31440, 8400],[31440, 8408],[31552, 8408],[31552, 8400],[31576, 8400],[31576, 8392],[31592, 8392],[31592, 8384],[31608, 8384],[31608, 8376],[31624, 8376],[31624, 8360],[31632, 8360],[31632, 8344],[31640, 8344],[31640, 8336],[31648, 8336],[31648, 8328],[31656, 8328],[31656, 8320],[31664, 8320],[31664, 8312],[31672, 8312],[31672, 8304],[31680, 8304],[31680, 8288],[31688, 8288],[31688, 8200],[31680, 8200],[31680, 8184],[31672, 8184],[31672, 8176],[31648, 8176],[31648, 8168],[31544, 8168],[31544, 8176],[31528, 8176],[31528, 8184],[31520, 8184],[31520, 8192],[31512, 8192],[31512, 8200],[31496, 8200],[31496, 8208],[31480, 8208],[31480, 8216],[31472, 8216],[31472, 8224],[31464, 8224],[31464, 8232],[31456, 8232],[31456, 8240],[31448, 8240],[31448, 8256],[31440, 8256],[31440, 8280],[31432, 8280],[31432, 8296],[31424, 8296],[31424, 8304],[31416, 8304],[31416, 8320],[31408, 8320],[31408, 8336],[31400, 8336]]]},"properties":{"objectType":"annotation","classification":{"name":"Tumor","color":[102, 77, 179]},"isLocked":true}},{"type":"Feature","id":"6904ba5a-fc4b-4722-ab01-236b21410117","geometry":{"type":"Polygon","coordinates":[[[31848, 8336],[31848, 8376],[31856, 8376],[31856, 8400],[31864, 8400],[31864, 8408],[31872, 8408],[31872, 8416],[31880, 8416],[31880, 8424],[31904, 8424],[31904, 8432],[31936, 8432],[31936, 8424],[31944, 8424],[31944, 8416],[31960, 8416],[31960, 8408],[31968, 8408],[31968, 8400],[31976, 8400],[31976, 8392],[31984, 8392],[31984, 8384],[31992, 8384],[31992, 8376],[32000, 8376],[32000, 8344],[31992, 8344],[31992, 8312],[31984, 8312],[31984, 8288],[31976, 8288],[31976, 8280],[31960, 8280],[31960, 8272],[31920, 8272],[31920, 8280],[31912, 8280],[31912, 8288],[31896, 8288],[31896, 8296],[31880, 8296],[31880, 8304],[31872, 8304],[31872, 8312],[31864, 8312],[31864, 8320],[31856, 8320],[31856, 8336],[31848, 8336]]]},"properties":{"objectType":"annotation","classification":{"name":"Ignore*","color":[180, 180, 180]},"isLocked":true}},{"type":"Feature","id":"2bf9e3e1-81d5-4281-b484-a0c40948d938","geometry":{"type":"Polygon","coordinates":[[[28504, 8360],[28504, 8368],[28512, 8368],[28512, 8392],[28520, 8392],[28520, 8400],[28528, 8400],[28528, 8408],[28536, 8408],[28536, 8416],[28552, 8416],[28552, 8424],[28568, 8424],[28568, 8432],[28584, 8432],[28584, 8440],[28608, 8440],[28608, 8448],[28656, 8448],[28656, 8456],[28688, 8456],[28688, 8464],[28720, 8464],[28720, 8472],[28744, 8472],[28744, 8464],[28768, 8464],[28768, 8456],[28800, 8456],[28800, 8448],[28840, 8448],[28840, 8440],[28856, 8440],[28856, 8432],[28880, 8432],[28880, 8424],[28896, 8424],[28896, 8416],[28904, 8416],[28904, 8408],[28912, 8408],[28912, 8392],[28920, 8392],[28920, 8384],[28912, 8384],[28912, 8376],[28904, 8376],[28904, 8368],[28848, 8368],[28848, 8376],[28816, 8376],[28816, 8384],[28776, 8384],[28776, 8392],[28744, 8392],[28744, 8400],[28712, 8400],[28712, 8392],[28696, 8392],[28696, 8384],[28688, 8384],[28688, 8376],[28672, 8376],[28672, 8368],[28640, 8368],[28640, 8360],[28616, 8360],[28616, 8352],[28592, 8352],[28592, 8344],[28568, 8344],[28568, 8336],[28544, 8336],[28544, 8344],[28520, 8344],[28520, 8352],[28512, 8352],[28512, 8360],[28504, 8360]]]},"properties":{"objectType":"annotation","classification":{"name":"Ignore*","color":[180, 180, 180]},"isLocked":true}},{"type":"Feature","id":"7a247d1a-a6de-4236-8aea-ca2400d60292","geometry":{"type":"Polygon","coordinates":[[[33184, 8304],[33184, 8344],[33192, 8344],[33192, 8376],[33200, 8376],[33200, 8400],[33208, 8400],[33208, 8416],[33216, 8416],[33216, 8424],[33224, 8424],[33224, 8440],[33232, 8440],[33232, 8456],[33240, 8456],[33240, 8472],[33248, 8472],[33248, 8480],[33264, 8480],[33264, 8488],[33280, 8488],[33280, 8496],[33288, 8496],[33288, 8504],[33296, 8504],[33296, 8512],[33312, 8512],[33312, 8520],[33336, 8520],[33336, 8528],[33368, 8528],[33368, 8520],[33384, 8520],[33384, 8488],[33376, 8488],[33376, 8480],[33368, 8480],[33368, 8472],[33352, 8472],[33352, 8464],[33320, 8464],[33320, 8456],[33304, 8456],[33304, 8432],[33296, 8432],[33296, 8408],[33288, 8408],[33288, 8400],[33280, 8400],[33280, 8376],[33272, 8376],[33272, 8352],[33264, 8352],[33264, 8336],[33256, 8336],[33256, 8328],[33248, 8328],[33248, 8312],[33240, 8312],[33240, 8296],[33232, 8296],[33232, 8288],[33200, 8288],[33200, 8296],[33192, 8296],[33192, 8304],[33184, 8304]]]},"properties":{"objectType":"annotation","classification":{"name":"Ignore*","color":[180, 180, 180]},"isLocked":true}},{"type":"Feature","id":"556d810d-8570-4371-804e-e2d2f044537f","geometry":{"type":"Polygon","coordinates":[[[30728, 8440],[30728, 8448],[30736, 8448],[30736, 8456],[30744, 8456],[30744, 8464],[30840, 8464],[30840, 8456],[30848, 8456],[30848, 8448],[30856, 8448],[30856, 8416],[30840, 8416],[30840, 8408],[30800, 8408],[30800, 8416],[30752, 8416],[30752, 8424],[30736, 8424],[30736, 8440],[30728, 8440]]]},"properties":{"objectType":"annotation","classification":{"name":"Ignore*","color":[180, 180, 180]},"isLocked":true}},{"type":"Feature","id":"884d58b4-8765-4687-b09d-b6c78eea8248","geometry":{"type":"Polygon","coordinates":[[[33920, 8472],[33920, 8512],[33936, 8512],[33936, 8520],[33960, 8520],[33960, 8512],[33976, 8512],[33976, 8504],[33984, 8504],[33984, 8488],[33992, 8488],[33992, 8440],[33960, 8440],[33960, 8448],[33944, 8448],[33944, 8456],[33936, 8456],[33936, 8464],[33928, 8464],[33928, 8472],[33920, 8472]]]},"properties":{"objectType":"annotation","classification":{"name":"Ignore*","color":[180, 180, 180]},"isLocked":true}},{"type":"Feature","id":"fe5110ad-2f1c-4639-8b80-054d0f8005ae","geometry":{"type":"Polygon","coordinates":[[[29256, 8480],[29256, 8496],[29264, 8496],[29264, 8512],[29272, 8512],[29272, 8520],[29288, 8520],[29288, 8528],[29304, 8528],[29304, 8536],[29312, 8536],[29312, 8544],[29336, 8544],[29336, 8552],[29352, 8552],[29352, 8560],[29368, 8560],[29368, 8568],[29384, 8568],[29384, 8576],[29400, 8576],[29400, 8584],[29424, 8584],[29424, 8576],[29432, 8576],[29432, 8568],[29440, 8568],[29440, 8552],[29432, 8552],[29432, 8528],[29424, 8528],[29424, 8520],[29416, 8520],[29416, 8512],[29408, 8512],[29408, 8504],[29400, 8504],[29400, 8496],[29392, 8496],[29392, 8488],[29384, 8488],[29384, 8480],[29368, 8480],[29368, 8464],[29360, 8464],[29360, 8456],[29352, 8456],[29352, 8448],[29320, 8448],[29320, 8456],[29296, 8456],[29296, 8464],[29272, 8464],[29272, 8472],[29264, 8472],[29264, 8480],[29256, 8480]]]},"properties":{"objectType":"annotation","classification":{"name":"Ignore*","color":[180, 180, 180]},"isLocked":true}},{"type":"Feature","id":"883818eb-d3e4-4f0b-8022-65fb76fb744c","geometry":{"type":"Polygon","coordinates":[[[26248, 9400],[26248, 9472],[26256, 9472],[26256, 9480],[26296, 9480],[26296, 9472],[26304, 9472],[26304, 9464],[26312, 9464],[26312, 9448],[26320, 9448],[26320, 9432],[26328, 9432],[26328, 9424],[26336, 9424],[26336, 9416],[26344, 9416],[26344, 9408],[26352, 9408],[26352, 9400],[26360, 9400],[26360, 9392],[26368, 9392],[26368, 9384],[26376, 9384],[26376, 9376],[26384, 9376],[26384, 9368],[26392, 9368],[26392, 9360],[26400, 9360],[26400, 9344],[26408, 9344],[26408, 9328],[26416, 9328],[26416, 9312],[26424, 9312],[26424, 9296],[26432, 9296],[26432, 9280],[26440, 9280],[26440, 9264],[26448, 9264],[26448, 9256],[26464, 9256],[26464, 9248],[26472, 9248],[26472, 9240],[26480, 9240],[26480, 9232],[26488, 9232],[26488, 9224],[26496, 9224],[26496, 9208],[26504, 9208],[26504, 9200],[26512, 9200],[26512, 9184],[26520, 9184],[26520, 9176],[26528, 9176],[26528, 9168],[26536, 9168],[26536, 9160],[26544, 9160],[26544, 9144],[26552, 9144],[26552, 9136],[26560, 9136],[26560, 9128],[26568, 9128],[26568, 9112],[26576, 9112],[26576, 9104],[26584, 9104],[26584, 9096],[26592, 9096],[26592, 9088],[26600, 9088],[26600, 9072],[26608, 9072],[26608, 9064],[26616, 9064],[26616, 9056],[26624, 9056],[26624, 9040],[26632, 9040],[26632, 9024],[26640, 9024],[26640, 9008],[26648, 9008],[26648, 9000],[26656, 9000],[26656, 8992],[26664, 8992],[26664, 8976],[26672, 8976],[26672, 8960],[26680, 8960],[26680, 8944],[26688, 8944],[26688, 8936],[26696, 8936],[26696, 8928],[26704, 8928],[26704, 8920],[26712, 8920],[26712, 8912],[26720, 8912],[26720, 8896],[26728, 8896],[26728, 8880],[26736, 8880],[26736, 8864],[26744, 8864],[26744, 8848],[26752, 8848],[26752, 8832],[26760, 8832],[26760, 8824],[26768, 8824],[26768, 8808],[26776, 8808],[26776, 8792],[26784, 8792],[26784, 8784],[26792, 8784],[26792, 8760],[26800, 8760],[26800, 8744],[26808, 8744],[26808, 8736],[26816, 8736],[26816, 8728],[26832, 8728],[26832, 8720],[26840, 8720],[26840, 8712],[26848, 8712],[26848, 8704],[26856, 8704],[26856, 8696],[26864, 8696],[26864, 8680],[26872, 8680],[26872, 8656],[26880, 8656],[26880, 8648],[26888, 8648],[26888, 8640],[26896, 8640],[26896, 8632],[26904, 8632],[26904, 8624],[26912, 8624],[26912, 8608],[26920, 8608],[26920, 8600],[26928, 8600],[26928, 8584],[26936, 8584],[26936, 8576],[26944, 8576],[26944, 8568],[26952, 8568],[26952, 8560],[26960, 8560],[26960, 8544],[26968, 8544],[26968, 8520],[26976, 8520],[26976, 8504],[26984, 8504],[26984, 8496],[26992, 8496],[26992, 8488],[27000, 8488],[27000, 8480],[27008, 8480],[27008, 8472],[27024, 8472],[27024, 8464],[27032, 8464],[27032, 8456],[27040, 8456],[27040, 8448],[27048, 8448],[27048, 8440],[27056, 8440],[27056, 8432],[27064, 8432],[27064, 8424],[27072, 8424],[27072, 8408],[27080, 8408],[27080, 8384],[27088, 8384],[27088, 8368],[27096, 8368],[27096, 8360],[27104, 8360],[27104, 8344],[27112, 8344],[27112, 8336],[27120, 8336],[27120, 8320],[27128, 8320],[27128, 8304],[27136, 8304],[27136, 8288],[27144, 8288],[27144, 8280],[27152, 8280],[27152, 8264],[27160, 8264],[27160, 8232],[27168, 8232],[27168, 8216],[27176, 8216],[27176, 8200],[27184, 8200],[27184, 8192],[27192, 8192],[27192, 8184],[27200, 8184],[27200, 8168],[27208, 8168],[27208, 8152],[27216, 8152],[27216, 8144],[27224, 8144],[27224, 8136],[27232, 8136],[27232, 8120],[27240, 8120],[27240, 8104],[27248, 8104],[27248, 8080],[27256, 8080],[27256, 8072],[27264, 8072],[27264, 8064],[27272, 8064],[27272, 8056],[27280, 8056],[27280, 8048],[27296, 8048],[27296, 8040],[27304, 8040],[27304, 8000],[27296, 8000],[27296, 7976],[27304, 7976],[27304, 7936],[27296, 7936],[27296, 7912],[27288, 7912],[27288, 7904],[27280, 7904],[27280, 7896],[27256, 7896],[27256, 7904],[27240, 7904],[27240, 7912],[27232, 7912],[27232, 7920],[27224, 7920],[27224, 7928],[27216, 7928],[27216, 7936],[27200, 7936],[27200, 7944],[27184, 7944],[27184, 7952],[27176, 7952],[27176, 7960],[27168, 7960],[27168, 7968],[27160, 7968],[27160, 7976],[27152, 7976],[27152, 7984],[27144, 7984],[27144, 7992],[27088, 7992],[27088, 8000],[27064, 8000],[27064, 8008],[27056, 8008],[27056, 8024],[27048, 8024],[27048, 8040],[27040, 8040],[27040, 8048],[27016, 8048],[27016, 8056],[27000, 8056],[27000, 8064],[26992, 8064],[26992, 8080],[26984, 8080],[26984, 8096],[26976, 8096],[26976, 8112],[26968, 8112],[26968, 8152],[26960, 8152],[26960, 8160],[26952, 8160],[26952, 8168],[26944, 8168],[26944, 8176],[26936, 8176],[26936, 8192],[26928, 8192],[26928, 8200],[26920, 8200],[26920, 8224],[26912, 8224],[26912, 8248],[26904, 8248],[26904, 8256],[26896, 8256],[26896, 8272],[26888, 8272],[26888, 8296],[26880, 8296],[26880, 8312],[26872, 8312],[26872, 8320],[26864, 8320],[26864, 8328],[26856, 8328],[26856, 8336],[26848, 8336],[26848, 8344],[26840, 8344],[26840, 8392],[26832, 8392],[26832, 8408],[26824, 8408],[26824, 8416],[26816, 8416],[26816, 8424],[26808, 8424],[26808, 8440],[26800, 8440],[26800, 8456],[26792, 8456],[26792, 8472],[26784, 8472],[26784, 8496],[26776, 8496],[26776, 8504],[26768, 8504],[26768, 8512],[26760, 8512],[26760, 8528],[26752, 8528],[26752, 8536],[26744, 8536],[26744, 8600],[26736, 8600],[26736, 8608],[26728, 8608],[26728, 8624],[26720, 8624],[26720, 8640],[26712, 8640],[26712, 8656],[26704, 8656],[26704, 8672],[26696, 8672],[26696, 8680],[26688, 8680],[26688, 8696],[26680, 8696],[26680, 8720],[26672, 8720],[26672, 8760],[26664, 8760],[26664, 8784],[26656, 8784],[26656, 8800],[26648, 8800],[26648, 8808],[26640, 8808],[26640, 8816],[26632, 8816],[26632, 8824],[26624, 8824],[26624, 8840],[26616, 8840],[26616, 8848],[26608, 8848],[26608, 8856],[26600, 8856],[26600, 8872],[26592, 8872],[26592, 8888],[26584, 8888],[26584, 8912],[26576, 8912],[26576, 8920],[26568, 8920],[26568, 8928],[26560, 8928],[26560, 8936],[26552, 8936],[26552, 8952],[26544, 8952],[26544, 8960],[26536, 8960],[26536, 8976],[26528, 8976],[26528, 9000],[26520, 9000],[26520, 9016],[26512, 9016],[26512, 9056],[26504, 9056],[26504, 9080],[26496, 9080],[26496, 9088],[26488, 9088],[26488, 9096],[26480, 9096],[26480, 9104],[26472, 9104],[26472, 9120],[26464, 9120],[26464, 9136],[26456, 9136],[26456, 9160],[26448, 9160],[26448, 9168],[26440, 9168],[26440, 9184],[26432, 9184],[26432, 9192],[26424, 9192],[26424, 9208],[26416, 9208],[26416, 9216],[26408, 9216],[26408, 9232],[26400, 9232],[26400, 9248],[26392, 9248],[26392, 9256],[26384, 9256],[26384, 9264],[26368, 9264],[26368, 9272],[26360, 9272],[26360, 9280],[26352, 9280],[26352, 9288],[26344, 9288],[26344, 9296],[26336, 9296],[26336, 9304],[26328, 9304],[26328, 9312],[26320, 9312],[26320, 9320],[26312, 9320],[26312, 9336],[26304, 9336],[26304, 9352],[26296, 9352],[26296, 9360],[26288, 9360],[26288, 9368],[26280, 9368],[26280, 9376],[26272, 9376],[26272, 9384],[26264, 9384],[26264, 9392],[26256, 9392],[26256, 9400],[26248, 9400]]]},"properties":{"objectType":"annotation","classification":{"name":"Tumor","color":[102, 77, 179]},"isLocked":true}},{"type":"Feature","id":"541ca8b7-f4f3-4239-92d1-afc10d002979","geometry":{"type":"Polygon","coordinates":[[[29592, 8576],[29592, 8616],[29600, 8616],[29600, 8632],[29608, 8632],[29608, 8640],[29616, 8640],[29616, 8648],[29624, 8648],[29624, 8656],[29632, 8656],[29632, 8664],[29656, 8664],[29656, 8656],[29664, 8656],[29664, 8632],[29672, 8632],[29672, 8624],[29688, 8624],[29688, 8616],[29704, 8616],[29704, 8608],[29712, 8608],[29712, 8600],[29736, 8600],[29736, 8592],[29744, 8592],[29744, 8608],[29760, 8608],[29760, 8600],[29768, 8600],[29768, 8592],[29776, 8592],[29776, 8576],[29784, 8576],[29784, 8512],[29776, 8512],[29776, 8520],[29768, 8520],[29768, 8528],[29760, 8528],[29760, 8536],[29768, 8536],[29768, 8568],[29760, 8568],[29760, 8576],[29752, 8576],[29752, 8568],[29744, 8568],[29744, 8544],[29736, 8544],[29736, 8536],[29728, 8536],[29728, 8528],[29696, 8528],[29696, 8536],[29680, 8536],[29680, 8544],[29656, 8544],[29656, 8552],[29624, 8552],[29624, 8560],[29608, 8560],[29608, 8568],[29600, 8568],[29600, 8576],[29592, 8576]]]},"properties":{"objectType":"annotation","classification":{"name":"Ignore*","color":[180, 180, 180]},"isLocked":true}},{"type":"Feature","id":"f8fc6451-03a2-4c17-ad15-01e4e55ec1b8","geometry":{"type":"Polygon","coordinates":[[[33256, 8632],[33256, 8656],[33264, 8656],[33264, 8672],[33272, 8672],[33272, 8680],[33320, 8680],[33320, 8672],[33336, 8672],[33336, 8664],[33344, 8664],[33344, 8656],[33352, 8656],[33352, 8648],[33360, 8648],[33360, 8600],[33352, 8600],[33352, 8584],[33312, 8584],[33312, 8592],[33288, 8592],[33288, 8600],[33280, 8600],[33280, 8608],[33272, 8608],[33272, 8616],[33264, 8616],[33264, 8632],[33256, 8632]]]},"properties":{"objectType":"annotation","classification":{"name":"Ignore*","color":[180, 180, 180]},"isLocked":true}},{"type":"Feature","id":"9edda7e5-8c3b-4ff5-a518-8c4b3362ba0d","geometry":{"type":"Polygon","coordinates":[[[31456, 8616],[31456, 8712],[31464, 8712],[31464, 8720],[31472, 8720],[31472, 8728],[31488, 8728],[31488, 8736],[31496, 8736],[31496, 8728],[31520, 8728],[31520, 8720],[31528, 8720],[31528, 8704],[31536, 8704],[31536, 8696],[31544, 8696],[31544, 8680],[31552, 8680],[31552, 8608],[31544, 8608],[31544, 8600],[31480, 8600],[31480, 8608],[31464, 8608],[31464, 8616],[31456, 8616]]]},"properties":{"objectType":"annotation","classification":{"name":"Ignore*","color":[180, 180, 180]},"isLocked":true}},{"type":"Feature","id":"aefebfef-fd69-44a0-b51d-4e4025a8b5d8","geometry":{"type":"Polygon","coordinates":[[[30864, 8688],[30864, 8728],[30872, 8728],[30872, 8736],[30880, 8736],[30880, 8744],[30896, 8744],[30896, 8752],[30920, 8752],[30920, 8760],[30936, 8760],[30936, 8752],[31000, 8752],[31000, 8744],[31016, 8744],[31016, 8736],[31032, 8736],[31032, 8728],[31048, 8728],[31048, 8736],[31072, 8736],[31072, 8744],[31128, 8744],[31128, 8736],[31192, 8736],[31192, 8728],[31208, 8728],[31208, 8720],[31216, 8720],[31216, 8712],[31224, 8712],[31224, 8704],[31232, 8704],[31232, 8688],[31240, 8688],[31240, 8656],[31248, 8656],[31248, 8640],[31256, 8640],[31256, 8632],[31264, 8632],[31264, 8624],[31272, 8624],[31272, 8616],[31280, 8616],[31280, 8608],[31288, 8608],[31288, 8600],[31296, 8600],[31296, 8592],[31304, 8592],[31304, 8584],[31312, 8584],[31312, 8536],[31296, 8536],[31296, 8528],[31264, 8528],[31264, 8536],[31248, 8536],[31248, 8544],[31240, 8544],[31240, 8552],[31232, 8552],[31232, 8560],[31216, 8560],[31216, 8568],[31208, 8568],[31208, 8576],[31200, 8576],[31200, 8584],[31192, 8584],[31192, 8592],[31184, 8592],[31184, 8600],[31168, 8600],[31168, 8608],[31152, 8608],[31152, 8632],[31144, 8632],[31144, 8648],[31136, 8648],[31136, 8656],[31128, 8656],[31128, 8664],[31120, 8664],[31120, 8672],[31088, 8672],[31088, 8680],[31072, 8680],[31072, 8688],[31048, 8688],[31048, 8696],[30984, 8696],[30984, 8688],[30976, 8688],[30976, 8672],[30960, 8672],[30960, 8664],[30952, 8664],[30952, 8656],[30920, 8656],[30920, 8664],[30896, 8664],[30896, 8672],[30888, 8672],[30888, 8680],[30872, 8680],[30872, 8688],[30864, 8688]]]},"properties":{"objectType":"annotation","classification":{"name":"Ignore*","color":[180, 180, 180]},"isLocked":true}},{"type":"Feature","id":"e96d3d72-4c52-4ac4-ad04-a3f2abc68ea8","geometry":{"type":"Polygon","coordinates":[[[27384, 8760],[27384, 8768],[27392, 8768],[27392, 8792],[27400, 8792],[27400, 8800],[27408, 8800],[27408, 8808],[27448, 8808],[27448, 8800],[27472, 8800],[27472, 8792],[27504, 8792],[27504, 8784],[27536, 8784],[27536, 8776],[27552, 8776],[27552, 8768],[27560, 8768],[27560, 8760],[27568, 8760],[27568, 8744],[27576, 8744],[27576, 8712],[27568, 8712],[27568, 8704],[27560, 8704],[27560, 8696],[27536, 8696],[27536, 8688],[27528, 8688],[27528, 8696],[27504, 8696],[27504, 8704],[27480, 8704],[27480, 8712],[27464, 8712],[27464, 8720],[27448, 8720],[27448, 8728],[27416, 8728],[27416, 8736],[27408, 8736],[27408, 8744],[27392, 8744],[27392, 8760],[27384, 8760]]]},"properties":{"objectType":"annotation","classification":{"name":"Ignore*","color":[180, 180, 180]},"isLocked":true}},{"type":"Feature","id":"b2bbced6-c856-45c8-a44f-8aeee2649766","geometry":{"type":"Polygon","coordinates":[[[29008, 8872],[29008, 8896],[29016, 8896],[29016, 8912],[29024, 8912],[29024, 8920],[29032, 8920],[29032, 8928],[29048, 8928],[29048, 8936],[29072, 8936],[29072, 8944],[29088, 8944],[29088, 8952],[29104, 8952],[29104, 8960],[29128, 8960],[29128, 8952],[29136, 8952],[29136, 8944],[29144, 8944],[29144, 8936],[29152, 8936],[29152, 8920],[29168, 8920],[29168, 8912],[29200, 8912],[29200, 8904],[29216, 8904],[29216, 8896],[29232, 8896],[29232, 8880],[29240, 8880],[29240, 8872],[29248, 8872],[29248, 8824],[29240, 8824],[29240, 8816],[29232, 8816],[29232, 8808],[29216, 8808],[29216, 8800],[29168, 8800],[29168, 8808],[29160, 8808],[29160, 8816],[29152, 8816],[29152, 8832],[29144, 8832],[29144, 8848],[29136, 8848],[29136, 8856],[29096, 8856],[29096, 8848],[29064, 8848],[29064, 8856],[29040, 8856],[29040, 8864],[29016, 8864],[29016, 8872],[29008, 8872]]]},"properties":{"objectType":"annotation","classification":{"name":"Ignore*","color":[180, 180, 180]},"isLocked":true}},{"type":"Feature","id":"58aa1f16-2781-4f6e-9571-20c21a8ea5c3","geometry":{"type":"Polygon","coordinates":[[[30696, 8952],[30696, 8984],[30704, 8984],[30704, 8992],[30712, 8992],[30712, 9000],[30720, 9000],[30720, 9008],[30736, 9008],[30736, 9016],[30760, 9016],[30760, 9008],[30768, 9008],[30768, 8992],[30776, 8992],[30776, 8984],[30768, 8984],[30768, 8960],[30760, 8960],[30760, 8944],[30744, 8944],[30744, 8936],[30712, 8936],[30712, 8944],[30704, 8944],[30704, 8952],[30696, 8952]]]},"properties":{"objectType":"annotation","classification":{"name":"Ignore*","color":[180, 180, 180]},"isLocked":true}},{"type":"Feature","id":"c9aff08d-da02-4270-a7f7-aa0dc2776624","geometry":{"type":"Polygon","coordinates":[[[29672, 8872],[29672, 8880],[29680, 8880],[29680, 8888],[29688, 8888],[29688, 8896],[29696, 8896],[29696, 8904],[29712, 8904],[29712, 8912],[29744, 8912],[29744, 8920],[29840, 8920],[29840, 8928],[29864, 8928],[29864, 8936],[29880, 8936],[29880, 8944],[29888, 8944],[29888, 8952],[29896, 8952],[29896, 8960],[29904, 8960],[29904, 9008],[29896, 9008],[29896, 9024],[29888, 9024],[29888, 9032],[29880, 9032],[29880, 9040],[29872, 9040],[29872, 9088],[29864, 9088],[29864, 9184],[29856, 9184],[29856, 9208],[29848, 9208],[29848, 9216],[29840, 9216],[29840, 9232],[29832, 9232],[29832, 9256],[29824, 9256],[29824, 9272],[29816, 9272],[29816, 9344],[29824, 9344],[29824, 9368],[29840, 9368],[29840, 9376],[29856, 9376],[29856, 9368],[29880, 9368],[29880, 9360],[29888, 9360],[29888, 9352],[29896, 9352],[29896, 9344],[29904, 9344],[29904, 9336],[29912, 9336],[29912, 9328],[29920, 9328],[29920, 9312],[29928, 9312],[29928, 9280],[29936, 9280],[29936, 9256],[29944, 9256],[29944, 9232],[29952, 9232],[29952, 9216],[29960, 9216],[29960, 9192],[29968, 9192],[29968, 9176],[29976, 9176],[29976, 9168],[29992, 9168],[29992, 9160],[30016, 9160],[30016, 9152],[30032, 9152],[30032, 9144],[30040, 9144],[30040, 9136],[30048, 9136],[30048, 9112],[30056, 9112],[30056, 9072],[30048, 9072],[30048, 9048],[30040, 9048],[30040, 9024],[30048, 9024],[30048, 9000],[30056, 9000],[30056, 8984],[30064, 8984],[30064, 8968],[30072, 8968],[30072, 8960],[30080, 8960],[30080, 8936],[30088, 8936],[30088, 8928],[30096, 8928],[30096, 8920],[30104, 8920],[30104, 8912],[30112, 8912],[30112, 8904],[30120, 8904],[30120, 8896],[30136, 8896],[30136, 8888],[30152, 8888],[30152, 8880],[30176, 8880],[30176, 8872],[30184, 8872],[30184, 8864],[30200, 8864],[30200, 8856],[30216, 8856],[30216, 8848],[30232, 8848],[30232, 8840],[30240, 8840],[30240, 8832],[30248, 8832],[30248, 8824],[30264, 8824],[30264, 8816],[30272, 8816],[30272, 8808],[30280, 8808],[30280, 8800],[30288, 8800],[30288, 8784],[30296, 8784],[30296, 8768],[30304, 8768],[30304, 8720],[30296, 8720],[30296, 8712],[30280, 8712],[30280, 8704],[30248, 8704],[30248, 8712],[30216, 8712],[30216, 8720],[30208, 8720],[30208, 8728],[30200, 8728],[30200, 8744],[30192, 8744],[30192, 8752],[30184, 8752],[30184, 8760],[30176, 8760],[30176, 8768],[30160, 8768],[30160, 8776],[30136, 8776],[30136, 8784],[30120, 8784],[30120, 8792],[30112, 8792],[30112, 8800],[30104, 8800],[30104, 8808],[30096, 8808],[30096, 8816],[30080, 8816],[30080, 8824],[30016, 8824],[30016, 8832],[29936, 8832],[29936, 8824],[29912, 8824],[29912, 8816],[29880, 8816],[29880, 8808],[29824, 8808],[29824, 8800],[29768, 8800],[29768, 8808],[29752, 8808],[29752, 8816],[29736, 8816],[29736, 8824],[29720, 8824],[29720, 8832],[29712, 8832],[29712, 8840],[29696, 8840],[29696, 8848],[29688, 8848],[29688, 8856],[29680, 8856],[29680, 8872],[29672, 8872]]]},"properties":{"objectType":"annotation","classification":{"name":"Ignore*","color":[180, 180, 180]},"isLocked":true}},{"type":"Feature","id":"4136f73e-daba-402f-bf18-db93f66b662a","geometry":{"type":"Polygon","coordinates":[[[30416, 9024],[30416, 9032],[30424, 9032],[30424, 9040],[30432, 9040],[30432, 9048],[30448, 9048],[30448, 9056],[30480, 9056],[30480, 9048],[30504, 9048],[30504, 9040],[30512, 9040],[30512, 8992],[30504, 8992],[30504, 8984],[30488, 8984],[30488, 8976],[30480, 8976],[30480, 8984],[30456, 8984],[30456, 8992],[30440, 8992],[30440, 9000],[30432, 9000],[30432, 9008],[30424, 9008],[30424, 9024],[30416, 9024]]]},"properties":{"objectType":"annotation","classification":{"name":"Ignore*","color":[180, 180, 180]},"isLocked":true}},{"type":"Feature","id":"42dba6fb-1766-4b4b-b8da-c63f49c2ff1a","geometry":{"type":"Polygon","coordinates":[[[28424, 9224],[28424, 9240],[28448, 9240],[28448, 9208],[28440, 9208],[28440, 9216],[28432, 9216],[28432, 9224],[28424, 9224]]]},"properties":{"objectType":"annotation","classification":{"name":"Ignore*","color":[180, 180, 180]},"isLocked":true}},{"type":"Feature","id":"89ee5266-0b78-4518-b7d9-6705182f8077","geometry":{"type":"Polygon","coordinates":[[[32216, 9224],[32216, 9248],[32224, 9248],[32224, 9264],[32232, 9264],[32232, 9272],[32240, 9272],[32240, 9280],[32264, 9280],[32264, 9272],[32288, 9272],[32288, 9264],[32296, 9264],[32296, 9256],[32304, 9256],[32304, 9240],[32312, 9240],[32312, 9208],[32304, 9208],[32304, 9200],[32296, 9200],[32296, 9192],[32288, 9192],[32288, 9184],[32248, 9184],[32248, 9192],[32240, 9192],[32240, 9200],[32232, 9200],[32232, 9208],[32224, 9208],[32224, 9224],[32216, 9224]]]},"properties":{"objectType":"annotation","classification":{"name":"Ignore*","color":[180, 180, 180]},"isLocked":true}},{"type":"Feature","id":"7e5e406c-d4b1-45fd-908d-21e19fd9ce28","geometry":{"type":"Polygon","coordinates":[[[31544, 9256],[31544, 9288],[31552, 9288],[31552, 9296],[31560, 9296],[31560, 9304],[31600, 9304],[31600, 9296],[31616, 9296],[31616, 9288],[31640, 9288],[31640, 9280],[31664, 9280],[31664, 9272],[31672, 9272],[31672, 9264],[31680, 9264],[31680, 9232],[31672, 9232],[31672, 9224],[31656, 9224],[31656, 9216],[31632, 9216],[31632, 9224],[31576, 9224],[31576, 9232],[31560, 9232],[31560, 9240],[31552, 9240],[31552, 9256],[31544, 9256]]]},"properties":{"objectType":"annotation","classification":{"name":"Ignore*","color":[180, 180, 180]},"isLocked":true}},{"type":"Feature","id":"77c7abc8-432e-4662-af75-54b8295bb007","geometry":{"type":"Polygon","coordinates":[[[29536, 9304],[29536, 9328],[29544, 9328],[29544, 9344],[29552, 9344],[29552, 9368],[29560, 9368],[29560, 9448],[29568, 9448],[29568, 9472],[29576, 9472],[29576, 9480],[29608, 9480],[29608, 9472],[29624, 9472],[29624, 9464],[29632, 9464],[29632, 9456],[29640, 9456],[29640, 9432],[29648, 9432],[29648, 9344],[29656, 9344],[29656, 9328],[29664, 9328],[29664, 9320],[29656, 9320],[29656, 9264],[29648, 9264],[29648, 9256],[29640, 9256],[29640, 9248],[29616, 9248],[29616, 9256],[29584, 9256],[29584, 9264],[29568, 9264],[29568, 9272],[29552, 9272],[29552, 9280],[29544, 9280],[29544, 9304],[29536, 9304]]]},"properties":{"objectType":"annotation","classification":{"name":"Ignore*","color":[180, 180, 180]},"isLocked":true}},{"type":"Feature","id":"65c45ed2-f726-4d1e-a06c-cc25a7116c9a","geometry":{"type":"Polygon","coordinates":[[[27112, 9368],[27112, 9416],[27128, 9416],[27128, 9424],[27144, 9424],[27144, 9416],[27184, 9416],[27184, 9424],[27224, 9424],[27224, 9432],[27248, 9432],[27248, 9440],[27256, 9440],[27256, 9432],[27272, 9432],[27272, 9424],[27280, 9424],[27280, 9392],[27272, 9392],[27272, 9376],[27264, 9376],[27264, 9368],[27256, 9368],[27256, 9360],[27248, 9360],[27248, 9344],[27240, 9344],[27240, 9320],[27232, 9320],[27232, 9312],[27224, 9312],[27224, 9304],[27216, 9304],[27216, 9296],[27208, 9296],[27208, 9288],[27200, 9288],[27200, 9280],[27192, 9280],[27192, 9272],[27176, 9272],[27176, 9264],[27168, 9264],[27168, 9272],[27152, 9272],[27152, 9280],[27144, 9280],[27144, 9296],[27136, 9296],[27136, 9328],[27128, 9328],[27128, 9352],[27120, 9352],[27120, 9368],[27112, 9368]]]},"properties":{"objectType":"annotation","classification":{"name":"Ignore*","color":[180, 180, 180]},"isLocked":true}},{"type":"Feature","id":"7a71310f-dcc5-45d4-9dc4-231566f19b13","geometry":{"type":"Polygon","coordinates":[[[28976, 9536],[28976, 9544],[28984, 9544],[28984, 9552],[29000, 9552],[29000, 9560],[29040, 9560],[29040, 9568],[29056, 9568],[29056, 9576],[29072, 9576],[29072, 9584],[29096, 9584],[29096, 9592],[29208, 9592],[29208, 9584],[29232, 9584],[29232, 9576],[29248, 9576],[29248, 9560],[29256, 9560],[29256, 9520],[29240, 9520],[29240, 9512],[29176, 9512],[29176, 9520],[29136, 9520],[29136, 9512],[29120, 9512],[29120, 9504],[29104, 9504],[29104, 9496],[29096, 9496],[29096, 9488],[29080, 9488],[29080, 9480],[29072, 9480],[29072, 9472],[29064, 9472],[29064, 9464],[29056, 9464],[29056, 9456],[29040, 9456],[29040, 9448],[29008, 9448],[29008, 9440],[28992, 9440],[28992, 9448],[28984, 9448],[28984, 9472],[28992, 9472],[28992, 9488],[29000, 9488],[29000, 9512],[28992, 9512],[28992, 9520],[28984, 9520],[28984, 9536],[28976, 9536]]]},"properties":{"objectType":"annotation","classification":{"name":"Ignore*","color":[180, 180, 180]},"isLocked":true}},{"type":"Feature","id":"0a1c8c2e-c947-45ef-a0e9-fd5e4558a9c8","geometry":{"type":"Polygon","coordinates":[[[28704, 9552],[28704, 9560],[28712, 9560],[28712, 9568],[28736, 9568],[28736, 9560],[28744, 9560],[28744, 9544],[28752, 9544],[28752, 9536],[28760, 9536],[28760, 9512],[28752, 9512],[28752, 9520],[28736, 9520],[28736, 9528],[28728, 9528],[28728, 9536],[28712, 9536],[28712, 9552],[28704, 9552]]]},"properties":{"objectType":"annotation","classification":{"name":"Ignore*","color":[180, 180, 180]},"isLocked":true}},{"type":"Feature","id":"0448ca49-926a-4b44-a059-dde67a2cc9b2","geometry":{"type":"Polygon","coordinates":[[[28880, 9768],[28880, 9776],[28888, 9776],[28888, 9784],[28896, 9784],[28896, 9792],[28904, 9792],[28904, 9800],[28920, 9800],[28920, 9808],[28952, 9808],[28952, 9800],[28960, 9800],[28960, 9768],[28952, 9768],[28952, 9760],[28944, 9760],[28944, 9752],[28896, 9752],[28896, 9760],[28888, 9760],[28888, 9768],[28880, 9768]]]},"properties":{"objectType":"annotation","classification":{"name":"Ignore*","color":[180, 180, 180]},"isLocked":true}},{"type":"Feature","id":"815c0c4c-1ace-470f-a3ee-2ac2a8888bc6","geometry":{"type":"Polygon","coordinates":[[[15896, 10072],[15896, 10096],[15904, 10096],[15904, 10104],[15912, 10104],[15912, 10112],[15944, 10112],[15944, 10104],[15952, 10104],[15952, 10096],[15960, 10096],[15960, 10080],[15952, 10080],[15952, 10072],[15944, 10072],[15944, 10064],[15928, 10064],[15928, 10056],[15912, 10056],[15912, 10064],[15904, 10064],[15904, 10072],[15896, 10072]]]},"properties":{"objectType":"annotation","classification":{"name":"Ignore*","color":[180, 180, 180]},"isLocked":true}},{"type":"Feature","id":"22d82573-70ea-4eb5-a4c1-5474b9213319","geometry":{"type":"Polygon","coordinates":[[[26808, 10080],[26808, 10096],[26816, 10096],[26816, 10112],[26824, 10112],[26824, 10120],[26832, 10120],[26832, 10128],[26848, 10128],[26848, 10136],[26880, 10136],[26880, 10128],[26888, 10128],[26888, 10112],[26896, 10112],[26896, 10072],[26888, 10072],[26888, 10064],[26880, 10064],[26880, 10056],[26864, 10056],[26864, 10048],[26832, 10048],[26832, 10056],[26824, 10056],[26824, 10064],[26816, 10064],[26816, 10080],[26808, 10080]]]},"properties":{"objectType":"annotation","classification":{"name":"Ignore*","color":[180, 180, 180]},"isLocked":true}},{"type":"Feature","id":"9f885e7a-93d7-4a8e-95a5-f944a7fbd218","geometry":{"type":"Polygon","coordinates":[[[27976, 10096],[27976, 10112],[27992, 10112],[27992, 10120],[28024, 10120],[28024, 10112],[28016, 10112],[28016, 10104],[27992, 10104],[27992, 10096],[27976, 10096]]]},"properties":{"objectType":"annotation","classification":{"name":"Ignore*","color":[180, 180, 180]},"isLocked":true}},{"type":"Feature","id":"443310db-bcfb-48e0-9228-74f4ff6a42ba","geometry":{"type":"Polygon","coordinates":[[[31360, 10104],[31360, 10120],[31368, 10120],[31368, 10128],[31376, 10128],[31376, 10136],[31392, 10136],[31392, 10144],[31408, 10144],[31408, 10152],[31432, 10152],[31432, 10160],[31456, 10160],[31456, 10152],[31472, 10152],[31472, 10144],[31480, 10144],[31480, 10136],[31488, 10136],[31488, 10120],[31480, 10120],[31480, 10104],[31472, 10104],[31472, 10096],[31464, 10096],[31464, 10088],[31456, 10088],[31456, 10080],[31384, 10080],[31384, 10088],[31368, 10088],[31368, 10104],[31360, 10104]]]},"properties":{"objectType":"annotation","classification":{"name":"Ignore*","color":[180, 180, 180]},"isLocked":true}},{"type":"Feature","id":"31419c1a-96d7-46ea-bc8f-3326ec55ac14","geometry":{"type":"Polygon","coordinates":[[[28664, 10096],[28664, 10144],[28672, 10144],[28672, 10152],[28680, 10152],[28680, 10176],[28688, 10176],[28688, 10208],[28696, 10208],[28696, 10232],[28704, 10232],[28704, 10264],[28744, 10264],[28744, 10256],[28752, 10256],[28752, 10248],[28760, 10248],[28760, 10240],[28768, 10240],[28768, 10208],[28776, 10208],[28776, 10200],[28784, 10200],[28784, 10192],[28792, 10192],[28792, 10184],[28808, 10184],[28808, 10176],[28816, 10176],[28816, 10168],[28824, 10168],[28824, 10152],[28832, 10152],[28832, 10144],[28840, 10144],[28840, 10136],[28856, 10136],[28856, 10144],[28872, 10144],[28872, 10152],[28880, 10152],[28880, 10160],[28888, 10160],[28888, 10168],[28896, 10168],[28896, 10176],[28904, 10176],[28904, 10184],[28912, 10184],[28912, 10192],[28920, 10192],[28920, 10200],[28936, 10200],[28936, 10208],[28952, 10208],[28952, 10216],[28968, 10216],[28968, 10224],[28984, 10224],[28984, 10232],[29000, 10232],[29000, 10240],[29016, 10240],[29016, 10248],[29040, 10248],[29040, 10240],[29048, 10240],[29048, 10232],[29056, 10232],[29056, 10224],[29064, 10224],[29064, 10208],[29072, 10208],[29072, 10200],[29064, 10200],[29064, 10184],[29056, 10184],[29056, 10176],[29048, 10176],[29048, 10168],[29040, 10168],[29040, 10160],[29032, 10160],[29032, 10144],[29040, 10144],[29040, 10128],[29056, 10128],[29056, 10120],[29064, 10120],[29064, 10112],[29072, 10112],[29072, 10104],[29080, 10104],[29080, 10096],[29088, 10096],[29088, 10088],[29096, 10088],[29096, 10072],[29104, 10072],[29104, 10040],[29096, 10040],[29096, 10024],[29080, 10024],[29080, 10016],[29064, 10016],[29064, 10024],[29048, 10024],[29048, 10032],[29032, 10032],[29032, 10040],[29016, 10040],[29016, 10048],[28976, 10048],[28976, 10056],[28968, 10056],[28968, 10064],[28960, 10064],[28960, 10072],[28928, 10072],[28928, 10064],[28920, 10064],[28920, 10056],[28912, 10056],[28912, 10048],[28896, 10048],[28896, 10040],[28888, 10040],[28888, 10032],[28840, 10032],[28840, 10040],[28776, 10040],[28776, 10048],[28752, 10048],[28752, 10056],[28728, 10056],[28728, 10064],[28712, 10064],[28712, 10072],[28696, 10072],[28696, 10080],[28680, 10080],[28680, 10088],[28672, 10088],[28672, 10096],[28664, 10096]]]},"properties":{"objectType":"annotation","classification":{"name":"Ignore*","color":[180, 180, 180]},"isLocked":true}},{"type":"Feature","id":"4781147b-a8d3-4768-8a33-6c08ebb58e13","geometry":{"type":"Polygon","coordinates":[[[28088, 10144],[28088, 10152],[28096, 10152],[28096, 10160],[28112, 10160],[28112, 10168],[28128, 10168],[28128, 10160],[28136, 10160],[28136, 10128],[28104, 10128],[28104, 10136],[28096, 10136],[28096, 10144],[28088, 10144]]]},"properties":{"objectType":"annotation","classification":{"name":"Ignore*","color":[180, 180, 180]},"isLocked":true}},{"type":"Feature","id":"9263d5d5-57df-43b2-bce7-364e96064c55","geometry":{"type":"Polygon","coordinates":[[[26936, 10224],[26936, 10272],[26952, 10272],[26952, 10280],[26968, 10280],[26968, 10272],[26984, 10272],[26984, 10264],[26992, 10264],[26992, 10256],[27000, 10256],[27000, 10240],[27008, 10240],[27008, 10224],[27016, 10224],[27016, 10200],[27024, 10200],[27024, 10168],[27016, 10168],[27016, 10160],[27000, 10160],[27000, 10152],[26992, 10152],[26992, 10160],[26976, 10160],[26976, 10168],[26968, 10168],[26968, 10176],[26960, 10176],[26960, 10192],[26952, 10192],[26952, 10208],[26944, 10208],[26944, 10224],[26936, 10224]]]},"properties":{"objectType":"annotation","classification":{"name":"Ignore*","color":[180, 180, 180]},"isLocked":true}},{"type":"Feature","id":"cd84fee0-30d0-4125-bfe2-ecf228d01def","geometry":{"type":"Polygon","coordinates":[[[29288, 10200],[29288, 10208],[29296, 10208],[29296, 10224],[29304, 10224],[29304, 10256],[29296, 10256],[29296, 10272],[29288, 10272],[29288, 10304],[29296, 10304],[29296, 10312],[29336, 10312],[29336, 10304],[29352, 10304],[29352, 10296],[29360, 10296],[29360, 10288],[29368, 10288],[29368, 10272],[29376, 10272],[29376, 10256],[29384, 10256],[29384, 10248],[29392, 10248],[29392, 10240],[29400, 10240],[29400, 10232],[29408, 10232],[29408, 10224],[29416, 10224],[29416, 10152],[29408, 10152],[29408, 10144],[29400, 10144],[29400, 10136],[29384, 10136],[29384, 10128],[29368, 10128],[29368, 10136],[29352, 10136],[29352, 10144],[29336, 10144],[29336, 10152],[29328, 10152],[29328, 10160],[29312, 10160],[29312, 10168],[29304, 10168],[29304, 10184],[29296, 10184],[29296, 10200],[29288, 10200]]]},"properties":{"objectType":"annotation","classification":{"name":"Ignore*","color":[180, 180, 180]},"isLocked":true}},{"type":"Feature","id":"cdb79856-8ca9-4ed7-a5e2-4fedd160630e","geometry":{"type":"Polygon","coordinates":[[[38064, 10216],[38064, 10264],[38072, 10264],[38072, 10280],[38080, 10280],[38080, 10288],[38088, 10288],[38088, 10296],[38096, 10296],[38096, 10304],[38104, 10304],[38104, 10312],[38120, 10312],[38120, 10320],[38128, 10320],[38128, 10328],[38152, 10328],[38152, 10336],[38216, 10336],[38216, 10328],[38240, 10328],[38240, 10320],[38248, 10320],[38248, 10312],[38256, 10312],[38256, 10304],[38264, 10304],[38264, 10296],[38272, 10296],[38272, 10240],[38264, 10240],[38264, 10224],[38256, 10224],[38256, 10216],[38248, 10216],[38248, 10208],[38240, 10208],[38240, 10200],[38232, 10200],[38232, 10192],[38224, 10192],[38224, 10184],[38200, 10184],[38200, 10176],[38168, 10176],[38168, 10168],[38104, 10168],[38104, 10176],[38088, 10176],[38088, 10184],[38080, 10184],[38080, 10192],[38072, 10192],[38072, 10216],[38064, 10216]]]},"properties":{"objectType":"annotation","classification":{"name":"Ignore*","color":[180, 180, 180]},"isLocked":true}},{"type":"Feature","id":"47736101-c595-4172-9774-5760b9c01c1f","geometry":{"type":"Polygon","coordinates":[[[30424, 10312],[30424, 10328],[30432, 10328],[30432, 10344],[30440, 10344],[30440, 10360],[30448, 10360],[30448, 10368],[30472, 10368],[30472, 10360],[30488, 10360],[30488, 10344],[30496, 10344],[30496, 10336],[30504, 10336],[30504, 10328],[30512, 10328],[30512, 10320],[30520, 10320],[30520, 10312],[30536, 10312],[30536, 10304],[30544, 10304],[30544, 10296],[30552, 10296],[30552, 10288],[30560, 10288],[30560, 10280],[30568, 10280],[30568, 10248],[30552, 10248],[30552, 10240],[30536, 10240],[30536, 10232],[30496, 10232],[30496, 10240],[30488, 10240],[30488, 10248],[30480, 10248],[30480, 10256],[30472, 10256],[30472, 10264],[30464, 10264],[30464, 10272],[30456, 10272],[30456, 10280],[30448, 10280],[30448, 10288],[30440, 10288],[30440, 10296],[30432, 10296],[30432, 10312],[30424, 10312]]]},"properties":{"objectType":"annotation","classification":{"name":"Ignore*","color":[180, 180, 180]},"isLocked":true}},{"type":"Feature","id":"099f1651-ff1a-418d-9828-9be431f4a2e5","geometry":{"type":"Polygon","coordinates":[[[29736, 10344],[29736, 10368],[29744, 10368],[29744, 10376],[29768, 10376],[29768, 10368],[29784, 10368],[29784, 10360],[29800, 10360],[29800, 10352],[29816, 10352],[29816, 10344],[29824, 10344],[29824, 10336],[29840, 10336],[29840, 10328],[29848, 10328],[29848, 10320],[29856, 10320],[29856, 10312],[29872, 10312],[29872, 10304],[29880, 10304],[29880, 10288],[29888, 10288],[29888, 10256],[29880, 10256],[29880, 10248],[29848, 10248],[29848, 10256],[29832, 10256],[29832, 10264],[29816, 10264],[29816, 10272],[29808, 10272],[29808, 10280],[29800, 10280],[29800, 10288],[29792, 10288],[29792, 10296],[29784, 10296],[29784, 10304],[29776, 10304],[29776, 10312],[29768, 10312],[29768, 10320],[29760, 10320],[29760, 10328],[29752, 10328],[29752, 10336],[29744, 10336],[29744, 10344],[29736, 10344]]]},"properties":{"objectType":"annotation","classification":{"name":"Ignore*","color":[180, 180, 180]},"isLocked":true}},{"type":"Feature","id":"734d71e5-b146-49e8-84b0-f6d5bc3e0d21","geometry":{"type":"Polygon","coordinates":[[[28944, 10368],[28944, 10400],[28952, 10400],[28952, 10416],[28960, 10416],[28960, 10424],[29008, 10424],[29008, 10416],[29032, 10416],[29032, 10408],[29048, 10408],[29048, 10400],[29056, 10400],[29056, 10392],[29064, 10392],[29064, 10384],[29072, 10384],[29072, 10376],[29080, 10376],[29080, 10368],[29096, 10368],[29096, 10360],[29104, 10360],[29104, 10352],[29112, 10352],[29112, 10336],[29120, 10336],[29120, 10320],[29112, 10320],[29112, 10312],[29104, 10312],[29104, 10304],[29088, 10304],[29088, 10296],[29056, 10296],[29056, 10304],[29040, 10304],[29040, 10312],[29032, 10312],[29032, 10320],[29016, 10320],[29016, 10328],[29000, 10328],[29000, 10336],[28984, 10336],[28984, 10344],[28968, 10344],[28968, 10352],[28960, 10352],[28960, 10360],[28952, 10360],[28952, 10368],[28944, 10368]]]},"properties":{"objectType":"annotation","classification":{"name":"Ignore*","color":[180, 180, 180]},"isLocked":true}},{"type":"Feature","id":"5009b743-0027-4f75-b21a-8c7104d363ef","geometry":{"type":"Polygon","coordinates":[[[26440, 10416],[26440, 10456],[26448, 10456],[26448, 10464],[26456, 10464],[26456, 10472],[26464, 10472],[26464, 10480],[26496, 10480],[26496, 10472],[26512, 10472],[26512, 10464],[26520, 10464],[26520, 10448],[26528, 10448],[26528, 10432],[26536, 10432],[26536, 10416],[26544, 10416],[26544, 10400],[26552, 10400],[26552, 10392],[26560, 10392],[26560, 10384],[26568, 10384],[26568, 10376],[26576, 10376],[26576, 10368],[26584, 10368],[26584, 10352],[26592, 10352],[26592, 10288],[26584, 10288],[26584, 10272],[26576, 10272],[26576, 10264],[26552, 10264],[26552, 10272],[26536, 10272],[26536, 10280],[26520, 10280],[26520, 10288],[26512, 10288],[26512, 10304],[26504, 10304],[26504, 10320],[26496, 10320],[26496, 10336],[26488, 10336],[26488, 10384],[26480, 10384],[26480, 10392],[26472, 10392],[26472, 10400],[26464, 10400],[26464, 10408],[26448, 10408],[26448, 10416],[26440, 10416]]]},"properties":{"objectType":"annotation","classification":{"name":"Ignore*","color":[180, 180, 180]},"isLocked":true}},{"type":"Feature","id":"236d2de7-0cac-4149-8cb5-a19cd0312f7d","geometry":{"type":"Polygon","coordinates":[[[27560, 10416],[27560, 10464],[27568, 10464],[27568, 10472],[27576, 10472],[27576, 10480],[27624, 10480],[27624, 10472],[27640, 10472],[27640, 10464],[27648, 10464],[27648, 10456],[27656, 10456],[27656, 10448],[27664, 10448],[27664, 10440],[27672, 10440],[27672, 10392],[27664, 10392],[27664, 10384],[27656, 10384],[27656, 10376],[27640, 10376],[27640, 10368],[27592, 10368],[27592, 10376],[27584, 10376],[27584, 10384],[27576, 10384],[27576, 10400],[27568, 10400],[27568, 10416],[27560, 10416]]]},"properties":{"objectType":"annotation","classification":{"name":"Ignore*","color":[180, 180, 180]},"isLocked":true}},{"type":"Feature","id":"26d857ca-a80b-496e-b6aa-577e562d26be","geometry":{"type":"Polygon","coordinates":[[[23976, 10768],[23976, 10784],[23984, 10784],[23984, 10792],[23992, 10792],[23992, 10800],[24016, 10800],[24016, 10792],[24032, 10792],[24032, 10784],[24048, 10784],[24048, 10776],[24056, 10776],[24056, 10768],[24064, 10768],[24064, 10760],[24136, 10760],[24136, 10752],[24160, 10752],[24160, 10744],[24200, 10744],[24200, 10736],[24224, 10736],[24224, 10728],[24232, 10728],[24232, 10712],[24240, 10712],[24240, 10704],[24248, 10704],[24248, 10696],[24256, 10696],[24256, 10688],[24272, 10688],[24272, 10680],[24296, 10680],[24296, 10672],[24320, 10672],[24320, 10664],[24336, 10664],[24336, 10656],[24344, 10656],[24344, 10648],[24352, 10648],[24352, 10632],[24360, 10632],[24360, 10624],[24368, 10624],[24368, 10600],[24360, 10600],[24360, 10584],[24352, 10584],[24352, 10568],[24336, 10568],[24336, 10560],[24328, 10560],[24328, 10568],[24296, 10568],[24296, 10576],[24280, 10576],[24280, 10584],[24256, 10584],[24256, 10592],[24232, 10592],[24232, 10600],[24208, 10600],[24208, 10608],[24184, 10608],[24184, 10616],[24168, 10616],[24168, 10624],[24160, 10624],[24160, 10632],[24152, 10632],[24152, 10640],[24136, 10640],[24136, 10648],[24120, 10648],[24120, 10656],[24080, 10656],[24080, 10664],[24072, 10664],[24072, 10672],[24056, 10672],[24056, 10680],[24048, 10680],[24048, 10688],[24040, 10688],[24040, 10696],[24032, 10696],[24032, 10704],[24024, 10704],[24024, 10712],[24016, 10712],[24016, 10720],[24008, 10720],[24008, 10736],[24000, 10736],[24000, 10744],[23992, 10744],[23992, 10752],[23984, 10752],[23984, 10768],[23976, 10768]]]},"properties":{"objectType":"annotation","classification":{"name":"Ignore*","color":[180, 180, 180]},"isLocked":true}},{"type":"Feature","id":"0a2ada5c-454d-4686-af25-09fd59f4ed5a","geometry":{"type":"Polygon","coordinates":[[[30192, 10728],[30192, 10760],[30280, 10760],[30280, 10768],[30296, 10768],[30296, 10776],[30304, 10776],[30304, 10768],[30320, 10768],[30320, 10760],[30328, 10760],[30328, 10752],[30336, 10752],[30336, 10744],[30344, 10744],[30344, 10728],[30352, 10728],[30352, 10704],[30360, 10704],[30360, 10680],[30352, 10680],[30352, 10640],[30344, 10640],[30344, 10624],[30328, 10624],[30328, 10616],[30312, 10616],[30312, 10624],[30272, 10624],[30272, 10632],[30232, 10632],[30232, 10640],[30224, 10640],[30224, 10664],[30216, 10664],[30216, 10680],[30208, 10680],[30208, 10696],[30200, 10696],[30200, 10728],[30192, 10728]]]},"properties":{"objectType":"annotation","classification":{"name":"Ignore*","color":[180, 180, 180]},"isLocked":true}},{"type":"Feature","id":"5e538dbb-b184-469f-abe9-4bb2f0a58bb9","geometry":{"type":"Polygon","coordinates":[[[27520, 10728],[27520, 10752],[27544, 10752],[27544, 10736],[27552, 10736],[27552, 10720],[27528, 10720],[27528, 10728],[27520, 10728]]]},"properties":{"objectType":"annotation","classification":{"name":"Ignore*","color":[180, 180, 180]},"isLocked":true}},{"type":"Feature","id":"52143d25-db80-4f6d-9e18-ee25a2b51085","geometry":{"type":"Polygon","coordinates":[[[26520, 10744],[26520, 10768],[26528, 10768],[26528, 10776],[26560, 10776],[26560, 10768],[26568, 10768],[26568, 10760],[26576, 10760],[26576, 10720],[26568, 10720],[26568, 10712],[26544, 10712],[26544, 10720],[26536, 10720],[26536, 10728],[26528, 10728],[26528, 10744],[26520, 10744]]]},"properties":{"objectType":"annotation","classification":{"name":"Ignore*","color":[180, 180, 180]},"isLocked":true}},{"type":"Feature","id":"467e9eec-c3fc-4caa-9f36-f08a28d96e72","geometry":{"type":"Polygon","coordinates":[[[25304, 11024],[25336, 11056],[25456, 11056],[25496, 11024],[25648, 11000],[25760, 10888],[25752, 10720],[25768, 10680],[25816, 10728],[25872, 10728],[26008, 10656],[26128, 10552],[26128, 10472],[26096, 10432],[26016, 10424],[25920, 10472],[25760, 10648],[25712, 10584],[25640, 10600],[25608, 10752],[25536, 10784],[25400, 10792],[25336, 10864],[25304, 11024]]]},"properties":{"objectType":"annotation","classification":{"name":"Tumor","color":[102, 77, 179]}}},{"type":"Feature","id":"54b0d05a-9ab5-4da9-9748-fe00bf7254c4","geometry":{"type":"Polygon","coordinates":[[[27176, 10912],[27176, 10936],[27184, 10936],[27184, 10944],[27216, 10944],[27216, 10936],[27224, 10936],[27224, 10912],[27216, 10912],[27216, 10904],[27208, 10904],[27208, 10896],[27192, 10896],[27192, 10904],[27184, 10904],[27184, 10912],[27176, 10912]]]},"properties":{"objectType":"annotation","classification":{"name":"Ignore*","color":[180, 180, 180]},"isLocked":true}},{"type":"Feature","id":"85c97709-70db-4448-bd42-4249755ad35f","geometry":{"type":"Polygon","coordinates":[[[26080, 11000],[26080, 11040],[26096, 11040],[26096, 11048],[26144, 11048],[26144, 11040],[26168, 11040],[26168, 11032],[26208, 11032],[26208, 11024],[26224, 11024],[26224, 11016],[26232, 11016],[26232, 11008],[26240, 11008],[26240, 10992],[26248, 10992],[26248, 10984],[26264, 10984],[26264, 10976],[26280, 10976],[26280, 10968],[26288, 10968],[26288, 10960],[26304, 10960],[26304, 10952],[26312, 10952],[26312, 10944],[26320, 10944],[26320, 10936],[26328, 10936],[26328, 10928],[26344, 10928],[26344, 10920],[26352, 10920],[26352, 10912],[26360, 10912],[26360, 10904],[26368, 10904],[26368, 10896],[26384, 10896],[26384, 10888],[26392, 10888],[26392, 10880],[26400, 10880],[26400, 10872],[26408, 10872],[26408, 10856],[26416, 10856],[26416, 10848],[26424, 10848],[26424, 10832],[26416, 10832],[26416, 10824],[26408, 10824],[26408, 10816],[26352, 10816],[26352, 10824],[26336, 10824],[26336, 10832],[26328, 10832],[26328, 10840],[26320, 10840],[26320, 10848],[26304, 10848],[26304, 10856],[26296, 10856],[26296, 10864],[26288, 10864],[26288, 10872],[26280, 10872],[26280, 10880],[26272, 10880],[26272, 10888],[26264, 10888],[26264, 10896],[26256, 10896],[26256, 10904],[26248, 10904],[26248, 10912],[26232, 10912],[26232, 10920],[26224, 10920],[26224, 10928],[26208, 10928],[26208, 10936],[26184, 10936],[26184, 10944],[26176, 10944],[26176, 10952],[26160, 10952],[26160, 10960],[26144, 10960],[26144, 10968],[26128, 10968],[26128, 10976],[26112, 10976],[26112, 10984],[26096, 10984],[26096, 10992],[26088, 10992],[26088, 11000],[26080, 11000]]]},"properties":{"objectType":"annotation","classification":{"name":"Ignore*","color":[180, 180, 180]},"isLocked":true}},{"type":"Feature","id":"8b0cef07-e736-4523-beab-51f26e37d08e","geometry":{"type":"Polygon","coordinates":[[[30576, 10968],[30576, 10976],[30584, 10976],[30584, 10984],[30592, 10984],[30592, 10992],[30616, 10992],[30616, 10984],[30624, 10984],[30624, 10976],[30640, 10976],[30640, 10968],[30648, 10968],[30648, 10960],[30656, 10960],[30656, 10952],[30664, 10952],[30664, 10936],[30656, 10936],[30656, 10928],[30632, 10928],[30632, 10936],[30616, 10936],[30616, 10944],[30608, 10944],[30608, 10952],[30600, 10952],[30600, 10960],[30584, 10960],[30584, 10968],[30576, 10968]]]},"properties":{"objectType":"annotation","classification":{"name":"Ignore*","color":[180, 180, 180]},"isLocked":true}},{"type":"Feature","id":"537244c9-82cb-4dae-ae2f-205229982ed6","geometry":{"type":"Polygon","coordinates":[[[30488, 10976],[30488, 11000],[30520, 11000],[30520, 10984],[30512, 10984],[30512, 10976],[30488, 10976]]]},"properties":{"objectType":"annotation","classification":{"name":"Ignore*","color":[180, 180, 180]},"isLocked":true}},{"type":"Feature","id":"aa04533a-0c16-475a-b854-2b61bbc7001f","geometry":{"type":"Polygon","coordinates":[[[30368, 11024],[30368, 11040],[30376, 11040],[30376, 11072],[30424, 11072],[30424, 11064],[30432, 11064],[30432, 11016],[30424, 11016],[30424, 11008],[30416, 11008],[30416, 11000],[30384, 11000],[30384, 11008],[30376, 11008],[30376, 11024],[30368, 11024]]]},"properties":{"objectType":"annotation","classification":{"name":"Ignore*","color":[180, 180, 180]},"isLocked":true}},{"type":"Feature","id":"fce15a1f-06fa-41c5-8cae-9f44c5984d57","geometry":{"type":"Polygon","coordinates":[[[26864, 11104],[26864, 11136],[26928, 11136],[26928, 11128],[26936, 11128],[26936, 11120],[26944, 11120],[26944, 11088],[26928, 11088],[26928, 11080],[26904, 11080],[26904, 11088],[26888, 11088],[26888, 11096],[26872, 11096],[26872, 11104],[26864, 11104]]]},"properties":{"objectType":"annotation","classification":{"name":"Ignore*","color":[180, 180, 180]},"isLocked":true}},{"type":"Feature","id":"15b42072-bfb6-40f3-b383-b482353404b8","geometry":{"type":"Polygon","coordinates":[[[30312, 11112],[30312, 11120],[30320, 11120],[30320, 11128],[30328, 11128],[30328, 11136],[30336, 11136],[30336, 11144],[30352, 11144],[30352, 11152],[30360, 11152],[30360, 11144],[30368, 11144],[30368, 11128],[30376, 11128],[30376, 11120],[30368, 11120],[30368, 11104],[30360, 11104],[30360, 11096],[30352, 11096],[30352, 11104],[30320, 11104],[30320, 11112],[30312, 11112]]]},"properties":{"objectType":"annotation","classification":{"name":"Ignore*","color":[180, 180, 180]},"isLocked":true}},{"type":"Feature","id":"430b6f93-b4e0-46fd-b0b5-08f05d351d78","geometry":{"type":"Polygon","coordinates":[[[28208, 11136],[28208, 11168],[28216, 11168],[28216, 11176],[28224, 11176],[28224, 11184],[28288, 11184],[28288, 11176],[28296, 11176],[28296, 11144],[28288, 11144],[28288, 11136],[28280, 11136],[28280, 11128],[28256, 11128],[28256, 11120],[28224, 11120],[28224, 11128],[28216, 11128],[28216, 11136],[28208, 11136]]]},"properties":{"objectType":"annotation","classification":{"name":"Ignore*","color":[180, 180, 180]},"isLocked":true}},{"type":"Feature","id":"b211e64f-dd57-48ae-94b8-4507afcd1ee8","geometry":{"type":"Polygon","coordinates":[[[29304, 11208],[29304, 11216],[29312, 11216],[29312, 11232],[29328, 11232],[29328, 11240],[29344, 11240],[29344, 11248],[29368, 11248],[29368, 11240],[29376, 11240],[29376, 11232],[29384, 11232],[29384, 11224],[29392, 11224],[29392, 11192],[29400, 11192],[29400, 11152],[29368, 11152],[29368, 11160],[29352, 11160],[29352, 11168],[29344, 11168],[29344, 11176],[29328, 11176],[29328, 11184],[29320, 11184],[29320, 11192],[29312, 11192],[29312, 11208],[29304, 11208]]]},"properties":{"objectType":"annotation","classification":{"name":"Ignore*","color":[180, 180, 180]},"isLocked":true}},{"type":"Feature","id":"1544d6f0-6cdb-4a3a-bcaf-3024fd3095f7","geometry":{"type":"Polygon","coordinates":[[[26936, 11224],[26936, 11232],[26944, 11232],[26944, 11296],[26952, 11296],[26952, 11320],[26960, 11320],[26960, 11328],[26968, 11328],[26968, 11336],[26976, 11336],[26976, 11344],[26984, 11344],[26984, 11352],[27008, 11352],[27008, 11360],[27040, 11360],[27040, 11352],[27056, 11352],[27056, 11344],[27064, 11344],[27064, 11328],[27072, 11328],[27072, 11320],[27080, 11320],[27080, 11312],[27088, 11312],[27088, 11304],[27096, 11304],[27096, 11296],[27104, 11296],[27104, 11288],[27112, 11288],[27112, 11280],[27120, 11280],[27120, 11264],[27128, 11264],[27128, 11240],[27136, 11240],[27136, 11200],[27128, 11200],[27128, 11176],[27120, 11176],[27120, 11168],[27112, 11168],[27112, 11160],[27104, 11160],[27104, 11152],[27088, 11152],[27088, 11144],[27080, 11144],[27080, 11136],[27072, 11136],[27072, 11112],[27080, 11112],[27080, 11088],[27072, 11088],[27072, 11080],[27064, 11080],[27064, 11072],[27032, 11072],[27032, 11080],[27016, 11080],[27016, 11088],[27008, 11088],[27008, 11096],[27000, 11096],[27000, 11112],[27008, 11112],[27008, 11120],[27016, 11120],[27016, 11128],[27024, 11128],[27024, 11144],[27016, 11144],[27016, 11152],[27008, 11152],[27008, 11160],[27000, 11160],[27000, 11168],[26992, 11168],[26992, 11176],[26984, 11176],[26984, 11184],[26976, 11184],[26976, 11192],[26968, 11192],[26968, 11200],[26960, 11200],[26960, 11208],[26952, 11208],[26952, 11216],[26944, 11216],[26944, 11224],[26936, 11224]]]},"properties":{"objectType":"annotation","classification":{"name":"Tumor","color":[102, 77, 179]},"isLocked":true}},{"type":"Feature","id":"42e1f2e6-5fce-4b16-83a7-7baab2cd2fd5","geometry":{"type":"Polygon","coordinates":[[[29112, 11744],[29112, 11776],[29120, 11776],[29120, 11784],[29144, 11784],[29144, 11776],[29176, 11776],[29176, 11768],[29200, 11768],[29200, 11760],[29224, 11760],[29224, 11752],[29232, 11752],[29232, 11744],[29248, 11744],[29248, 11736],[29272, 11736],[29272, 11728],[29288, 11728],[29288, 11720],[29296, 11720],[29296, 11712],[29304, 11712],[29304, 11704],[29320, 11704],[29320, 11696],[29352, 11696],[29352, 11688],[29368, 11688],[29368, 11680],[29376, 11680],[29376, 11672],[29384, 11672],[29384, 11664],[29392, 11664],[29392, 11656],[29400, 11656],[29400, 11648],[29408, 11648],[29408, 11640],[29416, 11640],[29416, 11632],[29424, 11632],[29424, 11624],[29432, 11624],[29432, 11616],[29440, 11616],[29440, 11608],[29456, 11608],[29456, 11600],[29472, 11600],[29472, 11592],[29480, 11592],[29480, 11584],[29496, 11584],[29496, 11576],[29504, 11576],[29504, 11568],[29520, 11568],[29520, 11560],[29528, 11560],[29528, 11552],[29544, 11552],[29544, 11544],[29552, 11544],[29552, 11536],[29560, 11536],[29560, 11528],[29568, 11528],[29568, 11520],[29576, 11520],[29576, 11512],[29584, 11512],[29584, 11504],[29592, 11504],[29592, 11496],[29608, 11496],[29608, 11488],[29616, 11488],[29616, 11480],[29632, 11480],[29632, 11472],[29640, 11472],[29640, 11464],[29656, 11464],[29656, 11456],[29664, 11456],[29664, 11448],[29672, 11448],[29672, 11440],[29680, 11440],[29680, 11432],[29688, 11432],[29688, 11424],[29696, 11424],[29696, 11408],[29712, 11408],[29712, 11400],[29720, 11400],[29720, 11392],[29736, 11392],[29736, 11384],[29752, 11384],[29752, 11376],[29768, 11376],[29768, 11368],[29776, 11368],[29776, 11360],[29784, 11360],[29784, 11352],[29792, 11352],[29792, 11344],[29800, 11344],[29800, 11336],[29808, 11336],[29808, 11328],[29824, 11328],[29824, 11320],[29840, 11320],[29840, 11312],[29856, 11312],[29856, 11304],[29864, 11304],[29864, 11296],[29872, 11296],[29872, 11288],[29880, 11288],[29880, 11280],[29896, 11280],[29896, 11272],[29912, 11272],[29912, 11264],[29928, 11264],[29928, 11256],[29936, 11256],[29936, 11248],[29944, 11248],[29944, 11240],[29952, 11240],[29952, 11232],[29960, 11232],[29960, 11224],[29968, 11224],[29968, 11216],[29976, 11216],[29976, 11208],[29984, 11208],[29984, 11200],[29992, 11200],[29992, 11192],[30000, 11192],[30000, 11184],[30016, 11184],[30016, 11176],[30024, 11176],[30024, 11168],[30040, 11168],[30040, 11160],[30048, 11160],[30048, 11152],[30064, 11152],[30064, 11144],[30072, 11144],[30072, 11136],[30088, 11136],[30088, 11128],[30112, 11128],[30112, 11120],[30120, 11120],[30120, 11112],[30128, 11112],[30128, 11104],[30136, 11104],[30136, 11096],[30144, 11096],[30144, 11088],[30152, 11088],[30152, 11080],[30160, 11080],[30160, 11072],[30168, 11072],[30168, 11064],[30176, 11064],[30176, 11056],[30200, 11056],[30200, 11048],[30208, 11048],[30208, 11040],[30224, 11040],[30224, 11032],[30232, 11032],[30232, 11024],[30240, 11024],[30240, 11016],[30248, 11016],[30248, 11008],[30256, 11008],[30256, 10992],[30264, 10992],[30264, 10976],[30272, 10976],[30272, 10960],[30288, 10960],[30288, 10952],[30320, 10952],[30320, 10944],[30336, 10944],[30336, 10936],[30352, 10936],[30352, 10944],[30360, 10944],[30360, 10952],[30368, 10952],[30368, 10960],[30376, 10960],[30376, 10968],[30416, 10968],[30416, 10960],[30432, 10960],[30432, 10952],[30440, 10952],[30440, 10936],[30432, 10936],[30432, 10928],[30424, 10928],[30424, 10920],[30416, 10920],[30416, 10912],[30408, 10912],[30408, 10904],[30400, 10904],[30400, 10896],[30392, 10896],[30392, 10888],[30352, 10888],[30352, 10880],[30360, 10880],[30360, 10864],[30368, 10864],[30368, 10848],[30376, 10848],[30376, 10840],[30384, 10840],[30384, 10832],[30392, 10832],[30392, 10784],[30384, 10784],[30384, 10776],[30352, 10776],[30352, 10784],[30336, 10784],[30336, 10792],[30328, 10792],[30328, 10800],[30320, 10800],[30320, 10816],[30312, 10816],[30312, 10824],[30304, 10824],[30304, 10832],[30288, 10832],[30288, 10840],[30280, 10840],[30280, 10848],[30272, 10848],[30272, 10856],[30256, 10856],[30256, 10864],[30240, 10864],[30240, 10872],[30224, 10872],[30224, 10880],[30216, 10880],[30216, 10888],[30208, 10888],[30208, 10944],[30200, 10944],[30200, 10952],[30192, 10952],[30192, 10960],[30176, 10960],[30176, 10968],[30160, 10968],[30160, 10976],[30144, 10976],[30144, 10984],[30120, 10984],[30120, 10976],[30112, 10976],[30112, 10960],[30120, 10960],[30120, 10952],[30128, 10952],[30128, 10936],[30136, 10936],[30136, 10928],[30152, 10928],[30152, 10920],[30168, 10920],[30168, 10912],[30184, 10912],[30184, 10896],[30192, 10896],[30192, 10888],[30184, 10888],[30184, 10880],[30136, 10880],[30136, 10888],[30120, 10888],[30120, 10896],[30104, 10896],[30104, 10904],[30088, 10904],[30088, 10912],[30080, 10912],[30080, 10920],[30072, 10920],[30072, 10928],[30064, 10928],[30064, 10936],[30056, 10936],[30056, 10968],[30048, 10968],[30048, 10984],[30040, 10984],[30040, 11000],[30032, 11000],[30032, 11008],[30024, 11008],[30024, 11016],[30016, 11016],[30016, 11024],[30000, 11024],[30000, 11032],[29984, 11032],[29984, 11040],[29976, 11040],[29976, 11048],[29960, 11048],[29960, 11056],[29952, 11056],[29952, 11064],[29936, 11064],[29936, 11072],[29920, 11072],[29920, 11080],[29912, 11080],[29912, 11088],[29904, 11088],[29904, 11104],[29896, 11104],[29896, 11112],[29880, 11112],[29880, 11120],[29864, 11120],[29864, 11128],[29856, 11128],[29856, 11136],[29848, 11136],[29848, 11144],[29832, 11144],[29832, 11152],[29816, 11152],[29816, 11160],[29800, 11160],[29800, 11168],[29792, 11168],[29792, 11176],[29784, 11176],[29784, 11184],[29768, 11184],[29768, 11192],[29760, 11192],[29760, 11200],[29744, 11200],[29744, 11208],[29728, 11208],[29728, 11216],[29720, 11216],[29720, 11224],[29712, 11224],[29712, 11232],[29704, 11232],[29704, 11240],[29696, 11240],[29696, 11248],[29688, 11248],[29688, 11256],[29680, 11256],[29680, 11264],[29664, 11264],[29664, 11272],[29648, 11272],[29648, 11280],[29640, 11280],[29640, 11288],[29632, 11288],[29632, 11296],[29624, 11296],[29624, 11304],[29616, 11304],[29616, 11312],[29600, 11312],[29600, 11320],[29592, 11320],[29592, 11328],[29584, 11328],[29584, 11336],[29568, 11336],[29568, 11344],[29560, 11344],[29560, 11352],[29552, 11352],[29552, 11360],[29544, 11360],[29544, 11368],[29536, 11368],[29536, 11376],[29520, 11376],[29520, 11384],[29504, 11384],[29504, 11392],[29496, 11392],[29496, 11400],[29488, 11400],[29488, 11408],[29480, 11408],[29480, 11416],[29472, 11416],[29472, 11424],[29464, 11424],[29464, 11432],[29456, 11432],[29456, 11440],[29448, 11440],[29448, 11448],[29432, 11448],[29432, 11456],[29424, 11456],[29424, 11464],[29416, 11464],[29416, 11472],[29400, 11472],[29400, 11480],[29392, 11480],[29392, 11488],[29376, 11488],[29376, 11496],[29368, 11496],[29368, 11504],[29360, 11504],[29360, 11512],[29352, 11512],[29352, 11520],[29344, 11520],[29344, 11528],[29336, 11528],[29336, 11536],[29320, 11536],[29320, 11544],[29312, 11544],[29312, 11552],[29304, 11552],[29304, 11560],[29288, 11560],[29288, 11568],[29280, 11568],[29280, 11576],[29272, 11576],[29272, 11584],[29264, 11584],[29264, 11592],[29248, 11592],[29248, 11608],[29240, 11608],[29240, 11616],[29232, 11616],[29232, 11624],[29224, 11624],[29224, 11640],[29216, 11640],[29216, 11648],[29208, 11648],[29208, 11656],[29200, 11656],[29200, 11664],[29184, 11664],[29184, 11672],[29176, 11672],[29176, 11680],[29168, 11680],[29168, 11696],[29160, 11696],[29160, 11704],[29152, 11704],[29152, 11712],[29144, 11712],[29144, 11720],[29136, 11720],[29136, 11728],[29120, 11728],[29120, 11744],[29112, 11744]]]},"properties":{"objectType":"annotation","classification":{"name":"Ignore*","color":[180, 180, 180]},"isLocked":true}},{"type":"Feature","id":"12840d18-4d15-41a0-8f7d-e448cd1b8fc4","geometry":{"type":"Polygon","coordinates":[[[23696, 11384],[23696, 11408],[23704, 11408],[23704, 11416],[23736, 11416],[23736, 11408],[23744, 11408],[23744, 11392],[23736, 11392],[23736, 11384],[23728, 11384],[23728, 11376],[23704, 11376],[23704, 11384],[23696, 11384]]]},"properties":{"objectType":"annotation","classification":{"name":"Ignore*","color":[180, 180, 180]},"isLocked":true}},{"type":"Feature","id":"15eb6704-862f-44f0-82ca-84d851968809","geometry":{"type":"Polygon","coordinates":[[[16648, 11368],[16648, 11400],[16656, 11400],[16656, 11408],[16664, 11408],[16664, 11416],[16672, 11416],[16672, 11424],[16688, 11424],[16688, 11432],[16696, 11432],[16696, 11440],[16712, 11440],[16712, 11448],[16760, 11448],[16760, 11440],[16768, 11440],[16768, 11424],[16776, 11424],[16776, 11400],[16768, 11400],[16768, 11384],[16760, 11384],[16760, 11376],[16752, 11376],[16752, 11368],[16744, 11368],[16744, 11360],[16728, 11360],[16728, 11352],[16720, 11352],[16720, 11360],[16688, 11360],[16688, 11352],[16664, 11352],[16664, 11360],[16656, 11360],[16656, 11368],[16648, 11368]]]},"properties":{"objectType":"annotation","classification":{"name":"Ignore*","color":[180, 180, 180]},"isLocked":true}},{"type":"Feature","id":"ca831f19-7fa3-4173-9166-d613453bc462","geometry":{"type":"Polygon","coordinates":[[[16160, 11384],[16160, 11392],[16168, 11392],[16168, 11408],[16176, 11408],[16176, 11416],[16184, 11416],[16184, 11424],[16200, 11424],[16200, 11416],[16208, 11416],[16208, 11400],[16200, 11400],[16200, 11392],[16192, 11392],[16192, 11384],[16184, 11384],[16184, 11376],[16168, 11376],[16168, 11384],[16160, 11384]]]},"properties":{"objectType":"annotation","classification":{"name":"Ignore*","color":[180, 180, 180]},"isLocked":true}},{"type":"Feature","id":"ed64814c-186a-4fad-ac8b-e1dd6b73b260","geometry":{"type":"Polygon","coordinates":[[[25768, 11360],[25768, 11392],[25776, 11392],[25776, 11408],[25784, 11408],[25784, 11416],[25800, 11416],[25800, 11424],[25808, 11424],[25808, 11432],[25816, 11432],[25816, 11440],[25824, 11440],[25824, 11448],[25832, 11448],[25832, 11456],[25840, 11456],[25840, 11464],[25848, 11464],[25848, 11472],[25864, 11472],[25864, 11480],[25912, 11480],[25912, 11472],[25920, 11472],[25920, 11464],[25928, 11464],[25928, 11416],[25920, 11416],[25920, 11400],[25912, 11400],[25912, 11384],[25904, 11384],[25904, 11376],[25888, 11376],[25888, 11368],[25880, 11368],[25880, 11360],[25872, 11360],[25872, 11352],[25864, 11352],[25864, 11344],[25848, 11344],[25848, 11336],[25792, 11336],[25792, 11344],[25776, 11344],[25776, 11360],[25768, 11360]]]},"properties":{"objectType":"annotation","classification":{"name":"Ignore*","color":[180, 180, 180]},"isLocked":true}},{"type":"Feature","id":"81e1ef2f-ae73-4635-99b6-7136be2e912a","geometry":{"type":"Polygon","coordinates":[[[16216, 11408],[16216, 11416],[16224, 11416],[16224, 11424],[16232, 11424],[16232, 11432],[16240, 11432],[16240, 11440],[16264, 11440],[16264, 11400],[16224, 11400],[16224, 11408],[16216, 11408]]]},"properties":{"objectType":"annotation","classification":{"name":"Ignore*","color":[180, 180, 180]},"isLocked":true}},{"type":"Feature","id":"b488e188-71b6-420c-b596-c9af3327a2a7","geometry":{"type":"Polygon","coordinates":[[[28912, 11448],[28912, 11464],[28920, 11464],[28920, 11472],[28928, 11472],[28928, 11480],[28936, 11480],[28936, 11488],[28952, 11488],[28952, 11496],[28960, 11496],[28960, 11504],[28968, 11504],[28968, 11512],[28976, 11512],[28976, 11520],[28984, 11520],[28984, 11528],[29000, 11528],[29000, 11536],[29032, 11536],[29032, 11528],[29040, 11528],[29040, 11520],[29048, 11520],[29048, 11488],[29040, 11488],[29040, 11480],[29024, 11480],[29024, 11472],[29008, 11472],[29008, 11480],[28992, 11480],[28992, 11472],[28944, 11472],[28944, 11464],[28936, 11464],[28936, 11456],[28928, 11456],[28928, 11448],[28912, 11448]]]},"properties":{"objectType":"annotation","classification":{"name":"Ignore*","color":[180, 180, 180]},"isLocked":true}},{"type":"Feature","id":"a7ab8791-2365-4d78-90df-2dd1ae5785a8","geometry":{"type":"Polygon","coordinates":[[[25312, 11576],[25352, 11680],[25328, 11704],[25328, 11856],[25368, 11896],[25488, 11872],[25632, 11752],[25672, 11664],[25688, 11536],[25672, 11360],[25624, 11272],[25528, 11256],[25320, 11440],[25312, 11576]]]},"properties":{"objectType":"annotation","classification":{"name":"Tumor","color":[102, 77, 179]}}},{"type":"Feature","id":"d595de2a-fb6d-4768-91dc-31682668e56e","geometry":{"type":"Polygon","coordinates":[[[24792, 11560],[24792, 11584],[24808, 11584],[24808, 11592],[24816, 11592],[24816, 11600],[24832, 11600],[24832, 11608],[24840, 11608],[24840, 11616],[24856, 11616],[24856, 11624],[24872, 11624],[24872, 11632],[24888, 11632],[24888, 11624],[24912, 11624],[24912, 11616],[24920, 11616],[24920, 11608],[24928, 11608],[24928, 11600],[24920, 11600],[24920, 11584],[24912, 11584],[24912, 11576],[24896, 11576],[24896, 11568],[24880, 11568],[24880, 11560],[24872, 11560],[24872, 11552],[24848, 11552],[24848, 11544],[24824, 11544],[24824, 11552],[24800, 11552],[24800, 11560],[24792, 11560]]]},"properties":{"objectType":"annotation","classification":{"name":"Ignore*","color":[180, 180, 180]},"isLocked":true}},{"type":"Feature","id":"7d90f0d7-45b6-49a0-bf82-71cfd1331271","geometry":{"type":"Polygon","coordinates":[[[28736, 11720],[28736, 11736],[28744, 11736],[28744, 11752],[28776, 11752],[28776, 11744],[28792, 11744],[28792, 11736],[28800, 11736],[28800, 11728],[28808, 11728],[28808, 11720],[28816, 11720],[28816, 11712],[28824, 11712],[28824, 11704],[28832, 11704],[28832, 11696],[28856, 11696],[28856, 11688],[28880, 11688],[28880, 11680],[28888, 11680],[28888, 11672],[28896, 11672],[28896, 11640],[28888, 11640],[28888, 11576],[28880, 11576],[28880, 11568],[28840, 11568],[28840, 11576],[28832, 11576],[28832, 11584],[28824, 11584],[28824, 11600],[28816, 11600],[28816, 11632],[28808, 11632],[28808, 11640],[28800, 11640],[28800, 11648],[28792, 11648],[28792, 11656],[28784, 11656],[28784, 11664],[28776, 11664],[28776, 11672],[28768, 11672],[28768, 11680],[28760, 11680],[28760, 11688],[28752, 11688],[28752, 11696],[28744, 11696],[28744, 11720],[28736, 11720]]]},"properties":{"objectType":"annotation","classification":{"name":"Ignore*","color":[180, 180, 180]},"isLocked":true}},{"type":"Feature","id":"9bfd5860-0428-4cfb-81be-ef00fae3a7ae","geometry":{"type":"Polygon","coordinates":[[[24904, 11664],[24904, 11720],[24912, 11720],[24912, 11728],[24928, 11728],[24928, 11736],[24968, 11736],[24968, 11728],[24976, 11728],[24976, 11720],[24984, 11720],[24984, 11680],[24976, 11680],[24976, 11672],[24968, 11672],[24968, 11664],[24960, 11664],[24960, 11656],[24936, 11656],[24936, 11648],[24928, 11648],[24928, 11656],[24912, 11656],[24912, 11664],[24904, 11664]]]},"properties":{"objectType":"annotation","classification":{"name":"Ignore*","color":[180, 180, 180]},"isLocked":true}},{"type":"Feature","id":"5fd24391-386e-4436-8032-e0af7a3e961d","geometry":{"type":"Polygon","coordinates":[[[24520, 11856],[24520, 11896],[24528, 11896],[24528, 11904],[24560, 11904],[24560, 11896],[24576, 11896],[24576, 11888],[24592, 11888],[24592, 11864],[24584, 11864],[24584, 11856],[24576, 11856],[24576, 11848],[24560, 11848],[24560, 11840],[24528, 11840],[24528, 11856],[24520, 11856]]]},"properties":{"objectType":"annotation","classification":{"name":"Ignore*","color":[180, 180, 180]},"isLocked":true}},{"type":"Feature","id":"da84a683-9ed1-4555-bcde-de0db1ea9978","geometry":{"type":"Polygon","coordinates":[[[23408, 11864],[23408, 11912],[23416, 11912],[23416, 11928],[23424, 11928],[23424, 11936],[23440, 11936],[23440, 11944],[23456, 11944],[23456, 11952],[23488, 11952],[23488, 11944],[23504, 11944],[23504, 11936],[23512, 11936],[23512, 11928],[23520, 11928],[23520, 11912],[23528, 11912],[23528, 11888],[23536, 11888],[23536, 11864],[23528, 11864],[23528, 11848],[23520, 11848],[23520, 11832],[23512, 11832],[23512, 11824],[23496, 11824],[23496, 11816],[23440, 11816],[23440, 11824],[23432, 11824],[23432, 11848],[23424, 11848],[23424, 11856],[23416, 11856],[23416, 11864],[23408, 11864]]]},"properties":{"objectType":"annotation","classification":{"name":"Ignore*","color":[180, 180, 180]},"isLocked":true}},{"type":"Feature","id":"2849f050-ad4b-4394-ac86-33ec6da98d87","geometry":{"type":"Polygon","coordinates":[[[24888, 11904],[24888, 11968],[24904, 11968],[24904, 11976],[24920, 11976],[24920, 11968],[24936, 11968],[24936, 11960],[24944, 11960],[24944, 11952],[24952, 11952],[24952, 11944],[24960, 11944],[24960, 11936],[25032, 11936],[25032, 11928],[25056, 11928],[25056, 11920],[25088, 11920],[25088, 11928],[25112, 11928],[25112, 11920],[25128, 11920],[25128, 11912],[25136, 11912],[25136, 11904],[25144, 11904],[25144, 11888],[25152, 11888],[25152, 11864],[25144, 11864],[25144, 11856],[25136, 11856],[25136, 11848],[25128, 11848],[25128, 11840],[25120, 11840],[25120, 11832],[25112, 11832],[25112, 11824],[25064, 11824],[25064, 11832],[25056, 11832],[25056, 11840],[25048, 11840],[25048, 11848],[25032, 11848],[25032, 11856],[25024, 11856],[25024, 11864],[25000, 11864],[25000, 11872],[24984, 11872],[24984, 11880],[24968, 11880],[24968, 11888],[24960, 11888],[24960, 11896],[24896, 11896],[24896, 11904],[24888, 11904]]]},"properties":{"objectType":"annotation","classification":{"name":"Ignore*","color":[180, 180, 180]},"isLocked":true}},{"type":"Feature","id":"10a6a5a7-787a-4cbe-abb5-44713d99795a","geometry":{"type":"Polygon","coordinates":[[[26352, 11904],[26352, 11944],[26360, 11944],[26360, 11952],[26376, 11952],[26376, 11960],[26384, 11960],[26384, 11952],[26400, 11952],[26400, 11944],[26408, 11944],[26408, 11936],[26416, 11936],[26416, 11920],[26424, 11920],[26424, 11896],[26416, 11896],[26416, 11888],[26400, 11888],[26400, 11880],[26384, 11880],[26384, 11888],[26368, 11888],[26368, 11896],[26360, 11896],[26360, 11904],[26352, 11904]]]},"properties":{"objectType":"annotation","classification":{"name":"Ignore*","color":[180, 180, 180]},"isLocked":true}},{"type":"Feature","id":"12fb941a-c84f-42fb-ae40-51babfa5bb65","geometry":{"type":"Polygon","coordinates":[[[27688, 11976],[27688, 12008],[27744, 12008],[27744, 12000],[27768, 12000],[27768, 11992],[27784, 11992],[27784, 11984],[27792, 11984],[27792, 11976],[27808, 11976],[27808, 11968],[27824, 11968],[27824, 11960],[27904, 11960],[27904, 11976],[27912, 11976],[27912, 11984],[27920, 11984],[27920, 11992],[27928, 11992],[27928, 12000],[27936, 12000],[27936, 12008],[27984, 12008],[27984, 12000],[28016, 12000],[28016, 11992],[28024, 11992],[28024, 12000],[28032, 12000],[28032, 12032],[28024, 12032],[28024, 12040],[28016, 12040],[28016, 12048],[28008, 12048],[28008, 12056],[28000, 12056],[28000, 12064],[27992, 12064],[27992, 12072],[27984, 12072],[27984, 12080],[27976, 12080],[27976, 12112],[28024, 12112],[28024, 12104],[28056, 12104],[28056, 12112],[28072, 12112],[28072, 12104],[28104, 12104],[28104, 12096],[28120, 12096],[28120, 12088],[28128, 12088],[28128, 12056],[28120, 12056],[28120, 12032],[28112, 12032],[28112, 11944],[28120, 11944],[28120, 11928],[28128, 11928],[28128, 11920],[28136, 11920],[28136, 11912],[28144, 11912],[28144, 11904],[28160, 11904],[28160, 11896],[28168, 11896],[28168, 11880],[28176, 11880],[28176, 11840],[28184, 11840],[28184, 11808],[28192, 11808],[28192, 11776],[28184, 11776],[28184, 11768],[28152, 11768],[28152, 11776],[28136, 11776],[28136, 11784],[28112, 11784],[28112, 11792],[28088, 11792],[28088, 11800],[28080, 11800],[28080, 11808],[28064, 11808],[28064, 11816],[28056, 11816],[28056, 11824],[28040, 11824],[28040, 11832],[28024, 11832],[28024, 11840],[28008, 11840],[28008, 11848],[27992, 11848],[27992, 11856],[27976, 11856],[27976, 11864],[27960, 11864],[27960, 11872],[27944, 11872],[27944, 11880],[27920, 11880],[27920, 11888],[27888, 11888],[27888, 11896],[27840, 11896],[27840, 11904],[27808, 11904],[27808, 11912],[27784, 11912],[27784, 11920],[27744, 11920],[27744, 11928],[27728, 11928],[27728, 11944],[27720, 11944],[27720, 11952],[27712, 11952],[27712, 11960],[27704, 11960],[27704, 11968],[27696, 11968],[27696, 11976],[27688, 11976]]]},"properties":{"objectType":"annotation","classification":{"name":"Ignore*","color":[180, 180, 180]},"isLocked":true}},{"type":"Feature","id":"19a73a14-c95d-4ce6-bcb3-dd7f14851647","geometry":{"type":"Polygon","coordinates":[[[24032, 11992],[24032, 12000],[24064, 12000],[24064, 11992],[24088, 11992],[24088, 11984],[24104, 11984],[24104, 11976],[24112, 11976],[24112, 11968],[24120, 11968],[24120, 11952],[24128, 11952],[24128, 11920],[24120, 11920],[24120, 11912],[24088, 11912],[24088, 11920],[24080, 11920],[24080, 11928],[24072, 11928],[24072, 11936],[24064, 11936],[24064, 11944],[24056, 11944],[24056, 11960],[24048, 11960],[24048, 11976],[24040, 11976],[24040, 11992],[24032, 11992]]]},"properties":{"objectType":"annotation","classification":{"name":"Ignore*","color":[180, 180, 180]},"isLocked":true}},{"type":"Feature","id":"324f59f0-0814-4b2a-9d5b-a421f2a070d4","geometry":{"type":"Polygon","coordinates":[[[23592, 11960],[23592, 11992],[23600, 11992],[23600, 12000],[23640, 12000],[23640, 11992],[23648, 11992],[23648, 11984],[23656, 11984],[23656, 11976],[23664, 11976],[23664, 11944],[23656, 11944],[23656, 11936],[23616, 11936],[23616, 11944],[23608, 11944],[23608, 11952],[23600, 11952],[23600, 11960],[23592, 11960]]]},"properties":{"objectType":"annotation","classification":{"name":"Ignore*","color":[180, 180, 180]},"isLocked":true}},{"type":"Feature","id":"99bacc1f-0313-466f-aae2-5e56140c8d76","geometry":{"type":"Polygon","coordinates":[[[27064, 12296],[27080, 12352],[27208, 12456],[27296, 12472],[27344, 12392],[27344, 12320],[27296, 12296],[27280, 12136],[27376, 12136],[27432, 12088],[27424, 11752],[27376, 11696],[27312, 11688],[27208, 11776],[27128, 11888],[27120, 12024],[27072, 12112],[27064, 12296]]]},"properties":{"objectType":"annotation","classification":{"name":"Tumor","color":[102, 77, 179]}}},{"type":"Feature","id":"bd79ca95-5fae-42b8-b847-8e200d970386","geometry":{"type":"Polygon","coordinates":[[[16008, 12088],[16008, 12160],[16016, 12160],[16016, 12176],[16024, 12176],[16024, 12184],[16032, 12184],[16032, 12192],[16040, 12192],[16040, 12200],[16048, 12200],[16048, 12208],[16056, 12208],[16056, 12224],[16064, 12224],[16064, 12232],[16072, 12232],[16072, 12240],[16088, 12240],[16088, 12248],[16104, 12248],[16104, 12240],[16120, 12240],[16120, 12232],[16128, 12232],[16128, 12224],[16136, 12224],[16136, 12216],[16144, 12216],[16144, 12192],[16152, 12192],[16152, 12152],[16160, 12152],[16160, 12120],[16152, 12120],[16152, 12104],[16136, 12104],[16136, 12096],[16072, 12096],[16072, 12088],[16056, 12088],[16056, 12080],[16016, 12080],[16016, 12088],[16008, 12088]]]},"properties":{"objectType":"annotation","classification":{"name":"Ignore*","color":[180, 180, 180]},"isLocked":true}},{"type":"Feature","id":"8b66c0ea-c821-4a07-a027-0fb49eaa2b25","geometry":{"type":"Polygon","coordinates":[[[23952, 12120],[23952, 12168],[23960, 12168],[23960, 12176],[23968, 12176],[23968, 12192],[23976, 12192],[23976, 12200],[23984, 12200],[23984, 12208],[23992, 12208],[23992, 12216],[24000, 12216],[24000, 12224],[24008, 12224],[24008, 12232],[24024, 12232],[24024, 12240],[24064, 12240],[24064, 12232],[24072, 12232],[24072, 12224],[24080, 12224],[24080, 12208],[24072, 12208],[24072, 12184],[24064, 12184],[24064, 12176],[24056, 12176],[24056, 12168],[24016, 12168],[24016, 12176],[23984, 12176],[23984, 12160],[23976, 12160],[23976, 12128],[23968, 12128],[23968, 12120],[23952, 12120]]]},"properties":{"objectType":"annotation","classification":{"name":"Ignore*","color":[180, 180, 180]},"isLocked":true}},{"type":"Feature","id":"24a1ebe5-6e7e-4311-93f8-a8256d75cf8c","geometry":{"type":"Polygon","coordinates":[[[27448, 12192],[27448, 12216],[27456, 12216],[27456, 12224],[27464, 12224],[27464, 12216],[27472, 12216],[27472, 12200],[27464, 12200],[27464, 12192],[27448, 12192]]]},"properties":{"objectType":"annotation","classification":{"name":"Ignore*","color":[180, 180, 180]},"isLocked":true}},{"type":"Feature","id":"e8c03d30-5fa1-4b4f-92b4-3568c388c827","geometry":{"type":"Polygon","coordinates":[[[17968, 12208],[17968, 12232],[17984, 12232],[17984, 12240],[17992, 12240],[17992, 12232],[18008, 12232],[18008, 12208],[18000, 12208],[18000, 12200],[17976, 12200],[17976, 12208],[17968, 12208]]]},"properties":{"objectType":"annotation","classification":{"name":"Ignore*","color":[180, 180, 180]},"isLocked":true}},{"type":"Feature","id":"04cde8a6-c155-47a4-9203-23b834d0f4d6","geometry":{"type":"Polygon","coordinates":[[[23464, 12368],[23464, 12400],[23472, 12400],[23472, 12408],[23480, 12408],[23480, 12416],[23512, 12416],[23512, 12408],[23552, 12408],[23552, 12400],[23568, 12400],[23568, 12392],[23584, 12392],[23584, 12384],[23600, 12384],[23600, 12376],[23616, 12376],[23616, 12368],[23632, 12368],[23632, 12360],[23648, 12360],[23648, 12352],[23672, 12352],[23672, 12344],[23688, 12344],[23688, 12336],[23696, 12336],[23696, 12328],[23712, 12328],[23712, 12320],[23728, 12320],[23728, 12312],[23736, 12312],[23736, 12304],[23752, 12304],[23752, 12296],[23760, 12296],[23760, 12288],[23776, 12288],[23776, 12272],[23784, 12272],[23784, 12264],[23792, 12264],[23792, 12248],[23800, 12248],[23800, 12240],[23808, 12240],[23808, 12232],[23816, 12232],[23816, 12224],[23832, 12224],[23832, 12216],[23840, 12216],[23840, 12208],[23856, 12208],[23856, 12200],[23864, 12200],[23864, 12192],[23880, 12192],[23880, 12184],[23888, 12184],[23888, 12176],[23896, 12176],[23896, 12168],[23904, 12168],[23904, 12160],[23912, 12160],[23912, 12152],[23920, 12152],[23920, 12144],[23928, 12144],[23928, 12136],[23936, 12136],[23936, 12096],[23944, 12096],[23944, 12080],[23952, 12080],[23952, 12072],[23960, 12072],[23960, 12064],[23968, 12064],[23968, 12056],[23976, 12056],[23976, 12048],[23984, 12048],[23984, 12024],[23944, 12024],[23944, 12032],[23896, 12032],[23896, 12040],[23880, 12040],[23880, 12048],[23856, 12048],[23856, 12056],[23840, 12056],[23840, 12064],[23832, 12064],[23832, 12072],[23824, 12072],[23824, 12080],[23816, 12080],[23816, 12088],[23808, 12088],[23808, 12096],[23800, 12096],[23800, 12104],[23792, 12104],[23792, 12112],[23784, 12112],[23784, 12120],[23776, 12120],[23776, 12128],[23768, 12128],[23768, 12136],[23760, 12136],[23760, 12144],[23752, 12144],[23752, 12152],[23744, 12152],[23744, 12160],[23736, 12160],[23736, 12168],[23728, 12168],[23728, 12176],[23712, 12176],[23712, 12184],[23704, 12184],[23704, 12192],[23688, 12192],[23688, 12200],[23680, 12200],[23680, 12208],[23664, 12208],[23664, 12216],[23648, 12216],[23648, 12224],[23640, 12224],[23640, 12232],[23624, 12232],[23624, 12240],[23616, 12240],[23616, 12256],[23608, 12256],[23608, 12264],[23600, 12264],[23600, 12272],[23592, 12272],[23592, 12280],[23576, 12280],[23576, 12288],[23568, 12288],[23568, 12296],[23552, 12296],[23552, 12304],[23544, 12304],[23544, 12312],[23528, 12312],[23528, 12320],[23520, 12320],[23520, 12328],[23512, 12328],[23512, 12336],[23504, 12336],[23504, 12344],[23496, 12344],[23496, 12352],[23480, 12352],[23480, 12360],[23472, 12360],[23472, 12368],[23464, 12368]]]},"properties":{"objectType":"annotation","classification":{"name":"Ignore*","color":[180, 180, 180]},"isLocked":true}},{"type":"Feature","id":"d146bb38-2725-44f3-8df5-fb612f16ab59","geometry":{"type":"Polygon","coordinates":[[[24096, 12376],[24136, 12488],[24240, 12488],[24272, 12400],[24328, 12368],[24328, 12320],[24248, 12248],[24136, 12272],[24096, 12376]]]},"properties":{"objectType":"annotation","classification":{"name":"Tumor","color":[102, 77, 179]}}},{"type":"Feature","id":"ad5d5a61-fb81-4dc2-a21c-c7d928d0570f","geometry":{"type":"Polygon","coordinates":[[[17400, 12296],[17400, 12344],[17408, 12344],[17408, 12352],[17416, 12352],[17416, 12360],[17504, 12360],[17504, 12368],[17608, 12368],[17608, 12376],[17624, 12376],[17624, 12384],[17632, 12384],[17632, 12392],[17640, 12392],[17640, 12416],[17632, 12416],[17632, 12424],[17624, 12424],[17624, 12432],[17616, 12432],[17616, 12440],[17600, 12440],[17600, 12448],[17584, 12448],[17584, 12456],[17576, 12456],[17576, 12464],[17568, 12464],[17568, 12472],[17560, 12472],[17560, 12512],[17576, 12512],[17576, 12520],[17608, 12520],[17608, 12512],[17648, 12512],[17648, 12504],[17672, 12504],[17672, 12496],[17688, 12496],[17688, 12488],[17704, 12488],[17704, 12480],[17720, 12480],[17720, 12472],[17736, 12472],[17736, 12464],[17744, 12464],[17744, 12456],[17752, 12456],[17752, 12448],[17760, 12448],[17760, 12432],[17768, 12432],[17768, 12424],[17776, 12424],[17776, 12416],[17784, 12416],[17784, 12400],[17792, 12400],[17792, 12384],[17784, 12384],[17784, 12368],[17776, 12368],[17776, 12360],[17768, 12360],[17768, 12352],[17760, 12352],[17760, 12344],[17744, 12344],[17744, 12336],[17688, 12336],[17688, 12328],[17664, 12328],[17664, 12320],[17648, 12320],[17648, 12312],[17640, 12312],[17640, 12304],[17624, 12304],[17624, 12296],[17608, 12296],[17608, 12288],[17600, 12288],[17600, 12280],[17584, 12280],[17584, 12272],[17576, 12272],[17576, 12264],[17544, 12264],[17544, 12256],[17488, 12256],[17488, 12264],[17440, 12264],[17440, 12272],[17424, 12272],[17424, 12280],[17408, 12280],[17408, 12296],[17400, 12296]]]},"properties":{"objectType":"annotation","classification":{"name":"Ignore*","color":[180, 180, 180]},"isLocked":true}},{"type":"Feature","id":"54253095-34ff-471b-bd8c-3337949601bf","geometry":{"type":"Polygon","coordinates":[[[27640, 12384],[27640, 12416],[27648, 12416],[27648, 12440],[27656, 12440],[27656, 12464],[27664, 12464],[27664, 12472],[27680, 12472],[27680, 12464],[27696, 12464],[27696, 12448],[27704, 12448],[27704, 12416],[27712, 12416],[27712, 12400],[27720, 12400],[27720, 12360],[27712, 12360],[27712, 12352],[27704, 12352],[27704, 12344],[27672, 12344],[27672, 12352],[27656, 12352],[27656, 12368],[27648, 12368],[27648, 12384],[27640, 12384]]]},"properties":{"objectType":"annotation","classification":{"name":"Ignore*","color":[180, 180, 180]},"isLocked":true}},{"type":"Feature","id":"5c2e2fd4-59a6-4726-b805-3038c2d8e62d","geometry":{"type":"Polygon","coordinates":[[[28600, 12432],[28600, 12456],[28648, 12456],[28648, 12448],[28656, 12448],[28656, 12440],[28664, 12440],[28664, 12416],[28656, 12416],[28656, 12408],[28648, 12408],[28648, 12400],[28632, 12400],[28632, 12408],[28624, 12408],[28624, 12416],[28616, 12416],[28616, 12424],[28608, 12424],[28608, 12432],[28600, 12432]]]},"properties":{"objectType":"annotation","classification":{"name":"Ignore*","color":[180, 180, 180]},"isLocked":true}},{"type":"Feature","id":"fdd3f3de-e23d-4cf1-98b2-5f20b0064666","geometry":{"type":"Polygon","coordinates":[[[23712, 12632],[23712, 12672],[23720, 12672],[23720, 12680],[23744, 12680],[23744, 12672],[23752, 12672],[23752, 12664],[23768, 12664],[23768, 12648],[23776, 12648],[23776, 12632],[23784, 12632],[23784, 12616],[23792, 12616],[23792, 12600],[23800, 12600],[23800, 12592],[23808, 12592],[23808, 12584],[23816, 12584],[23816, 12576],[23824, 12576],[23824, 12568],[23832, 12568],[23832, 12560],[23840, 12560],[23840, 12552],[23848, 12552],[23848, 12544],[23864, 12544],[23864, 12536],[23872, 12536],[23872, 12528],[23944, 12528],[23944, 12520],[23952, 12520],[23952, 12512],[23960, 12512],[23960, 12496],[23968, 12496],[23968, 12488],[23976, 12488],[23976, 12480],[23984, 12480],[23984, 12432],[23976, 12432],[23976, 12416],[23960, 12416],[23960, 12408],[23944, 12408],[23944, 12400],[23936, 12400],[23936, 12352],[23944, 12352],[23944, 12312],[23952, 12312],[23952, 12288],[23944, 12288],[23944, 12232],[23936, 12232],[23936, 12224],[23928, 12224],[23928, 12216],[23904, 12216],[23904, 12208],[23896, 12208],[23896, 12216],[23880, 12216],[23880, 12232],[23872, 12232],[23872, 12280],[23864, 12280],[23864, 12320],[23856, 12320],[23856, 12368],[23848, 12368],[23848, 12384],[23840, 12384],[23840, 12392],[23832, 12392],[23832, 12400],[23824, 12400],[23824, 12416],[23816, 12416],[23816, 12448],[23808, 12448],[23808, 12464],[23800, 12464],[23800, 12480],[23792, 12480],[23792, 12488],[23784, 12488],[23784, 12496],[23776, 12496],[23776, 12504],[23768, 12504],[23768, 12512],[23760, 12512],[23760, 12520],[23752, 12520],[23752, 12536],[23744, 12536],[23744, 12552],[23736, 12552],[23736, 12576],[23728, 12576],[23728, 12592],[23720, 12592],[23720, 12632],[23712, 12632]]]},"properties":{"objectType":"annotation","classification":{"name":"Ignore*","color":[180, 180, 180]},"isLocked":true}},{"type":"Feature","id":"d6297b15-5e53-483d-9a96-b6098d1e212f","geometry":{"type":"Polygon","coordinates":[[[24528, 12832],[24536, 12832],[24536, 12840],[24544, 12840],[24544, 12848],[24560, 12848],[24560, 12856],[24568, 12856],[24568, 12864],[24576, 12864],[24576, 12880],[24584, 12880],[24584, 12888],[24592, 12888],[24592, 12896],[24608, 12896],[24608, 12904],[24632, 12904],[24632, 12912],[24688, 12912],[24688, 12904],[24696, 12904],[24696, 12848],[24688, 12848],[24688, 12840],[24696, 12840],[24696, 12816],[24704, 12816],[24704, 12808],[24712, 12808],[24712, 12800],[24720, 12800],[24720, 12768],[24712, 12768],[24712, 12720],[24720, 12720],[24720, 12712],[24728, 12712],[24728, 12696],[24736, 12696],[24736, 12688],[24744, 12688],[24744, 12680],[24752, 12680],[24752, 12672],[24760, 12672],[24760, 12664],[24776, 12664],[24776, 12656],[24800, 12656],[24800, 12648],[24808, 12648],[24808, 12640],[24824, 12640],[24824, 12624],[24832, 12624],[24832, 12616],[24840, 12616],[24840, 12608],[24848, 12608],[24848, 12600],[24856, 12600],[24856, 12584],[24864, 12584],[24864, 12576],[24872, 12576],[24872, 12568],[24880, 12568],[24880, 12560],[24888, 12560],[24888, 12544],[24896, 12544],[24896, 12496],[24904, 12496],[24904, 12472],[24912, 12472],[24912, 12464],[24920, 12464],[24920, 12456],[24928, 12456],[24928, 12440],[24936, 12440],[24936, 12384],[24928, 12384],[24928, 12376],[24936, 12376],[24936, 12336],[24928, 12336],[24928, 12320],[24920, 12320],[24920, 12304],[24912, 12304],[24912, 12288],[24904, 12288],[24904, 12280],[24896, 12280],[24896, 12264],[24888, 12264],[24888, 12256],[24880, 12256],[24880, 12248],[24872, 12248],[24872, 12240],[24856, 12240],[24856, 12232],[24840, 12232],[24840, 12224],[24832, 12224],[24832, 12216],[24784, 12216],[24784, 12224],[24776, 12224],[24776, 12232],[24768, 12232],[24768, 12248],[24760, 12248],[24760, 12256],[24752, 12256],[24752, 12264],[24744, 12264],[24744, 12272],[24736, 12272],[24736, 12280],[24728, 12280],[24728, 12288],[24712, 12288],[24712, 12296],[24696, 12296],[24696, 12304],[24688, 12304],[24688, 12312],[24672, 12312],[24672, 12320],[24664, 12320],[24664, 12336],[24656, 12336],[24656, 12360],[24648, 12360],[24648, 12368],[24640, 12368],[24640, 12376],[24632, 12376],[24632, 12384],[24624, 12384],[24624, 12392],[24616, 12392],[24616, 12408],[24608, 12408],[24608, 12424],[24600, 12424],[24600, 12432],[24592, 12432],[24592, 12448],[24584, 12448],[24584, 12528],[24576, 12528],[24576, 12648],[24568, 12648],[24568, 12688],[24576, 12688],[24576, 12712],[24584, 12712],[24584, 12768],[24568, 12768],[24568, 12776],[24552, 12776],[24552, 12784],[24536, 12784],[24536, 12792],[24528, 12792],[24528, 12832]],[[24808, 12384],[24808, 12376],[24816, 12376],[24816, 12384],[24824, 12384],[24824, 12408],[24816, 12408],[24816, 12424],[24824, 12424],[24824, 12448],[24816, 12448],[24816, 12456],[24800, 12456],[24800, 12384],[24808, 12384]]]},"properties":{"objectType":"annotation","classification":{"name":"Ignore*","color":[180, 180, 180]},"isLocked":true}},{"type":"Feature","id":"132de34d-6630-4c41-a29b-83b66a1c6f94","geometry":{"type":"Polygon","coordinates":[[[23928, 12584],[23928, 12616],[23936, 12616],[23936, 12640],[23944, 12640],[23944, 12648],[24000, 12648],[24000, 12640],[24032, 12640],[24032, 12632],[24056, 12632],[24056, 12624],[24064, 12624],[24064, 12616],[24072, 12616],[24072, 12600],[24064, 12600],[24064, 12576],[24056, 12576],[24056, 12568],[24032, 12568],[24032, 12560],[23992, 12560],[23992, 12552],[23976, 12552],[23976, 12544],[23944, 12544],[23944, 12560],[23936, 12560],[23936, 12584],[23928, 12584]]]},"properties":{"objectType":"annotation","classification":{"name":"Ignore*","color":[180, 180, 180]},"isLocked":true}},{"type":"Feature","id":"7957ed3c-5ac9-4870-9748-a5a00d9ab7ca","geometry":{"type":"Polygon","coordinates":[[[26328, 12720],[26328, 12768],[26336, 12768],[26336, 12784],[26344, 12784],[26344, 12792],[26352, 12792],[26352, 12800],[26360, 12800],[26360, 12808],[26368, 12808],[26368, 12816],[26376, 12816],[26376, 12808],[26384, 12808],[26384, 12792],[26392, 12792],[26392, 12784],[26400, 12784],[26400, 12768],[26408, 12768],[26408, 12752],[26416, 12752],[26416, 12744],[26424, 12744],[26424, 12736],[26432, 12736],[26432, 12720],[26440, 12720],[26440, 12712],[26448, 12712],[26448, 12696],[26456, 12696],[26456, 12688],[26464, 12688],[26464, 12672],[26472, 12672],[26472, 12656],[26480, 12656],[26480, 12640],[26488, 12640],[26488, 12632],[26496, 12632],[26496, 12624],[26504, 12624],[26504, 12608],[26512, 12608],[26512, 12576],[26520, 12576],[26520, 12552],[26528, 12552],[26528, 12536],[26536, 12536],[26536, 12520],[26544, 12520],[26544, 12496],[26552, 12496],[26552, 12472],[26544, 12472],[26544, 12456],[26536, 12456],[26536, 12448],[26520, 12448],[26520, 12456],[26504, 12456],[26504, 12464],[26496, 12464],[26496, 12472],[26488, 12472],[26488, 12480],[26480, 12480],[26480, 12488],[26472, 12488],[26472, 12496],[26464, 12496],[26464, 12512],[26456, 12512],[26456, 12520],[26448, 12520],[26448, 12528],[26440, 12528],[26440, 12536],[26432, 12536],[26432, 12552],[26424, 12552],[26424, 12576],[26416, 12576],[26416, 12592],[26408, 12592],[26408, 12608],[26400, 12608],[26400, 12616],[26392, 12616],[26392, 12632],[26384, 12632],[26384, 12640],[26376, 12640],[26376, 12648],[26368, 12648],[26368, 12664],[26360, 12664],[26360, 12672],[26352, 12672],[26352, 12688],[26344, 12688],[26344, 12704],[26336, 12704],[26336, 12720],[26328, 12720]]]},"properties":{"objectType":"annotation","classification":{"name":"Ignore*","color":[180, 180, 180]},"isLocked":true}},{"type":"Feature","id":"d266a9f2-46c6-4278-bc27-df74f4f53c9a","geometry":{"type":"Polygon","coordinates":[[[26872, 12728],[26872, 12752],[26896, 12752],[26896, 12744],[26904, 12744],[26904, 12736],[26912, 12736],[26912, 12728],[26928, 12728],[26928, 12720],[26944, 12720],[26944, 12712],[26960, 12712],[26960, 12696],[26968, 12696],[26968, 12688],[26976, 12688],[26976, 12672],[26984, 12672],[26984, 12664],[27000, 12664],[27000, 12656],[27008, 12656],[27008, 12648],[27016, 12648],[27016, 12640],[27024, 12640],[27024, 12624],[27032, 12624],[27032, 12584],[27024, 12584],[27024, 12576],[27008, 12576],[27008, 12568],[26968, 12568],[26968, 12576],[26960, 12576],[26960, 12584],[26952, 12584],[26952, 12592],[26944, 12592],[26944, 12608],[26936, 12608],[26936, 12616],[26928, 12616],[26928, 12624],[26920, 12624],[26920, 12640],[26912, 12640],[26912, 12648],[26904, 12648],[26904, 12656],[26896, 12656],[26896, 12672],[26888, 12672],[26888, 12688],[26880, 12688],[26880, 12728],[26872, 12728]]]},"properties":{"objectType":"annotation","classification":{"name":"Ignore*","color":[180, 180, 180]},"isLocked":true}},{"type":"Feature","id":"9f0591e3-6c9b-4621-ae7b-06ea0e004bc5","geometry":{"type":"Polygon","coordinates":[[[25792, 12720],[25792, 12752],[25808, 12752],[25808, 12760],[25832, 12760],[25832, 12768],[25840, 12768],[25840, 12776],[25848, 12776],[25848, 12784],[25856, 12784],[25856, 12792],[25864, 12792],[25864, 12800],[25872, 12800],[25872, 12808],[25888, 12808],[25888, 12800],[25904, 12800],[25904, 12776],[25912, 12776],[25912, 12744],[25920, 12744],[25920, 12712],[25928, 12712],[25928, 12696],[25936, 12696],[25936, 12688],[25944, 12688],[25944, 12680],[25952, 12680],[25952, 12664],[25960, 12664],[25960, 12640],[25968, 12640],[25968, 12568],[25960, 12568],[25960, 12552],[25968, 12552],[25968, 12544],[26008, 12544],[26008, 12536],[26016, 12536],[26016, 12528],[25968, 12528],[25968, 12536],[25912, 12536],[25912, 12544],[25888, 12544],[25888, 12616],[25880, 12616],[25880, 12632],[25872, 12632],[25872, 12640],[25864, 12640],[25864, 12648],[25856, 12648],[25856, 12656],[25848, 12656],[25848, 12664],[25840, 12664],[25840, 12680],[25832, 12680],[25832, 12688],[25824, 12688],[25824, 12696],[25816, 12696],[25816, 12704],[25808, 12704],[25808, 12712],[25800, 12712],[25800, 12720],[25792, 12720]]]},"properties":{"objectType":"annotation","classification":{"name":"Ignore*","color":[180, 180, 180]},"isLocked":true}},{"type":"Feature","id":"653b8b8d-0a0c-4d00-b6f8-b22b56233709","geometry":{"type":"Polygon","coordinates":[[[23912, 12712],[23912, 12744],[23920, 12744],[23920, 12752],[23936, 12752],[23936, 12744],[23944, 12744],[23944, 12728],[23952, 12728],[23952, 12704],[23944, 12704],[23944, 12688],[23928, 12688],[23928, 12696],[23920, 12696],[23920, 12712],[23912, 12712]]]},"properties":{"objectType":"annotation","classification":{"name":"Ignore*","color":[180, 180, 180]},"isLocked":true}},{"type":"Feature","id":"422cdfed-4361-47cb-817d-3e829eb49b1f","geometry":{"type":"Polygon","coordinates":[[[18344, 12752],[18344, 12784],[18352, 12784],[18352, 12792],[18368, 12792],[18368, 12800],[18384, 12800],[18384, 12792],[18408, 12792],[18408, 12784],[18416, 12784],[18416, 12768],[18424, 12768],[18424, 12744],[18432, 12744],[18432, 12712],[18440, 12712],[18440, 12696],[18432, 12696],[18432, 12680],[18424, 12680],[18424, 12672],[18416, 12672],[18416, 12680],[18400, 12680],[18400, 12688],[18384, 12688],[18384, 12696],[18376, 12696],[18376, 12704],[18368, 12704],[18368, 12720],[18360, 12720],[18360, 12736],[18352, 12736],[18352, 12752],[18344, 12752]]]},"properties":{"objectType":"annotation","classification":{"name":"Ignore*","color":[180, 180, 180]},"isLocked":true}},{"type":"Feature","id":"d8abcf03-4172-4bcb-9ae4-83f3b0be17c6","geometry":{"type":"Polygon","coordinates":[[[17576, 12752],[17576, 12760],[17584, 12760],[17584, 12768],[17608, 12768],[17608, 12760],[17616, 12760],[17616, 12744],[17608, 12744],[17608, 12736],[17592, 12736],[17592, 12744],[17584, 12744],[17584, 12752],[17576, 12752]]]},"properties":{"objectType":"annotation","classification":{"name":"Ignore*","color":[180, 180, 180]},"isLocked":true}},{"type":"Feature","id":"d3fa0c4a-8126-42fa-82c2-31efe7e3729f","geometry":{"type":"Polygon","coordinates":[[[25216, 12864],[25216, 12888],[25232, 12888],[25232, 12880],[25248, 12880],[25248, 12872],[25256, 12872],[25256, 12864],[25272, 12864],[25272, 12856],[25280, 12856],[25280, 12848],[25296, 12848],[25296, 12840],[25304, 12840],[25304, 12832],[25312, 12832],[25312, 12824],[25320, 12824],[25320, 12816],[25328, 12816],[25328, 12808],[25336, 12808],[25336, 12800],[25344, 12800],[25344, 12792],[25400, 12792],[25400, 12784],[25424, 12784],[25424, 12776],[25432, 12776],[25432, 12768],[25440, 12768],[25440, 12744],[25432, 12744],[25432, 12736],[25424, 12736],[25424, 12728],[25416, 12728],[25416, 12712],[25408, 12712],[25408, 12704],[25400, 12704],[25400, 12648],[25392, 12648],[25392, 12640],[25376, 12640],[25376, 12648],[25360, 12648],[25360, 12656],[25344, 12656],[25344, 12664],[25328, 12664],[25328, 12672],[25320, 12672],[25320, 12680],[25312, 12680],[25312, 12688],[25304, 12688],[25304, 12696],[25296, 12696],[25296, 12712],[25288, 12712],[25288, 12720],[25272, 12720],[25272, 12728],[25248, 12728],[25248, 12736],[25240, 12736],[25240, 12752],[25232, 12752],[25232, 12784],[25240, 12784],[25240, 12816],[25232, 12816],[25232, 12848],[25224, 12848],[25224, 12864],[25216, 12864]]]},"properties":{"objectType":"annotation","classification":{"name":"Ignore*","color":[180, 180, 180]},"isLocked":true}},{"type":"Feature","id":"0537c3bc-9a71-41bd-b201-3554f90d0dfd","geometry":{"type":"Polygon","coordinates":[[[23936, 12824],[23936, 12872],[23976, 12872],[23976, 12864],[23984, 12864],[23984, 12856],[23992, 12856],[23992, 12824],[23984, 12824],[23984, 12816],[23952, 12816],[23952, 12824],[23936, 12824]]]},"properties":{"objectType":"annotation","classification":{"name":"Ignore*","color":[180, 180, 180]},"isLocked":true}},{"type":"Feature","id":"ebaf319b-76f5-4314-8446-6e055d23f77b","geometry":{"type":"Polygon","coordinates":[[[25144, 12840],[25144, 12864],[25168, 12864],[25168, 12840],[25160, 12840],[25160, 12832],[25152, 12832],[25152, 12840],[25144, 12840]]]},"properties":{"objectType":"annotation","classification":{"name":"Ignore*","color":[180, 180, 180]},"isLocked":true}},{"type":"Feature","id":"35512738-19da-48c6-8a4b-3ef1ab3c01dc","geometry":{"type":"Polygon","coordinates":[[[26320, 12864],[26320, 12880],[26344, 12880],[26344, 12872],[26352, 12872],[26352, 12864],[26360, 12864],[26360, 12848],[26368, 12848],[26368, 12824],[26360, 12824],[26360, 12832],[26344, 12832],[26344, 12840],[26336, 12840],[26336, 12848],[26328, 12848],[26328, 12864],[26320, 12864]]]},"properties":{"objectType":"annotation","classification":{"name":"Ignore*","color":[180, 180, 180]},"isLocked":true}},{"type":"Feature","id":"a9470133-8c2d-4241-8134-280cd36fe358","geometry":{"type":"Polygon","coordinates":[[[26728, 12888],[26728, 12952],[26736, 12952],[26736, 12968],[26752, 12968],[26752, 12976],[26760, 12976],[26760, 12968],[26792, 12968],[26792, 12960],[26808, 12960],[26808, 12920],[26816, 12920],[26816, 12904],[26824, 12904],[26824, 12880],[26832, 12880],[26832, 12856],[26824, 12856],[26824, 12848],[26816, 12848],[26816, 12840],[26776, 12840],[26776, 12848],[26760, 12848],[26760, 12856],[26752, 12856],[26752, 12864],[26744, 12864],[26744, 12872],[26736, 12872],[26736, 12888],[26728, 12888]]]},"properties":{"objectType":"annotation","classification":{"name":"Ignore*","color":[180, 180, 180]},"isLocked":true}},{"type":"Feature","id":"d7b5fb09-b95d-4301-af52-9a0f9768d353","geometry":{"type":"Polygon","coordinates":[[[25624, 12952],[25624, 12992],[25632, 12992],[25632, 13000],[25672, 13000],[25672, 12992],[25688, 12992],[25688, 12984],[25696, 12984],[25696, 12944],[25688, 12944],[25688, 12936],[25680, 12936],[25680, 12928],[25640, 12928],[25640, 12936],[25632, 12936],[25632, 12952],[25624, 12952]]]},"properties":{"objectType":"annotation","classification":{"name":"Ignore*","color":[180, 180, 180]},"isLocked":true}},{"type":"Feature","id":"8465d700-5b7d-4a98-a99d-b78664af251b","geometry":{"type":"Polygon","coordinates":[[[14080, 12992],[14080, 13040],[14088, 13040],[14088, 13048],[14096, 13048],[14096, 13056],[14128, 13056],[14128, 13048],[14144, 13048],[14144, 13040],[14152, 13040],[14152, 13032],[14160, 13032],[14160, 13000],[14152, 13000],[14152, 12992],[14144, 12992],[14144, 12984],[14128, 12984],[14128, 12976],[14096, 12976],[14096, 12984],[14088, 12984],[14088, 12992],[14080, 12992]]]},"properties":{"objectType":"annotation","classification":{"name":"Ignore*","color":[180, 180, 180]},"isLocked":true}},{"type":"Feature","id":"6040df3c-137f-435c-ba14-0c986f11fdcd","geometry":{"type":"Polygon","coordinates":[[[17648, 13064],[17648, 13104],[17656, 13104],[17656, 13112],[17664, 13112],[17664, 13120],[17672, 13120],[17672, 13128],[17688, 13128],[17688, 13136],[17744, 13136],[17744, 13128],[17864, 13128],[17864, 13120],[17880, 13120],[17880, 13112],[17912, 13112],[17912, 13104],[17952, 13104],[17952, 13096],[17976, 13096],[17976, 13088],[17984, 13088],[17984, 13080],[18000, 13080],[18000, 13072],[18016, 13072],[18016, 13064],[18032, 13064],[18032, 13056],[18040, 13056],[18040, 13048],[18056, 13048],[18056, 13040],[18072, 13040],[18072, 13032],[18080, 13032],[18080, 13024],[18096, 13024],[18096, 13016],[18112, 13016],[18112, 13008],[18128, 13008],[18128, 12992],[18136, 12992],[18136, 12984],[18144, 12984],[18144, 12936],[18088, 12936],[18088, 12944],[18072, 12944],[18072, 12952],[18056, 12952],[18056, 12960],[18040, 12960],[18040, 12968],[18016, 12968],[18016, 12976],[17992, 12976],[17992, 12984],[17984, 12984],[17984, 12992],[17968, 12992],[17968, 13000],[17960, 13000],[17960, 13008],[17944, 13008],[17944, 13016],[17928, 13016],[17928, 13024],[17904, 13024],[17904, 13032],[17856, 13032],[17856, 13040],[17848, 13040],[17848, 13048],[17840, 13048],[17840, 13056],[17824, 13056],[17824, 13064],[17792, 13064],[17792, 13072],[17768, 13072],[17768, 13080],[17752, 13080],[17752, 13072],[17728, 13072],[17728, 13064],[17720, 13064],[17720, 13056],[17704, 13056],[17704, 13048],[17688, 13048],[17688, 13040],[17680, 13040],[17680, 13048],[17664, 13048],[17664, 13056],[17656, 13056],[17656, 13064],[17648, 13064]]]},"properties":{"objectType":"annotation","classification":{"name":"Ignore*","color":[180, 180, 180]},"isLocked":true}},{"type":"Feature","id":"f14ad0f9-1c76-4387-b9d4-33206f2bbdcf","geometry":{"type":"Polygon","coordinates":[[[19040, 13064],[19040, 13072],[19048, 13072],[19048, 13096],[19056, 13096],[19056, 13112],[19064, 13112],[19064, 13120],[19072, 13120],[19072, 13128],[19080, 13128],[19080, 13136],[19088, 13136],[19088, 13168],[19096, 13168],[19096, 13176],[19104, 13176],[19104, 13184],[19112, 13184],[19112, 13192],[19152, 13192],[19152, 13176],[19160, 13176],[19160, 13144],[19168, 13144],[19168, 13096],[19160, 13096],[19160, 13080],[19152, 13080],[19152, 13072],[19136, 13072],[19136, 13064],[19112, 13064],[19112, 13056],[19096, 13056],[19096, 13048],[19048, 13048],[19048, 13064],[19040, 13064]]]},"properties":{"objectType":"annotation","classification":{"name":"Ignore*","color":[180, 180, 180]},"isLocked":true}},{"type":"Feature","id":"196f3f36-3213-4eda-8d1e-ea000b94a749","geometry":{"type":"Polygon","coordinates":[[[23872, 13152],[23872, 13200],[23880, 13200],[23880, 13208],[23888, 13208],[23888, 13216],[23928, 13216],[23928, 13208],[23936, 13208],[23936, 13200],[23960, 13200],[23960, 13208],[23968, 13208],[23968, 13232],[23960, 13232],[23960, 13264],[23968, 13264],[23968, 13296],[23976, 13296],[23976, 13304],[23984, 13304],[23984, 13320],[24000, 13320],[24000, 13328],[24024, 13328],[24024, 13320],[24032, 13320],[24032, 13312],[24040, 13312],[24040, 13304],[24048, 13304],[24048, 13280],[24056, 13280],[24056, 13256],[24064, 13256],[24064, 13248],[24072, 13248],[24072, 13232],[24080, 13232],[24080, 13200],[24072, 13200],[24072, 13192],[24064, 13192],[24064, 13184],[24048, 13184],[24048, 13176],[24040, 13176],[24040, 13168],[24032, 13168],[24032, 13160],[24024, 13160],[24024, 13144],[24016, 13144],[24016, 13136],[24008, 13136],[24008, 13120],[24000, 13120],[24000, 13104],[23992, 13104],[23992, 13064],[24016, 13064],[24016, 13056],[24032, 13056],[24032, 13008],[24024, 13008],[24024, 12992],[24016, 12992],[24016, 12984],[23976, 12984],[23976, 12976],[23968, 12976],[23968, 12960],[23960, 12960],[23960, 12936],[23952, 12936],[23952, 12912],[23944, 12912],[23944, 12896],[23928, 12896],[23928, 12904],[23912, 12904],[23912, 12920],[23904, 12920],[23904, 12984],[23896, 12984],[23896, 13056],[23904, 13056],[23904, 13080],[23912, 13080],[23912, 13104],[23904, 13104],[23904, 13120],[23896, 13120],[23896, 13128],[23888, 13128],[23888, 13136],[23880, 13136],[23880, 13152],[23872, 13152]]]},"properties":{"objectType":"annotation","classification":{"name":"Ignore*","color":[180, 180, 180]},"isLocked":true}},{"type":"Feature","id":"1c9f708e-c751-44b2-b484-4554b9ae5fea","geometry":{"type":"Polygon","coordinates":[[[18440, 13192],[18440, 13200],[18448, 13200],[18448, 13208],[18456, 13208],[18456, 13224],[18480, 13224],[18480, 13200],[18464, 13200],[18464, 13192],[18440, 13192]]]},"properties":{"objectType":"annotation","classification":{"name":"Ignore*","color":[180, 180, 180]},"isLocked":true}},{"type":"Feature","id":"4d339f8c-219b-4b1a-994b-eac591d8bda1","geometry":{"type":"Polygon","coordinates":[[[17880, 13224],[17880, 13280],[17888, 13280],[17888, 13304],[17896, 13304],[17896, 13320],[17904, 13320],[17904, 13336],[17920, 13336],[17920, 13344],[17944, 13344],[17944, 13336],[17952, 13336],[17952, 13328],[17960, 13328],[17960, 13320],[17968, 13320],[17968, 13304],[17976, 13304],[17976, 13264],[17968, 13264],[17968, 13248],[17960, 13248],[17960, 13224],[17952, 13224],[17952, 13208],[17944, 13208],[17944, 13200],[17936, 13200],[17936, 13192],[17912, 13192],[17912, 13200],[17896, 13200],[17896, 13208],[17888, 13208],[17888, 13224],[17880, 13224]]]},"properties":{"objectType":"annotation","classification":{"name":"Ignore*","color":[180, 180, 180]},"isLocked":true}},{"type":"Feature","id":"237fe625-2cf8-4c50-8444-5f99fec9f918","geometry":{"type":"Polygon","coordinates":[[[16696, 13256],[16696, 13280],[16704, 13280],[16704, 13288],[16712, 13288],[16712, 13296],[16736, 13296],[16736, 13288],[16752, 13288],[16752, 13264],[16744, 13264],[16744, 13256],[16736, 13256],[16736, 13248],[16704, 13248],[16704, 13256],[16696, 13256]]]},"properties":{"objectType":"annotation","classification":{"name":"Ignore*","color":[180, 180, 180]},"isLocked":true}},{"type":"Feature","id":"37387f12-5701-4442-bda7-8a1930854002","geometry":{"type":"Polygon","coordinates":[[[24232, 13560],[24232, 13600],[24240, 13600],[24240, 13608],[24288, 13608],[24288, 13600],[24296, 13600],[24296, 13592],[24312, 13592],[24312, 13584],[24320, 13584],[24320, 13576],[24328, 13576],[24328, 13568],[24336, 13568],[24336, 13560],[24344, 13560],[24344, 13528],[24360, 13528],[24360, 13520],[24392, 13520],[24392, 13512],[24424, 13512],[24424, 13504],[24440, 13504],[24440, 13496],[24448, 13496],[24448, 13488],[24456, 13488],[24456, 13480],[24472, 13480],[24472, 13472],[24480, 13472],[24480, 13464],[24496, 13464],[24496, 13456],[24520, 13456],[24520, 13448],[24536, 13448],[24536, 13440],[24552, 13440],[24552, 13432],[24560, 13432],[24560, 13424],[24568, 13424],[24568, 13416],[24584, 13416],[24584, 13408],[24600, 13408],[24600, 13400],[24616, 13400],[24616, 13392],[24632, 13392],[24632, 13384],[24648, 13384],[24648, 13376],[24656, 13376],[24656, 13368],[24680, 13368],[24680, 13360],[24696, 13360],[24696, 13352],[24712, 13352],[24712, 13344],[24720, 13344],[24720, 13336],[24736, 13336],[24736, 13328],[24752, 13328],[24752, 13320],[24760, 13320],[24760, 13312],[24784, 13312],[24784, 13304],[24800, 13304],[24800, 13296],[24808, 13296],[24808, 13288],[24816, 13288],[24816, 13280],[24832, 13280],[24832, 13272],[24872, 13272],[24872, 13280],[24944, 13280],[24944, 13288],[24960, 13288],[24960, 13280],[24976, 13280],[24976, 13256],[24984, 13256],[24984, 13208],[24992, 13208],[24992, 13192],[25000, 13192],[25000, 13184],[25008, 13184],[25008, 13168],[25016, 13168],[25016, 13160],[25024, 13160],[25024, 13152],[25032, 13152],[25032, 13144],[25040, 13144],[25040, 13136],[25048, 13136],[25048, 13120],[25056, 13120],[25056, 13088],[25032, 13088],[25032, 13096],[25008, 13096],[25008, 13104],[24984, 13104],[24984, 13112],[24960, 13112],[24960, 13120],[24944, 13120],[24944, 13128],[24936, 13128],[24936, 13136],[24928, 13136],[24928, 13152],[24920, 13152],[24920, 13160],[24912, 13160],[24912, 13168],[24896, 13168],[24896, 13176],[24864, 13176],[24864, 13184],[24856, 13184],[24856, 13192],[24840, 13192],[24840, 13200],[24832, 13200],[24832, 13208],[24816, 13208],[24816, 13216],[24808, 13216],[24808, 13224],[24792, 13224],[24792, 13232],[24784, 13232],[24784, 13240],[24768, 13240],[24768, 13248],[24752, 13248],[24752, 13256],[24744, 13256],[24744, 13264],[24728, 13264],[24728, 13272],[24704, 13272],[24704, 13280],[24680, 13280],[24680, 13288],[24672, 13288],[24672, 13296],[24656, 13296],[24656, 13304],[24640, 13304],[24640, 13312],[24624, 13312],[24624, 13320],[24608, 13320],[24608, 13328],[24600, 13328],[24600, 13336],[24584, 13336],[24584, 13344],[24568, 13344],[24568, 13352],[24544, 13352],[24544, 13360],[24536, 13360],[24536, 13368],[24520, 13368],[24520, 13376],[24504, 13376],[24504, 13384],[24488, 13384],[24488, 13392],[24472, 13392],[24472, 13400],[24464, 13400],[24464, 13408],[24448, 13408],[24448, 13416],[24432, 13416],[24432, 13424],[24416, 13424],[24416, 13432],[24408, 13432],[24408, 13440],[24392, 13440],[24392, 13448],[24384, 13448],[24384, 13456],[24368, 13456],[24368, 13464],[24360, 13464],[24360, 13472],[24352, 13472],[24352, 13480],[24344, 13480],[24344, 13488],[24336, 13488],[24336, 13504],[24328, 13504],[24328, 13512],[24288, 13512],[24288, 13520],[24272, 13520],[24272, 13528],[24264, 13528],[24264, 13536],[24256, 13536],[24256, 13544],[24248, 13544],[24248, 13552],[24240, 13552],[24240, 13560],[24232, 13560]]]},"properties":{"objectType":"annotation","classification":{"name":"Ignore*","color":[180, 180, 180]},"isLocked":true}},{"type":"Feature","id":"fcfbfc4d-38de-4625-9b47-ec18546e0a2c","geometry":{"type":"Polygon","coordinates":[[[18024, 13320],[18024, 13368],[18080, 13368],[18080, 13360],[18088, 13360],[18088, 13352],[18096, 13352],[18096, 13320],[18088, 13320],[18088, 13312],[18064, 13312],[18064, 13304],[18056, 13304],[18056, 13312],[18032, 13312],[18032, 13320],[18024, 13320]]]},"properties":{"objectType":"annotation","classification":{"name":"Ignore*","color":[180, 180, 180]},"isLocked":true}},{"type":"Feature","id":"766f0782-b21e-48ad-8f91-ea91885aa640","geometry":{"type":"Polygon","coordinates":[[[17848, 13440],[17848, 13448],[17856, 13448],[17856, 13464],[17864, 13464],[17864, 13472],[17880, 13472],[17880, 13480],[17904, 13480],[17904, 13488],[17928, 13488],[17928, 13480],[17944, 13480],[17944, 13472],[17952, 13472],[17952, 13464],[17960, 13464],[17960, 13448],[17968, 13448],[17968, 13392],[17960, 13392],[17960, 13384],[17952, 13384],[17952, 13376],[17944, 13376],[17944, 13384],[17928, 13384],[17928, 13392],[17920, 13392],[17920, 13400],[17904, 13400],[17904, 13408],[17880, 13408],[17880, 13416],[17864, 13416],[17864, 13424],[17856, 13424],[17856, 13440],[17848, 13440]]]},"properties":{"objectType":"annotation","classification":{"name":"Ignore*","color":[180, 180, 180]},"isLocked":true}},{"type":"Feature","id":"616645c8-20f7-4c0a-9477-593a4967f186","geometry":{"type":"Polygon","coordinates":[[[18648, 13512],[18648, 13520],[18656, 13520],[18656, 13536],[18664, 13536],[18664, 13544],[18672, 13544],[18672, 13552],[18680, 13552],[18680, 13560],[18768, 13560],[18768, 13568],[18832, 13568],[18832, 13560],[18856, 13560],[18856, 13552],[18872, 13552],[18872, 13544],[18896, 13544],[18896, 13536],[18944, 13536],[18944, 13528],[18952, 13528],[18952, 13520],[18960, 13520],[18960, 13512],[18968, 13512],[18968, 13496],[18976, 13496],[18976, 13488],[18984, 13488],[18984, 13480],[18992, 13480],[18992, 13464],[19000, 13464],[19000, 13448],[18992, 13448],[18992, 13440],[18984, 13440],[18984, 13432],[18936, 13432],[18936, 13424],[18928, 13424],[18928, 13416],[18912, 13416],[18912, 13408],[18888, 13408],[18888, 13416],[18856, 13416],[18856, 13424],[18840, 13424],[18840, 13432],[18816, 13432],[18816, 13400],[18808, 13400],[18808, 13376],[18800, 13376],[18800, 13368],[18792, 13368],[18792, 13360],[18760, 13360],[18760, 13368],[18752, 13368],[18752, 13376],[18736, 13376],[18736, 13384],[18728, 13384],[18728, 13392],[18720, 13392],[18720, 13440],[18712, 13440],[18712, 13456],[18704, 13456],[18704, 13464],[18696, 13464],[18696, 13472],[18680, 13472],[18680, 13480],[18672, 13480],[18672, 13488],[18664, 13488],[18664, 13496],[18656, 13496],[18656, 13512],[18648, 13512]]]},"properties":{"objectType":"annotation","classification":{"name":"Ignore*","color":[180, 180, 180]},"isLocked":true}},{"type":"Feature","id":"09160ade-d11a-4bd6-8b0e-0cb597c345a8","geometry":{"type":"Polygon","coordinates":[[[18296, 13560],[18296, 13576],[18304, 13576],[18304, 13584],[18312, 13584],[18312, 13592],[18328, 13592],[18328, 13584],[18336, 13584],[18336, 13560],[18328, 13560],[18328, 13552],[18304, 13552],[18304, 13560],[18296, 13560]]]},"properties":{"objectType":"annotation","classification":{"name":"Ignore*","color":[180, 180, 180]},"isLocked":true}},{"type":"Feature","id":"35e4097b-f7b6-40ea-b314-6f4104450dc3","geometry":{"type":"Polygon","coordinates":[[[23704, 13576],[23704, 13600],[23720, 13600],[23720, 13592],[23760, 13592],[23760, 13584],[23776, 13584],[23776, 13576],[23784, 13576],[23784, 13560],[23776, 13560],[23776, 13552],[23752, 13552],[23752, 13560],[23728, 13560],[23728, 13568],[23712, 13568],[23712, 13576],[23704, 13576]]]},"properties":{"objectType":"annotation","classification":{"name":"Ignore*","color":[180, 180, 180]},"isLocked":true}},{"type":"Feature","id":"8454cb50-b00b-4839-86bd-08fa14ab131e","geometry":{"type":"Polygon","coordinates":[[[22809.2, 13640],[22816, 13640],[22816, 13648],[22824, 13648],[22824, 13656],[22848, 13656],[22848, 13595.88],[22809.2, 13640]]]},"properties":{"objectType":"annotation","classification":{"name":"Ignore*","color":[180, 180, 180]},"isLocked":true}},{"type":"Feature","id":"81a6a892-9548-41f2-b0e4-5d7044faa9f8","geometry":{"type":"Polygon","coordinates":[[[24048, 13672],[24048, 13688],[24056, 13688],[24056, 13696],[24064, 13696],[24064, 13704],[24096, 13704],[24096, 13696],[24112, 13696],[24112, 13688],[24120, 13688],[24120, 13680],[24128, 13680],[24128, 13664],[24136, 13664],[24136, 13640],[24144, 13640],[24144, 13632],[24112, 13632],[24112, 13640],[24096, 13640],[24096, 13648],[24088, 13648],[24088, 13656],[24064, 13656],[24064, 13664],[24056, 13664],[24056, 13672],[24048, 13672]]]},"properties":{"objectType":"annotation","classification":{"name":"Ignore*","color":[180, 180, 180]},"isLocked":true}},{"type":"Feature","id":"6dd82552-f2c9-415a-9f82-8cd57fa6475d","geometry":{"type":"Polygon","coordinates":[[[23920, 13664],[23920, 13720],[23928, 13720],[23928, 13728],[23952, 13728],[23952, 13720],[23968, 13720],[23968, 13712],[23976, 13712],[23976, 13704],[23984, 13704],[23984, 13696],[23992, 13696],[23992, 13664],[23984, 13664],[23984, 13656],[23976, 13656],[23976, 13648],[23936, 13648],[23936, 13656],[23928, 13656],[23928, 13664],[23920, 13664]]]},"properties":{"objectType":"annotation","classification":{"name":"Ignore*","color":[180, 180, 180]},"isLocked":true}},{"type":"Feature","id":"a482e87b-5d0b-4e97-8c40-ba991c0b6f0e","geometry":{"type":"Polygon","coordinates":[[[18488, 14024],[18488, 14056],[18528, 14056],[18528, 14048],[18536, 14048],[18536, 14040],[18544, 14040],[18544, 14032],[18560, 14032],[18560, 14024],[18568, 14024],[18568, 14016],[18584, 14016],[18584, 14008],[18600, 14008],[18600, 14000],[18608, 14000],[18608, 13992],[18624, 13992],[18624, 13984],[18640, 13984],[18640, 13976],[18648, 13976],[18648, 13968],[18664, 13968],[18664, 13960],[18680, 13960],[18680, 13952],[18696, 13952],[18696, 13944],[18704, 13944],[18704, 13936],[18712, 13936],[18712, 13928],[18720, 13928],[18720, 13920],[18728, 13920],[18728, 13912],[18736, 13912],[18736, 13904],[18744, 13904],[18744, 13896],[18760, 13896],[18760, 13888],[18776, 13888],[18776, 13880],[18784, 13880],[18784, 13872],[18800, 13872],[18800, 13864],[18816, 13864],[18816, 13856],[18824, 13856],[18824, 13848],[18832, 13848],[18832, 13840],[18840, 13840],[18840, 13832],[18856, 13832],[18856, 13824],[18872, 13824],[18872, 13816],[18888, 13816],[18888, 13808],[18912, 13808],[18912, 13800],[18928, 13800],[18928, 13792],[18944, 13792],[18944, 13784],[18984, 13784],[18984, 13776],[19000, 13776],[19000, 13768],[19016, 13768],[19016, 13752],[19024, 13752],[19024, 13744],[19032, 13744],[19032, 13736],[19040, 13736],[19040, 13728],[19056, 13728],[19056, 13720],[19064, 13720],[19064, 13712],[19072, 13712],[19072, 13704],[19080, 13704],[19080, 13688],[19088, 13688],[19088, 13680],[19096, 13680],[19096, 13672],[19104, 13672],[19104, 13656],[19112, 13656],[19112, 13632],[19120, 13632],[19120, 13584],[19128, 13584],[19128, 13568],[19120, 13568],[19120, 13536],[19128, 13536],[19128, 13520],[19136, 13520],[19136, 13504],[19144, 13504],[19144, 13496],[19120, 13496],[19120, 13504],[19112, 13504],[19112, 13512],[19104, 13512],[19104, 13520],[19096, 13520],[19096, 13528],[19072, 13528],[19072, 13536],[19064, 13536],[19064, 13544],[19056, 13544],[19056, 13552],[19048, 13552],[19048, 13560],[19040, 13560],[19040, 13568],[19032, 13568],[19032, 13576],[19024, 13576],[19024, 13584],[19016, 13584],[19016, 13592],[19008, 13592],[19008, 13600],[18992, 13600],[18992, 13608],[18968, 13608],[18968, 13616],[18952, 13616],[18952, 13624],[18944, 13624],[18944, 13648],[18936, 13648],[18936, 13656],[18904, 13656],[18904, 13648],[18880, 13648],[18880, 13656],[18872, 13656],[18872, 13664],[18864, 13664],[18864, 13672],[18856, 13672],[18856, 13680],[18848, 13680],[18848, 13688],[18840, 13688],[18840, 13696],[18832, 13696],[18832, 13704],[18824, 13704],[18824, 13712],[18816, 13712],[18816, 13728],[18808, 13728],[18808, 13744],[18800, 13744],[18800, 13752],[18792, 13752],[18792, 13760],[18768, 13760],[18768, 13768],[18752, 13768],[18752, 13776],[18744, 13776],[18744, 13792],[18736, 13792],[18736, 13800],[18728, 13800],[18728, 13808],[18712, 13808],[18712, 13816],[18704, 13816],[18704, 13824],[18688, 13824],[18688, 13832],[18680, 13832],[18680, 13840],[18672, 13840],[18672, 13848],[18664, 13848],[18664, 13856],[18656, 13856],[18656, 13864],[18648, 13864],[18648, 13872],[18640, 13872],[18640, 13880],[18632, 13880],[18632, 13888],[18624, 13888],[18624, 13896],[18616, 13896],[18616, 13904],[18608, 13904],[18608, 13912],[18600, 13912],[18600, 13920],[18592, 13920],[18592, 13928],[18584, 13928],[18584, 13936],[18576, 13936],[18576, 13944],[18560, 13944],[18560, 13952],[18552, 13952],[18552, 13960],[18544, 13960],[18544, 13968],[18536, 13968],[18536, 13976],[18528, 13976],[18528, 13984],[18520, 13984],[18520, 14000],[18512, 14000],[18512, 14008],[18504, 14008],[18504, 14016],[18496, 14016],[18496, 14024],[18488, 14024]]]},"properties":{"objectType":"annotation","classification":{"name":"Ignore*","color":[180, 180, 180]},"isLocked":true}},{"type":"Feature","id":"780004b6-9c51-439c-ba0c-6b2078e095dd","geometry":{"type":"Polygon","coordinates":[[[24848, 13840],[24848, 13872],[24856, 13872],[24856, 13880],[24864, 13880],[24864, 13888],[24904, 13888],[24904, 13880],[24912, 13880],[24912, 13872],[24920, 13872],[24920, 13864],[24928, 13864],[24928, 13856],[24936, 13856],[24936, 13840],[24944, 13840],[24944, 13808],[24952, 13808],[24952, 13776],[24960, 13776],[24960, 13760],[24968, 13760],[24968, 13744],[24976, 13744],[24976, 13736],[24984, 13736],[24984, 13720],[24992, 13720],[24992, 13688],[24984, 13688],[24984, 13680],[24960, 13680],[24960, 13688],[24952, 13688],[24952, 13696],[24944, 13696],[24944, 13712],[24936, 13712],[24936, 13720],[24928, 13720],[24928, 13728],[24920, 13728],[24920, 13744],[24912, 13744],[24912, 13752],[24904, 13752],[24904, 13760],[24896, 13760],[24896, 13768],[24888, 13768],[24888, 13776],[24880, 13776],[24880, 13784],[24872, 13784],[24872, 13800],[24864, 13800],[24864, 13816],[24856, 13816],[24856, 13840],[24848, 13840]]]},"properties":{"objectType":"annotation","classification":{"name":"Ignore*","color":[180, 180, 180]},"isLocked":true}},{"type":"Feature","id":"ebe34697-c4d5-4afa-8a0c-f69da138ac3c","geometry":{"type":"Polygon","coordinates":[[[25472, 13800],[25472, 13824],[25480, 13824],[25480, 13840],[25512, 13840],[25512, 13832],[25520, 13832],[25520, 13792],[25512, 13792],[25512, 13784],[25488, 13784],[25488, 13792],[25480, 13792],[25480, 13800],[25472, 13800]]]},"properties":{"objectType":"annotation","classification":{"name":"Ignore*","color":[180, 180, 180]},"isLocked":true}},{"type":"Feature","id":"a1dc5c41-73e5-464d-b376-58afabf205c6","geometry":{"type":"Polygon","coordinates":[[[23544, 14128],[23544, 14160],[23560, 14160],[23560, 14168],[23568, 14168],[23568, 14176],[23576, 14176],[23576, 14184],[23584, 14184],[23584, 14192],[23600, 14192],[23600, 14200],[23616, 14200],[23616, 14208],[23632, 14208],[23632, 14200],[23648, 14200],[23648, 14192],[23656, 14192],[23656, 14184],[23680, 14184],[23680, 14192],[23688, 14192],[23688, 14200],[23696, 14200],[23696, 14208],[23704, 14208],[23704, 14216],[23720, 14216],[23720, 14208],[23728, 14208],[23728, 14200],[23736, 14200],[23736, 14176],[23728, 14176],[23728, 14168],[23720, 14168],[23720, 14160],[23712, 14160],[23712, 14152],[23680, 14152],[23680, 14144],[23672, 14144],[23672, 14136],[23664, 14136],[23664, 14128],[23656, 14128],[23656, 14120],[23648, 14120],[23648, 14112],[23632, 14112],[23632, 14104],[23624, 14104],[23624, 14056],[23616, 14056],[23616, 14048],[23568, 14048],[23568, 14056],[23560, 14056],[23560, 14072],[23552, 14072],[23552, 14128],[23544, 14128]]]},"properties":{"objectType":"annotation","classification":{"name":"Ignore*","color":[180, 180, 180]},"isLocked":true}},{"type":"Feature","id":"3dd9d883-8de7-4a01-a787-9c00cb93e413","geometry":{"type":"Polygon","coordinates":[[[24616, 14184],[24616, 14200],[24624, 14200],[24624, 14224],[24632, 14224],[24632, 14240],[24640, 14240],[24640, 14256],[24648, 14256],[24648, 14264],[24656, 14264],[24656, 14272],[24664, 14272],[24664, 14280],[24688, 14280],[24688, 14288],[24720, 14288],[24720, 14280],[24736, 14280],[24736, 14272],[24752, 14272],[24752, 14264],[24768, 14264],[24768, 14256],[24776, 14256],[24776, 14232],[24784, 14232],[24784, 14192],[24776, 14192],[24776, 14184],[24760, 14184],[24760, 14176],[24704, 14176],[24704, 14168],[24672, 14168],[24672, 14176],[24624, 14176],[24624, 14184],[24616, 14184]]]},"properties":{"objectType":"annotation","classification":{"name":"Ignore*","color":[180, 180, 180]},"isLocked":true}},{"type":"Feature","id":"4c539d41-31cf-453f-b245-4a5013f81f8e","geometry":{"type":"Polygon","coordinates":[[[22240, 14287.32],[22240, 14288],[22312, 14288],[22312, 14296],[22352, 14296],[22352, 14288],[22368, 14288],[22368, 14280],[22408, 14280],[22408, 14288],[22440, 14288],[22440, 14280],[22448, 14280],[22448, 14272],[22456, 14272],[22456, 14248],[22448, 14248],[22448, 14240],[22440, 14240],[22440, 14232],[22408, 14232],[22408, 14240],[22344, 14240],[22344, 14232],[22304, 14232],[22304, 14224],[22295.68, 14224],[22240, 14287.32]]]},"properties":{"objectType":"annotation","classification":{"name":"Ignore*","color":[180, 180, 180]},"isLocked":true}},{"type":"Feature","id":"2b0a4a22-1e09-4040-b5e3-639fe7a39f08","geometry":{"type":"Polygon","coordinates":[[[25088, 14280],[25088, 14296],[25096, 14296],[25096, 14304],[25120, 14304],[25120, 14288],[25128, 14288],[25128, 14272],[25120, 14272],[25120, 14256],[25112, 14256],[25112, 14248],[25104, 14248],[25104, 14264],[25096, 14264],[25096, 14280],[25088, 14280]]]},"properties":{"objectType":"annotation","classification":{"name":"Ignore*","color":[180, 180, 180]},"isLocked":true}},{"type":"Feature","id":"1a54b0c2-ffd0-44c3-a621-22ece58d2e05","geometry":{"type":"Polygon","coordinates":[[[19128, 14336],[19128, 14368],[19176, 14368],[19176, 14360],[19184, 14360],[19184, 14320],[19176, 14320],[19176, 14312],[19152, 14312],[19152, 14320],[19144, 14320],[19144, 14328],[19136, 14328],[19136, 14336],[19128, 14336]]]},"properties":{"objectType":"annotation","classification":{"name":"Ignore*","color":[180, 180, 180]},"isLocked":true}},{"type":"Feature","id":"65b61a18-9b03-4b15-aebc-c43d84a860ba","geometry":{"type":"Polygon","coordinates":[[[25112, 14392],[25112, 14408],[25120, 14408],[25120, 14424],[25128, 14424],[25128, 14432],[25144, 14432],[25144, 14440],[25152, 14440],[25152, 14448],[25176, 14448],[25176, 14432],[25184, 14432],[25184, 14400],[25176, 14400],[25176, 14384],[25160, 14384],[25160, 14376],[25136, 14376],[25136, 14384],[25120, 14384],[25120, 14392],[25112, 14392]]]},"properties":{"objectType":"annotation","classification":{"name":"Ignore*","color":[180, 180, 180]},"isLocked":true}},{"type":"Feature","id":"c63d9646-7436-449c-9f64-8689513b23f7","geometry":{"type":"Polygon","coordinates":[[[23360, 14440],[23360, 14472],[23376, 14472],[23376, 14480],[23384, 14480],[23384, 14472],[23400, 14472],[23400, 14464],[23408, 14464],[23408, 14440],[23400, 14440],[23400, 14432],[23368, 14432],[23368, 14440],[23360, 14440]]]},"properties":{"objectType":"annotation","classification":{"name":"Ignore*","color":[180, 180, 180]},"isLocked":true}},{"type":"Feature","id":"950f5df0-0aa1-4fac-9202-67e61e99d6e7","geometry":{"type":"Polygon","coordinates":[[[15424, 14448],[15424, 14464],[15432, 14464],[15432, 14480],[15440, 14480],[15440, 14496],[15448, 14496],[15448, 14504],[15472, 14504],[15472, 14496],[15480, 14496],[15480, 14480],[15488, 14480],[15488, 14424],[15480, 14424],[15480, 14416],[15456, 14416],[15456, 14424],[15440, 14424],[15440, 14432],[15432, 14432],[15432, 14448],[15424, 14448]]]},"properties":{"objectType":"annotation","classification":{"name":"Ignore*","color":[180, 180, 180]},"isLocked":true}},{"type":"Feature","id":"ff782d0d-b315-4aa4-aeac-2cfaf4856be5","geometry":{"type":"Polygon","coordinates":[[[18720, 14496],[18720, 14528],[18728, 14528],[18728, 14536],[18752, 14536],[18752, 14528],[18760, 14528],[18760, 14488],[18752, 14488],[18752, 14480],[18736, 14480],[18736, 14488],[18728, 14488],[18728, 14496],[18720, 14496]]]},"properties":{"objectType":"annotation","classification":{"name":"Ignore*","color":[180, 180, 180]},"isLocked":true}},{"type":"Feature","id":"6857f831-3896-41d8-9d53-c6e3fabf9f90","geometry":{"type":"Polygon","coordinates":[[[25000, 14576],[25000, 14584],[25008, 14584],[25008, 14600],[25024, 14600],[25024, 14608],[25032, 14608],[25032, 14600],[25040, 14600],[25040, 14560],[25032, 14560],[25032, 14552],[25008, 14552],[25008, 14576],[25000, 14576]]]},"properties":{"objectType":"annotation","classification":{"name":"Ignore*","color":[180, 180, 180]},"isLocked":true}},{"type":"Feature","id":"36675516-5763-4b84-ada4-af4e14a0d485","geometry":{"type":"Polygon","coordinates":[[[17960, 14608],[17960, 14632],[17968, 14632],[17968, 14640],[18016, 14640],[18016, 14632],[18024, 14632],[18024, 14616],[18032, 14616],[18032, 14608],[18040, 14608],[18040, 14584],[18024, 14584],[18024, 14576],[17984, 14576],[17984, 14584],[17976, 14584],[17976, 14592],[17968, 14592],[17968, 14608],[17960, 14608]]]},"properties":{"objectType":"annotation","classification":{"name":"Ignore*","color":[180, 180, 180]},"isLocked":true}},{"type":"Feature","id":"8ddcd72c-0495-472f-a3b0-3b7b1a9c470a","geometry":{"type":"Polygon","coordinates":[[[15600, 14592],[15600, 14616],[15608, 14616],[15608, 14648],[15616, 14648],[15616, 14680],[15624, 14680],[15624, 14696],[15632, 14696],[15632, 14704],[15640, 14704],[15640, 14712],[15688, 14712],[15688, 14704],[15704, 14704],[15704, 14696],[15720, 14696],[15720, 14688],[15736, 14688],[15736, 14696],[15768, 14696],[15768, 14688],[15776, 14688],[15776, 14680],[15784, 14680],[15784, 14632],[15768, 14632],[15768, 14624],[15752, 14624],[15752, 14616],[15744, 14616],[15744, 14608],[15728, 14608],[15728, 14600],[15720, 14600],[15720, 14592],[15712, 14592],[15712, 14584],[15704, 14584],[15704, 14576],[15696, 14576],[15696, 14568],[15680, 14568],[15680, 14544],[15688, 14544],[15688, 14536],[15696, 14536],[15696, 14528],[15688, 14528],[15688, 14520],[15680, 14520],[15680, 14528],[15672, 14528],[15672, 14536],[15664, 14536],[15664, 14544],[15656, 14544],[15656, 14552],[15632, 14552],[15632, 14560],[15616, 14560],[15616, 14576],[15608, 14576],[15608, 14592],[15600, 14592]]]},"properties":{"objectType":"annotation","classification":{"name":"Ignore*","color":[180, 180, 180]},"isLocked":true}},{"type":"Feature","id":"8fefe031-d860-49eb-a240-89ab5508c97a","geometry":{"type":"Polygon","coordinates":[[[15792, 14712],[15792, 14736],[15800, 14736],[15800, 14744],[15832, 14744],[15832, 14752],[15848, 14752],[15848, 14744],[15856, 14744],[15856, 14720],[15864, 14720],[15864, 14704],[15872, 14704],[15872, 14696],[15880, 14696],[15880, 14680],[15888, 14680],[15888, 14648],[15896, 14648],[15896, 14632],[15904, 14632],[15904, 14616],[15880, 14616],[15880, 14624],[15864, 14624],[15864, 14640],[15856, 14640],[15856, 14648],[15848, 14648],[15848, 14656],[15840, 14656],[15840, 14664],[15832, 14664],[15832, 14680],[15824, 14680],[15824, 14696],[15816, 14696],[15816, 14704],[15800, 14704],[15800, 14712],[15792, 14712]]]},"properties":{"objectType":"annotation","classification":{"name":"Ignore*","color":[180, 180, 180]},"isLocked":true}},{"type":"Feature","id":"c4bf4425-001d-43c9-956c-eea19e7e992d","geometry":{"type":"Polygon","coordinates":[[[18728, 14728],[18728, 14752],[18736, 14752],[18736, 14768],[18744, 14768],[18744, 14776],[18752, 14776],[18752, 14784],[18768, 14784],[18768, 14768],[18776, 14768],[18776, 14720],[18768, 14720],[18768, 14712],[18736, 14712],[18736, 14728],[18728, 14728]]]},"properties":{"objectType":"annotation","classification":{"name":"Ignore*","color":[180, 180, 180]},"isLocked":true}},{"type":"Feature","id":"fba0b1d2-43b3-4971-9265-f2ce3804f75a","geometry":{"type":"Polygon","coordinates":[[[25104, 14800],[25104, 14824],[25128, 14824],[25128, 14816],[25136, 14816],[25136, 14792],[25112, 14792],[25112, 14800],[25104, 14800]]]},"properties":{"objectType":"annotation","classification":{"name":"Ignore*","color":[180, 180, 180]},"isLocked":true}},{"type":"Feature","id":"34127843-db2e-4993-a46b-faed85a0071a","geometry":{"type":"Polygon","coordinates":[[[22488, 14872],[22488, 14896],[22496, 14896],[22496, 14904],[22552, 14904],[22552, 14896],[22568, 14896],[22568, 14888],[22576, 14888],[22576, 14872],[22584, 14872],[22584, 14824],[22576, 14824],[22576, 14816],[22568, 14816],[22568, 14808],[22544, 14808],[22544, 14816],[22528, 14816],[22528, 14824],[22512, 14824],[22512, 14832],[22504, 14832],[22504, 14848],[22496, 14848],[22496, 14872],[22488, 14872]]]},"properties":{"objectType":"annotation","classification":{"name":"Ignore*","color":[180, 180, 180]},"isLocked":true}},{"type":"Feature","id":"57c69c35-5467-40cb-9acd-323d4ccea342","geometry":{"type":"Polygon","coordinates":[[[19560, 14856],[19560, 14888],[19568, 14888],[19568, 14904],[19576, 14904],[19576, 14912],[19624, 14912],[19624, 14904],[19640, 14904],[19640, 14888],[19648, 14888],[19648, 14856],[19640, 14856],[19640, 14848],[19632, 14848],[19632, 14840],[19616, 14840],[19616, 14832],[19600, 14832],[19600, 14840],[19584, 14840],[19584, 14848],[19568, 14848],[19568, 14856],[19560, 14856]]]},"properties":{"objectType":"annotation","classification":{"name":"Ignore*","color":[180, 180, 180]},"isLocked":true}},{"type":"Feature","id":"0a9ef3a8-7e9a-4bb2-9d63-641d53220407","geometry":{"type":"Polygon","coordinates":[[[15792, 14904],[15792, 14912],[15800, 14912],[15800, 14928],[15808, 14928],[15808, 14944],[15816, 14944],[15816, 14960],[15832, 14960],[15832, 14968],[15840, 14968],[15840, 14960],[15864, 14960],[15864, 14952],[15872, 14952],[15872, 14944],[15880, 14944],[15880, 14936],[15888, 14936],[15888, 14872],[15880, 14872],[15880, 14864],[15872, 14864],[15872, 14848],[15864, 14848],[15864, 14832],[15840, 14832],[15840, 14840],[15832, 14840],[15832, 14848],[15824, 14848],[15824, 14856],[15816, 14856],[15816, 14872],[15808, 14872],[15808, 14888],[15800, 14888],[15800, 14904],[15792, 14904]]]},"properties":{"objectType":"annotation","classification":{"name":"Ignore*","color":[180, 180, 180]},"isLocked":true}},{"type":"Feature","id":"f71549b5-dbbc-4267-bd1c-cce9b78cd509","geometry":{"type":"Polygon","coordinates":[[[19080, 14984],[19080, 15016],[19112, 15016],[19112, 15008],[19120, 15008],[19120, 15000],[19128, 15000],[19128, 14968],[19120, 14968],[19120, 14960],[19104, 14960],[19104, 14968],[19096, 14968],[19096, 14976],[19088, 14976],[19088, 14984],[19080, 14984]]]},"properties":{"objectType":"annotation","classification":{"name":"Ignore*","color":[180, 180, 180]},"isLocked":true}},{"type":"Feature","id":"a30b3e6c-c873-4d74-8a38-e56562cf1859","geometry":{"type":"Polygon","coordinates":[[[18696, 14960],[18696, 14984],[18704, 14984],[18704, 15000],[18712, 15000],[18712, 15008],[18720, 15008],[18720, 15016],[18728, 15016],[18728, 15024],[18736, 15024],[18736, 15032],[18744, 15032],[18744, 15040],[18752, 15040],[18752, 15056],[18744, 15056],[18744, 15128],[18752, 15128],[18752, 15160],[18760, 15160],[18760, 15176],[18776, 15176],[18776, 15184],[18808, 15184],[18808, 15176],[18832, 15176],[18832, 15168],[18840, 15168],[18840, 15120],[18848, 15120],[18848, 15080],[18840, 15080],[18840, 15072],[18824, 15072],[18824, 15064],[18816, 15064],[18816, 15056],[18808, 15056],[18808, 15040],[18800, 15040],[18800, 15032],[18784, 15032],[18784, 15000],[18792, 15000],[18792, 14960],[18800, 14960],[18800, 14952],[18808, 14952],[18808, 14944],[18816, 14944],[18816, 14912],[18808, 14912],[18808, 14904],[18800, 14904],[18800, 14896],[18792, 14896],[18792, 14888],[18784, 14888],[18784, 14856],[18792, 14856],[18792, 14848],[18800, 14848],[18800, 14816],[18792, 14816],[18792, 14808],[18784, 14808],[18784, 14800],[18760, 14800],[18760, 14816],[18752, 14816],[18752, 14840],[18744, 14840],[18744, 14864],[18752, 14864],[18752, 14880],[18760, 14880],[18760, 14904],[18752, 14904],[18752, 14928],[18744, 14928],[18744, 14936],[18728, 14936],[18728, 14944],[18712, 14944],[18712, 14952],[18704, 14952],[18704, 14960],[18696, 14960]]]},"properties":{"objectType":"annotation","classification":{"name":"Ignore*","color":[180, 180, 180]},"isLocked":true}},{"type":"Feature","id":"58b0fa66-995b-4573-81d5-ced75be9ed5d","geometry":{"type":"Polygon","coordinates":[[[22344, 15048],[22344, 15072],[22352, 15072],[22352, 15088],[22368, 15088],[22368, 15096],[22392, 15096],[22392, 15088],[22400, 15088],[22400, 15080],[22408, 15080],[22408, 15072],[22416, 15072],[22416, 15040],[22408, 15040],[22408, 15032],[22400, 15032],[22400, 15024],[22384, 15024],[22384, 15016],[22376, 15016],[22376, 15024],[22360, 15024],[22360, 15032],[22352, 15032],[22352, 15048],[22344, 15048]]]},"properties":{"objectType":"annotation","classification":{"name":"Ignore*","color":[180, 180, 180]},"isLocked":true}},{"type":"Feature","id":"8a8d062c-a1d9-4086-88c2-9733dc9df698","geometry":{"type":"Polygon","coordinates":[[[23376, 15104],[23376, 15144],[23384, 15144],[23384, 15152],[23392, 15152],[23392, 15168],[23400, 15168],[23400, 15176],[23408, 15176],[23408, 15184],[23416, 15184],[23416, 15192],[23424, 15192],[23424, 15200],[23432, 15200],[23432, 15208],[23472, 15208],[23472, 15200],[23480, 15200],[23480, 15192],[23488, 15192],[23488, 15184],[23496, 15184],[23496, 15176],[23504, 15176],[23504, 15160],[23496, 15160],[23496, 15144],[23488, 15144],[23488, 15136],[23480, 15136],[23480, 15096],[23488, 15096],[23488, 15072],[23496, 15072],[23496, 15048],[23488, 15048],[23488, 15032],[23480, 15032],[23480, 15024],[23424, 15024],[23424, 15032],[23416, 15032],[23416, 15040],[23408, 15040],[23408, 15056],[23400, 15056],[23400, 15064],[23392, 15064],[23392, 15088],[23384, 15088],[23384, 15104],[23376, 15104]]]},"properties":{"objectType":"annotation","classification":{"name":"Ignore*","color":[180, 180, 180]},"isLocked":true}},{"type":"Feature","id":"62a79fc3-e91a-4ac7-8830-a746e96f1bbb","geometry":{"type":"Polygon","coordinates":[[[23024, 15512],[23024, 15560],[23032, 15560],[23032, 15576],[23048, 15576],[23048, 15584],[23072, 15584],[23072, 15576],[23088, 15576],[23088, 15568],[23096, 15568],[23096, 15560],[23104, 15560],[23104, 15552],[23112, 15552],[23112, 15544],[23120, 15544],[23120, 15536],[23128, 15536],[23128, 15520],[23136, 15520],[23136, 15512],[23144, 15512],[23144, 15496],[23152, 15496],[23152, 15480],[23160, 15480],[23160, 15472],[23168, 15472],[23168, 15456],[23176, 15456],[23176, 15432],[23184, 15432],[23184, 15416],[23192, 15416],[23192, 15392],[23200, 15392],[23200, 15384],[23208, 15384],[23208, 15368],[23216, 15368],[23216, 15360],[23224, 15360],[23224, 15352],[23232, 15352],[23232, 15336],[23240, 15336],[23240, 15328],[23248, 15328],[23248, 15312],[23256, 15312],[23256, 15304],[23264, 15304],[23264, 15288],[23272, 15288],[23272, 15272],[23280, 15272],[23280, 15264],[23288, 15264],[23288, 15248],[23296, 15248],[23296, 15240],[23304, 15240],[23304, 15232],[23312, 15232],[23312, 15224],[23336, 15224],[23336, 15208],[23328, 15208],[23328, 15152],[23336, 15152],[23336, 15128],[23344, 15128],[23344, 15112],[23352, 15112],[23352, 15072],[23360, 15072],[23360, 15000],[23368, 15000],[23368, 14960],[23376, 14960],[23376, 14920],[23384, 14920],[23384, 14896],[23392, 14896],[23392, 14880],[23400, 14880],[23400, 14856],[23408, 14856],[23408, 14816],[23416, 14816],[23416, 14784],[23424, 14784],[23424, 14760],[23432, 14760],[23432, 14728],[23440, 14728],[23440, 14712],[23448, 14712],[23448, 14696],[23456, 14696],[23456, 14672],[23464, 14672],[23464, 14592],[23472, 14592],[23472, 14576],[23480, 14576],[23480, 14544],[23472, 14544],[23472, 14536],[23464, 14536],[23464, 14544],[23448, 14544],[23448, 14560],[23440, 14560],[23440, 14576],[23432, 14576],[23432, 14592],[23440, 14592],[23440, 14624],[23432, 14624],[23432, 14640],[23424, 14640],[23424, 14656],[23416, 14656],[23416, 14712],[23408, 14712],[23408, 14728],[23400, 14728],[23400, 14736],[23392, 14736],[23392, 14744],[23384, 14744],[23384, 14752],[23376, 14752],[23376, 14760],[23368, 14760],[23368, 14792],[23360, 14792],[23360, 14824],[23352, 14824],[23352, 14840],[23344, 14840],[23344, 14856],[23336, 14856],[23336, 14880],[23328, 14880],[23328, 14896],[23320, 14896],[23320, 14920],[23312, 14920],[23312, 14936],[23304, 14936],[23304, 14944],[23296, 14944],[23296, 14952],[23288, 14952],[23288, 14960],[23280, 14960],[23280, 14976],[23272, 14976],[23272, 15024],[23264, 15024],[23264, 15032],[23256, 15032],[23256, 15040],[23240, 15040],[23240, 15048],[23224, 15048],[23224, 15056],[23216, 15056],[23216, 15088],[23232, 15088],[23232, 15120],[23224, 15120],[23224, 15128],[23216, 15128],[23216, 15136],[23208, 15136],[23208, 15168],[23216, 15168],[23216, 15176],[23208, 15176],[23208, 15200],[23200, 15200],[23200, 15216],[23192, 15216],[23192, 15248],[23184, 15248],[23184, 15272],[23176, 15272],[23176, 15288],[23168, 15288],[23168, 15312],[23160, 15312],[23160, 15328],[23152, 15328],[23152, 15344],[23144, 15344],[23144, 15352],[23136, 15352],[23136, 15368],[23128, 15368],[23128, 15384],[23120, 15384],[23120, 15400],[23112, 15400],[23112, 15408],[23104, 15408],[23104, 15416],[23096, 15416],[23096, 15424],[23088, 15424],[23088, 15432],[23080, 15432],[23080, 15440],[23072, 15440],[23072, 15448],[23056, 15448],[23056, 15456],[23048, 15456],[23048, 15472],[23040, 15472],[23040, 15480],[23032, 15480],[23032, 15512],[23024, 15512]]]},"properties":{"objectType":"annotation","classification":{"name":"Ignore*","color":[180, 180, 180]},"isLocked":true}},{"type":"Feature","id":"01377b3e-916a-48c0-86f1-270797294e60","geometry":{"type":"Polygon","coordinates":[[[19168, 15368],[19168, 15400],[19176, 15400],[19176, 15416],[19184, 15416],[19184, 15424],[19200, 15424],[19200, 15432],[19224, 15432],[19224, 15424],[19232, 15424],[19232, 15416],[19240, 15416],[19240, 15400],[19248, 15400],[19248, 15392],[19256, 15392],[19256, 15384],[19296, 15384],[19296, 15376],[19304, 15376],[19304, 15368],[19312, 15368],[19312, 15344],[19264, 15344],[19264, 15352],[19192, 15352],[19192, 15360],[19176, 15360],[19176, 15368],[19168, 15368]]]},"properties":{"objectType":"annotation","classification":{"name":"Ignore*","color":[180, 180, 180]},"isLocked":true}},{"type":"Feature","id":"2f0b1c45-3311-48fa-a4f0-e4f0caf10802","geometry":{"type":"Polygon","coordinates":[[[18968, 15504],[18968, 15552],[18976, 15552],[18976, 15560],[18992, 15560],[18992, 15568],[19016, 15568],[19016, 15560],[19032, 15560],[19032, 15552],[19048, 15552],[19048, 15544],[19064, 15544],[19064, 15536],[19080, 15536],[19080, 15528],[19088, 15528],[19088, 15496],[19080, 15496],[19080, 15488],[19072, 15488],[19072, 15480],[19056, 15480],[19056, 15472],[19032, 15472],[19032, 15480],[19000, 15480],[19000, 15488],[18984, 15488],[18984, 15496],[18976, 15496],[18976, 15504],[18968, 15504]]]},"properties":{"objectType":"annotation","classification":{"name":"Ignore*","color":[180, 180, 180]},"isLocked":true}},{"type":"Feature","id":"ffd61018-4707-42f3-b744-448fec7604b1","geometry":{"type":"Polygon","coordinates":[[[15336, 15488],[15336, 15536],[15344, 15536],[15344, 15552],[15352, 15552],[15352, 15560],[15360, 15560],[15360, 15568],[15384, 15568],[15384, 15560],[15400, 15560],[15400, 15552],[15408, 15552],[15408, 15544],[15416, 15544],[15416, 15496],[15408, 15496],[15408, 15488],[15400, 15488],[15400, 15480],[15352, 15480],[15352, 15488],[15336, 15488]]]},"properties":{"objectType":"annotation","classification":{"name":"Ignore*","color":[180, 180, 180]},"isLocked":true}},{"type":"Feature","id":"13c25a58-effd-4d85-884f-0d492356d55a","geometry":{"type":"Polygon","coordinates":[[[16072, 15512],[16072, 15544],[16080, 15544],[16080, 15552],[16088, 15552],[16088, 15568],[16096, 15568],[16096, 15576],[16088, 15576],[16088, 15624],[16096, 15624],[16096, 15648],[16104, 15648],[16104, 15664],[16112, 15664],[16112, 15672],[16136, 15672],[16136, 15680],[16160, 15680],[16160, 15672],[16176, 15672],[16176, 15664],[16184, 15664],[16184, 15648],[16192, 15648],[16192, 15632],[16184, 15632],[16184, 15608],[16176, 15608],[16176, 15600],[16168, 15600],[16168, 15584],[16160, 15584],[16160, 15560],[16168, 15560],[16168, 15552],[16184, 15552],[16184, 15544],[16200, 15544],[16200, 15536],[16216, 15536],[16216, 15528],[16232, 15528],[16232, 15520],[16248, 15520],[16248, 15512],[16256, 15512],[16256, 15496],[16264, 15496],[16264, 15480],[16256, 15480],[16256, 15464],[16248, 15464],[16248, 15456],[16208, 15456],[16208, 15464],[16192, 15464],[16192, 15472],[16176, 15472],[16176, 15480],[16168, 15480],[16168, 15488],[16152, 15488],[16152, 15496],[16104, 15496],[16104, 15504],[16080, 15504],[16080, 15512],[16072, 15512]]]},"properties":{"objectType":"annotation","classification":{"name":"Ignore*","color":[180, 180, 180]},"isLocked":true}},{"type":"Feature","id":"34c5061d-6b55-400b-9f7d-61523697f6e3","geometry":{"type":"Polygon","coordinates":[[[22136, 15568],[22136, 15584],[22144, 15584],[22144, 15600],[22168, 15600],[22168, 15608],[22200, 15608],[22200, 15616],[22216, 15616],[22216, 15624],[22224, 15624],[22224, 15632],[22232, 15632],[22232, 15648],[22240, 15648],[22240, 15680],[22304, 15680],[22304, 15672],[22336, 15672],[22336, 15664],[22344, 15664],[22344, 15656],[22360, 15656],[22360, 15648],[22376, 15648],[22376, 15640],[22384, 15640],[22384, 15632],[22408, 15632],[22408, 15624],[22424, 15624],[22424, 15608],[22432, 15608],[22432, 15600],[22424, 15600],[22424, 15576],[22416, 15576],[22416, 15568],[22408, 15568],[22408, 15552],[22392, 15552],[22392, 15544],[22344, 15544],[22344, 15552],[22336, 15552],[22336, 15560],[22328, 15560],[22328, 15568],[22312, 15568],[22312, 15576],[22304, 15576],[22304, 15568],[22288, 15568],[22288, 15560],[22280, 15560],[22280, 15552],[22272, 15552],[22272, 15544],[22264, 15544],[22264, 15528],[22256, 15528],[22256, 15488],[22248, 15488],[22248, 15472],[22232, 15472],[22232, 15464],[22208, 15464],[22208, 15472],[22192, 15472],[22192, 15480],[22184, 15480],[22184, 15496],[22176, 15496],[22176, 15520],[22168, 15520],[22168, 15536],[22160, 15536],[22160, 15544],[22152, 15544],[22152, 15552],[22144, 15552],[22144, 15568],[22136, 15568]]]},"properties":{"objectType":"annotation","classification":{"name":"Ignore*","color":[180, 180, 180]},"isLocked":true}},{"type":"Feature","id":"4b1f2069-3195-49ff-87d5-8dbe36c403dd","geometry":{"type":"Polygon","coordinates":[[[17120, 15592],[17120, 15616],[17144, 15616],[17144, 15592],[17136, 15592],[17136, 15584],[17128, 15584],[17128, 15592],[17120, 15592]]]},"properties":{"objectType":"annotation","classification":{"name":"Ignore*","color":[180, 180, 180]},"isLocked":true}},{"type":"Feature","id":"3248ce07-603f-4868-9632-ecc56b13f7ae","geometry":{"type":"Polygon","coordinates":[[[19688, 15608],[19688, 15648],[19696, 15648],[19696, 15664],[19704, 15664],[19704, 15680],[19712, 15680],[19712, 15688],[19720, 15688],[19720, 15696],[19776, 15696],[19776, 15688],[19784, 15688],[19784, 15672],[19792, 15672],[19792, 15656],[19784, 15656],[19784, 15640],[19776, 15640],[19776, 15632],[19768, 15632],[19768, 15616],[19752, 15616],[19752, 15608],[19744, 15608],[19744, 15600],[19696, 15600],[19696, 15608],[19688, 15608]]]},"properties":{"objectType":"annotation","classification":{"name":"Ignore*","color":[180, 180, 180]},"isLocked":true}},{"type":"Feature","id":"ea28e8d0-e4bd-46cf-bd6b-2311fb47aaa9","geometry":{"type":"Polygon","coordinates":[[[22512, 15688],[22512, 15720],[22520, 15720],[22520, 15728],[22528, 15728],[22528, 15736],[22536, 15736],[22536, 15744],[22544, 15744],[22544, 15752],[22552, 15752],[22552, 15760],[22608, 15760],[22608, 15752],[22616, 15752],[22616, 15736],[22624, 15736],[22624, 15728],[22616, 15728],[22616, 15712],[22608, 15712],[22608, 15704],[22600, 15704],[22600, 15696],[22592, 15696],[22592, 15688],[22576, 15688],[22576, 15680],[22552, 15680],[22552, 15672],[22536, 15672],[22536, 15680],[22520, 15680],[22520, 15688],[22512, 15688]]]},"properties":{"objectType":"annotation","classification":{"name":"Ignore*","color":[180, 180, 180]},"isLocked":true}},{"type":"Feature","id":"0f0b6af5-9b7c-48ce-938c-2a52ef087458","geometry":{"type":"Polygon","coordinates":[[[22464, 15856],[22464, 15888],[22504, 15888],[22504, 15880],[22520, 15880],[22520, 15872],[22528, 15872],[22528, 15856],[22536, 15856],[22536, 15808],[22528, 15808],[22528, 15800],[22520, 15800],[22520, 15792],[22488, 15792],[22488, 15800],[22480, 15800],[22480, 15824],[22472, 15824],[22472, 15856],[22464, 15856]]]},"properties":{"objectType":"annotation","classification":{"name":"Ignore*","color":[180, 180, 180]},"isLocked":true}},{"type":"Feature","id":"e7b39d8e-73a7-43df-809a-a483d7acf68f","geometry":{"type":"Polygon","coordinates":[[[18472, 16008],[18472, 16024],[18512, 16024],[18512, 16016],[18584, 16016],[18584, 16008],[18608, 16008],[18608, 16000],[18616, 16000],[18616, 15984],[18608, 15984],[18608, 15960],[18616, 15960],[18616, 15944],[18624, 15944],[18624, 15936],[18632, 15936],[18632, 15928],[18640, 15928],[18640, 15920],[18648, 15920],[18648, 15912],[18656, 15912],[18656, 15904],[18664, 15904],[18664, 15888],[18672, 15888],[18672, 15880],[18680, 15880],[18680, 15872],[18688, 15872],[18688, 15864],[18696, 15864],[18696, 15848],[18704, 15848],[18704, 15840],[18720, 15840],[18720, 15832],[18728, 15832],[18728, 15824],[18736, 15824],[18736, 15816],[18744, 15816],[18744, 15808],[18752, 15808],[18752, 15800],[18760, 15800],[18760, 15792],[18768, 15792],[18768, 15784],[18776, 15784],[18776, 15768],[18784, 15768],[18784, 15752],[18792, 15752],[18792, 15736],[18800, 15736],[18800, 15696],[18784, 15696],[18784, 15688],[18768, 15688],[18768, 15696],[18752, 15696],[18752, 15704],[18736, 15704],[18736, 15712],[18728, 15712],[18728, 15720],[18720, 15720],[18720, 15728],[18712, 15728],[18712, 15736],[18704, 15736],[18704, 15752],[18696, 15752],[18696, 15768],[18688, 15768],[18688, 15776],[18680, 15776],[18680, 15784],[18672, 15784],[18672, 15792],[18656, 15792],[18656, 15800],[18648, 15800],[18648, 15808],[18640, 15808],[18640, 15816],[18632, 15816],[18632, 15824],[18624, 15824],[18624, 15832],[18616, 15832],[18616, 15840],[18608, 15840],[18608, 15848],[18600, 15848],[18600, 15856],[18592, 15856],[18592, 15864],[18584, 15864],[18584, 15872],[18576, 15872],[18576, 15880],[18560, 15880],[18560, 15888],[18544, 15888],[18544, 15896],[18536, 15896],[18536, 15904],[18528, 15904],[18528, 15920],[18520, 15920],[18520, 15928],[18512, 15928],[18512, 15944],[18504, 15944],[18504, 15960],[18496, 15960],[18496, 15976],[18488, 15976],[18488, 15992],[18480, 15992],[18480, 16008],[18472, 16008]]]},"properties":{"objectType":"annotation","classification":{"name":"Ignore*","color":[180, 180, 180]},"isLocked":true}},{"type":"Feature","id":"99953c1d-e692-47e6-9db1-197cbb9cbdae","geometry":{"type":"Polygon","coordinates":[[[19448, 16040],[19448, 16072],[19480, 16072],[19480, 16064],[19488, 16064],[19488, 16056],[19504, 16056],[19504, 16048],[19520, 16048],[19520, 16040],[19544, 16040],[19544, 16032],[19552, 16032],[19552, 16024],[19560, 16024],[19560, 16016],[19568, 16016],[19568, 16008],[19576, 16008],[19576, 16000],[19592, 16000],[19592, 15992],[19616, 15992],[19616, 15984],[19632, 15984],[19632, 15976],[19640, 15976],[19640, 15968],[19648, 15968],[19648, 15960],[19656, 15960],[19656, 15944],[19664, 15944],[19664, 15936],[19672, 15936],[19672, 15912],[19664, 15912],[19664, 15896],[19656, 15896],[19656, 15888],[19592, 15888],[19592, 15896],[19584, 15896],[19584, 15904],[19576, 15904],[19576, 15920],[19568, 15920],[19568, 15928],[19560, 15928],[19560, 15936],[19552, 15936],[19552, 15944],[19544, 15944],[19544, 15952],[19536, 15952],[19536, 15960],[19520, 15960],[19520, 15968],[19512, 15968],[19512, 15976],[19504, 15976],[19504, 15984],[19496, 15984],[19496, 16000],[19488, 16000],[19488, 16008],[19480, 16008],[19480, 16016],[19472, 16016],[19472, 16024],[19464, 16024],[19464, 16032],[19456, 16032],[19456, 16040],[19448, 16040]]]},"properties":{"objectType":"annotation","classification":{"name":"Ignore*","color":[180, 180, 180]},"isLocked":true}},{"type":"Feature","id":"1cfc7fa0-8361-4640-843a-b1f948edc487","geometry":{"type":"Polygon","coordinates":[[[14944, 16336],[14944, 16376],[14952, 16376],[14952, 16384],[14960, 16384],[14960, 16392],[15048, 16392],[15048, 16400],[15080, 16400],[15080, 16392],[15096, 16392],[15096, 16384],[15112, 16384],[15112, 16376],[15136, 16376],[15136, 16384],[15144, 16384],[15144, 16392],[15152, 16392],[15152, 16400],[15168, 16400],[15168, 16408],[15192, 16408],[15192, 16400],[15200, 16400],[15200, 16392],[15208, 16392],[15208, 16336],[15216, 16336],[15216, 16320],[15224, 16320],[15224, 16312],[15232, 16312],[15232, 16304],[15240, 16304],[15240, 16288],[15248, 16288],[15248, 16280],[15256, 16280],[15256, 16272],[15264, 16272],[15264, 16264],[15272, 16264],[15272, 16256],[15280, 16256],[15280, 16240],[15288, 16240],[15288, 16216],[15296, 16216],[15296, 16200],[15304, 16200],[15304, 16192],[15312, 16192],[15312, 16184],[15320, 16184],[15320, 16176],[15336, 16176],[15336, 16168],[15344, 16168],[15344, 16160],[15352, 16160],[15352, 16152],[15360, 16152],[15360, 16144],[15368, 16144],[15368, 16136],[15376, 16136],[15376, 16128],[15384, 16128],[15384, 16120],[15392, 16120],[15392, 16104],[15400, 16104],[15400, 16096],[15408, 16096],[15408, 16088],[15416, 16088],[15416, 16072],[15424, 16072],[15424, 16064],[15432, 16064],[15432, 16056],[15440, 16056],[15440, 16048],[15448, 16048],[15448, 16040],[15456, 16040],[15456, 16024],[15464, 16024],[15464, 16016],[15472, 16016],[15472, 16008],[15480, 16008],[15480, 16000],[15488, 16000],[15488, 15992],[15496, 15992],[15496, 15984],[15504, 15984],[15504, 15976],[15512, 15976],[15512, 15968],[15520, 15968],[15520, 15960],[15528, 15960],[15528, 15952],[15536, 15952],[15536, 15944],[15544, 15944],[15544, 15936],[15552, 15936],[15552, 15928],[15560, 15928],[15560, 15920],[15568, 15920],[15568, 15912],[15576, 15912],[15576, 15904],[15584, 15904],[15584, 15896],[15592, 15896],[15592, 15888],[15600, 15888],[15600, 15872],[15608, 15872],[15608, 15864],[15616, 15864],[15616, 15848],[15624, 15848],[15624, 15840],[15632, 15840],[15632, 15832],[15640, 15832],[15640, 15824],[15648, 15824],[15648, 15808],[15656, 15808],[15656, 15792],[15664, 15792],[15664, 15784],[15672, 15784],[15672, 15776],[15680, 15776],[15680, 15736],[15688, 15736],[15688, 15720],[15696, 15720],[15696, 15712],[15704, 15712],[15704, 15704],[15712, 15704],[15712, 15696],[15720, 15696],[15720, 15680],[15728, 15680],[15728, 15648],[15736, 15648],[15736, 15608],[15744, 15608],[15744, 15592],[15736, 15592],[15736, 15568],[15696, 15568],[15696, 15576],[15664, 15576],[15664, 15584],[15656, 15584],[15656, 15600],[15648, 15600],[15648, 15648],[15640, 15648],[15640, 15656],[15632, 15656],[15632, 15672],[15624, 15672],[15624, 15688],[15616, 15688],[15616, 15696],[15608, 15696],[15608, 15712],[15592, 15712],[15592, 15720],[15584, 15720],[15584, 15728],[15568, 15728],[15568, 15736],[15544, 15736],[15544, 15744],[15536, 15744],[15536, 15752],[15528, 15752],[15528, 15760],[15520, 15760],[15520, 15768],[15512, 15768],[15512, 15784],[15504, 15784],[15504, 15848],[15496, 15848],[15496, 15864],[15488, 15864],[15488, 15880],[15480, 15880],[15480, 15896],[15472, 15896],[15472, 15912],[15464, 15912],[15464, 15928],[15456, 15928],[15456, 15936],[15448, 15936],[15448, 15944],[15440, 15944],[15440, 15952],[15432, 15952],[15432, 15968],[15424, 15968],[15424, 15976],[15416, 15976],[15416, 15984],[15408, 15984],[15408, 16000],[15400, 16000],[15400, 16008],[15392, 16008],[15392, 16016],[15384, 16016],[15384, 16024],[15376, 16024],[15376, 16032],[15368, 16032],[15368, 16040],[15360, 16040],[15360, 16048],[15344, 16048],[15344, 16064],[15336, 16064],[15336, 16080],[15328, 16080],[15328, 16088],[15320, 16088],[15320, 16096],[15312, 16096],[15312, 16104],[15304, 16104],[15304, 16112],[15288, 16112],[15288, 16120],[15280, 16120],[15280, 16128],[15264, 16128],[15264, 16136],[15256, 16136],[15256, 16144],[15240, 16144],[15240, 16200],[15232, 16200],[15232, 16208],[15224, 16208],[15224, 16216],[15216, 16216],[15216, 16224],[15208, 16224],[15208, 16232],[15200, 16232],[15200, 16240],[15192, 16240],[15192, 16248],[15184, 16248],[15184, 16256],[15176, 16256],[15176, 16264],[15168, 16264],[15168, 16272],[15152, 16272],[15152, 16280],[15136, 16280],[15136, 16288],[15104, 16288],[15104, 16296],[15088, 16296],[15088, 16288],[15072, 16288],[15072, 16296],[15040, 16296],[15040, 16304],[14968, 16304],[14968, 16312],[14960, 16312],[14960, 16320],[14952, 16320],[14952, 16336],[14944, 16336]]]},"properties":{"objectType":"annotation","classification":{"name":"Ignore*","color":[180, 180, 180]},"isLocked":true}},{"type":"Feature","id":"bebbe504-1c2d-4f5a-8eb1-66bcd811862b","geometry":{"type":"Polygon","coordinates":[[[18664, 16040],[18664, 16088],[18672, 16088],[18672, 16104],[18680, 16104],[18680, 16112],[18696, 16112],[18696, 16120],[18704, 16120],[18704, 16128],[18720, 16128],[18720, 16136],[18760, 16136],[18760, 16128],[18768, 16128],[18768, 16080],[18760, 16080],[18760, 16064],[18752, 16064],[18752, 16056],[18744, 16056],[18744, 16048],[18728, 16048],[18728, 16040],[18720, 16040],[18720, 16032],[18672, 16032],[18672, 16040],[18664, 16040]]]},"properties":{"objectType":"annotation","classification":{"name":"Ignore*","color":[180, 180, 180]},"isLocked":true}},{"type":"Feature","id":"8b073501-ca2a-47df-bb45-2d93d6d6d342","geometry":{"type":"Polygon","coordinates":[[[19160, 16248],[19160, 16288],[19176, 16288],[19176, 16296],[19200, 16296],[19200, 16288],[19224, 16288],[19224, 16280],[19232, 16280],[19232, 16272],[19240, 16272],[19240, 16264],[19248, 16264],[19248, 16248],[19256, 16248],[19256, 16240],[19264, 16240],[19264, 16232],[19272, 16232],[19272, 16224],[19280, 16224],[19280, 16208],[19288, 16208],[19288, 16200],[19280, 16200],[19280, 16184],[19272, 16184],[19272, 16168],[19264, 16168],[19264, 16160],[19240, 16160],[19240, 16168],[19224, 16168],[19224, 16176],[19208, 16176],[19208, 16184],[19200, 16184],[19200, 16192],[19192, 16192],[19192, 16200],[19184, 16200],[19184, 16208],[19176, 16208],[19176, 16224],[19168, 16224],[19168, 16248],[19160, 16248]]]},"properties":{"objectType":"annotation","classification":{"name":"Ignore*","color":[180, 180, 180]},"isLocked":true}},{"type":"Feature","id":"f7b8cea9-8866-4821-8b8e-e0d2dd4f4049","geometry":{"type":"Polygon","coordinates":[[[15632, 16312],[15632, 16368],[15648, 16368],[15648, 16376],[15680, 16376],[15680, 16368],[15696, 16368],[15696, 16360],[15704, 16360],[15704, 16344],[15712, 16344],[15712, 16328],[15704, 16328],[15704, 16320],[15696, 16320],[15696, 16312],[15680, 16312],[15680, 16304],[15640, 16304],[15640, 16312],[15632, 16312]]]},"properties":{"objectType":"annotation","classification":{"name":"Ignore*","color":[180, 180, 180]},"isLocked":true}},{"type":"Feature","id":"d57c68ea-3378-4502-84fe-db08581c02c0","geometry":{"type":"Polygon","coordinates":[[[22360, 16456],[22360, 16488],[22376, 16488],[22376, 16496],[22424, 16496],[22424, 16488],[22440, 16488],[22440, 16480],[22456, 16480],[22456, 16472],[22472, 16472],[22472, 16464],[22480, 16464],[22480, 16456],[22488, 16456],[22488, 16448],[22504, 16448],[22504, 16432],[22512, 16432],[22512, 16424],[22520, 16424],[22520, 16400],[22528, 16400],[22528, 16384],[22536, 16384],[22536, 16368],[22544, 16368],[22544, 16352],[22552, 16352],[22552, 16328],[22560, 16328],[22560, 16312],[22552, 16312],[22552, 16304],[22512, 16304],[22512, 16312],[22488, 16312],[22488, 16320],[22480, 16320],[22480, 16328],[22464, 16328],[22464, 16336],[22448, 16336],[22448, 16344],[22440, 16344],[22440, 16352],[22432, 16352],[22432, 16360],[22424, 16360],[22424, 16368],[22416, 16368],[22416, 16384],[22408, 16384],[22408, 16392],[22400, 16392],[22400, 16408],[22392, 16408],[22392, 16416],[22384, 16416],[22384, 16424],[22376, 16424],[22376, 16440],[22368, 16440],[22368, 16456],[22360, 16456]]]},"properties":{"objectType":"annotation","classification":{"name":"Ignore*","color":[180, 180, 180]},"isLocked":true}},{"type":"Feature","id":"365e1f29-94e7-4a6a-abb4-a323879abb6d","geometry":{"type":"Polygon","coordinates":[[[22096, 16400],[22096, 16432],[22104, 16432],[22104, 16440],[22128, 16440],[22128, 16432],[22136, 16432],[22136, 16424],[22144, 16424],[22144, 16400],[22136, 16400],[22136, 16392],[22128, 16392],[22128, 16384],[22120, 16384],[22120, 16392],[22104, 16392],[22104, 16400],[22096, 16400]]]},"properties":{"objectType":"annotation","classification":{"name":"Ignore*","color":[180, 180, 180]},"isLocked":true}},{"type":"Feature","id":"2dbaa6e0-1386-4984-9a25-c8da6d888b4c","geometry":{"type":"Polygon","coordinates":[[[16160, 16456],[16160, 16504],[16168, 16504],[16168, 16520],[16208, 16520],[16208, 16512],[16216, 16512],[16216, 16504],[16224, 16504],[16224, 16496],[16232, 16496],[16232, 16488],[16248, 16488],[16248, 16480],[16256, 16480],[16256, 16472],[16264, 16472],[16264, 16464],[16272, 16464],[16272, 16456],[16280, 16456],[16280, 16448],[16288, 16448],[16288, 16440],[16296, 16440],[16296, 16424],[16304, 16424],[16304, 16408],[16312, 16408],[16312, 16400],[16320, 16400],[16320, 16392],[16328, 16392],[16328, 16376],[16336, 16376],[16336, 16368],[16344, 16368],[16344, 16344],[16352, 16344],[16352, 16320],[16344, 16320],[16344, 16312],[16304, 16312],[16304, 16320],[16288, 16320],[16288, 16328],[16280, 16328],[16280, 16336],[16272, 16336],[16272, 16352],[16256, 16352],[16256, 16360],[16248, 16360],[16248, 16368],[16224, 16368],[16224, 16376],[16208, 16376],[16208, 16384],[16200, 16384],[16200, 16400],[16192, 16400],[16192, 16416],[16184, 16416],[16184, 16432],[16176, 16432],[16176, 16448],[16168, 16448],[16168, 16456],[16160, 16456]]]},"properties":{"objectType":"annotation","classification":{"name":"Ignore*","color":[180, 180, 180]},"isLocked":true}},{"type":"Feature","id":"7cf8c2da-8dfd-4079-b089-f7bf8b48e49a","geometry":{"type":"Polygon","coordinates":[[[19008, 16392],[19008, 16448],[19016, 16448],[19016, 16456],[19024, 16456],[19024, 16464],[19032, 16464],[19032, 16472],[19040, 16472],[19040, 16480],[19048, 16480],[19048, 16488],[19064, 16488],[19064, 16496],[19096, 16496],[19096, 16488],[19112, 16488],[19112, 16480],[19120, 16480],[19120, 16472],[19128, 16472],[19128, 16456],[19136, 16456],[19136, 16440],[19128, 16440],[19128, 16432],[19120, 16432],[19120, 16424],[19104, 16424],[19104, 16416],[19088, 16416],[19088, 16408],[19080, 16408],[19080, 16400],[19072, 16400],[19072, 16392],[19064, 16392],[19064, 16384],[19056, 16384],[19056, 16376],[19016, 16376],[19016, 16392],[19008, 16392]]]},"properties":{"objectType":"annotation","classification":{"name":"Ignore*","color":[180, 180, 180]},"isLocked":true}},{"type":"Feature","id":"13ec3a32-07eb-4251-9b66-de3ab10a669f","geometry":{"type":"Polygon","coordinates":[[[22224, 16568],[22224, 16608],[22240, 16608],[22240, 16616],[22264, 16616],[22264, 16608],[22272, 16608],[22272, 16600],[22280, 16600],[22280, 16592],[22288, 16592],[22288, 16576],[22296, 16576],[22296, 16568],[22304, 16568],[22304, 16560],[22312, 16560],[22312, 16552],[22320, 16552],[22320, 16528],[22328, 16528],[22328, 16512],[22320, 16512],[22320, 16504],[22288, 16504],[22288, 16512],[22272, 16512],[22272, 16520],[22264, 16520],[22264, 16528],[22256, 16528],[22256, 16536],[22248, 16536],[22248, 16544],[22240, 16544],[22240, 16552],[22232, 16552],[22232, 16568],[22224, 16568]]]},"properties":{"objectType":"annotation","classification":{"name":"Ignore*","color":[180, 180, 180]},"isLocked":true}},{"type":"Feature","id":"0fc7933a-3331-4ea1-b693-b5c26d4d72d0","geometry":{"type":"Polygon","coordinates":[[[15504, 16624],[15504, 16664],[15512, 16664],[15512, 16672],[15520, 16672],[15520, 16680],[15528, 16680],[15528, 16688],[15536, 16688],[15536, 16696],[15576, 16696],[15576, 16688],[15600, 16688],[15600, 16680],[15608, 16680],[15608, 16672],[15616, 16672],[15616, 16656],[15608, 16656],[15608, 16640],[15600, 16640],[15600, 16632],[15592, 16632],[15592, 16624],[15584, 16624],[15584, 16616],[15560, 16616],[15560, 16608],[15528, 16608],[15528, 16616],[15512, 16616],[15512, 16624],[15504, 16624]]]},"properties":{"objectType":"annotation","classification":{"name":"Ignore*","color":[180, 180, 180]},"isLocked":true}},{"type":"Feature","id":"11bb9153-777c-4870-86c4-6cdb73a032ca","geometry":{"type":"Polygon","coordinates":[[[15240, 16640],[15240, 16672],[15248, 16672],[15248, 16688],[15256, 16688],[15256, 16712],[15264, 16712],[15264, 16720],[15280, 16720],[15280, 16728],[15328, 16728],[15328, 16720],[15336, 16720],[15336, 16712],[15344, 16712],[15344, 16704],[15360, 16704],[15360, 16696],[15368, 16696],[15368, 16688],[15384, 16688],[15384, 16680],[15392, 16680],[15392, 16624],[15384, 16624],[15384, 16608],[15336, 16608],[15336, 16616],[15328, 16616],[15328, 16624],[15320, 16624],[15320, 16632],[15248, 16632],[15248, 16640],[15240, 16640]]]},"properties":{"objectType":"annotation","classification":{"name":"Ignore*","color":[180, 180, 180]},"isLocked":true}},{"type":"Feature","id":"f37b8b52-6146-4931-9342-a71192d00ad7","geometry":{"type":"Polygon","coordinates":[[[22280, 16736],[22280, 16784],[22288, 16784],[22288, 16792],[22320, 16792],[22320, 16784],[22328, 16784],[22328, 16776],[22336, 16776],[22336, 16744],[22328, 16744],[22328, 16736],[22320, 16736],[22320, 16728],[22312, 16728],[22312, 16720],[22296, 16720],[22296, 16728],[22288, 16728],[22288, 16736],[22280, 16736]]]},"properties":{"objectType":"annotation","classification":{"name":"Ignore*","color":[180, 180, 180]},"isLocked":true}},{"type":"Feature","id":"1259fc10-727b-47e0-a921-c4cdd129b725","geometry":{"type":"Polygon","coordinates":[[[14768, 16800],[14768, 16832],[14776, 16832],[14776, 16848],[14784, 16848],[14784, 16872],[14776, 16872],[14776, 16912],[14784, 16912],[14784, 16928],[14792, 16928],[14792, 16936],[14824, 16936],[14824, 16928],[14840, 16928],[14840, 16920],[14856, 16920],[14856, 16912],[14880, 16912],[14880, 16904],[14896, 16904],[14896, 16896],[14912, 16896],[14912, 16888],[14928, 16888],[14928, 16880],[14944, 16880],[14944, 16872],[14960, 16872],[14960, 16864],[14976, 16864],[14976, 16856],[14984, 16856],[14984, 16848],[14976, 16848],[14976, 16840],[14968, 16840],[14968, 16832],[14952, 16832],[14952, 16824],[14944, 16824],[14944, 16816],[14936, 16816],[14936, 16808],[14912, 16808],[14912, 16800],[14864, 16800],[14864, 16792],[14832, 16792],[14832, 16784],[14808, 16784],[14808, 16776],[14792, 16776],[14792, 16784],[14776, 16784],[14776, 16800],[14768, 16800]]]},"properties":{"objectType":"annotation","classification":{"name":"Ignore*","color":[180, 180, 180]},"isLocked":true}},{"type":"Feature","id":"ce82f48f-e3b2-401a-9431-fe10afde33b7","geometry":{"type":"Polygon","coordinates":[[[21968, 16856],[21968, 16880],[21976, 16880],[21976, 16896],[21984, 16896],[21984, 16904],[21992, 16904],[21992, 16912],[22008, 16912],[22008, 16920],[22032, 16920],[22032, 16912],[22040, 16912],[22040, 16904],[22048, 16904],[22048, 16872],[22040, 16872],[22040, 16856],[22032, 16856],[22032, 16848],[22016, 16848],[22016, 16840],[21984, 16840],[21984, 16848],[21976, 16848],[21976, 16856],[21968, 16856]]]},"properties":{"objectType":"annotation","classification":{"name":"Ignore*","color":[180, 180, 180]},"isLocked":true}},{"type":"Feature","id":"a14a4cd5-488f-43c2-b063-4ffd1ea47fa3","geometry":{"type":"Polygon","coordinates":[[[15000, 16864],[15000, 16896],[15008, 16896],[15008, 16904],[15040, 16904],[15040, 16896],[15048, 16896],[15048, 16872],[15032, 16872],[15032, 16864],[15000, 16864]]]},"properties":{"objectType":"annotation","classification":{"name":"Ignore*","color":[180, 180, 180]},"isLocked":true}},{"type":"Feature","id":"a51c1d86-c446-47a2-8ea9-7d4d0de43755","geometry":{"type":"Polygon","coordinates":[[[15152, 16888],[15152, 16912],[15160, 16912],[15160, 16920],[15208, 16920],[15208, 16912],[15216, 16912],[15216, 16896],[15224, 16896],[15224, 16872],[15216, 16872],[15216, 16864],[15208, 16864],[15208, 16856],[15192, 16856],[15192, 16848],[15176, 16848],[15176, 16856],[15168, 16856],[15168, 16864],[15160, 16864],[15160, 16888],[15152, 16888]]]},"properties":{"objectType":"annotation","classification":{"name":"Ignore*","color":[180, 180, 180]},"isLocked":true}},{"type":"Feature","id":"b98ab924-4993-4e94-9139-878529c502a7","geometry":{"type":"Polygon","coordinates":[[[15928, 17048],[15928, 17080],[15936, 17080],[15936, 17088],[15944, 17088],[15944, 17096],[15952, 17096],[15952, 17104],[15960, 17104],[15960, 17112],[15984, 17112],[15984, 17120],[16048, 17120],[16048, 17112],[16064, 17112],[16064, 17104],[16072, 17104],[16072, 17088],[16080, 17088],[16080, 17080],[16072, 17080],[16072, 17064],[16064, 17064],[16064, 17048],[16056, 17048],[16056, 17040],[16048, 17040],[16048, 16960],[16040, 16960],[16040, 16944],[16024, 16944],[16024, 16936],[16000, 16936],[16000, 16944],[15976, 16944],[15976, 16952],[15968, 16952],[15968, 16960],[15960, 16960],[15960, 17024],[15952, 17024],[15952, 17032],[15944, 17032],[15944, 17040],[15936, 17040],[15936, 17048],[15928, 17048]]]},"properties":{"objectType":"annotation","classification":{"name":"Ignore*","color":[180, 180, 180]},"isLocked":true}},{"type":"Feature","id":"1581fa53-ed20-4c8a-930f-d4b0c375f78f","geometry":{"type":"Polygon","coordinates":[[[21784, 17072],[21784, 17080],[21792, 17080],[21792, 17088],[21800, 17088],[21800, 17096],[21832, 17096],[21832, 17088],[21848, 17088],[21848, 17080],[21856, 17080],[21856, 17072],[21864, 17072],[21864, 17040],[21856, 17040],[21856, 17032],[21832, 17032],[21832, 17024],[21824, 17024],[21824, 17032],[21808, 17032],[21808, 17040],[21800, 17040],[21800, 17048],[21792, 17048],[21792, 17072],[21784, 17072]]]},"properties":{"objectType":"annotation","classification":{"name":"Ignore*","color":[180, 180, 180]},"isLocked":true}},{"type":"Feature","id":"1b62048e-af10-4129-ba5c-005f16084147","geometry":{"type":"Polygon","coordinates":[[[17368, 17104],[17368, 17144],[17384, 17144],[17384, 17152],[17424, 17152],[17424, 17144],[17432, 17144],[17432, 17136],[17440, 17136],[17440, 17096],[17432, 17096],[17432, 17088],[17416, 17088],[17416, 17080],[17392, 17080],[17392, 17088],[17384, 17088],[17384, 17096],[17376, 17096],[17376, 17104],[17368, 17104]]]},"properties":{"objectType":"annotation","classification":{"name":"Ignore*","color":[180, 180, 180]},"isLocked":true}},{"type":"Feature","id":"14a5fe45-b67a-468d-9e63-272148c9a7c7","geometry":{"type":"Polygon","coordinates":[[[21840, 17568],[21840, 17600],[21848, 17600],[21848, 17616],[21856, 17616],[21856, 17624],[21872, 17624],[21872, 17616],[21888, 17616],[21888, 17608],[21896, 17608],[21896, 17600],[21904, 17600],[21904, 17592],[21920, 17592],[21920, 17584],[21952, 17584],[21952, 17592],[21976, 17592],[21976, 17600],[22000, 17600],[22000, 17592],[22008, 17592],[22008, 17584],[22016, 17584],[22016, 17568],[22024, 17568],[22024, 17480],[22032, 17480],[22032, 17456],[22040, 17456],[22040, 17432],[22048, 17432],[22048, 17400],[22056, 17400],[22056, 17368],[22064, 17368],[22064, 17344],[22072, 17344],[22072, 17336],[22080, 17336],[22080, 17320],[22088, 17320],[22088, 17272],[22096, 17272],[22096, 17248],[22104, 17248],[22104, 17232],[22152, 17232],[22152, 17240],[22216, 17240],[22216, 17232],[22232, 17232],[22232, 17224],[22240, 17224],[22240, 17208],[22248, 17208],[22248, 17184],[22240, 17184],[22240, 17168],[22232, 17168],[22232, 17160],[22208, 17160],[22208, 17168],[22184, 17168],[22184, 17160],[22168, 17160],[22168, 17152],[22160, 17152],[22160, 17144],[22152, 17144],[22152, 17136],[22144, 17136],[22144, 17128],[22136, 17128],[22136, 17120],[22120, 17120],[22120, 17112],[22112, 17112],[22112, 17120],[22096, 17120],[22096, 17128],[22080, 17128],[22080, 17136],[22072, 17136],[22072, 17144],[22064, 17144],[22064, 17160],[22056, 17160],[22056, 17176],[22048, 17176],[22048, 17192],[22040, 17192],[22040, 17208],[22032, 17208],[22032, 17216],[22024, 17216],[22024, 17224],[22016, 17224],[22016, 17240],[22008, 17240],[22008, 17248],[22000, 17248],[22000, 17256],[21992, 17256],[21992, 17272],[21984, 17272],[21984, 17288],[21976, 17288],[21976, 17296],[21968, 17296],[21968, 17312],[21960, 17312],[21960, 17328],[21952, 17328],[21952, 17344],[21944, 17344],[21944, 17352],[21936, 17352],[21936, 17360],[21928, 17360],[21928, 17368],[21920, 17368],[21920, 17376],[21912, 17376],[21912, 17400],[21904, 17400],[21904, 17416],[21896, 17416],[21896, 17440],[21888, 17440],[21888, 17456],[21880, 17456],[21880, 17480],[21872, 17480],[21872, 17512],[21864, 17512],[21864, 17536],[21856, 17536],[21856, 17544],[21848, 17544],[21848, 17568],[21840, 17568]]]},"properties":{"objectType":"annotation","classification":{"name":"Ignore*","color":[180, 180, 180]},"isLocked":true}},{"type":"Feature","id":"e4f75de7-be84-4419-b69e-bd6b72c10699","geometry":{"type":"Polygon","coordinates":[[[16424, 17240],[16424, 17312],[16432, 17312],[16432, 17328],[16440, 17328],[16440, 17344],[16448, 17344],[16448, 17376],[16456, 17376],[16456, 17392],[16464, 17392],[16464, 17416],[16472, 17416],[16472, 17432],[16480, 17432],[16480, 17488],[16472, 17488],[16472, 17512],[16464, 17512],[16464, 17528],[16456, 17528],[16456, 17568],[16464, 17568],[16464, 17592],[16472, 17592],[16472, 17608],[16480, 17608],[16480, 17624],[16472, 17624],[16472, 17632],[16464, 17632],[16464, 17648],[16456, 17648],[16456, 17688],[16472, 17688],[16472, 17696],[16488, 17696],[16488, 17688],[16504, 17688],[16504, 17664],[16512, 17664],[16512, 17648],[16520, 17648],[16520, 17640],[16576, 17640],[16576, 17624],[16584, 17624],[16584, 17600],[16576, 17600],[16576, 17584],[16560, 17584],[16560, 17576],[16544, 17576],[16544, 17568],[16536, 17568],[16536, 17544],[16544, 17544],[16544, 17376],[16536, 17376],[16536, 17352],[16528, 17352],[16528, 17328],[16536, 17328],[16536, 17320],[16552, 17320],[16552, 17312],[16560, 17312],[16560, 17320],[16592, 17320],[16592, 17328],[16664, 17328],[16664, 17336],[16704, 17336],[16704, 17328],[16720, 17328],[16720, 17320],[16728, 17320],[16728, 17312],[16736, 17312],[16736, 17304],[16744, 17304],[16744, 17296],[16752, 17296],[16752, 17288],[16768, 17288],[16768, 17280],[16776, 17280],[16776, 17248],[16768, 17248],[16768, 17240],[16760, 17240],[16760, 17232],[16736, 17232],[16736, 17224],[16688, 17224],[16688, 17232],[16672, 17232],[16672, 17240],[16656, 17240],[16656, 17248],[16624, 17248],[16624, 17256],[16560, 17256],[16560, 17248],[16544, 17248],[16544, 17240],[16528, 17240],[16528, 17232],[16520, 17232],[16520, 17224],[16440, 17224],[16440, 17232],[16432, 17232],[16432, 17240],[16424, 17240]]]},"properties":{"objectType":"annotation","classification":{"name":"Ignore*","color":[180, 180, 180]},"isLocked":true}},{"type":"Feature","id":"5d3ea54b-ec75-4a42-98f2-7e470541e2d1","geometry":{"type":"Polygon","coordinates":[[[15912, 17416],[15912, 17440],[15920, 17440],[15920, 17448],[15928, 17448],[15928, 17464],[15944, 17464],[15944, 17472],[15976, 17472],[15976, 17464],[16016, 17464],[16016, 17456],[16024, 17456],[16024, 17448],[16032, 17448],[16032, 17400],[16024, 17400],[16024, 17392],[16016, 17392],[16016, 17384],[15952, 17384],[15952, 17392],[15928, 17392],[15928, 17400],[15920, 17400],[15920, 17416],[15912, 17416]]]},"properties":{"objectType":"annotation","classification":{"name":"Ignore*","color":[180, 180, 180]},"isLocked":true}},{"type":"Feature","id":"93271195-61e8-4e30-ba3c-cb4cfb54f00d","geometry":{"type":"Polygon","coordinates":[[[15952, 17800],[15952, 17872],[16000, 17872],[16000, 17864],[16008, 17864],[16008, 17856],[16016, 17856],[16016, 17832],[16024, 17832],[16024, 17824],[16032, 17824],[16032, 17808],[16040, 17808],[16040, 17760],[16048, 17760],[16048, 17736],[16056, 17736],[16056, 17696],[16064, 17696],[16064, 17624],[16072, 17624],[16072, 17608],[16080, 17608],[16080, 17576],[16088, 17576],[16088, 17536],[16096, 17536],[16096, 17496],[16104, 17496],[16104, 17480],[16112, 17480],[16112, 17464],[16120, 17464],[16120, 17456],[16128, 17456],[16128, 17440],[16136, 17440],[16136, 17416],[16144, 17416],[16144, 17392],[16152, 17392],[16152, 17336],[16160, 17336],[16160, 17320],[16168, 17320],[16168, 17304],[16176, 17304],[16176, 17280],[16184, 17280],[16184, 17256],[16176, 17256],[16176, 17248],[16168, 17248],[16168, 17240],[16160, 17240],[16160, 17248],[16144, 17248],[16144, 17256],[16136, 17256],[16136, 17272],[16128, 17272],[16128, 17288],[16120, 17288],[16120, 17304],[16112, 17304],[16112, 17320],[16104, 17320],[16104, 17336],[16096, 17336],[16096, 17360],[16088, 17360],[16088, 17400],[16080, 17400],[16080, 17424],[16072, 17424],[16072, 17440],[16064, 17440],[16064, 17456],[16056, 17456],[16056, 17472],[16048, 17472],[16048, 17488],[16040, 17488],[16040, 17504],[16032, 17504],[16032, 17520],[16024, 17520],[16024, 17560],[16016, 17560],[16016, 17592],[16008, 17592],[16008, 17616],[16000, 17616],[16000, 17640],[15992, 17640],[15992, 17704],[15984, 17704],[15984, 17720],[15976, 17720],[15976, 17736],[15968, 17736],[15968, 17784],[15960, 17784],[15960, 17800],[15952, 17800]]]},"properties":{"objectType":"annotation","classification":{"name":"Ignore*","color":[180, 180, 180]},"isLocked":true}},{"type":"Feature","id":"08d23359-01d4-4bcd-b1a0-a0551c348a89","geometry":{"type":"Polygon","coordinates":[[[22000, 17624],[22000, 17640],[22008, 17640],[22008, 17656],[22016, 17656],[22016, 17664],[22064, 17664],[22064, 17656],[22080, 17656],[22080, 17608],[22072, 17608],[22072, 17592],[22064, 17592],[22064, 17584],[22056, 17584],[22056, 17592],[22032, 17592],[22032, 17600],[22016, 17600],[22016, 17608],[22008, 17608],[22008, 17624],[22000, 17624]]]},"properties":{"objectType":"annotation","classification":{"name":"Ignore*","color":[180, 180, 180]},"isLocked":true}},{"type":"Feature","id":"8dabe00d-fd7d-4708-af9e-a797b5a56452","geometry":{"type":"Polygon","coordinates":[[[14648, 17888],[14648, 17928],[14672, 17928],[14672, 17920],[14688, 17920],[14688, 17912],[14696, 17912],[14696, 17904],[14704, 17904],[14704, 17896],[14712, 17896],[14712, 17888],[14720, 17888],[14720, 17880],[14728, 17880],[14728, 17872],[14736, 17872],[14736, 17864],[14752, 17864],[14752, 17848],[14760, 17848],[14760, 17832],[14768, 17832],[14768, 17816],[14776, 17816],[14776, 17808],[14784, 17808],[14784, 17792],[14792, 17792],[14792, 17784],[14800, 17784],[14800, 17768],[14808, 17768],[14808, 17752],[14816, 17752],[14816, 17736],[14824, 17736],[14824, 17728],[14832, 17728],[14832, 17712],[14840, 17712],[14840, 17664],[14832, 17664],[14832, 17656],[14816, 17656],[14816, 17648],[14800, 17648],[14800, 17656],[14784, 17656],[14784, 17664],[14776, 17664],[14776, 17672],[14768, 17672],[14768, 17680],[14752, 17680],[14752, 17688],[14744, 17688],[14744, 17696],[14736, 17696],[14736, 17704],[14728, 17704],[14728, 17720],[14720, 17720],[14720, 17736],[14712, 17736],[14712, 17752],[14704, 17752],[14704, 17768],[14696, 17768],[14696, 17784],[14688, 17784],[14688, 17808],[14680, 17808],[14680, 17824],[14672, 17824],[14672, 17848],[14664, 17848],[14664, 17864],[14656, 17864],[14656, 17888],[14648, 17888]]]},"properties":{"objectType":"annotation","classification":{"name":"Ignore*","color":[180, 180, 180]},"isLocked":true}},{"type":"Feature","id":"1ea0f190-813f-4bed-ad90-d49a79b62904","geometry":{"type":"Polygon","coordinates":[[[21872, 17984],[21872, 18016],[21880, 18016],[21880, 18024],[21888, 18024],[21888, 18032],[21912, 18032],[21912, 18024],[21936, 18024],[21936, 18016],[21960, 18016],[21960, 18008],[22000, 18008],[22000, 18000],[22040, 18000],[22040, 17992],[22056, 17992],[22056, 17984],[22064, 17984],[22064, 17952],[22056, 17952],[22056, 17944],[22048, 17944],[22048, 17936],[22000, 17936],[22000, 17928],[21984, 17928],[21984, 17936],[21952, 17936],[21952, 17944],[21944, 17944],[21944, 17952],[21928, 17952],[21928, 17960],[21920, 17960],[21920, 17968],[21904, 17968],[21904, 17976],[21880, 17976],[21880, 17984],[21872, 17984]]]},"properties":{"objectType":"annotation","classification":{"name":"Ignore*","color":[180, 180, 180]},"isLocked":true}},{"type":"Feature","id":"5f0473d9-ceba-4427-89a1-fe3c763fd996","geometry":{"type":"Polygon","coordinates":[[[16192, 18072],[16192, 18104],[16200, 18104],[16200, 18112],[16208, 18112],[16208, 18120],[16232, 18120],[16232, 18112],[16248, 18112],[16248, 18104],[16256, 18104],[16256, 18096],[16264, 18096],[16264, 18088],[16280, 18088],[16280, 18080],[16288, 18080],[16288, 18064],[16296, 18064],[16296, 17992],[16288, 17992],[16288, 17984],[16280, 17984],[16280, 17976],[16264, 17976],[16264, 17984],[16248, 17984],[16248, 17992],[16240, 17992],[16240, 18000],[16232, 18000],[16232, 18016],[16224, 18016],[16224, 18024],[16216, 18024],[16216, 18040],[16208, 18040],[16208, 18048],[16200, 18048],[16200, 18072],[16192, 18072]]]},"properties":{"objectType":"annotation","classification":{"name":"Ignore*","color":[180, 180, 180]},"isLocked":true}},{"type":"Feature","id":"274e032e-4f58-4fbe-bced-b3680e6481a9","geometry":{"type":"Polygon","coordinates":[[[15384, 18016],[15384, 18096],[15392, 18096],[15392, 18104],[15400, 18104],[15400, 18112],[15408, 18112],[15408, 18120],[15424, 18120],[15424, 18112],[15432, 18112],[15432, 18104],[15440, 18104],[15440, 18016],[15432, 18016],[15432, 18008],[15424, 18008],[15424, 18000],[15400, 18000],[15400, 18008],[15392, 18008],[15392, 18016],[15384, 18016]]]},"properties":{"objectType":"annotation","classification":{"name":"Ignore*","color":[180, 180, 180]},"isLocked":true}},{"type":"Feature","id":"4ce8d342-001b-4d48-b23f-2257e2c7f3ae","geometry":{"type":"Polygon","coordinates":[[[16360, 18208],[16360, 18256],[16368, 18256],[16368, 18264],[16376, 18264],[16376, 18272],[16392, 18272],[16392, 18264],[16408, 18264],[16408, 18256],[16416, 18256],[16416, 18240],[16424, 18240],[16424, 18232],[16432, 18232],[16432, 18224],[16440, 18224],[16440, 18216],[16464, 18216],[16464, 18208],[16480, 18208],[16480, 18200],[16496, 18200],[16496, 18192],[16504, 18192],[16504, 18184],[16512, 18184],[16512, 18176],[16520, 18176],[16520, 18168],[16536, 18168],[16536, 18160],[16544, 18160],[16544, 18152],[16552, 18152],[16552, 18096],[16544, 18096],[16544, 18080],[16504, 18080],[16504, 18088],[16496, 18088],[16496, 18096],[16480, 18096],[16480, 18104],[16472, 18104],[16472, 18112],[16464, 18112],[16464, 18120],[16456, 18120],[16456, 18128],[16440, 18128],[16440, 18144],[16432, 18144],[16432, 18152],[16424, 18152],[16424, 18160],[16408, 18160],[16408, 18168],[16400, 18168],[16400, 18176],[16384, 18176],[16384, 18184],[16376, 18184],[16376, 18192],[16368, 18192],[16368, 18208],[16360, 18208]]]},"properties":{"objectType":"annotation","classification":{"name":"Ignore*","color":[180, 180, 180]},"isLocked":true}},{"type":"Feature","id":"01462921-0d01-4fb5-bcd1-f8482819b0d2","geometry":{"type":"Polygon","coordinates":[[[17488, 18152],[17488, 18184],[17496, 18184],[17496, 18216],[17488, 18216],[17488, 18240],[17504, 18240],[17504, 18248],[17528, 18248],[17528, 18256],[17560, 18256],[17560, 18248],[17592, 18248],[17592, 18240],[17600, 18240],[17600, 18232],[17608, 18232],[17608, 18216],[17616, 18216],[17616, 18176],[17608, 18176],[17608, 18152],[17600, 18152],[17600, 18136],[17592, 18136],[17592, 18128],[17584, 18128],[17584, 18120],[17576, 18120],[17576, 18112],[17568, 18112],[17568, 18104],[17536, 18104],[17536, 18112],[17528, 18112],[17528, 18120],[17512, 18120],[17512, 18128],[17504, 18128],[17504, 18136],[17496, 18136],[17496, 18152],[17488, 18152]]]},"properties":{"objectType":"annotation","classification":{"name":"Ignore*","color":[180, 180, 180]},"isLocked":true}},{"type":"Feature","id":"e739bca3-45e0-436f-97b5-6734643d6aaa","geometry":{"type":"Polygon","coordinates":[[[16200, 18176],[16200, 18192],[16208, 18192],[16208, 18208],[16216, 18208],[16216, 18216],[16232, 18216],[16232, 18224],[16256, 18224],[16256, 18216],[16264, 18216],[16264, 18192],[16256, 18192],[16256, 18184],[16240, 18184],[16240, 18176],[16200, 18176]]]},"properties":{"objectType":"annotation","classification":{"name":"Ignore*","color":[180, 180, 180]},"isLocked":true}},{"type":"Feature","id":"ef548daf-2760-4174-b70b-b3549bbeb36a","geometry":{"type":"Polygon","coordinates":[[[16272, 18232],[16272, 18256],[16280, 18256],[16280, 18264],[16296, 18264],[16296, 18256],[16304, 18256],[16304, 18240],[16296, 18240],[16296, 18232],[16288, 18232],[16288, 18224],[16280, 18224],[16280, 18232],[16272, 18232]]]},"properties":{"objectType":"annotation","classification":{"name":"Ignore*","color":[180, 180, 180]},"isLocked":true}},{"type":"Feature","id":"b807f4ba-fed7-439e-a1fc-923d732a8c07","geometry":{"type":"Polygon","coordinates":[[[17328, 18392],[17328, 18424],[17336, 18424],[17336, 18432],[17344, 18432],[17344, 18440],[17352, 18440],[17352, 18448],[17360, 18448],[17360, 18456],[17368, 18456],[17368, 18464],[17376, 18464],[17376, 18472],[17392, 18472],[17392, 18480],[17424, 18480],[17424, 18472],[17432, 18472],[17432, 18464],[17440, 18464],[17440, 18456],[17448, 18456],[17448, 18448],[17456, 18448],[17456, 18432],[17464, 18432],[17464, 18416],[17472, 18416],[17472, 18400],[17480, 18400],[17480, 18336],[17472, 18336],[17472, 18320],[17480, 18320],[17480, 18296],[17488, 18296],[17488, 18272],[17480, 18272],[17480, 18240],[17448, 18240],[17448, 18248],[17432, 18248],[17432, 18256],[17424, 18256],[17424, 18264],[17416, 18264],[17416, 18272],[17408, 18272],[17408, 18280],[17392, 18280],[17392, 18288],[17384, 18288],[17384, 18296],[17376, 18296],[17376, 18304],[17368, 18304],[17368, 18320],[17360, 18320],[17360, 18336],[17352, 18336],[17352, 18360],[17344, 18360],[17344, 18376],[17336, 18376],[17336, 18392],[17328, 18392]]]},"properties":{"objectType":"annotation","classification":{"name":"Ignore*","color":[180, 180, 180]},"isLocked":true}},{"type":"Feature","id":"71c5c500-1638-4930-9f7f-daf5e22f0a0b","geometry":{"type":"Polygon","coordinates":[[[21920, 18352],[21920, 18408],[21928, 18408],[21928, 18424],[21936, 18424],[21936, 18448],[21944, 18448],[21944, 18464],[21952, 18464],[21952, 18472],[21960, 18472],[21960, 18480],[21976, 18480],[21976, 18488],[22016, 18488],[22016, 18480],[22024, 18480],[22024, 18472],[22032, 18472],[22032, 18464],[22040, 18464],[22040, 18448],[22056, 18448],[22056, 18440],[22064, 18440],[22064, 18432],[22072, 18432],[22072, 18424],[22080, 18424],[22080, 18416],[22088, 18416],[22088, 18400],[22096, 18400],[22096, 18392],[22112, 18392],[22112, 18376],[22104, 18376],[22104, 18368],[22096, 18368],[22096, 18360],[22088, 18360],[22088, 18352],[22080, 18352],[22080, 18344],[22072, 18344],[22072, 18336],[22056, 18336],[22056, 18328],[22040, 18328],[22040, 18320],[22024, 18320],[22024, 18312],[22008, 18312],[22008, 18320],[21984, 18320],[21984, 18328],[21944, 18328],[21944, 18336],[21936, 18336],[21936, 18344],[21928, 18344],[21928, 18352],[21920, 18352]]]},"properties":{"objectType":"annotation","classification":{"name":"Ignore*","color":[180, 180, 180]},"isLocked":true}},{"type":"Feature","id":"bbd19d14-34bf-440f-9d28-c16bf2760953","geometry":{"type":"Polygon","coordinates":[[[16424, 18416],[16424, 18448],[16432, 18448],[16432, 18480],[16424, 18480],[16424, 18584],[16432, 18584],[16432, 18592],[16440, 18592],[16440, 18600],[16472, 18600],[16472, 18592],[16480, 18592],[16480, 18584],[16488, 18584],[16488, 18576],[16496, 18576],[16496, 18560],[16504, 18560],[16504, 18512],[16512, 18512],[16512, 18464],[16520, 18464],[16520, 18424],[16512, 18424],[16512, 18392],[16504, 18392],[16504, 18376],[16496, 18376],[16496, 18368],[16488, 18368],[16488, 18352],[16480, 18352],[16480, 18344],[16464, 18344],[16464, 18336],[16456, 18336],[16456, 18344],[16448, 18344],[16448, 18360],[16440, 18360],[16440, 18392],[16432, 18392],[16432, 18416],[16424, 18416]]]},"properties":{"objectType":"annotation","classification":{"name":"Ignore*","color":[180, 180, 180]},"isLocked":true}},{"type":"Feature","id":"f6fa170b-1d44-44d1-b981-547f01019f94","geometry":{"type":"Polygon","coordinates":[[[14256, 18520],[14256, 18544],[14264, 18544],[14264, 18552],[14272, 18552],[14272, 18592],[14280, 18592],[14280, 18624],[14288, 18624],[14288, 18640],[14296, 18640],[14296, 18648],[14336, 18648],[14336, 18640],[14344, 18640],[14344, 18632],[14352, 18632],[14352, 18592],[14344, 18592],[14344, 18560],[14336, 18560],[14336, 18520],[14344, 18520],[14344, 18448],[14352, 18448],[14352, 18424],[14360, 18424],[14360, 18408],[14368, 18408],[14368, 18376],[14360, 18376],[14360, 18360],[14352, 18360],[14352, 18344],[14344, 18344],[14344, 18336],[14320, 18336],[14320, 18344],[14312, 18344],[14312, 18360],[14304, 18360],[14304, 18368],[14296, 18368],[14296, 18376],[14288, 18376],[14288, 18392],[14280, 18392],[14280, 18408],[14272, 18408],[14272, 18432],[14280, 18432],[14280, 18496],[14272, 18496],[14272, 18512],[14264, 18512],[14264, 18520],[14256, 18520]]]},"properties":{"objectType":"annotation","classification":{"name":"Ignore*","color":[180, 180, 180]},"isLocked":true}},{"type":"Feature","id":"bd74d6e0-fe84-4c69-9524-2f96bd4406ab","geometry":{"type":"Polygon","coordinates":[[[14880, 18744],[14880, 18768],[14888, 18768],[14888, 18776],[14896, 18776],[14896, 18784],[14904, 18784],[14904, 18792],[14920, 18792],[14920, 18800],[14936, 18800],[14936, 18792],[14952, 18792],[14952, 18784],[14960, 18784],[14960, 18776],[14968, 18776],[14968, 18760],[14976, 18760],[14976, 18752],[14984, 18752],[14984, 18736],[14992, 18736],[14992, 18712],[15000, 18712],[15000, 18704],[15008, 18704],[15008, 18696],[15016, 18696],[15016, 18688],[15048, 18688],[15048, 18672],[15056, 18672],[15056, 18648],[15064, 18648],[15064, 18632],[15072, 18632],[15072, 18616],[15080, 18616],[15080, 18592],[15088, 18592],[15088, 18576],[15096, 18576],[15096, 18560],[15104, 18560],[15104, 18544],[15112, 18544],[15112, 18536],[15120, 18536],[15120, 18528],[15128, 18528],[15128, 18512],[15136, 18512],[15136, 18504],[15144, 18504],[15144, 18496],[15160, 18496],[15160, 18488],[15168, 18488],[15168, 18480],[15176, 18480],[15176, 18472],[15184, 18472],[15184, 18464],[15192, 18464],[15192, 18456],[15200, 18456],[15200, 18440],[15208, 18440],[15208, 18432],[15216, 18432],[15216, 18416],[15224, 18416],[15224, 18400],[15232, 18400],[15232, 18384],[15240, 18384],[15240, 18376],[15248, 18376],[15248, 18360],[15256, 18360],[15256, 18336],[15288, 18336],[15288, 18328],[15344, 18328],[15344, 18320],[15360, 18320],[15360, 18312],[15368, 18312],[15368, 18304],[15376, 18304],[15376, 18288],[15384, 18288],[15384, 18280],[15392, 18280],[15392, 18256],[15400, 18256],[15400, 18232],[15392, 18232],[15392, 18224],[15384, 18224],[15384, 18216],[15360, 18216],[15360, 18224],[15352, 18224],[15352, 18232],[15344, 18232],[15344, 18240],[15336, 18240],[15336, 18248],[15328, 18248],[15328, 18256],[15312, 18256],[15312, 18264],[15304, 18264],[15304, 18272],[15296, 18272],[15296, 18280],[15288, 18280],[15288, 18288],[15280, 18288],[15280, 18296],[15272, 18296],[15272, 18304],[15264, 18304],[15264, 18320],[15256, 18320],[15256, 18328],[15232, 18328],[15232, 18320],[15224, 18320],[15224, 18328],[15200, 18328],[15200, 18336],[15192, 18336],[15192, 18344],[15176, 18344],[15176, 18352],[15168, 18352],[15168, 18360],[15160, 18360],[15160, 18368],[15152, 18368],[15152, 18376],[15144, 18376],[15144, 18384],[15128, 18384],[15128, 18400],[15120, 18400],[15120, 18408],[15112, 18408],[15112, 18416],[15096, 18416],[15096, 18424],[15080, 18424],[15080, 18432],[15064, 18432],[15064, 18440],[15056, 18440],[15056, 18456],[15048, 18456],[15048, 18464],[15040, 18464],[15040, 18480],[15032, 18480],[15032, 18496],[15024, 18496],[15024, 18512],[15016, 18512],[15016, 18544],[15008, 18544],[15008, 18552],[15000, 18552],[15000, 18560],[14992, 18560],[14992, 18568],[14984, 18568],[14984, 18576],[14976, 18576],[14976, 18592],[14968, 18592],[14968, 18600],[14960, 18600],[14960, 18608],[14952, 18608],[14952, 18624],[14944, 18624],[14944, 18632],[14936, 18632],[14936, 18640],[14928, 18640],[14928, 18656],[14920, 18656],[14920, 18664],[14912, 18664],[14912, 18680],[14904, 18680],[14904, 18704],[14896, 18704],[14896, 18720],[14888, 18720],[14888, 18744],[14880, 18744]]]},"properties":{"objectType":"annotation","classification":{"name":"Ignore*","color":[180, 180, 180]},"isLocked":true}},{"type":"Feature","id":"d783e8bf-5e0c-4c1b-b090-d898ec11ee02","geometry":{"type":"Polygon","coordinates":[[[16920, 18552],[16920, 18568],[16928, 18568],[16928, 18592],[16936, 18592],[16936, 18600],[16960, 18600],[16960, 18592],[16968, 18592],[16968, 18584],[16976, 18584],[16976, 18568],[16984, 18568],[16984, 18544],[16976, 18544],[16976, 18536],[16960, 18536],[16960, 18528],[16936, 18528],[16936, 18536],[16928, 18536],[16928, 18552],[16920, 18552]]]},"properties":{"objectType":"annotation","classification":{"name":"Ignore*","color":[180, 180, 180]},"isLocked":true}},{"type":"Feature","id":"445185ae-fa6a-487f-b3bb-17e20d9f2dc1","geometry":{"type":"Polygon","coordinates":[[[17992, 18672],[17992, 18704],[18000, 18704],[18000, 18720],[18008, 18720],[18008, 18736],[18016, 18736],[18016, 18760],[18024, 18760],[18024, 18776],[18040, 18776],[18040, 18784],[18056, 18784],[18056, 18776],[18064, 18776],[18064, 18768],[18072, 18768],[18072, 18760],[18080, 18760],[18080, 18744],[18088, 18744],[18088, 18736],[18096, 18736],[18096, 18728],[18104, 18728],[18104, 18680],[18096, 18680],[18096, 18672],[18088, 18672],[18088, 18664],[18080, 18664],[18080, 18656],[18056, 18656],[18056, 18648],[18008, 18648],[18008, 18656],[18000, 18656],[18000, 18672],[17992, 18672]]]},"properties":{"objectType":"annotation","classification":{"name":"Ignore*","color":[180, 180, 180]},"isLocked":true}},{"type":"Feature","id":"56713b4b-fb1b-4700-90a0-ac39298cc0f5","geometry":{"type":"Polygon","coordinates":[[[13256, 18728],[13256, 18768],[13264, 18768],[13264, 18784],[13272, 18784],[13272, 18800],[13288, 18800],[13288, 18808],[13312, 18808],[13312, 18800],[13320, 18800],[13320, 18792],[13328, 18792],[13328, 18776],[13336, 18776],[13336, 18736],[13328, 18736],[13328, 18728],[13320, 18728],[13320, 18720],[13264, 18720],[13264, 18728],[13256, 18728]]]},"properties":{"objectType":"annotation","classification":{"name":"Ignore*","color":[180, 180, 180]},"isLocked":true}},{"type":"Feature","id":"6ba0363c-2c77-481a-bdd2-9322accc4a02","geometry":{"type":"Polygon","coordinates":[[[16896, 18864],[16896, 18984],[16904, 18984],[16904, 19016],[16912, 19016],[16912, 19048],[16920, 19048],[16920, 19064],[16928, 19064],[16928, 19080],[16936, 19080],[16936, 19088],[16968, 19088],[16968, 19072],[16976, 19072],[16976, 18952],[16984, 18952],[16984, 18904],[16976, 18904],[16976, 18872],[16968, 18872],[16968, 18840],[16960, 18840],[16960, 18816],[16952, 18816],[16952, 18800],[16928, 18800],[16928, 18808],[16920, 18808],[16920, 18824],[16912, 18824],[16912, 18840],[16904, 18840],[16904, 18864],[16896, 18864]]]},"properties":{"objectType":"annotation","classification":{"name":"Ignore*","color":[180, 180, 180]},"isLocked":true}},{"type":"Feature","id":"2307d56f-fa19-4eb2-b58a-61e792084ebe","geometry":{"type":"Polygon","coordinates":[[[17768, 18896],[17768, 18952],[17776, 18952],[17776, 18968],[17784, 18968],[17784, 18976],[17792, 18976],[17792, 18984],[17808, 18984],[17808, 18992],[17824, 18992],[17824, 19000],[17832, 19000],[17832, 19008],[17840, 19008],[17840, 19016],[17848, 19016],[17848, 19024],[17856, 19024],[17856, 19032],[17880, 19032],[17880, 19040],[17920, 19040],[17920, 19048],[17936, 19048],[17936, 19056],[17944, 19056],[17944, 19064],[17984, 19064],[17984, 19056],[17992, 19056],[17992, 19016],[17984, 19016],[17984, 19008],[17976, 19008],[17976, 19000],[17968, 19000],[17968, 18992],[17952, 18992],[17952, 18984],[17936, 18984],[17936, 18976],[17912, 18976],[17912, 18968],[17896, 18968],[17896, 18960],[17888, 18960],[17888, 18952],[17880, 18952],[17880, 18944],[17872, 18944],[17872, 18936],[17864, 18936],[17864, 18928],[17856, 18928],[17856, 18920],[17848, 18920],[17848, 18912],[17832, 18912],[17832, 18904],[17808, 18904],[17808, 18896],[17784, 18896],[17784, 18888],[17776, 18888],[17776, 18896],[17768, 18896]]]},"properties":{"objectType":"annotation","classification":{"name":"Ignore*","color":[180, 180, 180]},"isLocked":true}},{"type":"Feature","id":"5796121a-95d5-443d-b59f-fcc3b9676898","geometry":{"type":"Polygon","coordinates":[[[16304, 19160],[16304, 19184],[16352, 19184],[16352, 19176],[16360, 19176],[16360, 19160],[16352, 19160],[16352, 19152],[16320, 19152],[16320, 19160],[16304, 19160]]]},"properties":{"objectType":"annotation","classification":{"name":"Ignore*","color":[180, 180, 180]},"isLocked":true}},{"type":"Feature","id":"4854ffcd-f0bf-4278-afe2-0ec92c1d33bf","geometry":{"type":"Polygon","coordinates":[[[17728, 19128],[17728, 19176],[17736, 19176],[17736, 19192],[17744, 19192],[17744, 19200],[17752, 19200],[17752, 19208],[17760, 19208],[17760, 19216],[17768, 19216],[17768, 19224],[17776, 19224],[17776, 19240],[17784, 19240],[17784, 19256],[17792, 19256],[17792, 19272],[17800, 19272],[17800, 19280],[17808, 19280],[17808, 19288],[17872, 19288],[17872, 19328],[17880, 19328],[17880, 19344],[17888, 19344],[17888, 19360],[17904, 19360],[17904, 19368],[17944, 19368],[17944, 19360],[17976, 19360],[17976, 19352],[17984, 19352],[17984, 19344],[17992, 19344],[17992, 19336],[18008, 19336],[18008, 19328],[18016, 19328],[18016, 19336],[18024, 19336],[18024, 19328],[18040, 19328],[18040, 19272],[18032, 19272],[18032, 19256],[18024, 19256],[18024, 19248],[17992, 19248],[17992, 19240],[17976, 19240],[17976, 19232],[17960, 19232],[17960, 19224],[17952, 19224],[17952, 19216],[17944, 19216],[17944, 19208],[17936, 19208],[17936, 19200],[17920, 19200],[17920, 19192],[17904, 19192],[17904, 19184],[17888, 19184],[17888, 19176],[17872, 19176],[17872, 19168],[17840, 19168],[17840, 19160],[17824, 19160],[17824, 19152],[17816, 19152],[17816, 19144],[17808, 19144],[17808, 19136],[17800, 19136],[17800, 19128],[17784, 19128],[17784, 19120],[17736, 19120],[17736, 19128],[17728, 19128]]]},"properties":{"objectType":"annotation","classification":{"name":"Ignore*","color":[180, 180, 180]},"isLocked":true}},{"type":"Feature","id":"dfde18b1-6b87-4c37-be66-1d8c39d60abc","geometry":{"type":"Polygon","coordinates":[[[18296, 19272],[18296, 19312],[18304, 19312],[18304, 19320],[18336, 19320],[18336, 19304],[18344, 19304],[18344, 19288],[18336, 19288],[18336, 19280],[18328, 19280],[18328, 19272],[18320, 19272],[18320, 19264],[18312, 19264],[18312, 19272],[18296, 19272]]]},"properties":{"objectType":"annotation","classification":{"name":"Ignore*","color":[180, 180, 180]},"isLocked":true}},{"type":"Feature","id":"409cdbb7-16de-4723-9a4b-d0b56fefa4b3","geometry":{"type":"Polygon","coordinates":[[[16752, 19632],[16752, 19704],[16760, 19704],[16760, 19712],[16776, 19712],[16776, 19720],[16808, 19720],[16808, 19712],[16816, 19712],[16816, 19704],[16824, 19704],[16824, 19688],[16832, 19688],[16832, 19664],[16824, 19664],[16824, 19632],[16816, 19632],[16816, 19616],[16808, 19616],[16808, 19608],[16776, 19608],[16776, 19616],[16760, 19616],[16760, 19632],[16752, 19632]]]},"properties":{"objectType":"annotation","classification":{"name":"Ignore*","color":[180, 180, 180]},"isLocked":true}},{"type":"Feature","id":"7c3b2248-d808-4247-863d-989fc58a19b2","geometry":{"type":"Polygon","coordinates":[[[15000, 19720],[15000, 19816],[15008, 19816],[15008, 19832],[15016, 19832],[15016, 19840],[15040, 19840],[15040, 19832],[15048, 19832],[15048, 19816],[15056, 19816],[15056, 19792],[15064, 19792],[15064, 19776],[15072, 19776],[15072, 19744],[15080, 19744],[15080, 19728],[15088, 19728],[15088, 19720],[15096, 19720],[15096, 19712],[15104, 19712],[15104, 19704],[15112, 19704],[15112, 19688],[15120, 19688],[15120, 19672],[15128, 19672],[15128, 19624],[15120, 19624],[15120, 19608],[15112, 19608],[15112, 19600],[15072, 19600],[15072, 19608],[15056, 19608],[15056, 19616],[15048, 19616],[15048, 19640],[15040, 19640],[15040, 19664],[15032, 19664],[15032, 19680],[15024, 19680],[15024, 19696],[15016, 19696],[15016, 19704],[15008, 19704],[15008, 19720],[15000, 19720]]]},"properties":{"objectType":"annotation","classification":{"name":"Ignore*","color":[180, 180, 180]},"isLocked":true}},{"type":"Feature","id":"d904c5ee-ec7b-4e30-b4d1-04f627aafc67","geometry":{"type":"Polygon","coordinates":[[[17312, 19760],[17312, 19800],[17320, 19800],[17320, 19816],[17328, 19816],[17328, 19824],[17336, 19824],[17336, 19832],[17352, 19832],[17352, 19840],[17376, 19840],[17376, 19832],[17384, 19832],[17384, 19824],[17400, 19824],[17400, 19816],[17408, 19816],[17408, 19808],[17416, 19808],[17416, 19800],[17424, 19800],[17424, 19792],[17432, 19792],[17432, 19776],[17440, 19776],[17440, 19712],[17448, 19712],[17448, 19696],[17440, 19696],[17440, 19680],[17432, 19680],[17432, 19672],[17424, 19672],[17424, 19664],[17408, 19664],[17408, 19656],[17400, 19656],[17400, 19664],[17384, 19664],[17384, 19672],[17376, 19672],[17376, 19688],[17368, 19688],[17368, 19712],[17360, 19712],[17360, 19728],[17352, 19728],[17352, 19736],[17344, 19736],[17344, 19744],[17328, 19744],[17328, 19752],[17320, 19752],[17320, 19760],[17312, 19760]]]},"properties":{"objectType":"annotation","classification":{"name":"Ignore*","color":[180, 180, 180]},"isLocked":true}},{"type":"Feature","id":"5bc362f5-cdb8-4df2-9d39-026258f38073","geometry":{"type":"Polygon","coordinates":[[[17448, 19888],[17448, 19920],[17456, 19920],[17456, 19928],[17464, 19928],[17464, 19944],[17472, 19944],[17472, 19952],[17480, 19952],[17480, 19968],[17488, 19968],[17488, 19976],[17512, 19976],[17512, 19968],[17520, 19968],[17520, 19952],[17528, 19952],[17528, 19936],[17536, 19936],[17536, 19928],[17544, 19928],[17544, 19920],[17632, 19920],[17632, 19928],[17656, 19928],[17656, 19936],[17680, 19936],[17680, 19944],[17696, 19944],[17696, 19952],[17712, 19952],[17712, 19960],[17720, 19960],[17720, 19968],[17728, 19968],[17728, 19960],[17744, 19960],[17744, 19952],[17760, 19952],[17760, 19944],[17768, 19944],[17768, 19936],[17776, 19936],[17776, 19928],[17784, 19928],[17784, 19904],[17776, 19904],[17776, 19896],[17768, 19896],[17768, 19888],[17760, 19888],[17760, 19880],[17752, 19880],[17752, 19872],[17744, 19872],[17744, 19864],[17736, 19864],[17736, 19856],[17728, 19856],[17728, 19840],[17736, 19840],[17736, 19824],[17744, 19824],[17744, 19808],[17752, 19808],[17752, 19792],[17760, 19792],[17760, 19776],[17768, 19776],[17768, 19728],[17760, 19728],[17760, 19712],[17736, 19712],[17736, 19704],[17728, 19704],[17728, 19712],[17704, 19712],[17704, 19720],[17696, 19720],[17696, 19744],[17688, 19744],[17688, 19760],[17680, 19760],[17680, 19768],[17672, 19768],[17672, 19776],[17664, 19776],[17664, 19784],[17656, 19784],[17656, 19792],[17648, 19792],[17648, 19800],[17640, 19800],[17640, 19808],[17624, 19808],[17624, 19816],[17608, 19816],[17608, 19824],[17600, 19824],[17600, 19840],[17592, 19840],[17592, 19848],[17552, 19848],[17552, 19856],[17536, 19856],[17536, 19864],[17520, 19864],[17520, 19872],[17472, 19872],[17472, 19880],[17456, 19880],[17456, 19888],[17448, 19888]]]},"properties":{"objectType":"annotation","classification":{"name":"Ignore*","color":[180, 180, 180]},"isLocked":true}},{"type":"Feature","id":"2b5eb5e6-a75e-4f47-9b59-3973194e7079","geometry":{"type":"Polygon","coordinates":[[[14904, 19952],[14904, 19992],[14912, 19992],[14912, 20000],[14944, 20000],[14944, 19992],[14952, 19992],[14952, 19984],[14960, 19984],[14960, 19976],[14968, 19976],[14968, 19960],[14976, 19960],[14976, 19928],[14968, 19928],[14968, 19920],[14960, 19920],[14960, 19928],[14936, 19928],[14936, 19936],[14920, 19936],[14920, 19944],[14912, 19944],[14912, 19952],[14904, 19952]]]},"properties":{"objectType":"annotation","classification":{"name":"Ignore*","color":[180, 180, 180]},"isLocked":true}},{"type":"Feature","id":"915f2c2f-a67f-4e28-bcf7-1eb56fa11aee","geometry":{"type":"Polygon","coordinates":[[[17312, 19984],[17312, 20008],[17320, 20008],[17320, 20000],[17352, 20000],[17352, 19992],[17376, 19992],[17376, 19984],[17392, 19984],[17392, 19976],[17400, 19976],[17400, 19968],[17408, 19968],[17408, 19928],[17400, 19928],[17400, 19920],[17368, 19920],[17368, 19928],[17360, 19928],[17360, 19936],[17352, 19936],[17352, 19944],[17344, 19944],[17344, 19952],[17336, 19952],[17336, 19960],[17328, 19960],[17328, 19976],[17320, 19976],[17320, 19984],[17312, 19984]]]},"properties":{"objectType":"annotation","classification":{"name":"Ignore*","color":[180, 180, 180]},"isLocked":true}},{"type":"Feature","id":"73bbf28d-2e31-4657-a245-d3dd71f220b2","geometry":{"type":"Polygon","coordinates":[[[15888, 20024],[15888, 20048],[15912, 20048],[15912, 20040],[15920, 20040],[15920, 20016],[15896, 20016],[15896, 20024],[15888, 20024]]]},"properties":{"objectType":"annotation","classification":{"name":"Ignore*","color":[180, 180, 180]},"isLocked":true}},{"type":"Feature","id":"b46f9a0c-4fdb-442b-aa2b-296ab2c94425","geometry":{"type":"Polygon","coordinates":[[[16952, 20184],[16952, 20208],[16960, 20208],[16960, 20216],[16968, 20216],[16968, 20224],[16976, 20224],[16976, 20240],[16984, 20240],[16984, 20312],[16992, 20312],[16992, 20320],[17000, 20320],[17000, 20312],[17008, 20312],[17008, 20304],[17016, 20304],[17016, 20280],[17024, 20280],[17024, 20256],[17032, 20256],[17032, 20240],[17040, 20240],[17040, 20208],[17048, 20208],[17048, 20104],[17040, 20104],[17040, 20096],[17032, 20096],[17032, 20088],[17024, 20088],[17024, 20080],[17016, 20080],[17016, 20072],[16984, 20072],[16984, 20080],[16976, 20080],[16976, 20088],[16968, 20088],[16968, 20104],[16960, 20104],[16960, 20184],[16952, 20184]]]},"properties":{"objectType":"annotation","classification":{"name":"Ignore*","color":[180, 180, 180]},"isLocked":true}},{"type":"Feature","id":"33ee8fb0-8e9b-460a-96e9-d75ae5cda475","geometry":{"type":"Polygon","coordinates":[[[14616, 20176],[14616, 20224],[14624, 20224],[14624, 20240],[14632, 20240],[14632, 20248],[14648, 20248],[14648, 20256],[14680, 20256],[14680, 20248],[14696, 20248],[14696, 20208],[14688, 20208],[14688, 20200],[14680, 20200],[14680, 20184],[14672, 20184],[14672, 20168],[14664, 20168],[14664, 20160],[14632, 20160],[14632, 20168],[14624, 20168],[14624, 20176],[14616, 20176]]]},"properties":{"objectType":"annotation","classification":{"name":"Ignore*","color":[180, 180, 180]},"isLocked":true}},{"type":"Feature","id":"055b1e76-3316-4d7b-8fdf-3a006c773949","geometry":{"type":"Polygon","coordinates":[[[14976, 20248],[14976, 20312],[14984, 20312],[14984, 20368],[14976, 20368],[14976, 20384],[14984, 20384],[14984, 20416],[14992, 20416],[14992, 20448],[15000, 20448],[15000, 20472],[15008, 20472],[15008, 20480],[15016, 20480],[15016, 20488],[15024, 20488],[15024, 20496],[15032, 20496],[15032, 20512],[15040, 20512],[15040, 20520],[15048, 20520],[15048, 20528],[15056, 20528],[15056, 20536],[15080, 20536],[15080, 20528],[15088, 20528],[15088, 20520],[15096, 20520],[15096, 20504],[15104, 20504],[15104, 20456],[15096, 20456],[15096, 20440],[15088, 20440],[15088, 20432],[15072, 20432],[15072, 20424],[15064, 20424],[15064, 20416],[15056, 20416],[15056, 20288],[15064, 20288],[15064, 20272],[15056, 20272],[15056, 20240],[15048, 20240],[15048, 20152],[15040, 20152],[15040, 20136],[15032, 20136],[15032, 20104],[15024, 20104],[15024, 20088],[15016, 20088],[15016, 20080],[15000, 20080],[15000, 20072],[14992, 20072],[14992, 20080],[14984, 20080],[14984, 20120],[14992, 20120],[14992, 20176],[14984, 20176],[14984, 20248],[14976, 20248]]]},"properties":{"objectType":"annotation","classification":{"name":"Ignore*","color":[180, 180, 180]},"isLocked":true}},{"type":"Feature","id":"0cf9a507-f15f-4a2d-9e8d-6febb027940b","geometry":{"type":"Polygon","coordinates":[[[16488, 20440],[16488, 20464],[16496, 20464],[16496, 20480],[16504, 20480],[16504, 20488],[16560, 20488],[16560, 20480],[16568, 20480],[16568, 20472],[16592, 20472],[16592, 20464],[16640, 20464],[16640, 20456],[16648, 20456],[16648, 20448],[16656, 20448],[16656, 20440],[16664, 20440],[16664, 20432],[16672, 20432],[16672, 20424],[16680, 20424],[16680, 20408],[16672, 20408],[16672, 20392],[16664, 20392],[16664, 20376],[16648, 20376],[16648, 20368],[16632, 20368],[16632, 20376],[16616, 20376],[16616, 20384],[16552, 20384],[16552, 20392],[16528, 20392],[16528, 20400],[16520, 20400],[16520, 20408],[16512, 20408],[16512, 20416],[16504, 20416],[16504, 20424],[16496, 20424],[16496, 20440],[16488, 20440]]]},"properties":{"objectType":"annotation","classification":{"name":"Ignore*","color":[180, 180, 180]},"isLocked":true}},{"type":"Feature","id":"fc4574f0-ae8b-4a71-9d3d-e2e36c52a6c1","geometry":{"type":"Polygon","coordinates":[[[14944, 20504],[14944, 20536],[14976, 20536],[14976, 20528],[14984, 20528],[14984, 20512],[14992, 20512],[14992, 20480],[14968, 20480],[14968, 20488],[14960, 20488],[14960, 20496],[14952, 20496],[14952, 20504],[14944, 20504]]]},"properties":{"objectType":"annotation","classification":{"name":"Ignore*","color":[180, 180, 180]},"isLocked":true}},{"type":"Feature","id":"ba5263ba-8f2f-4e60-87be-73ba92175587","geometry":{"type":"Polygon","coordinates":[[[16784, 20752],[16784, 20776],[16792, 20776],[16792, 20784],[16856, 20784],[16856, 20776],[16880, 20776],[16880, 20768],[16928, 20768],[16928, 20760],[16960, 20760],[16960, 20752],[16976, 20752],[16976, 20720],[16968, 20720],[16968, 20712],[16872, 20712],[16872, 20720],[16840, 20720],[16840, 20728],[16824, 20728],[16824, 20736],[16800, 20736],[16800, 20744],[16792, 20744],[16792, 20752],[16784, 20752]]]},"properties":{"objectType":"annotation","classification":{"name":"Ignore*","color":[180, 180, 180]},"isLocked":true}},{"type":"Feature","id":"9a5e80b1-928e-4af3-9f6a-9816f1fb3da8","geometry":{"type":"Polygon","coordinates":[[[16360, 20736],[16360, 20768],[16368, 20768],[16368, 20776],[16376, 20776],[16376, 20784],[16392, 20784],[16392, 20792],[16464, 20792],[16464, 20776],[16472, 20776],[16472, 20760],[16464, 20760],[16464, 20752],[16456, 20752],[16456, 20744],[16448, 20744],[16448, 20736],[16424, 20736],[16424, 20728],[16368, 20728],[16368, 20736],[16360, 20736]]]},"properties":{"objectType":"annotation","classification":{"name":"Ignore*","color":[180, 180, 180]},"isLocked":true}},{"type":"Feature","id":"944cee6b-60b9-41e6-bde0-c63a36c1c460","geometry":{"type":"Polygon","coordinates":[[[17600, 20872],[17600, 20920],[17608, 20920],[17608, 20928],[17632, 20928],[17632, 20920],[17656, 20920],[17656, 20912],[17672, 20912],[17672, 20904],[17688, 20904],[17688, 20896],[17704, 20896],[17704, 20888],[17712, 20888],[17712, 20880],[17720, 20880],[17720, 20872],[17728, 20872],[17728, 20856],[17736, 20856],[17736, 20832],[17728, 20832],[17728, 20792],[17720, 20792],[17720, 20776],[17712, 20776],[17712, 20768],[17688, 20768],[17688, 20776],[17680, 20776],[17680, 20784],[17664, 20784],[17664, 20792],[17656, 20792],[17656, 20800],[17648, 20800],[17648, 20808],[17640, 20808],[17640, 20816],[17632, 20816],[17632, 20824],[17624, 20824],[17624, 20832],[17616, 20832],[17616, 20856],[17608, 20856],[17608, 20872],[17600, 20872]]]},"properties":{"objectType":"annotation","classification":{"name":"Ignore*","color":[180, 180, 180]},"isLocked":true}},{"type":"Feature","id":"6f26d887-5ae8-4f5a-b979-9371ff2804cb","geometry":{"type":"Polygon","coordinates":[[[15736, 20848],[15736, 20864],[15744, 20864],[15744, 20888],[15752, 20888],[15752, 20896],[15760, 20896],[15760, 20904],[15768, 20904],[15768, 20912],[15776, 20912],[15776, 20920],[15784, 20920],[15784, 20928],[15808, 20928],[15808, 20936],[15856, 20936],[15856, 20928],[15864, 20928],[15864, 20920],[15872, 20920],[15872, 20912],[15880, 20912],[15880, 20880],[15872, 20880],[15872, 20864],[15848, 20864],[15848, 20856],[15816, 20856],[15816, 20848],[15800, 20848],[15800, 20840],[15776, 20840],[15776, 20832],[15744, 20832],[15744, 20848],[15736, 20848]]]},"properties":{"objectType":"annotation","classification":{"name":"Ignore*","color":[180, 180, 180]},"isLocked":true}},{"type":"Feature","id":"d28dd418-c159-4c1c-8b19-549f6d804ab0","geometry":{"type":"Polygon","coordinates":[[[14512, 20936],[14512, 20960],[14520, 20960],[14520, 20976],[14528, 20976],[14528, 20984],[14536, 20984],[14536, 20992],[14552, 20992],[14552, 21000],[14584, 21000],[14584, 20992],[14592, 20992],[14592, 20984],[14608, 20984],[14608, 20976],[14624, 20976],[14624, 20968],[14640, 20968],[14640, 20960],[14648, 20960],[14648, 20880],[14640, 20880],[14640, 20872],[14624, 20872],[14624, 20864],[14592, 20864],[14592, 20872],[14584, 20872],[14584, 20880],[14576, 20880],[14576, 20888],[14568, 20888],[14568, 20904],[14560, 20904],[14560, 20912],[14544, 20912],[14544, 20920],[14528, 20920],[14528, 20928],[14520, 20928],[14520, 20936],[14512, 20936]]]},"properties":{"objectType":"annotation","classification":{"name":"Ignore*","color":[180, 180, 180]},"isLocked":true}},{"type":"Feature","id":"6bb4f06b-22e9-4a79-802f-1ccd01b9f9ce","geometry":{"type":"Polygon","coordinates":[[[14192, 20920],[14192, 20984],[14200, 20984],[14200, 21024],[14216, 21024],[14216, 21032],[14224, 21032],[14224, 21040],[14264, 21040],[14264, 21016],[14272, 21016],[14272, 20992],[14264, 20992],[14264, 20928],[14272, 20928],[14272, 20920],[14280, 20920],[14280, 20888],[14240, 20888],[14240, 20896],[14224, 20896],[14224, 20904],[14216, 20904],[14216, 20912],[14200, 20912],[14200, 20920],[14192, 20920]]]},"properties":{"objectType":"annotation","classification":{"name":"Ignore*","color":[180, 180, 180]},"isLocked":true}},{"type":"Feature","id":"4cbdf442-2a1f-4447-8d3d-e775b25527c2","geometry":{"type":"Polygon","coordinates":[[[17552, 20976],[17552, 21000],[17568, 21000],[17568, 21008],[17584, 21008],[17584, 21000],[17600, 21000],[17600, 20968],[17592, 20968],[17592, 20960],[17568, 20960],[17568, 20968],[17560, 20968],[17560, 20976],[17552, 20976]]]},"properties":{"objectType":"annotation","classification":{"name":"Ignore*","color":[180, 180, 180]},"isLocked":true}},{"type":"Feature","id":"63d1be96-4a1b-4c01-ae2f-c90800d46b0b","geometry":{"type":"Polygon","coordinates":[[[17384, 21032],[17384, 21080],[17408, 21080],[17408, 21072],[17424, 21072],[17424, 21064],[17472, 21064],[17472, 21056],[17480, 21056],[17480, 21040],[17488, 21040],[17488, 21016],[17480, 21016],[17480, 21008],[17472, 21008],[17472, 21000],[17416, 21000],[17416, 21008],[17400, 21008],[17400, 21016],[17392, 21016],[17392, 21032],[17384, 21032]]]},"properties":{"objectType":"annotation","classification":{"name":"Ignore*","color":[180, 180, 180]},"isLocked":true}},{"type":"Feature","id":"aabdd55e-49a5-4f66-b40e-a79202c5015a","geometry":{"type":"Polygon","coordinates":[[[14552, 21176],[14552, 21256],[14560, 21256],[14560, 21280],[14568, 21280],[14568, 21288],[14576, 21288],[14576, 21296],[14600, 21296],[14600, 21304],[14608, 21304],[14608, 21296],[14640, 21296],[14640, 21304],[14680, 21304],[14680, 21312],[14688, 21312],[14688, 21304],[14704, 21304],[14704, 21224],[14696, 21224],[14696, 21208],[14688, 21208],[14688, 21192],[14680, 21192],[14680, 21184],[14672, 21184],[14672, 21168],[14656, 21168],[14656, 21160],[14632, 21160],[14632, 21152],[14568, 21152],[14568, 21160],[14560, 21160],[14560, 21176],[14552, 21176]]]},"properties":{"objectType":"annotation","classification":{"name":"Ignore*","color":[180, 180, 180]},"isLocked":true}},{"type":"Feature","id":"7e160c7c-8ea3-4a1c-b5ba-8e37d4fa751c","geometry":{"type":"Polygon","coordinates":[[[14048, 21264],[14048, 21272],[14056, 21272],[14056, 21288],[14072, 21288],[14072, 21296],[14096, 21296],[14096, 21288],[14112, 21288],[14112, 21280],[14120, 21280],[14120, 21272],[14128, 21272],[14128, 21264],[14136, 21264],[14136, 21248],[14144, 21248],[14144, 21208],[14136, 21208],[14136, 21200],[14128, 21200],[14128, 21192],[14096, 21192],[14096, 21200],[14088, 21200],[14088, 21208],[14080, 21208],[14080, 21216],[14072, 21216],[14072, 21224],[14064, 21224],[14064, 21240],[14056, 21240],[14056, 21264],[14048, 21264]]]},"properties":{"objectType":"annotation","classification":{"name":"Ignore*","color":[180, 180, 180]},"isLocked":true}},{"type":"Feature","id":"4aee4f5e-aeb0-49fc-8406-8b745952a768","geometry":{"type":"Polygon","coordinates":[[[17248, 21240],[17248, 21256],[17256, 21256],[17256, 21264],[17264, 21264],[17264, 21272],[17280, 21272],[17280, 21280],[17296, 21280],[17296, 21288],[17312, 21288],[17312, 21296],[17320, 21296],[17320, 21304],[17328, 21304],[17328, 21320],[17336, 21320],[17336, 21328],[17344, 21328],[17344, 21336],[17360, 21336],[17360, 21344],[17392, 21344],[17392, 21336],[17400, 21336],[17400, 21328],[17408, 21328],[17408, 21296],[17416, 21296],[17416, 21288],[17408, 21288],[17408, 21264],[17400, 21264],[17400, 21240],[17392, 21240],[17392, 21216],[17384, 21216],[17384, 21208],[17360, 21208],[17360, 21200],[17304, 21200],[17304, 21208],[17280, 21208],[17280, 21216],[17272, 21216],[17272, 21224],[17256, 21224],[17256, 21240],[17248, 21240]]]},"properties":{"objectType":"annotation","classification":{"name":"Ignore*","color":[180, 180, 180]},"isLocked":true}},{"type":"Feature","id":"9ffc7671-f722-46f8-9618-494adbf093c1","geometry":{"type":"Polygon","coordinates":[[[16168, 21464],[16168, 21504],[16176, 21504],[16176, 21520],[16184, 21520],[16184, 21536],[16192, 21536],[16192, 21544],[16216, 21544],[16216, 21536],[16232, 21536],[16232, 21528],[16240, 21528],[16240, 21520],[16248, 21520],[16248, 21512],[16256, 21512],[16256, 21504],[16264, 21504],[16264, 21488],[16272, 21488],[16272, 21480],[16280, 21480],[16280, 21464],[16288, 21464],[16288, 21456],[16296, 21456],[16296, 21448],[16304, 21448],[16304, 21440],[16312, 21440],[16312, 21432],[16320, 21432],[16320, 21424],[16328, 21424],[16328, 21416],[16344, 21416],[16344, 21408],[16352, 21408],[16352, 21400],[16360, 21400],[16360, 21392],[16368, 21392],[16368, 21384],[16384, 21384],[16384, 21376],[16392, 21376],[16392, 21368],[16424, 21368],[16424, 21360],[16440, 21360],[16440, 21352],[16456, 21352],[16456, 21344],[16464, 21344],[16464, 21336],[16472, 21336],[16472, 21328],[16480, 21328],[16480, 21312],[16488, 21312],[16488, 21304],[16496, 21304],[16496, 21296],[16504, 21296],[16504, 21304],[16520, 21304],[16520, 21312],[16528, 21312],[16528, 21320],[16600, 21320],[16600, 21312],[16608, 21312],[16608, 21280],[16600, 21280],[16600, 21264],[16592, 21264],[16592, 21248],[16584, 21248],[16584, 21240],[16568, 21240],[16568, 21232],[16528, 21232],[16528, 21224],[16520, 21224],[16520, 21208],[16512, 21208],[16512, 21176],[16504, 21176],[16504, 21160],[16496, 21160],[16496, 21152],[16488, 21152],[16488, 21144],[16456, 21144],[16456, 21152],[16448, 21152],[16448, 21160],[16440, 21160],[16440, 21168],[16432, 21168],[16432, 21184],[16424, 21184],[16424, 21200],[16416, 21200],[16416, 21208],[16408, 21208],[16408, 21216],[16400, 21216],[16400, 21224],[16392, 21224],[16392, 21232],[16384, 21232],[16384, 21240],[16376, 21240],[16376, 21248],[16368, 21248],[16368, 21256],[16360, 21256],[16360, 21264],[16344, 21264],[16344, 21272],[16336, 21272],[16336, 21280],[16328, 21280],[16328, 21288],[16320, 21288],[16320, 21296],[16312, 21296],[16312, 21304],[16296, 21304],[16296, 21312],[16288, 21312],[16288, 21320],[16272, 21320],[16272, 21328],[16264, 21328],[16264, 21336],[16248, 21336],[16248, 21344],[16240, 21344],[16240, 21352],[16232, 21352],[16232, 21360],[16224, 21360],[16224, 21376],[16216, 21376],[16216, 21392],[16208, 21392],[16208, 21416],[16200, 21416],[16200, 21432],[16192, 21432],[16192, 21448],[16184, 21448],[16184, 21456],[16176, 21456],[16176, 21464],[16168, 21464]]]},"properties":{"objectType":"annotation","classification":{"name":"Ignore*","color":[180, 180, 180]},"isLocked":true}},{"type":"Feature","id":"029183fa-0805-4d1f-8d84-43413413c071","geometry":{"type":"Polygon","coordinates":[[[15888, 21448],[15888, 21472],[15896, 21472],[15896, 21488],[15904, 21488],[15904, 21504],[15920, 21504],[15920, 21512],[15944, 21512],[15944, 21504],[15952, 21504],[15952, 21488],[15960, 21488],[15960, 21472],[15968, 21472],[15968, 21424],[15960, 21424],[15960, 21416],[15952, 21416],[15952, 21408],[15944, 21408],[15944, 21400],[15928, 21400],[15928, 21408],[15920, 21408],[15920, 21416],[15912, 21416],[15912, 21424],[15904, 21424],[15904, 21432],[15896, 21432],[15896, 21448],[15888, 21448]]]},"properties":{"objectType":"annotation","classification":{"name":"Ignore*","color":[180, 180, 180]},"isLocked":true}},{"type":"Feature","id":"504f03cf-9c86-48d0-a727-a6c1ce52ca96","geometry":{"type":"Polygon","coordinates":[[[15128, 21504],[15128, 21544],[15136, 21544],[15136, 21552],[15160, 21552],[15160, 21544],[15168, 21544],[15168, 21536],[15176, 21536],[15176, 21520],[15184, 21520],[15184, 21512],[15192, 21512],[15192, 21504],[15200, 21504],[15200, 21496],[15216, 21496],[15216, 21488],[15224, 21488],[15224, 21480],[15232, 21480],[15232, 21472],[15240, 21472],[15240, 21456],[15248, 21456],[15248, 21440],[15256, 21440],[15256, 21408],[15248, 21408],[15248, 21400],[15208, 21400],[15208, 21408],[15200, 21408],[15200, 21416],[15192, 21416],[15192, 21424],[15184, 21424],[15184, 21440],[15176, 21440],[15176, 21448],[15168, 21448],[15168, 21456],[15160, 21456],[15160, 21472],[15152, 21472],[15152, 21480],[15144, 21480],[15144, 21496],[15136, 21496],[15136, 21504],[15128, 21504]]]},"properties":{"objectType":"annotation","classification":{"name":"Ignore*","color":[180, 180, 180]},"isLocked":true}},{"type":"Feature","id":"690f965b-f02b-4ade-a26d-19ecbea7fbb9","geometry":{"type":"Polygon","coordinates":[[[19960, 21536],[19960, 21560],[19976, 21560],[19976, 21568],[20000, 21568],[20000, 21560],[20016, 21560],[20016, 21544],[20024, 21544],[20024, 21536],[20016, 21536],[20016, 21528],[20008, 21528],[20008, 21520],[19976, 21520],[19976, 21528],[19968, 21528],[19968, 21536],[19960, 21536]]]},"properties":{"objectType":"annotation","classification":{"name":"Ignore*","color":[180, 180, 180]},"isLocked":true}},{"type":"Feature","id":"04e45692-c69a-4fb4-99f7-7b2ed1420046","geometry":{"type":"Polygon","coordinates":[[[16392, 21584],[16392, 21624],[16416, 21624],[16416, 21616],[16432, 21616],[16432, 21608],[16448, 21608],[16448, 21600],[16464, 21600],[16464, 21592],[16480, 21592],[16480, 21584],[16488, 21584],[16488, 21576],[16496, 21576],[16496, 21568],[16512, 21568],[16512, 21552],[16520, 21552],[16520, 21520],[16512, 21520],[16512, 21504],[16504, 21504],[16504, 21496],[16496, 21496],[16496, 21488],[16464, 21488],[16464, 21496],[16456, 21496],[16456, 21504],[16448, 21504],[16448, 21512],[16440, 21512],[16440, 21520],[16432, 21520],[16432, 21528],[16424, 21528],[16424, 21536],[16416, 21536],[16416, 21544],[16408, 21544],[16408, 21560],[16400, 21560],[16400, 21584],[16392, 21584]]]},"properties":{"objectType":"annotation","classification":{"name":"Ignore*","color":[180, 180, 180]},"isLocked":true}},{"type":"Feature","id":"570e2bf6-f37b-4449-91cc-9807fef02369","geometry":{"type":"Polygon","coordinates":[[[15504, 21584],[15504, 21600],[15512, 21600],[15512, 21608],[15528, 21608],[15528, 21600],[15536, 21600],[15536, 21592],[15528, 21592],[15528, 21584],[15504, 21584]]]},"properties":{"objectType":"annotation","classification":{"name":"Ignore*","color":[180, 180, 180]},"isLocked":true}},{"type":"Feature","id":"52f95fe2-9fdf-40d7-88c3-cdeeb48edf76","geometry":{"type":"Polygon","coordinates":[[[16752, 21568],[16752, 21600],[16760, 21600],[16760, 21616],[16768, 21616],[16768, 21624],[16776, 21624],[16776, 21632],[16792, 21632],[16792, 21640],[16816, 21640],[16816, 21632],[16824, 21632],[16824, 21592],[16816, 21592],[16816, 21584],[16808, 21584],[16808, 21576],[16800, 21576],[16800, 21568],[16784, 21568],[16784, 21560],[16760, 21560],[16760, 21568],[16752, 21568]]]},"properties":{"objectType":"annotation","classification":{"name":"Ignore*","color":[180, 180, 180]},"isLocked":true}},{"type":"Feature","id":"39d02cae-1eef-4949-b1d3-4ab05a1870c5","geometry":{"type":"Polygon","coordinates":[[[16512, 21776],[16512, 21800],[16520, 21800],[16520, 21808],[16528, 21808],[16528, 21816],[16592, 21816],[16592, 21824],[16616, 21824],[16616, 21832],[16672, 21832],[16672, 21840],[16728, 21840],[16728, 21816],[16704, 21816],[16704, 21808],[16688, 21808],[16688, 21800],[16680, 21800],[16680, 21784],[16672, 21784],[16672, 21768],[16664, 21768],[16664, 21760],[16656, 21760],[16656, 21744],[16648, 21744],[16648, 21728],[16632, 21728],[16632, 21720],[16616, 21720],[16616, 21712],[16568, 21712],[16568, 21720],[16560, 21720],[16560, 21728],[16552, 21728],[16552, 21736],[16544, 21736],[16544, 21744],[16536, 21744],[16536, 21752],[16528, 21752],[16528, 21760],[16520, 21760],[16520, 21776],[16512, 21776]]]},"properties":{"objectType":"annotation","classification":{"name":"Ignore*","color":[180, 180, 180]},"isLocked":true}},{"type":"Feature","id":"67969f12-ff41-416d-adaa-bc0dc4ba92cb","geometry":{"type":"Polygon","coordinates":[[[16056, 21800],[16056, 21840],[16064, 21840],[16064, 21848],[16072, 21848],[16072, 21856],[16096, 21856],[16096, 21848],[16104, 21848],[16104, 21816],[16096, 21816],[16096, 21808],[16088, 21808],[16088, 21800],[16056, 21800]]]},"properties":{"objectType":"annotation","classification":{"name":"Ignore*","color":[180, 180, 180]},"isLocked":true}},{"type":"Feature","id":"22e80381-62de-4e46-a8e9-73530f143b5e","geometry":{"type":"Polygon","coordinates":[[[17832, 22152],[17832, 22208],[17840, 22208],[17840, 22224],[17856, 22224],[17856, 22232],[17864, 22232],[17864, 22224],[17872, 22224],[17872, 22216],[17880, 22216],[17880, 22208],[17888, 22208],[17888, 22184],[17896, 22184],[17896, 22144],[17888, 22144],[17888, 22128],[17904, 22128],[17904, 22120],[17920, 22120],[17920, 22112],[17936, 22112],[17936, 22104],[17944, 22104],[17944, 22096],[17960, 22096],[17960, 22080],[17968, 22080],[17968, 22072],[17976, 22072],[17976, 22016],[17968, 22016],[17968, 21984],[17960, 21984],[17960, 21968],[17952, 21968],[17952, 21960],[17944, 21960],[17944, 21952],[17936, 21952],[17936, 21944],[17896, 21944],[17896, 21960],[17888, 21960],[17888, 21976],[17880, 21976],[17880, 22008],[17872, 22008],[17872, 22040],[17864, 22040],[17864, 22104],[17872, 22104],[17872, 22128],[17864, 22128],[17864, 22136],[17848, 22136],[17848, 22144],[17840, 22144],[17840, 22152],[17832, 22152]]]},"properties":{"objectType":"annotation","classification":{"name":"Ignore*","color":[180, 180, 180]},"isLocked":true}},{"type":"Feature","id":"08e1fe36-7b4d-461b-b437-b67bc1860685","geometry":{"type":"Polygon","coordinates":[[[15992, 22176],[15992, 22216],[16000, 22216],[16000, 22224],[16032, 22224],[16032, 22232],[16048, 22232],[16048, 22240],[16064, 22240],[16064, 22248],[16072, 22248],[16072, 22256],[16096, 22256],[16096, 22248],[16112, 22248],[16112, 22240],[16120, 22240],[16120, 22208],[16112, 22208],[16112, 22192],[16096, 22192],[16096, 22184],[16088, 22184],[16088, 22176],[16064, 22176],[16064, 22168],[16048, 22168],[16048, 22160],[16008, 22160],[16008, 22168],[16000, 22168],[16000, 22176],[15992, 22176]]]},"properties":{"objectType":"annotation","classification":{"name":"Ignore*","color":[180, 180, 180]},"isLocked":true}},{"type":"Feature","id":"de0f3856-57fd-4909-a531-921dcb935460","geometry":{"type":"Polygon","coordinates":[[[17136, 22296],[17136, 22320],[17144, 22320],[17144, 22328],[17160, 22328],[17160, 22336],[17208, 22336],[17208, 22328],[17232, 22328],[17232, 22320],[17248, 22320],[17248, 22304],[17256, 22304],[17256, 22288],[17264, 22288],[17264, 22280],[17256, 22280],[17256, 22264],[17248, 22264],[17248, 22256],[17240, 22256],[17240, 22248],[17232, 22248],[17232, 22240],[17192, 22240],[17192, 22248],[17184, 22248],[17184, 22256],[17176, 22256],[17176, 22264],[17168, 22264],[17168, 22272],[17160, 22272],[17160, 22280],[17152, 22280],[17152, 22288],[17144, 22288],[17144, 22296],[17136, 22296]]]},"properties":{"objectType":"annotation","classification":{"name":"Ignore*","color":[180, 180, 180]},"isLocked":true}},{"type":"Feature","id":"2093b320-ee1c-4d4d-93f4-7f5c96e6e67c","geometry":{"type":"Polygon","coordinates":[[[15928, 22312],[15928, 22328],[15936, 22328],[15936, 22344],[15944, 22344],[15944, 22352],[15968, 22352],[15968, 22344],[15976, 22344],[15976, 22336],[15984, 22336],[15984, 22296],[15976, 22296],[15976, 22288],[15944, 22288],[15944, 22296],[15936, 22296],[15936, 22312],[15928, 22312]]]},"properties":{"objectType":"annotation","classification":{"name":"Ignore*","color":[180, 180, 180]},"isLocked":true}},{"type":"Feature","id":"ff1c2393-89b1-4a06-901a-64bb124b23a9","geometry":{"type":"Polygon","coordinates":[[[16816, 22448],[16816, 22472],[16824, 22472],[16824, 22488],[16832, 22488],[16832, 22496],[16856, 22496],[16856, 22480],[16864, 22480],[16864, 22456],[16856, 22456],[16856, 22448],[16848, 22448],[16848, 22440],[16824, 22440],[16824, 22448],[16816, 22448]]]},"properties":{"objectType":"annotation","classification":{"name":"Ignore*","color":[180, 180, 180]},"isLocked":true}},{"type":"Feature","id":"8ca73545-ec38-4c77-8c21-2efed11c26af","geometry":{"type":"Polygon","coordinates":[[[14976, 22600],[14976, 22616],[14984, 22616],[14984, 22632],[14992, 22632],[14992, 22640],[15000, 22640],[15000, 22664],[14992, 22664],[14992, 22704],[15000, 22704],[15000, 22712],[15008, 22712],[15008, 22720],[15024, 22720],[15024, 22728],[15032, 22728],[15032, 22736],[15064, 22736],[15064, 22728],[15072, 22728],[15072, 22720],[15080, 22720],[15080, 22712],[15088, 22712],[15088, 22648],[15080, 22648],[15080, 22584],[15072, 22584],[15072, 22568],[15064, 22568],[15064, 22560],[15056, 22560],[15056, 22552],[15024, 22552],[15024, 22560],[15016, 22560],[15016, 22568],[15008, 22568],[15008, 22576],[15000, 22576],[15000, 22584],[14984, 22584],[14984, 22600],[14976, 22600]]]},"properties":{"objectType":"annotation","classification":{"name":"Ignore*","color":[180, 180, 180]},"isLocked":true}},{"type":"Feature","id":"545dc330-2dda-47ab-a446-0f65ce808661","geometry":{"type":"Polygon","coordinates":[[[14936, 22856],[14936, 22872],[14944, 22872],[14944, 22888],[14960, 22888],[14960, 22896],[14984, 22896],[14984, 22888],[15000, 22888],[15000, 22880],[15008, 22880],[15008, 22864],[15016, 22864],[15016, 22856],[15024, 22856],[15024, 22848],[15064, 22848],[15064, 22840],[15072, 22840],[15072, 22832],[15080, 22832],[15080, 22776],[15072, 22776],[15072, 22768],[15032, 22768],[15032, 22784],[15024, 22784],[15024, 22800],[14984, 22800],[14984, 22808],[14968, 22808],[14968, 22816],[14960, 22816],[14960, 22824],[14952, 22824],[14952, 22840],[14944, 22840],[14944, 22856],[14936, 22856]]]},"properties":{"objectType":"annotation","classification":{"name":"Ignore*","color":[180, 180, 180]},"isLocked":true}},{"type":"Feature","id":"c8b59b36-6e99-4c32-9e0e-866281b7d42e","geometry":{"type":"Polygon","coordinates":[[[22736, 23072],[22736, 23080],[22744, 23080],[22744, 23088],[22776, 23088],[22776, 23080],[22784, 23080],[22784, 23040],[22776, 23040],[22776, 23032],[22760, 23032],[22760, 23040],[22752, 23040],[22752, 23048],[22744, 23048],[22744, 23072],[22736, 23072]]]},"properties":{"objectType":"annotation","classification":{"name":"Ignore*","color":[180, 180, 180]},"isLocked":true}},{"type":"Feature","id":"1f1d518e-e501-4411-a8d5-a90dc979b2cf","geometry":{"type":"Polygon","coordinates":[[[35735, 6760],[35735, 6764],[35739, 6768],[35739, 6829],[35739, 6834],[35740, 6834],[35740, 6835],[35744, 6839],[35744, 6844],[35744, 6848],[35745, 6848],[35749, 6852],[35749, 6853],[35749, 6854],[35754, 6858],[35754, 6859],[35754, 6862],[35754, 6863],[35758, 6867],[35758, 6872],[35759, 6872],[35759, 6873],[35769, 6883],[35773, 6887],[35774, 6887],[35774, 6888],[35779, 6888],[35783, 6892],[35784, 6892],[35784, 6893],[35788, 6893],[35790.12, 6894.88],[35790.14, 6894.91],[35792, 6897],[35792.5, 6897],[35797, 6901],[35797, 6902],[35802, 6902],[35806, 6906],[35807, 6906],[35807, 6907],[35838, 6907],[35838, 6906],[35842, 6902],[35852, 6902],[35857, 6897],[35866, 6897],[35866, 6896],[35867, 6896],[35870, 6893],[35871, 6892],[35876, 6892],[35876, 6891],[35877, 6891],[35880, 6888],[35881, 6888],[35881, 6887],[35885, 6883],[35890, 6883],[35891, 6882],[35895, 6878],[35905, 6878],[35909, 6874],[35913, 6874],[35913, 6873],[35915, 6873],[35919, 6869],[35923, 6869],[35924, 6868],[35928, 6864],[35933, 6864],[35938, 6859],[35943, 6859],[35947, 6855],[35951, 6855],[35951, 6854],[35952, 6854],[35956, 6850],[35957, 6850],[35957, 6849],[35958, 6849],[35958, 6848],[35958, 6844],[35962, 6840],[35962, 6838],[35963, 6838],[35963, 6834],[35963, 6832],[35963, 6814],[35962, 6814],[35962, 6812],[35958, 6808],[35958, 6803],[35958, 6793],[35958, 6770],[35958, 6761],[35957, 6761],[35957, 6760],[35954, 6757],[35954, 6747],[35953, 6746],[35953, 6745],[35953, 6741],[35952, 6741],[35949, 6738],[35949, 6737],[35949, 6736],[35949, 6733],[35948, 6733],[35948, 6732],[35947, 6731],[35944, 6727.63],[35944, 6727],[35944, 6724],[35944, 6723],[35943, 6723],[35943, 6722],[35938, 6717],[35937, 6716],[35929, 6708],[35928, 6708],[35928, 6707],[35923, 6707],[35919, 6703],[35915.8, 6703],[35915, 6702],[35908.2, 6702],[35905, 6698],[35806, 6698],[35802, 6703],[35797, 6703],[35774, 6726],[35769, 6726],[35769, 6727],[35768, 6727],[35764.44, 6731],[35764, 6731],[35764, 6731.5],[35760, 6736],[35754, 6736],[35740, 6751],[35739, 6751],[35739, 6756],[35735, 6760]]]},"properties":{"objectType":"annotation","classification":{"name":"Ignore*","color":[180, 180, 180]}}},{"type":"Feature","id":"71bc1bc8-495b-4e47-a446-77883c0e2b43","geometry":{"type":"Polygon","coordinates":[[[36038, 6708],[36038, 6724],[36043, 6729],[36043, 6777],[36048, 6781],[36048, 6787],[36052, 6791],[36052, 6795],[36058, 6801],[36059, 6801],[36059, 6802],[36063, 6802],[36067, 6806],[36073, 6806],[36077, 6810],[36077, 6811],[36099, 6811],[36099, 6810],[36103, 6806],[36123, 6806],[36127, 6802],[36140, 6802],[36141, 6801],[36142, 6801],[36146, 6797],[36155, 6797],[36160, 6792],[36165, 6792],[36174, 6783],[36178, 6783],[36179, 6782],[36180, 6782],[36184, 6778],[36193, 6778],[36198, 6773],[36208, 6773],[36208, 6772],[36212, 6768],[36218, 6768],[36222, 6764],[36226, 6764],[36226, 6763],[36227, 6763],[36231, 6759],[36236, 6759],[36236, 6758],[36237, 6758],[36241, 6754],[36242, 6754],[36245.73, 6750],[36246, 6750],[36246, 6749.71],[36246.67, 6749],[36251, 6749],[36255, 6745],[36256, 6745],[36256, 6744],[36256, 6743],[36257, 6743],[36257, 6742],[36257, 6739],[36261, 6735],[36261, 6734],[36261, 6730],[36261, 6729],[36262, 6728],[36266, 6724],[36266, 6720],[36266, 6716],[36266, 6715],[36270, 6711],[36270, 6710],[36271, 6710],[36271, 6701],[36271, 6696],[36275, 6692],[36275, 6690],[36276, 6690],[36276, 6667],[36276, 6662],[36276, 6648],[36276, 6638],[36275, 6637],[36275, 6636],[36271, 6632],[36271, 6627],[36270, 6627],[36270, 6626],[36265, 6622],[36265, 6621],[36260, 6621],[36257, 6618],[36257, 6614],[36256, 6613],[36256, 6612],[36252, 6608],[36247, 6603],[36247, 6599],[36247, 6598],[36247, 6594],[36243, 6590],[36243, 6586],[36242, 6585],[36242, 6584],[36238, 6580],[36238, 6576],[36237, 6575],[36237, 6574],[36232, 6574],[36227, 6569],[36210, 6569],[36205, 6574],[36195, 6584],[36182, 6597],[36177, 6597],[36177, 6598],[36176, 6598],[36168, 6607],[36162, 6607],[36158, 6612],[36148, 6612],[36144, 6616],[36139, 6616],[36139, 6617],[36138, 6617],[36134, 6621],[36129, 6621],[36129, 6622],[36125, 6626],[36119, 6626],[36115, 6631],[36110, 6631],[36092, 6650],[36086, 6650],[36086, 6656],[36077, 6664],[36076, 6665],[36076, 6670],[36071, 6675],[36071, 6684],[36067, 6688],[36067, 6694],[36063, 6697],[36058, 6697],[36058, 6698],[36054, 6702],[36043, 6702],[36039, 6707],[36038, 6708]]]},"properties":{"objectType":"annotation","classification":{"name":"Ignore*","color":[180, 180, 180]}}},{"type":"Feature","id":"8a50b8de-1324-48c8-995d-a8f0df0e23df","geometry":{"type":"Polygon","coordinates":[[[34002, 5994],[34002, 6000],[34004, 6002],[34006, 6002],[34008, 6004],[34010, 6004],[34012, 6002],[34016, 6002],[34017, 6001],[34020, 6001],[34022, 5999],[34024, 5999],[34024, 5998],[34026, 5997],[34028, 5997],[34028, 5996],[34027, 5994],[34027, 5993],[34025, 5991],[34025, 5989],[34024, 5989],[34021, 5985],[34013, 5985],[34011, 5987],[34009, 5987],[34002, 5994]]]},"properties":{"objectType":"annotation","classification":{"name":"Ignore*","color":[180, 180, 180]}}},{"type":"Feature","id":"6d75fbbe-6728-4786-8881-8bb13b313948","geometry":{"type":"Polygon","coordinates":[[[27488, 3240],[27552, 3240],[27640, 3176],[27848, 3128],[28128, 2960],[28224, 2968],[28328, 2928],[28448, 2824],[28456, 2696],[28312, 2680],[28304, 2704],[28120, 2728],[28016, 2816],[27824, 2904],[27600, 3048],[27504, 3136],[27488, 3240]]]},"properties":{"objectType":"annotation","classification":{"name":"Tumor","color":[102, 77, 179]}}},{"type":"Feature","id":"4a28d52e-234a-4e31-a4c3-91ad6b8e3499","geometry":{"type":"Polygon","coordinates":[[[24264, 11832],[24344, 11816],[24456, 11720],[24488, 11656],[24592, 11608],[24680, 11504],[24704, 11424],[24840, 11272],[24856, 11224],[24928, 11152],[24944, 11104],[25032, 11016],[25040, 10976],[25144, 10880],[25176, 10824],[25360, 10656],[25384, 10568],[25496, 10496],[25592, 10400],[25600, 10368],[25736, 10256],[25840, 10208],[25912, 10136],[26104, 10072],[26208, 10112],[26256, 10024],[26320, 9968],[26456, 9736],[26464, 9704],[26536, 9640],[26608, 9528],[26704, 9464],[26728, 9416],[26784, 9376],[26840, 9304],[26888, 9208],[26912, 9056],[26856, 9040],[26824, 9080],[26680, 9192],[26616, 9312],[26528, 9360],[26504, 9416],[26432, 9480],[26368, 9512],[26360, 9544],[26272, 9624],[26208, 9648],[26112, 9760],[25872, 9968],[25840, 9976],[25736, 10072],[25696, 10144],[25560, 10256],[25320, 10424],[25288, 10504],[25304, 10576],[25200, 10648],[25160, 10648],[25160, 10528],[25144, 10432],[25264, 10392],[25384, 10312],[25440, 10224],[25440, 10184],[25376, 10144],[25264, 10136],[25088, 10208],[24992, 10272],[24904, 10280],[24736, 10376],[24712, 10416],[24672, 10416],[24688, 10520],[24824, 10496],[24920, 10424],[24960, 10432],[24912, 10512],[24848, 10568],[24864, 10688],[24968, 10688],[25088, 10568],[25128, 10656],[25032, 10768],[25016, 10824],[24872, 11032],[24768, 11200],[24512, 11504],[24376, 11632],[24344, 11696],[24288, 11744],[24264, 11832]]]},"properties":{"objectType":"annotation","classification":{"name":"Tumor","color":[102, 77, 179]}}},{"type":"Feature","id":"f7ea8829-f68c-428b-b519-202913d30fbb","geometry":{"type":"Polygon","coordinates":[[[25240, 12272],[25264, 12400],[25360, 12440],[25408, 12328],[25392, 12240],[25432, 12208],[25464, 12256],[25552, 12248],[25680, 12080],[25688, 11976],[25608, 11960],[25512, 12040],[25400, 12096],[25296, 12176],[25240, 12272]]]},"properties":{"objectType":"annotation","classification":{"name":"Tumor","color":[102, 77, 179]}}},{"type":"Feature","id":"f12bd4a5-9aa8-48bd-a7f5-6da778c2834c","geometry":{"type":"Polygon","coordinates":[[[33024, 5664],[33072, 5800],[33184, 5808],[33224, 5784],[33408, 5784],[33528, 5728],[33608, 5624],[33600, 5464],[33656, 5456],[33696, 5488],[33808, 5472],[33840, 5416],[33816, 5312],[33752, 5240],[33560, 5232],[33424, 5288],[33376, 5328],[33320, 5432],[33312, 5560],[33272, 5640],[33144, 5568],[33096, 5568],[33024, 5664]]]},"properties":{"objectType":"annotation","classification":{"name":"Tumor","color":[102, 77, 179]}}},{"type":"Feature","id":"5663b225-1a10-409d-a2e6-5cb0a820a504","geometry":{"type":"Polygon","coordinates":[[[28992, 7064],[29040, 7152],[29120, 7192],[29224, 7192],[29312, 7152],[29456, 6968],[29464, 6752],[29392, 6680],[29320, 6680],[29048, 6896],[28992, 7064]]]},"properties":{"objectType":"annotation","classification":{"name":"Tumor","color":[102, 77, 179]}}},{"type":"Feature","id":"0e5fdbcc-2c05-498c-a687-8fe50f9b63ff","geometry":{"type":"Polygon","coordinates":[[[28040, 11424],[28088, 11552],[28160, 11616],[28272, 11624],[28360, 11576],[28392, 11688],[28456, 11744],[28592, 11736],[28648, 11656],[28648, 11544],[28592, 11456],[28504, 11408],[28416, 11296],[28320, 11264],[28208, 11280],[28056, 11256],[28040, 11424]]]},"properties":{"objectType":"annotation","classification":{"name":"Tumor","color":[102, 77, 179]}}},{"type":"Feature","id":"f3953386-1908-4c39-a93f-4686786df8c4","geometry":{"type":"Polygon","coordinates":[[[32496, 5192],[32520, 5312],[32640, 5328],[32736, 5256],[32744, 5152],[32688, 5104],[32592, 5104],[32496, 5192]]]},"properties":{"objectType":"annotation","classification":{"name":"Tumor","color":[102, 77, 179]}}},{"type":"Feature","id":"99417775-23f5-4125-8a3d-3095bb916e2a","geometry":{"type":"Polygon","coordinates":[[[32280, 5152],[32296, 5200],[32472, 5160],[32512, 5064],[32632, 5016],[32704, 5064],[32800, 5056],[32896, 5000],[32952, 4920],[32968, 4808],[32944, 4752],[32840, 4736],[32728, 4824],[32648, 4928],[32568, 4904],[32480, 4944],[32472, 4984],[32352, 5056],[32280, 5152]]]},"properties":{"objectType":"annotation","classification":{"name":"Tumor","color":[102, 77, 179]}}},{"type":"Feature","id":"c7b5ce77-8ca9-4fa6-8218-04b5bc9ad849","geometry":{"type":"Polygon","coordinates":[[[33824, 6032],[33896, 6064],[34104, 6064],[34224, 6016],[34312, 5912],[34288, 5840],[34176, 5808],[33992, 5880],[33832, 5976],[33824, 6032]]]},"properties":{"objectType":"annotation","classification":{"name":"Tumor","color":[102, 77, 179]}}},{"type":"Feature","id":"7369f48b-2990-4b88-96a2-b6ccfa1010c2","geometry":{"type":"Polygon","coordinates":[[[28560, 3608],[28560, 3720],[28584, 3760],[28608, 3768],[28600, 3888],[28592, 3936],[28608, 3976],[28632, 3992],[28632, 4016],[28656, 4032],[28672, 4072],[28728, 4072],[28744, 4112],[28808, 4152],[28848, 4168],[28888, 4168],[28912, 4184],[28920, 4216],[28952, 4224],[28960, 4256],[28984, 4240],[28968, 4216],[29000, 4216],[29024, 4184],[29056, 4184],[29040, 4200],[29032, 4288],[29064, 4304],[29120, 4296],[29168, 4256],[29184, 4232],[29184, 4184],[29152, 4152],[29128, 4152],[29136, 4120],[29136, 4056],[29096, 4016],[29096, 4000],[29040, 3952],[29032, 3888],[29048, 3880],[28968, 3864],[28944, 3840],[28904, 3840],[28896, 3856],[28848, 3840],[28784, 3848],[28768, 3824],[28744, 3824],[28744, 3776],[28808, 3752],[28816, 3736],[28872, 3712],[28888, 3688],[28912, 3688],[28976, 3640],[28992, 3616],[29016, 3616],[29040, 3576],[29104, 3576],[29112, 3608],[29144, 3608],[29128, 3592],[29144, 3568],[29184, 3568],[29192, 3600],[29216, 3624],[29264, 3624],[29304, 3600],[29336, 3600],[29384, 3576],[29424, 3600],[29488, 3624],[29552, 3664],[29608, 3648],[29608, 3616],[29656, 3616],[29712, 3576],[29736, 3576],[29768, 3512],[29792, 3504],[29792, 3456],[29808, 3448],[29808, 3384],[29880, 3352],[29914, 3358],[30014, 3340],[30080, 3312],[30080, 3344],[30144, 3344],[30160, 3328],[30208, 3336],[30184, 3312],[30200, 3280],[30176, 3240],[30160, 3240],[30160, 3208],[30088, 3160],[29968, 3160],[29880, 3168],[29880, 3192],[29856, 3192],[29808, 3216],[29808, 3264],[29792, 3240],[29736, 3240],[29712, 3264],[29720, 3320],[29672, 3328],[29672, 3360],[29640, 3384],[29608, 3384],[29568, 3408],[29480, 3408],[29440, 3400],[29400, 3376],[29360, 3376],[29328, 3336],[29304, 3328],[29296, 3304],[29224, 3288],[29208, 3272],[29096, 3288],[29088, 3272],[29064, 3288],[29024, 3288],[29000, 3312],[28952, 3312],[28896, 3328],[28856, 3352],[28848, 3376],[28800, 3408],[28784, 3440],[28720, 3440],[28688, 3496],[28656, 3504],[28592, 3560],[28560, 3608]]]},"properties":{"objectType":"annotation","classification":{"name":"Tumor","color":[102, 77, 179]}}},{"type":"Feature","id":"1a9e33c6-2ccc-4fda-add8-3a449c47b277","geometry":{"type":"Polygon","coordinates":[[[30339, 9788],[30339, 9836],[30446, 9911],[30476, 9867],[30591, 9751],[30726, 9563],[30792, 9435],[30916, 9321],[30918, 9236],[31030, 9145],[31177, 9071],[31240, 9050],[31335, 8966],[31377, 8945],[31493, 8913],[31576, 8872],[31753, 8819],[31917, 8744],[32114, 8670],[32179, 8628],[32232, 8627],[32288, 8582],[32390, 8480],[32460, 8459],[32498, 8487],[32498, 8546],[32435, 8671],[32435, 8802],[32468, 8837],[32533, 8847],[32645, 8750],[32692.2, 8671],[32726, 8657],[32708, 8634],[32750, 8581],[32771, 8505],[32792, 8379],[32792, 8170],[32824, 8097],[32876, 8013],[32887, 7950],[32971, 7750],[33086, 7603],[33118, 7519],[33160, 7446],[33212, 7383],[33233, 7257],[33233, 7204],[33254, 7152],[33275, 7026],[33276, 6962],[33317, 6879],[33339, 6719],[33339, 6624],[33371, 6517],[33371, 6433],[33350, 6391],[33283, 6323],[33169, 6292],[33079, 6292],[32996, 6323],[32921, 6324],[32888, 6409],[32888, 6573],[32929, 6700],[32929, 6875],[32876, 6969],[32876, 7041],[32845, 7115],[32834, 7230],[32782, 7316],[32719, 7462],[32708, 7547],[32677, 7620],[32627, 7670],[32437, 7733],[32333, 7796],[32249, 7806],[32060, 7902],[31996, 7924],[31941, 8011],[31941, 8058],[32114, 8049],[32200, 8017],[32314.88, 7944],[32459, 7932],[32488, 7967],[32340, 8094],[32309, 8188],[32226, 8271],[32204, 8324],[32141, 8409],[32025.06, 8525],[31971, 8546],[31773, 8661],[31678, 8703],[31625, 8714],[31573, 8745],[31487, 8767],[31394, 8808],[31331, 8861],[31195, 8892],[31120, 8924],[30985, 8997],[30921, 9008],[30795, 9071],[30711, 9092],[30606, 9155],[30521, 9187],[30512, 9240],[30659, 9229],[30698, 9257],[30698, 9314],[30675, 9400],[30623, 9452],[30591, 9505],[30560, 9589],[30477, 9672],[30455, 9736],[30405, 9775],[30339, 9788]]]},"properties":{"objectType":"annotation","classification":{"name":"Tumor","color":[102, 77, 179]}}},{"type":"Feature","id":"393109cd-bf1e-4f2c-984b-03a26087653a","geometry":{"type":"Polygon","coordinates":[[[20673, 15317],[20673, 15333],[20674, 15333],[20678, 15337],[20678, 15342],[20683, 15347],[20684, 15347],[20684, 15348],[20711, 15348],[20712, 15347],[20713, 15347],[20717, 15343],[20722, 15343],[20722, 15342],[20740, 15324],[20740, 15323],[20741, 15323],[20741, 15291],[20740, 15291],[20740, 15290],[20731, 15281],[20731, 15280],[20726, 15280],[20722, 15276],[20705, 15276],[20701, 15280],[20696, 15280],[20696, 15281],[20683, 15294],[20682, 15294],[20682, 15299],[20678, 15303],[20678, 15313],[20674, 15317],[20673, 15317]]]},"properties":{"objectType":"annotation","classification":{"name":"Ignore*","color":[180, 180, 180]}}},{"type":"Feature","id":"aee60643-115a-414e-b4c9-70cce4de6355","geometry":{"type":"Polygon","coordinates":[[[21837, 12803],[21837, 12815],[21838, 12815],[21847, 12824],[21848, 12824],[21848, 12825],[21852, 12825],[21856, 12828],[21856, 12829],[21872, 12829],[21872, 12828],[21876, 12825],[21889, 12825],[21889, 12824],[21890, 12824],[21894, 12820],[21899, 12820],[21899, 12819],[21903, 12816],[21907, 12816],[21907, 12815],[21908, 12815],[21922, 12801],[21922, 12800],[21923, 12800],[21923, 12796],[21926, 12792],[21927, 12792],[21927, 12774],[21931, 12770],[21931, 12769],[21932, 12768],[21932, 12760],[21949, 12743],[21949, 12742],[21950, 12741],[21950, 12738],[21958, 12729],[21958, 12728],[21959, 12728],[21959, 12725],[21959, 12724],[21963, 12720],[21963, 12719.67],[21963.62, 12719],[21964, 12719],[21964, 12718.58],[21971, 12711],[21972, 12711],[21972, 12706],[21976, 12702],[21976, 12701],[21977, 12701],[21977, 12693],[21980, 12689],[21981, 12689],[21981, 12686],[21980, 12686],[21977, 12682],[21977, 12674],[21976, 12673],[21976, 12672],[21966, 12672],[21962, 12668],[21962, 12667],[21928, 12667],[21928, 12668],[21883, 12713],[21882, 12713],[21882, 12718],[21878, 12722],[21878, 12735],[21878, 12736],[21878, 12740],[21874, 12744],[21873, 12744],[21873, 12758],[21847, 12785],[21846, 12785],[21846, 12790],[21842, 12794],[21842, 12799],[21838, 12803],[21837, 12803]]]},"properties":{"objectType":"annotation","classification":{"name":"Ignore*","color":[180, 180, 180]}}},{"type":"Feature","id":"773086dc-dcec-40cd-94a7-d3c5bb6c5f0a","geometry":{"type":"Polygon","coordinates":[[[21686, 12850],[21687, 12850],[21687, 12851],[21692, 12851],[21696, 12855],[21697, 12855],[21697, 12856],[21742, 12856],[21743, 12855],[21744, 12855],[21748, 12851],[21757, 12851],[21757, 12850],[21761, 12847],[21765, 12847],[21765, 12846],[21767, 12846],[21767, 12843],[21766, 12843],[21766, 12842],[21750, 12842],[21750, 12843],[21746, 12847],[21716, 12847],[21712, 12843],[21712, 12842],[21715, 12842],[21719, 12845],[21719, 12846],[21726, 12846],[21726, 12845],[21730, 12842],[21743, 12842],[21743, 12841],[21744, 12841],[21758, 12827],[21758, 12826],[21759, 12826],[21759, 12812],[21758, 12812],[21758, 12811],[21749, 12802],[21755, 12802],[21759, 12805],[21759, 12806],[21764, 12806],[21777, 12819],[21780, 12819],[21780, 12818],[21781, 12817],[21781, 12813],[21780, 12812],[21780, 12811],[21776, 12807],[21776, 12802],[21775, 12802],[21771, 12798],[21771, 12797],[21766, 12797],[21762, 12793],[21757, 12793],[21753, 12789],[21753, 12788],[21741, 12788],[21741, 12789],[21737, 12793],[21727, 12793],[21723, 12797],[21718, 12797],[21718, 12798],[21714, 12802],[21709, 12802],[21687, 12825],[21686, 12825],[21686, 12850]],[[21700, 12834],[21700, 12832],[21701, 12832],[21705, 12836],[21705, 12839.71],[21700, 12834]],[[21700, 12827],[21703, 12823],[21704, 12823],[21704, 12818],[21716, 12806],[21721, 12806],[21721, 12805],[21725, 12802],[21732, 12802],[21728, 12806],[21723, 12806],[21719, 12810],[21714, 12810],[21714, 12811],[21705, 12820],[21705, 12825],[21701, 12829],[21700, 12829],[21700, 12827]]]},"properties":{"objectType":"annotation","classification":{"name":"Ignore*","color":[180, 180, 180]}}},{"type":"Feature","id":"56f89f27-2c52-47bd-b953-3ecc2c57c282","geometry":{"type":"Polygon","coordinates":[[[22681, 13634],[22682, 13634],[22686, 13630],[22691, 13630],[22691, 13629],[22701, 13619],[22701, 13620],[22702, 13620],[22701, 13621],[22696, 13626],[22696, 13629],[22697, 13629],[22697.5, 13629.5],[22697, 13630],[22697, 13634],[22705, 13634],[22705, 13633],[22718, 13620],[22723, 13615],[22724, 13614],[22731, 13607],[22732, 13607],[22736, 13607],[22736, 13606],[22740, 13603],[22743, 13603],[22747, 13606],[22747, 13607],[22752, 13607],[22756, 13611],[22757, 13611],[22757, 13612],[22762, 13612],[22765, 13612],[22769, 13615],[22769, 13616],[22774, 13616],[22778, 13620],[22779, 13620],[22780, 13621],[22783, 13621],[22796, 13633],[22796, 13634],[22801, 13634],[22805, 13638],[22806, 13638],[22807, 13639],[22810, 13639],[22814, 13642],[22814, 13643],[22818, 13643],[22822, 13643],[22823, 13643],[22827, 13647],[22828, 13647],[22829, 13648],[22833, 13648],[22837, 13648],[22838, 13648],[22839, 13647],[22840, 13647],[22844, 13642],[22845, 13642],[22845, 13641],[22845, 13610],[22849, 13606],[22849, 13605],[22850, 13605],[22850, 13564],[22849, 13564],[22849, 13563],[22849, 13560],[22849, 13558],[22848, 13558],[22844, 13554],[22844, 13553],[22843, 13553],[22839, 13553],[22835, 13549],[22809, 13549],[22809, 13553],[22823, 13553],[22827, 13557],[22828, 13557],[22829, 13558],[22817, 13558],[22809, 13558],[22795, 13558],[22795, 13562],[22796, 13562],[22797, 13563],[22773, 13563],[22769, 13567],[22762, 13567],[22757, 13567],[22758, 13566],[22758, 13562],[22750, 13562],[22742, 13562],[22738, 13562],[22738, 13563],[22729, 13571],[22724, 13571],[22724, 13572],[22720, 13576],[22718, 13576],[22709, 13576],[22705, 13572],[22705, 13571],[22700, 13571],[22688, 13571],[22684, 13571],[22684, 13572],[22683, 13572],[22683, 13575],[22685, 13575],[22684, 13576],[22678, 13576],[22674, 13576],[22674, 13579],[22675, 13579],[22674, 13580],[22669, 13580],[22669, 13581],[22665, 13585],[22664, 13585],[22664, 13588],[22665, 13588],[22665, 13589],[22672, 13589],[22672, 13588],[22676, 13585],[22679, 13585],[22679, 13586],[22675, 13590],[22670, 13590],[22661, 13599],[22661, 13604],[22657, 13608],[22656, 13608],[22656, 13625],[22657, 13625],[22666, 13634],[22667, 13634],[22667, 13635],[22681, 13635],[22681, 13634]],[[22840, 13572],[22836, 13576],[22831, 13581],[22831, 13586],[22822, 13594],[22822, 13604],[22818, 13607],[22817, 13607],[22817, 13593],[22821, 13589],[22821, 13588],[22822, 13587],[22822, 13584],[22834, 13571],[22835, 13571],[22835, 13560.63],[22840, 13565],[22840, 13572]],[[22807, 13612],[22803, 13608],[22803, 13607],[22799, 13607],[22798, 13607],[22794, 13603],[22800, 13603],[22804, 13607],[22805, 13607],[22806, 13608],[22809, 13608],[22811.29, 13609.71],[22809, 13612],[22807, 13612]],[[22715, 13604],[22714, 13605],[22714, 13596],[22715, 13597],[22715, 13604]]]},"properties":{"objectType":"annotation","classification":{"name":"Ignore*","color":[180, 180, 180]}}},{"type":"Feature","id":"87a60cde-ced9-42f1-add7-866ca2b6cffd","geometry":{"type":"Polygon","coordinates":[[[23011, 11877],[23011, 11878],[23011, 11898],[23015, 11902],[23015, 11906],[23019, 11909],[23019, 11910],[23019, 11914],[23022, 11917],[23022, 11921],[23023, 11921],[23026, 11924],[23026, 11928],[23030, 11932],[23030, 11936],[23034, 11939],[23034, 11940],[23034, 11947],[23037, 11951],[23037, 11954],[23038, 11955],[23041, 11958],[23041, 11962],[23042, 11962],[23068, 11989],[23072, 11989],[23075, 11992],[23076, 11993],[23080, 11993],[23083, 11996],[23083, 11997],[23089, 11997],[23089, 11996],[23092, 11993],[23104, 11993],[23104, 11992],[23107, 11989],[23112, 11989],[23115, 11986],[23118, 11986],[23118, 11985],[23119, 11985],[23122, 11982],[23126, 11982],[23126, 11981],[23127, 11981],[23130, 11978],[23149, 11978],[23149, 11977],[23152, 11974],[23160, 11974],[23164, 11970],[23167, 11967],[23171, 11967],[23171, 11966],[23172, 11966],[23175, 11963],[23181, 11963],[23185, 11967],[23188, 11967],[23195, 11974],[23200, 11974],[23203, 11977],[23203, 11978],[23207, 11978],[23210, 11981],[23211, 11981],[23211, 11982],[23222, 11982],[23225, 11985],[23232, 11985],[23235, 11982],[23242, 11982],[23242, 11981],[23243, 11981],[23246, 11978],[23258, 11966],[23258, 11965],[23259, 11965],[23259, 11962],[23265, 11955],[23266, 11955],[23266, 11954],[23266, 11950],[23269, 11947],[23270, 11947],[23270, 11943],[23270, 11942],[23270, 11941],[23269, 11941],[23266, 11938],[23266, 11934],[23258, 11926],[23257, 11925],[23254, 11925],[23250, 11922],[23205, 11922],[23202, 11918],[23158, 11918],[23155, 11922],[23143, 11922],[23140, 11925],[23136, 11925],[23136, 11926],[23135, 11926],[23133, 11928],[23130, 11926],[23130, 11925],[23126, 11925],[23124, 11923],[23124, 11916],[23124, 11912],[23123, 11912],[23123, 11911],[23120, 11908],[23120, 11904],[23119, 11904],[23119, 11903],[23117, 11901],[23117, 11900],[23116, 11900],[23116, 11881],[23115, 11881],[23115, 11880],[23114, 11880],[23112, 11878],[23112, 11870],[23109, 11867],[23108, 11866],[23107, 11865],[23104, 11862],[23100.7, 11862],[23093, 11855],[23093, 11854],[23089, 11854],[23085, 11851],[23085, 11850],[23080.25, 11850],[23078, 11847],[23059, 11847],[23055, 11844],[23055, 11843],[23034, 11843],[23034, 11844],[23031, 11847],[23030, 11847],[23023, 11855],[23022, 11855],[23022, 11856],[23019, 11859],[23019, 11862],[23019, 11863],[23015, 11866],[23015, 11870],[23015, 11874],[23012, 11877],[23011, 11877]]]},"properties":{"objectType":"annotation","classification":{"name":"Ignore*","color":[180, 180, 180]}}},{"type":"Feature","id":"ada3638e-bf05-4ad3-8aac-f221afadf2a6","geometry":{"type":"Polygon","coordinates":[[[25991, 7833],[25991, 7839],[25992, 7839],[25992, 7843],[25993, 7844],[26055, 7844],[26059, 7840],[26116, 7840],[26119, 7844],[26197, 7844],[26201, 7848],[26202, 7848],[26202, 7849],[26227, 7849],[26231, 7852],[26231, 7853],[26243, 7853],[26247, 7856],[26247, 7857],[26256, 7857],[26260, 7861],[26264, 7861],[26268, 7865],[26269, 7865],[26270, 7866],[26273, 7866],[26277, 7869],[26277, 7870],[26295, 7870],[26299, 7873],[26299, 7874],[26315, 7874],[26319, 7878],[26328, 7878],[26332, 7882],[26333, 7882],[26333, 7883],[26337, 7883],[26340, 7886],[26341, 7886],[26341, 7887],[26351, 7887],[26352, 7886],[26352, 7883],[26343, 7875],[26343, 7874],[26339, 7874],[26331, 7866],[26327, 7866],[26314, 7853],[26310, 7853],[26302, 7845],[26301, 7845],[26301, 7844],[26297, 7844],[26293, 7841],[26293, 7840],[26288, 7840],[26285, 7836],[26280, 7836],[26271, 7827],[26267, 7827],[26263, 7824],[26263, 7823],[26254, 7823],[26251, 7819],[26242, 7819],[26238, 7815],[26229, 7815],[26224, 7810],[26220, 7810],[26216, 7806],[26208, 7806],[26204, 7802],[26199, 7802],[26195, 7798],[26153, 7798],[26150, 7802],[26141, 7802],[26137, 7806],[26124, 7806],[26124, 7807],[26120, 7810],[26082, 7810],[26077, 7815],[26051, 7815],[26048, 7819],[26029, 7819],[26025, 7815],[26022, 7815],[26019, 7819],[26005, 7819],[26001.31, 7823],[26001, 7823],[25992, 7832],[25991, 7833]]]},"properties":{"objectType":"annotation","classification":{"name":"Ignore*","color":[180, 180, 180]}}},{"type":"Feature","id":"e20c9c2c-7a5d-45d5-8f6b-63251aa19fa9","geometry":{"type":"Polygon","coordinates":[[[24733, 9240],[24733, 9271],[24743, 9281],[24747, 9281],[24751, 9285],[24756, 9285],[24759, 9289],[24760, 9289],[24761, 9290],[24782, 9290],[24783, 9289],[24784, 9289],[24787, 9285],[24796, 9285],[24800, 9281],[24805, 9281],[24805, 9280],[24813, 9273],[24816, 9273],[24817, 9272],[24818, 9272],[24821, 9268],[24826, 9268],[24835, 9259],[24835, 9254],[24839, 9251],[24839, 9250],[24840, 9249],[24840, 9228],[24839, 9227],[24839, 9226],[24835, 9223],[24835, 9218],[24831, 9214],[24831, 9205],[24830, 9205],[24818, 9192],[24789, 9192],[24785, 9196],[24777, 9196],[24773, 9200],[24769, 9200],[24738, 9231],[24738, 9235],[24733, 9240]]]},"properties":{"objectType":"annotation","classification":{"name":"Ignore*","color":[180, 180, 180]}}},{"type":"Feature","id":"e6fda235-7aa8-4a0d-902d-244d32f015ff","geometry":{"type":"Polygon","coordinates":[[[23476, 8038],[23476, 8046],[23501, 8046],[23504, 8042],[23694, 8042],[23697, 8046],[23703, 8046],[23704, 8047],[23711.75, 8047],[23714, 8050],[23715, 8050],[23716, 8051],[23723, 8051],[23727, 8054],[23728, 8055],[23736, 8055],[23738.29, 8056.71],[23740, 8059],[23772, 8059],[23782, 8049],[23782, 8042],[23782, 8041],[23782, 8039],[23782, 8031],[23777, 8026],[23777, 8025],[23747, 8025],[23743, 8021],[23730, 8021],[23726, 8017],[23717, 8017],[23714, 8013],[23713, 8013],[23712, 8012],[23696, 8012],[23692, 8009],[23692, 8008],[23676, 8008],[23676, 8009],[23672, 8012],[23657, 8012],[23653, 8008],[23611, 8008],[23607, 8004],[23603, 8004],[23599, 8000],[23594, 8000],[23590, 7996],[23589, 7995],[23585, 7995],[23581, 7991],[23577, 7991],[23573, 7987],[23566, 7987],[23566, 7988],[23562, 7991],[23558, 7991],[23558, 7992],[23542, 8008],[23540, 8008],[23540, 8009],[23537, 8012],[23532, 8017],[23527, 8017],[23524, 8021],[23515, 8021],[23511, 8025],[23506, 8025],[23506, 8026],[23502, 8029],[23494, 8029],[23494, 8030],[23493, 8030],[23490, 8034],[23485, 8034],[23481, 8038],[23476, 8038]]]},"properties":{"objectType":"annotation","classification":{"name":"Ignore*","color":[180, 180, 180]}}},{"type":"Feature","id":"b460f10c-0f96-44b4-95a2-4f35c6ffcfee","geometry":{"type":"Polygon","coordinates":[[[23533, 7322],[23533, 7325],[23537, 7329],[23537, 7342],[23541, 7346],[23541, 7359],[23542, 7359],[23545, 7363],[23545, 7367],[23559, 7381],[23574, 7381],[23592, 7363],[23592, 7359],[23596, 7355],[23596, 7318],[23583, 7305],[23574, 7305],[23570, 7301],[23550, 7301],[23546, 7305],[23542, 7305],[23537, 7310],[23537, 7319],[23533, 7322]]]},"properties":{"objectType":"annotation","classification":{"name":"Ignore*","color":[180, 180, 180]}}},{"type":"Feature","id":"758f9cfd-27bf-46d4-85e2-8124da94464e","geometry":{"type":"Polygon","coordinates":[[[23710, 7276],[23710, 7295],[23711, 7295],[23711, 7296],[23715, 7299],[23715, 7304],[23724, 7313],[23728, 7313],[23732, 7317],[23733, 7317],[23734, 7318],[23763, 7318],[23764, 7317],[23765, 7317],[23765, 7314],[23764, 7313],[23769, 7313],[23769, 7312],[23770, 7311],[23770, 7307],[23769, 7306],[23769, 7305],[23766, 7305],[23762, 7309],[23758, 7309],[23755, 7312],[23752, 7310],[23752, 7309],[23747, 7309],[23743, 7305],[23739, 7305],[23731, 7297],[23731, 7293],[23727, 7289],[23727, 7282],[23731, 7279],[23731, 7274],[23739, 7267],[23742, 7267],[23742, 7266],[23743, 7266],[23747, 7262],[23762, 7262],[23766, 7266],[23767, 7266],[23767, 7267],[23771, 7267],[23778, 7274],[23778, 7293],[23774, 7297],[23774, 7304],[23775, 7304],[23775, 7305],[23777, 7305],[23777, 7304],[23778.11, 7303.11],[23780, 7305],[23781, 7305],[23787, 7299],[23787, 7290],[23787, 7273],[23787, 7268],[23786, 7267],[23783, 7263],[23783, 7260],[23782, 7260],[23782, 7259],[23778, 7254],[23773, 7254],[23769, 7250],[23753, 7250],[23750, 7254],[23736, 7254],[23733, 7258],[23724, 7258],[23724, 7259],[23715, 7267],[23715, 7272],[23711, 7276],[23710, 7276]]]},"properties":{"objectType":"annotation","classification":{"name":"Ignore*","color":[180, 180, 180]}}},{"type":"Feature","id":"53d52218-c4f6-4a1a-8a0a-cf2b2829d585","geometry":{"type":"Polygon","coordinates":[[[23984, 6851],[23984, 6879],[23986, 6879],[23986, 6880],[23995, 6880],[23995, 6879],[23996, 6879],[24000, 6875],[24009, 6875],[24013, 6871],[24017, 6871],[24017, 6870],[24022, 6866],[24022, 6861],[24026, 6858],[24026, 6857],[24027, 6856],[24027, 6848],[24026, 6847],[24026, 6846],[24022, 6842],[24022, 6833],[24013, 6825],[24012, 6824],[24007, 6824],[24002, 6829],[23997, 6829],[23989, 6838],[23988, 6838],[23988, 6847],[23984, 6851]]]},"properties":{"objectType":"annotation","classification":{"name":"Ignore*","color":[180, 180, 180]}}},{"type":"Feature","id":"477bea22-98c0-41de-be2a-d9152ff33556","geometry":{"type":"Polygon","coordinates":[[[23967, 6872],[23967, 6888],[23972, 6892],[23972, 6893],[23991, 6893],[23995, 6889],[23999, 6889],[24000, 6888],[24004, 6885],[24007, 6885],[24008, 6884],[24009, 6884],[24012, 6880],[24017, 6880],[24021, 6876],[24025, 6876],[24030, 6871],[24030, 6870],[24031, 6870],[24031, 6862],[24034, 6858],[24035, 6858],[24035, 6843],[24034, 6843],[24031, 6839],[24031, 6811],[24055, 6786],[24056, 6786],[24056, 6771],[24055, 6770],[24051, 6770],[24047, 6766],[24031, 6766],[24027, 6770],[24023, 6770],[24018, 6775],[24018, 6779],[24014, 6783],[24014, 6796],[24009, 6801],[24009, 6805],[23993, 6821],[23989, 6821],[23984, 6826],[23984, 6830],[23980, 6834],[23980, 6843],[23975, 6848],[23975, 6860],[23972, 6864],[23971, 6864],[23971, 6869],[23967, 6872]]]},"properties":{"objectType":"annotation","classification":{"name":"Ignore*","color":[180, 180, 180]}}},{"type":"Feature","id":"bb06fb40-487a-49c7-a3b7-a22a040a7d4f","geometry":{"type":"Polygon","coordinates":[[[25614, 5856],[25614, 5872],[25618, 5876],[25619, 5876],[25619, 5877],[25633, 5877],[25634, 5876],[25638, 5873],[25641, 5873],[25642, 5872],[25643, 5872],[25646, 5868],[25651, 5868],[25664, 5855],[25664, 5854],[25665, 5853],[25665, 5850],[25668, 5846],[25669, 5846],[25669, 5837],[25673, 5833],[25673, 5825],[25677, 5821],[25677, 5814],[25673, 5810],[25673, 5805],[25672, 5805],[25667, 5800],[25663, 5800],[25659, 5796],[25644, 5796],[25644, 5797],[25640, 5801],[25639, 5801],[25639, 5806],[25635, 5809],[25635, 5818],[25631, 5822],[25631, 5827],[25627, 5831],[25626, 5831],[25626, 5835],[25623, 5839],[25622, 5839],[25622, 5844],[25618, 5848],[25618, 5852],[25614, 5856]]]},"properties":{"objectType":"annotation","classification":{"name":"Ignore*","color":[180, 180, 180]}}},{"type":"Feature","id":"37d8b850-3c1b-4eb3-a1ea-6c09141517c1","geometry":{"type":"Polygon","coordinates":[[[26473, 5304],[26473, 5324],[26486, 5336],[26486, 5337],[26491, 5337],[26495, 5341],[26519, 5341],[26527, 5332],[26528, 5332],[26528, 5325],[26527, 5325],[26524, 5321],[26524, 5317],[26523, 5317],[26523, 5316],[26506, 5299],[26501, 5299],[26498, 5295],[26482, 5295],[26473, 5304]]]},"properties":{"objectType":"annotation","classification":{"name":"Ignore*","color":[180, 180, 180]}}},{"type":"Feature","id":"6ea3f56e-6d19-4086-a8b8-37e78d9a44d3","geometry":{"type":"Polygon","coordinates":[[[26621, 5333],[26621, 5338],[26621, 5342],[26621, 5350],[26621, 5353],[26621, 5354],[26625, 5358],[26626, 5358],[26627, 5359],[26648, 5359],[26649, 5358],[26650, 5358],[26653.56, 5354],[26654, 5354],[26655, 5353],[26655, 5352.38],[26658, 5349],[26659, 5349],[26659, 5345],[26659, 5344],[26659, 5341],[26659, 5335],[26659, 5334],[26659, 5330],[26659, 5329],[26654, 5325],[26649, 5325],[26649, 5324],[26635, 5324],[26634, 5325],[26630, 5329],[26625, 5329],[26621, 5333]]]},"properties":{"objectType":"annotation","classification":{"name":"Ignore*","color":[180, 180, 180]}}},{"type":"Feature","id":"be37525c-be9f-43f9-bebe-3b63986424a9","geometry":{"type":"Polygon","coordinates":[[[24708, 6525],[24708, 6537],[24712, 6540],[24712, 6541],[24712, 6545],[24713, 6545],[24721, 6553.4],[24721, 6554],[24725.73, 6558.36],[24733, 6566],[24733, 6570],[24734, 6570],[24734, 6571],[24738, 6575],[24738, 6579],[24742, 6583],[24743, 6584],[24747, 6584],[24751, 6588],[24752, 6588],[24752, 6589],[24756, 6589],[24757.71, 6590.29],[24759, 6592],[24760, 6592],[24760, 6593],[24774, 6593],[24774, 6592],[24775, 6592],[24778, 6589],[24779, 6588],[24780, 6588],[24780, 6587],[24784, 6583],[24784, 6579],[24784, 6578],[24785, 6578],[24785, 6574],[24784, 6573],[24784, 6572],[24780, 6568],[24780, 6564],[24771, 6555],[24770, 6554],[24766, 6554],[24764.29, 6552.71],[24763, 6551],[24762, 6551],[24762, 6550],[24758, 6550],[24755, 6547],[24755, 6544],[24754, 6543],[24754, 6542],[24750, 6538],[24750, 6534],[24746, 6530],[24746, 6525],[24745, 6525],[24737, 6517],[24737, 6516],[24717, 6516],[24717, 6517],[24708, 6525]]]},"properties":{"objectType":"annotation","classification":{"name":"Ignore*","color":[180, 180, 180]}}},{"type":"Feature","id":"ac29d154-53a6-47c7-aa89-d7884a5fbca9","geometry":{"type":"Polygon","coordinates":[[[27703, 6825],[27703, 6832],[27707, 6836],[27707, 6840],[27712, 6845],[27717, 6845],[27717, 6846],[27721.75, 6846],[27724, 6849],[27725, 6849],[27726, 6850],[27730, 6850],[27731, 6849],[27732, 6849],[27735, 6845],[27740, 6845],[27744, 6841],[27748, 6841],[27752, 6837],[27756, 6837],[27757, 6836],[27761, 6833],[27764, 6833],[27765, 6832],[27766, 6832],[27769, 6828],[27774, 6828],[27778, 6824],[27782, 6824],[27786, 6820],[27795, 6820],[27795, 6819],[27802, 6812],[27803, 6811],[27804, 6811],[27808, 6807],[27808, 6806],[27809, 6806],[27809, 6805],[27812, 6802],[27813, 6802],[27813, 6798],[27834, 6777],[27834, 6761],[27829, 6757],[27829, 6756],[27825, 6756],[27812, 6744],[27812, 6743],[27803, 6743],[27799, 6739],[27788, 6739],[27788, 6740],[27784, 6743],[27780, 6743],[27780, 6744],[27771.5, 6752],[27771, 6752],[27771, 6752.47],[27763, 6760],[27759, 6760],[27759, 6761],[27758, 6761],[27754, 6765],[27750, 6765],[27746, 6769],[27741, 6774],[27741, 6778],[27737, 6782],[27737, 6795],[27732, 6800],[27732, 6808],[27729, 6811],[27725, 6811],[27725, 6812],[27724, 6812],[27721, 6816],[27712, 6816],[27708, 6820],[27707, 6821],[27703, 6825]]]},"properties":{"objectType":"annotation","classification":{"name":"Ignore*","color":[180, 180, 180]}}},{"type":"Feature","id":"c60e4409-dc6e-45b4-b5ed-86d6ee8d5388","geometry":{"type":"Polygon","coordinates":[[[26275, 6855],[26275, 6875],[26279, 6878],[26279, 6883],[26280, 6883],[26280, 6884],[26284, 6884],[26288, 6887],[26288, 6888],[26299, 6888],[26299, 6887],[26303, 6884],[26311, 6884],[26320, 6875],[26325, 6875],[26337, 6863],[26340, 6863],[26341, 6862],[26342, 6862],[26350, 6854],[26354, 6854],[26358, 6850],[26379, 6850],[26380, 6849],[26389, 6841],[26389, 6836],[26390, 6835],[26393, 6832],[26393, 6831],[26394, 6831],[26394, 6810],[26394, 6793],[26397, 6790],[26397, 6789],[26398, 6789],[26398, 6770],[26397, 6770],[26394, 6766],[26394, 6763],[26393, 6762],[26393, 6761],[26390, 6758],[26389, 6757],[26385, 6753],[26385, 6749],[26384, 6748],[26380, 6748],[26376, 6744],[26372, 6744],[26371, 6743],[26370, 6743],[26367, 6740],[26367, 6739],[26357, 6739],[26353, 6743],[26352, 6744],[26343, 6744],[26335, 6753],[26334, 6753],[26334, 6757],[26334, 6762],[26330, 6765],[26330, 6773],[26334, 6776],[26334, 6793],[26334, 6813],[26318, 6829],[26313, 6829],[26310, 6833],[26301, 6833],[26297, 6837],[26292, 6837],[26292, 6838],[26288, 6841],[26284, 6841],[26284, 6842],[26279, 6846],[26279, 6850],[26279, 6851],[26275, 6855]]]},"properties":{"objectType":"annotation","classification":{"name":"Ignore*","color":[180, 180, 180]}}},{"type":"Feature","id":"b259f945-d5af-4f27-b58b-ca0a791725d2","geometry":{"type":"Polygon","coordinates":[[[26191, 7381],[26191, 7396],[26200, 7405],[26201, 7405],[26201, 7406],[26214, 7406],[26215, 7405],[26216, 7405],[26224, 7396],[26225, 7396],[26225, 7386],[26224, 7385],[26221, 7381],[26221, 7378],[26220, 7377],[26220, 7376],[26215, 7376],[26211, 7372],[26195, 7372],[26195, 7377],[26191, 7381]]]},"properties":{"objectType":"annotation","classification":{"name":"Ignore*","color":[180, 180, 180]}}},{"type":"Feature","id":"6b4832b5-32c3-4fa8-a5aa-d0e137d3cbc8","geometry":{"type":"Polygon","coordinates":[[[25598, 6955],[25598, 6971],[25599, 6972],[25613, 6972],[25657, 6928],[25657, 6924],[25669, 6912],[25673, 6912],[25677, 6908],[25682, 6908],[25682, 6907],[25686, 6904],[25694, 6904],[25694, 6903],[25695, 6903],[25698, 6900],[25702, 6900],[25702, 6899],[25703, 6899],[25708, 6894],[25708, 6879],[25707, 6879],[25699, 6870],[25692, 6870],[25688, 6874],[25683, 6874],[25683, 6875],[25670, 6887],[25670, 6892],[25666, 6896],[25666, 6901],[25658, 6908],[25654, 6908],[25645, 6917],[25641, 6917],[25620, 6938],[25615, 6938],[25598, 6955]]]},"properties":{"objectType":"annotation","classification":{"name":"Ignore*","color":[180, 180, 180]}}},{"type":"Feature","id":"911c86fb-8e74-4ea6-a9a8-508a459dbdcd","geometry":{"type":"Polygon","coordinates":[[[25285, 7032],[25285, 7046],[25290, 7051],[25290, 7055],[25290, 7060],[25294, 7063],[25294, 7064],[25294, 7068],[25298, 7072],[25298, 7076],[25298, 7085],[25299, 7085],[25302, 7089],[25302, 7093],[25303, 7093],[25303, 7094],[25307, 7097.69],[25307, 7098],[25309.5, 7100],[25312, 7102.31],[25312, 7103],[25312.75, 7103],[25316, 7106],[25316, 7107],[25327, 7107],[25327, 7106],[25331, 7103],[25335, 7103],[25335, 7102],[25336, 7102],[25338.77, 7099],[25339, 7099],[25339, 7098.75],[25339.69, 7098],[25340, 7098],[25345, 7093],[25345, 7092.25],[25348, 7089],[25349, 7089],[25349, 7085],[25353, 7081],[25353, 7080],[25354, 7079],[25354, 7075],[25357, 7072],[25357, 7071],[25358, 7071],[25358, 7067],[25358, 7053],[25358, 7050],[25357, 7049],[25357, 7048],[25354, 7045],[25353, 7044],[25353, 7040],[25349, 7036],[25349, 7035],[25327, 7014],[25322, 7009],[25308, 7009],[25303, 7014],[25299, 7014],[25290, 7023],[25290, 7027],[25285, 7032]]]},"properties":{"objectType":"annotation","classification":{"name":"Ignore*","color":[180, 180, 180]}}},{"type":"Feature","id":"701af73b-dabe-4e7e-b577-b372b50066ac","geometry":{"type":"Polygon","coordinates":[[[24944, 7491],[24944, 7498],[24945, 7498],[24945, 7499],[24958, 7499],[24959, 7498],[24960, 7498],[24963, 7495],[24967, 7495],[24968, 7494],[24969, 7494],[24973, 7490],[24982, 7490],[24985, 7486],[24990, 7486],[24990, 7485],[24994, 7482],[24998, 7482],[24998, 7481],[24999, 7481],[25002, 7478],[25006, 7478],[25006, 7477],[25007, 7477],[25011, 7473],[25016, 7473],[25020, 7469],[25024, 7465],[25028, 7465],[25028, 7464],[25029, 7464],[25031.46, 7461.23],[25033, 7460],[25033, 7459.5],[25037, 7455],[25038, 7454],[25038, 7450],[25038, 7446],[25038, 7444],[25037, 7444],[25033, 7439],[25009, 7439],[25009, 7440],[25008, 7440],[25005.75, 7443],[25004, 7443],[25004, 7444],[25000, 7444],[24997, 7447],[24996, 7448],[24995, 7448],[24991, 7452],[24987, 7452],[24983, 7456],[24975, 7456],[24975, 7457],[24974, 7457],[24971, 7460],[24970, 7460],[24970, 7461],[24966.75, 7464],[24966, 7464],[24966, 7464.69],[24965.66, 7465],[24961, 7465],[24961, 7469.31],[24957, 7473],[24957, 7473.69],[24956.67, 7474],[24956, 7474],[24956, 7474.62],[24948, 7482],[24948, 7483],[24948, 7486],[24948, 7487],[24944, 7491]]]},"properties":{"objectType":"annotation","classification":{"name":"Ignore*","color":[180, 180, 180]}}},{"type":"Feature","id":"e96bdd6a-0e45-4383-afcd-906bc1b40b8f","geometry":{"type":"Polygon","coordinates":[[[25011, 7550],[25011, 7573],[25017, 7579],[25021, 7579],[25025, 7582],[25025, 7583],[25036, 7583],[25036, 7582],[25040, 7579],[25052, 7579],[25053, 7578],[25057, 7575],[25060, 7575],[25061, 7574],[25062, 7574],[25065, 7570],[25074, 7570],[25078, 7566],[25083, 7566],[25083, 7565],[25087, 7562],[25091, 7562],[25091, 7561],[25104, 7549],[25108, 7549],[25108, 7548],[25121, 7536],[25121, 7535],[25122, 7535],[25122, 7531],[25125, 7527],[25126, 7527],[25126, 7512],[25112, 7498],[25084, 7498],[25084, 7499],[25080, 7502],[25068, 7502],[25063, 7507],[25054, 7507],[25051, 7511],[25046, 7511],[25042, 7515],[25038, 7515],[25016, 7537],[25016, 7546],[25012, 7550],[25011, 7550]]]},"properties":{"objectType":"annotation","classification":{"name":"Ignore*","color":[180, 180, 180]}}},{"type":"Feature","id":"a18ddb0f-f524-4115-a524-f695e844b73b","geometry":{"type":"Polygon","coordinates":[[[24931, 8135],[24931, 8150],[24932, 8150],[24935, 8154],[24935, 8158],[24941, 8164],[24945, 8164],[24949, 8167],[24949, 8168],[25011, 8168],[25011, 8167],[25028, 8150],[25029, 8150],[25029, 8146],[25032, 8142],[25033, 8142],[25033, 8137],[25037, 8133],[25037, 8109],[25032, 8109],[25027, 8104],[25017, 8104],[25017, 8105],[25016, 8105],[25016, 8106],[25015, 8105],[25006, 8105],[25003, 8101],[25002, 8101],[25002, 8100],[24949, 8100],[24949, 8101],[24945, 8105],[24940, 8105],[24936, 8109],[24936, 8110],[24935, 8110],[24935, 8135],[24934, 8134],[24932, 8134],[24932, 8135],[24931, 8135]]]},"properties":{"objectType":"annotation","classification":{"name":"Ignore*","color":[180, 180, 180]}}},{"type":"Feature","id":"0e9cb615-e794-40e0-8b48-0b332bbb2f72","geometry":{"type":"Polygon","coordinates":[[[28731, 5614],[28731, 5624],[28736, 5629],[28741, 5629],[28743, 5631],[28744, 5631],[28744, 5632],[28774, 5632],[28777, 5629],[28785, 5629],[28787, 5627],[28789, 5627],[28790, 5626],[28803, 5614],[28803, 5602],[28791, 5590],[28791, 5588],[28790, 5588],[28790, 5587],[28788, 5585],[28788, 5582],[28785, 5579],[28782, 5579],[28780, 5577],[28773, 5577],[28771, 5579],[28768, 5579],[28766, 5582],[28763, 5582],[28761, 5584],[28758, 5584],[28741, 5602],[28741, 5605],[28731, 5614]]]},"properties":{"objectType":"annotation","classification":{"name":"Ignore*","color":[180, 180, 180]}}},{"type":"Feature","id":"c123aaf3-ec37-4042-8c2b-d2e9afc93a6c","geometry":{"type":"Polygon","coordinates":[[[30272, 4631],[30275, 4634],[30280, 4634],[30282, 4636],[30283, 4636],[30283, 4637],[30288, 4637],[30290, 4639],[30295, 4639],[30297, 4641],[30298, 4641],[30298, 4642],[30303, 4642],[30304, 4641],[30306, 4639],[30309, 4639],[30312, 4636],[30316, 4632],[30318, 4632],[30319, 4631],[30322, 4629],[30322, 4627],[30318, 4627],[30320, 4625],[30322, 4625],[30325, 4622],[30328, 4622],[30333, 4617],[30336, 4617],[30338.7, 4614],[30341, 4614],[30341, 4613],[30342, 4613],[30346, 4609],[30349, 4609],[30351, 4607],[30353, 4607],[30360, 4600],[30360, 4593],[30359, 4593],[30359, 4592],[30355, 4587],[30355, 4585],[30354, 4585],[30354, 4584],[30352, 4582],[30352, 4579],[30350, 4577],[30350, 4575],[30349, 4575],[30349, 4574],[30347, 4572],[30347, 4569],[30345, 4567],[30345, 4565],[30344, 4565],[30344, 4564],[30337, 4557],[30327, 4557],[30320, 4564],[30317, 4564],[30315, 4567],[30312, 4567],[30310, 4569],[30307, 4569],[30305, 4572],[30302, 4572],[30300, 4574],[30297, 4574],[30293, 4579],[30290, 4579],[30285, 4584],[30282, 4584],[30280, 4587],[30277, 4587],[30270, 4594],[30270, 4601],[30270, 4606],[30270, 4624],[30272, 4626],[30272, 4631]],[[30315, 4629],[30313, 4629],[30315, 4627],[30317, 4627],[30315, 4629]],[[30310, 4631],[30309, 4631],[30310, 4630],[30311, 4630],[30310, 4631]],[[30305, 4634],[30296, 4634],[30294.67, 4632],[30306.33, 4632],[30305, 4634]],[[30291, 4631],[30290.2, 4630],[30292, 4630],[30293, 4631],[30291, 4631]],[[30289.4, 4629],[30290, 4629],[30290, 4629.75],[30289.4, 4629]],[[30342, 4575],[30342, 4576],[30341, 4575],[30341, 4574.14],[30342, 4575]]]},"properties":{"objectType":"annotation","classification":{"name":"Ignore*","color":[180, 180, 180]}}},{"type":"Feature","id":"c9689959-96e1-4d82-abdf-52f0bb5ec6c1","geometry":{"type":"Polygon","coordinates":[[[27961, 4870],[27961, 4873],[27965, 4876],[27965, 4881],[27970, 4885],[27970, 4886],[27979, 4886],[27982, 4890],[27987, 4890],[27999, 4902],[27999, 4907],[28003, 4910],[28003, 4919],[28007, 4923],[28007, 4932],[28007, 4936],[28008, 4936],[28011, 4939],[28011, 4948],[28012, 4949],[28012, 4953],[28016, 4957],[28016, 4962],[28020, 4966],[28021, 4966],[28021, 4967],[28051, 4967],[28055, 4971],[28059, 4971],[28063, 4975],[28068, 4975],[28071, 4978.43],[28071, 4983],[28072, 4983],[28075, 4986.25],[28075, 4987],[28075.69, 4987],[28078, 4989.5],[28080, 4992],[28080.31, 4992],[28084, 4996],[28085, 4996],[28086, 4997],[28089, 4997],[28093, 5000],[28094, 5001],[28099, 5001],[28101, 4999],[28101, 4995],[28105, 4991],[28105, 4985],[28101, 4981],[28101, 4977],[28100, 4976],[28097, 4972],[28097, 4960],[28096, 4960],[28096, 4959],[28092, 4955],[28092, 4921],[28092, 4917],[28088, 4913],[28088, 4851],[28091, 4847],[28092, 4847],[28092, 4843],[28096, 4839],[28096, 4838.33],[28104, 4831],[28108, 4831],[28108, 4830],[28112, 4827],[28120, 4827],[28120, 4826],[28121, 4826],[28125, 4822],[28126, 4822],[28126, 4821],[28130, 4817],[28130, 4810],[28126, 4806],[28126, 4802],[28122, 4798],[28122, 4794],[28122, 4793],[28121, 4793],[28118, 4789],[28118, 4785],[28118, 4782],[28117, 4781],[28117, 4780],[28114, 4777.75],[28114, 4773],[28113, 4773],[28113, 4772],[28113, 4768],[28109, 4764],[28109, 4763],[28109, 4759],[28108, 4759],[28105, 4755.75],[28105, 4755],[28104.31, 4755],[28100, 4750.33],[28100, 4750],[28099.69, 4750],[28096, 4746],[28087, 4746],[28083, 4742],[28054, 4742],[28051, 4746],[28046, 4746],[28045.2, 4747],[28045, 4747],[28045, 4747.25],[28042, 4751],[28041, 4751],[28041, 4755],[28038, 4759],[28037, 4759],[28037, 4763],[28037, 4772],[28033, 4776],[28029, 4780],[28029, 4785],[28025, 4789],[28024, 4789],[28024, 4790],[28021, 4793],[28020, 4793],[28020, 4798],[28016, 4802],[28016, 4806],[28012, 4810],[28012, 4814],[28012, 4815],[28011, 4815],[28011, 4816],[28008, 4819],[28007, 4819],[28007, 4823],[28004, 4827],[28003, 4827],[28003, 4832],[27991, 4844],[27986, 4844],[27983, 4848],[27978, 4848],[27974, 4852],[27970, 4852],[27970, 4853],[27969, 4853],[27969, 4857],[27965, 4861],[27965, 4866],[27961, 4870]]]},"properties":{"objectType":"annotation","classification":{"name":"Ignore*","color":[180, 180, 180]}}},{"type":"Feature","id":"f77d6940-0d8e-479e-b950-9b41e00ddf9c","geometry":{"type":"Polygon","coordinates":[[[27332, 4791],[27332, 4809],[27338, 4815],[27342, 4815],[27346, 4818],[27346, 4819],[27359, 4819],[27363, 4823],[27387, 4823],[27391, 4819],[27395, 4819],[27395, 4818],[27408, 4806],[27408, 4805],[27409, 4805],[27409, 4801],[27417, 4793],[27417, 4769],[27413, 4765],[27413, 4760],[27412, 4760],[27407, 4755],[27385, 4755],[27380, 4760],[27375, 4760],[27372, 4764],[27367, 4764],[27363, 4768],[27359, 4768],[27346, 4781],[27341, 4781],[27333, 4790],[27332, 4791]]]},"properties":{"objectType":"annotation","classification":{"name":"Ignore*","color":[180, 180, 180]}}},{"type":"Feature","id":"5946efaf-2b10-47c6-9ed7-88a36f425a0a","geometry":{"type":"Polygon","coordinates":[[[27573, 4712],[27573, 4724],[27576, 4727],[27577, 4728],[27577, 4732],[27578, 4732],[27578, 4733],[27582, 4733],[27586, 4737],[27606, 4737],[27610, 4733],[27614, 4733],[27615, 4732],[27618, 4732],[27627, 4723],[27627, 4715],[27628, 4715],[27628, 4713],[27627, 4712],[27627, 4707],[27619, 4699.89],[27619, 4699],[27618, 4699],[27617, 4698],[27613, 4698],[27610, 4695],[27609, 4694],[27598, 4694],[27598, 4695],[27595, 4695],[27592, 4698],[27586, 4698],[27586, 4699],[27585, 4699],[27581, 4703],[27578, 4703],[27578, 4704],[27577, 4704],[27577, 4707],[27577, 4708],[27576, 4708],[27576, 4709.75],[27573, 4712]]]},"properties":{"objectType":"annotation","classification":{"name":"Ignore*","color":[180, 180, 180]}}},{"type":"Feature","id":"b68daeba-4a9a-4c76-b823-0abc3a1a8d7a","geometry":{"type":"Polygon","coordinates":[[[27886, 4854],[27886, 4869],[27890, 4873],[27890, 4878],[27892, 4878],[27892, 4879],[27895, 4879],[27899, 4882],[27900, 4883],[27906, 4883],[27906, 4882],[27910, 4879],[27913, 4879],[27914, 4878],[27915, 4878],[27915, 4877],[27916, 4876],[27916, 4859],[27915, 4859],[27915, 4858],[27910, 4853],[27906, 4853],[27902, 4849],[27891, 4849],[27886, 4854]]]},"properties":{"objectType":"annotation","classification":{"name":"Ignore*","color":[180, 180, 180]}}},{"type":"Feature","id":"21db3fa6-ac13-4981-8b45-659c7256062e","geometry":{"type":"Polygon","coordinates":[[[27093, 4888],[27097, 4888],[27101, 4891],[27101, 4892],[27112, 4892],[27112, 4891],[27116, 4888],[27120, 4888],[27121, 4887],[27125, 4884],[27132, 4884],[27133, 4883],[27134, 4883],[27137, 4879],[27146, 4879],[27150, 4875],[27157, 4875],[27160, 4879],[27165, 4879],[27169, 4883],[27170, 4883],[27170, 4884],[27174, 4884],[27181, 4891],[27185, 4895],[27185, 4899],[27191, 4905],[27195, 4905],[27199, 4908],[27199, 4909],[27201, 4909],[27206, 4904],[27206, 4903],[27210, 4899],[27210, 4896],[27205, 4896],[27205, 4895],[27209, 4892],[27212, 4892],[27213, 4891],[27214, 4891],[27218, 4887],[27218, 4886],[27219, 4886],[27219, 4880],[27218, 4880],[27218, 4879],[27215, 4879],[27211, 4883],[27209, 4883],[27209, 4882],[27210, 4882],[27227, 4866],[27230, 4866],[27231, 4865],[27232, 4865],[27240, 4857],[27244, 4857],[27244, 4856],[27248, 4853],[27252, 4853],[27253, 4852],[27257, 4849],[27272, 4849],[27275, 4852],[27276, 4852],[27276, 4853],[27295, 4853],[27295, 4852],[27316, 4832],[27319, 4832],[27320, 4831],[27321, 4831],[27325, 4827],[27346, 4827],[27347, 4826],[27347, 4824],[27346, 4824],[27346, 4823],[27342, 4823],[27342, 4819],[27337, 4819],[27338, 4818],[27338, 4816],[27337, 4816],[27337, 4815],[27333, 4815],[27325, 4808],[27325, 4797],[27345, 4777],[27349, 4777],[27358, 4768],[27363, 4768],[27371, 4760],[27375, 4760],[27375, 4759],[27376, 4759],[27380, 4755],[27380, 4752],[27379, 4751],[27376, 4751],[27373, 4751],[27368, 4751],[27365, 4751],[27360, 4751],[27357, 4755],[27342, 4755],[27338, 4751],[27333, 4751],[27329, 4747],[27325, 4747],[27320, 4742],[27314, 4742],[27314, 4743],[27297, 4760],[27296, 4760],[27296, 4765],[27292, 4768],[27292, 4773],[27280, 4785],[27275, 4785],[27272, 4789],[27267, 4789],[27267, 4790],[27263, 4793],[27251, 4793],[27250, 4794],[27244, 4794],[27241, 4794],[27232, 4794],[27232, 4794.75],[27231, 4794],[27231, 4793],[27222, 4793],[27218, 4789],[27209, 4789],[27206, 4785],[27177, 4785],[27173, 4789],[27163, 4789],[27164, 4788],[27164, 4787],[27162, 4785],[27163, 4785],[27163, 4784],[27164, 4784],[27164, 4782],[27163, 4781],[27152, 4781],[27148, 4785],[27147, 4785],[27135, 4785],[27127, 4785],[27123, 4789],[27118, 4789],[27118, 4794],[27113, 4799],[27113, 4803],[27110, 4807],[27109, 4807],[27109, 4831],[27110, 4831],[27113, 4835],[27113, 4842],[27112, 4841],[27109, 4841],[27108, 4842],[27108, 4845],[27105, 4845],[27100, 4850],[27100, 4851],[27096, 4855],[27096, 4859],[27092, 4863],[27092, 4868],[27088, 4871],[27088, 4883],[27092, 4887],[27093, 4887],[27093, 4888]],[[27154, 4790],[27159, 4790],[27156, 4793],[27150, 4793],[27154, 4790]],[[27201, 4883],[27207, 4883],[27207, 4884],[27204, 4886],[27201, 4884],[27201, 4883]],[[27195, 4882],[27196, 4882],[27196, 4883],[27195, 4882]],[[27158, 4862],[27150, 4862],[27149, 4861],[27157, 4861],[27158, 4862]]]},"properties":{"objectType":"annotation","classification":{"name":"Ignore*","color":[180, 180, 180]}}},{"type":"Feature","id":"061344d6-44b5-4c38-bc27-ce7a8b291b92","geometry":{"type":"Polygon","coordinates":[[[28868, 2562],[28869, 2623],[28932, 2695],[29033, 2730],[29145, 2656],[29170, 2510],[29088, 2445],[28967, 2467],[28868, 2562]]]},"properties":{"objectType":"annotation","classification":{"name":"Tumor","color":[102, 77, 179]}}},{"type":"Feature","id":"1d86171d-1ac0-4f36-823a-35b491e77e24","geometry":{"type":"Polygon","coordinates":[[[24390, 8595],[24391, 8594],[24391, 8590],[24394, 8587],[24395, 8587],[24395, 8562],[24394, 8562],[24391, 8559],[24391, 8551],[24388, 8547],[24388, 8546],[24388, 8544],[24388, 8539],[24384, 8536],[24384, 8535],[24370, 8535],[24370, 8536],[24367, 8539],[24363, 8539],[24336, 8566],[24336, 8570],[24333, 8573],[24332, 8573],[24332, 8577],[24329, 8581],[24328, 8581],[24328, 8585],[24325, 8588],[24325, 8589],[24322, 8592],[24321, 8592],[24321, 8593],[24320, 8593],[24320, 8594],[24317, 8597],[24317, 8600],[24317, 8601],[24316, 8601],[24316, 8610],[24317, 8610],[24317, 8614],[24317, 8618],[24318, 8618],[24321, 8622],[24325, 8622],[24328, 8622],[24331, 8622],[24334, 8622],[24335, 8622],[24338, 8619],[24341, 8619],[24342, 8618],[24345, 8615],[24346, 8614],[24349, 8611],[24350, 8611],[24353, 8611],[24357, 8607],[24358, 8607],[24361, 8607],[24361, 8606],[24362, 8606],[24368, 8606],[24371, 8603],[24378, 8603],[24386, 8595],[24390, 8595]],[[24347, 8578],[24349, 8576],[24350, 8576],[24350, 8570],[24349, 8570],[24349, 8569],[24348.09, 8569],[24354, 8563.36],[24354, 8567],[24351, 8570],[24351, 8590],[24347, 8586],[24347, 8578]],[[24376, 8591],[24381, 8586],[24381, 8583],[24384, 8580],[24384, 8566],[24376, 8559],[24376, 8558],[24363, 8558],[24359, 8562],[24355.43, 8562],[24368, 8550],[24372, 8550],[24372, 8549],[24374, 8547],[24377, 8549],[24377, 8550],[24381, 8550],[24388, 8556],[24388, 8585],[24377, 8595],[24373, 8595],[24373, 8596],[24372, 8596],[24372, 8595],[24371, 8595],[24360, 8595],[24357, 8592],[24376, 8592],[24376, 8591]],[[24354.38, 8563],[24355, 8562.41],[24355, 8563],[24354.38, 8563]]]},"properties":{"objectType":"annotation","classification":{"name":"Ignore*","color":[180, 180, 180]}}},{"type":"Feature","id":"e3f7b35d-44c7-4b36-b157-a9069323327b","geometry":{"type":"Polygon","coordinates":[[[23776, 7823],[23776, 7843],[23777, 7843],[23780, 7847],[23780, 7851],[23781, 7851],[23796, 7866],[23797, 7866],[23797, 7867],[23816, 7867],[23816, 7866],[23817, 7866],[23820, 7863],[23824, 7863],[23824, 7862],[23825, 7862],[23825, 7858],[23828, 7855],[23828, 7854],[23829, 7854],[23829, 7851],[23829, 7850],[23832, 7847],[23832, 7846],[23833, 7846],[23833, 7842],[23832, 7842],[23832, 7841],[23829, 7838],[23829, 7830],[23828, 7830],[23825, 7826],[23825, 7822],[23824, 7822],[23813, 7811],[23813, 7810],[23809, 7810],[23806, 7807],[23788, 7807],[23781, 7815],[23780, 7815],[23780, 7819],[23776, 7823]]]},"properties":{"objectType":"annotation","classification":{"name":"Ignore*","color":[180, 180, 180]}}},{"type":"Feature","id":"fd8fc650-52b5-4573-b75e-6c019a25a7db","geometry":{"type":"Polygon","coordinates":[[[23427, 8041],[23427, 8043],[23428, 8043],[23435, 8051],[23436, 8051],[23436, 8052],[23439, 8052],[23443, 8055],[23469, 8055],[23469, 8056],[23474, 8056],[23477, 8059],[23479, 8059],[23479, 8058],[23481, 8056],[23486, 8056],[23487, 8055],[23505, 8055],[23508, 8052],[23536, 8052],[23538, 8054],[23538, 8055],[23547, 8055],[23547, 8054],[23548, 8054],[23550, 8052],[23556, 8052],[23557, 8051],[23624, 8051],[23628, 8054],[23628, 8055],[23652, 8055],[23652, 8054],[23653, 8054],[23656, 8051],[23687, 8051],[23688, 8052],[23689, 8052],[23691, 8054],[23692, 8054],[23692, 8055],[23703, 8055],[23706, 8058],[23707, 8058],[23708, 8059],[23714, 8059],[23718, 8062],[23726, 8062],[23726, 8063],[23727, 8063],[23729, 8065],[23729, 8066],[23733, 8066],[23736, 8069],[23737, 8069],[23737, 8070],[23741, 8070],[23744, 8073],[23745, 8073],[23745, 8074],[23764, 8074],[23764, 8073],[23765, 8073],[23768, 8070],[23776, 8070],[23776, 8069],[23780, 8066],[23787, 8066],[23790, 8063],[23791, 8062],[23795, 8062],[23803, 8054],[23803, 8044],[23800, 8041],[23800, 8035],[23803, 8032],[23803, 8028],[23803, 8024],[23806, 8020],[23807, 8020],[23807, 8017],[23807, 8016],[23811, 8012],[23811, 8009],[23811, 8005],[23814, 8002],[23814, 8001],[23815, 8000],[23815, 7997],[23815, 7994],[23818, 7990],[23818, 7980],[23815, 7977],[23815, 7974],[23815, 7970],[23814, 7970],[23814, 7969],[23810, 7969],[23806, 7965],[23796, 7965],[23793, 7969],[23785, 7969],[23774, 7980],[23774, 7981],[23773, 7981],[23773, 7985],[23770, 7988],[23770, 7992],[23766, 7995],[23766, 7999],[23766, 8003],[23759, 8010],[23755, 8010],[23752, 8014],[23746, 8014],[23743, 8010],[23738, 8010],[23735, 8007],[23735, 8006],[23731, 8006],[23728, 8003],[23727, 8003],[23727, 8002],[23723, 8002],[23720, 7999],[23712, 7999],[23709, 7995],[23669, 7995],[23666, 7999],[23622, 7999],[23619, 7995],[23611, 7995],[23607, 7991],[23603, 7991],[23585, 7973],[23585, 7972],[23557, 7972],[23557, 7973],[23556, 7973],[23553.12, 7976],[23553, 7976],[23553, 7976.12],[23547.67, 7981.67],[23545, 7984],[23545, 7984.44],[23534.85, 7995],[23534, 7995],[23534, 7995.88],[23531, 7999],[23526, 7999],[23523, 8003],[23522, 8003],[23522, 8009],[23523, 8009],[23524.5, 8011],[23522, 8011],[23519.75, 8014],[23512, 8014],[23512, 8015],[23511, 8015],[23508.75, 8018],[23499, 8018],[23496, 8022],[23492, 8022],[23489.75, 8025],[23481, 8025],[23480, 8026],[23477, 8026],[23477, 8027],[23474.33, 8029],[23450, 8029],[23450, 8030],[23447, 8033],[23439, 8033],[23436, 8037],[23431, 8037],[23428, 8041],[23427, 8041]]]},"properties":{"objectType":"annotation","classification":{"name":"Ignore*","color":[180, 180, 180]}}},{"type":"Feature","id":"39e8dcea-4fb3-4344-b25c-3967582af075","geometry":{"type":"MultiPolygon","coordinates":[[[[23022, 7996],[23022, 8006],[23026, 8010],[23030, 8010],[23034, 8013],[23034, 8014],[23038, 8014],[23042, 8018],[23045, 8018],[23049, 8021],[23050, 8021],[23050, 8022],[23057, 8022],[23060, 8025],[23072, 8025],[23075, 8028],[23075, 8029],[23085, 8029],[23085, 8028],[23088, 8025],[23109, 8025],[23113, 8029],[23120, 8029],[23124, 8032],[23124, 8033],[23128, 8033],[23131, 8036],[23132, 8036],[23132, 8037],[23140, 8037],[23140, 8036],[23141, 8036],[23144, 8033],[23148, 8033],[23148, 8032],[23149, 8032],[23149, 8028],[23153, 8024],[23153, 8020],[23156, 8017],[23157, 8017],[23157, 8011],[23156, 8011],[23156, 8010],[23150, 8010],[23150, 8011],[23143, 8018],[23139, 8018],[23135, 8022],[23066, 8022],[23062, 8018],[23058, 8018],[23051, 8011],[23051, 8010],[23047, 8010],[23037, 8000],[23037, 7990],[23040, 7987],[23040, 7986],[23041, 7986],[23041, 7983],[23044, 7980],[23044, 7975],[23047, 7972],[23048, 7972],[23048, 7968],[23051, 7965],[23051, 7964],[23052, 7964],[23052, 7960],[23055, 7957],[23055, 7956],[23056, 7956],[23056, 7952],[23055, 7952],[23055, 7951],[23052, 7948],[23052, 7944],[23051, 7944],[23051, 7943],[23040, 7932],[23036, 7932],[23024, 7920],[23023, 7920],[23023, 7921],[23022, 7921],[23022, 7927],[23033, 7938],[23033, 7942],[23034, 7942],[23044, 7953],[23044, 7963],[23041, 7966],[23041, 7970],[23037, 7973],[23037, 7978],[23030, 7985],[23029, 7985],[23029, 7989],[23022, 7996]]],[[[23062, 8014],[23070, 8014],[23070, 8013],[23071, 8013],[23071, 8011],[23070, 8011],[23070, 8010],[23066, 8010],[23066, 8007],[23055, 7996],[23055, 7987],[23058, 7983],[23059, 7983],[23059, 7979],[23073, 7965],[23077, 7965],[23079, 7963],[23079, 7964],[23080, 7965],[23076, 7969],[23072, 7969],[23072, 7970],[23064, 7977],[23064, 7984],[23066, 7984],[23071, 7979],[23071, 7982],[23067, 7985],[23067, 7995],[23067, 7998],[23072, 8003],[23075, 8003],[23079, 8003],[23083, 8006],[23083, 8007],[23091, 8007],[23092, 8007],[23095, 8007],[23103, 8007],[23104, 8007],[23104, 8009],[23105, 8009],[23105, 8010],[23114, 8010],[23117, 8007],[23121, 8007],[23122, 8007],[23125, 8007],[23125, 8006],[23126, 8006],[23130, 8002],[23130, 8001],[23131, 8001],[23131, 7998],[23134, 7995],[23134, 7973],[23131, 7970],[23131, 7967],[23130, 7967],[23130, 7966],[23122, 7958],[23118, 7958],[23115, 7955],[23115, 7954],[23111, 7954],[23108, 7951.75],[23108, 7951],[23107, 7951],[23107, 7950],[23092, 7950],[23093, 7949],[23093, 7947],[23092, 7947],[23089, 7943],[23086, 7943],[23083, 7947],[23071, 7947],[23052, 7966],[23052, 7970],[23048, 7974],[23048, 7978],[23045, 7981],[23044, 7981],[23044, 7985],[23041, 7988],[23041, 7998],[23056, 8013],[23056, 8014],[23060, 8014],[23062, 8014]],[[23104, 8006],[23105, 8005],[23106, 8006],[23105, 8006],[23105, 8007],[23104, 8007],[23104, 8006]]]]},"properties":{"objectType":"annotation","classification":{"name":"Ignore*","color":[180, 180, 180]}}},{"type":"Feature","id":"4071997f-40ee-4c07-b5ca-cd9e9dc1c7ea","geometry":{"type":"Polygon","coordinates":[[[23112, 8563],[23112, 8568],[23116, 8572],[23116, 8576],[23117, 8576],[23124, 8584],[23125, 8584],[23125, 8585],[23140, 8585],[23141, 8584],[23145, 8584],[23145, 8583],[23147.67, 8581],[23149, 8581],[23149, 8580],[23153, 8580],[23156, 8577],[23157, 8576],[23160, 8573],[23164, 8573],[23164, 8572],[23172, 8565],[23172, 8561],[23176, 8557],[23176, 8553],[23179, 8550],[23180, 8550],[23180, 8548],[23179, 8548],[23176, 8544.57],[23176, 8544],[23175, 8543],[23172, 8540],[23171, 8539],[23163, 8539],[23160, 8536],[23156, 8536],[23156, 8535],[23140, 8535],[23139, 8536],[23135, 8536],[23132.75, 8539],[23128, 8539],[23128, 8540],[23120, 8547],[23120, 8548],[23117, 8551],[23116, 8551],[23116, 8552],[23116, 8555],[23116, 8559],[23112, 8563]]]},"properties":{"objectType":"annotation","classification":{"name":"Ignore*","color":[180, 180, 180]}}},{"type":"Feature","id":"92e79fc8-ee9b-4559-acae-75d3c2aad969","geometry":{"type":"Polygon","coordinates":[[[23068, 8585],[23068, 8587],[23069, 8587],[23073, 8591],[23074, 8591],[23074, 8592],[23092, 8592],[23095, 8595],[23099, 8595],[23106, 8602],[23107, 8602],[23107, 8603],[23111, 8603],[23114, 8606],[23115, 8606],[23115, 8607],[23118, 8607],[23121, 8610],[23139, 8610],[23142, 8607],[23149, 8607],[23149, 8606],[23150, 8606],[23153, 8603],[23161, 8603],[23161, 8602],[23168, 8595],[23173, 8595],[23176, 8592],[23179, 8592],[23179, 8591],[23180, 8591],[23183, 8588],[23187, 8588],[23187, 8587],[23188, 8587],[23191, 8584],[23195, 8584],[23195, 8583],[23198, 8580],[23203, 8580],[23210, 8573],[23213, 8573],[23217, 8569],[23221, 8569],[23221, 8568],[23228, 8562],[23231, 8562],[23232, 8561],[23233, 8561],[23233, 8557],[23240, 8550],[23244, 8550],[23251, 8543],[23255, 8543],[23255, 8542],[23258, 8539],[23262, 8539],[23263, 8538],[23270, 8532],[23273, 8532],[23273, 8531],[23274, 8531],[23277, 8528],[23281, 8528],[23281, 8527],[23285, 8524],[23289, 8524],[23289, 8523],[23292, 8520],[23300, 8520],[23303, 8517],[23310, 8517],[23311, 8516],[23315, 8513],[23326, 8513],[23326, 8512],[23330, 8509],[23334, 8509],[23334, 8508],[23345, 8498],[23348, 8498],[23357, 8489],[23357, 8485],[23360, 8482],[23361, 8482],[23361, 8473],[23360, 8472],[23357, 8472],[23357, 8476],[23354, 8480],[23353, 8480],[23353, 8484],[23343, 8494],[23339, 8494],[23339, 8495],[23332, 8502],[23328, 8502],[23324, 8505],[23321, 8505],[23317, 8509],[23309, 8509],[23309, 8510],[23306, 8513],[23290, 8513],[23287, 8517],[23275, 8517],[23273, 8519],[23270, 8517],[23266, 8517],[23263, 8514],[23263, 8489],[23266, 8486],[23267, 8486],[23267, 8482],[23281, 8468],[23285, 8468],[23285, 8467],[23288, 8464],[23292, 8464],[23293, 8463],[23300, 8457],[23303, 8457],[23303, 8456],[23304, 8456],[23307, 8453],[23311, 8453],[23311, 8452],[23315, 8449],[23319, 8449],[23319, 8446],[23318, 8445],[23306, 8445],[23302, 8449],[23298, 8449],[23298, 8450],[23291, 8457],[23286, 8457],[23279, 8464],[23275, 8464],[23275, 8465],[23260, 8480],[23260, 8484],[23256, 8487],[23256, 8495],[23252, 8499],[23252, 8503],[23223, 8532],[23219, 8532],[23216, 8534],[23214, 8532],[23210, 8532],[23202, 8524],[23198, 8524],[23195, 8521],[23195, 8520],[23191, 8520],[23188, 8517],[23180, 8517],[23176, 8513],[23136, 8513],[23133, 8517],[23129, 8517],[23126, 8520],[23122, 8520],[23122, 8521],[23121, 8521],[23118, 8524],[23114, 8524],[23114, 8525],[23099, 8540],[23098, 8540],[23098, 8544],[23091, 8551],[23091, 8559],[23084, 8566],[23083, 8566],[23083, 8570],[23069, 8585],[23068, 8585]]]},"properties":{"objectType":"annotation","classification":{"name":"Ignore*","color":[180, 180, 180]}}},{"type":"Feature","id":"7d38a665-8b85-48f2-a969-5a3fdace991a","geometry":{"type":"Polygon","coordinates":[[[21284, 10623],[21284, 10669],[21299, 10707],[21328, 10736],[21366, 10751],[21412, 10751],[21458, 10732],[21504.73, 10688],[21536, 10688],[21544, 10664],[21568, 10664],[21592, 10640],[21672, 10584],[21672, 10568],[21704, 10560],[21720, 10530],[21774.5, 10464],[21824, 10464],[21872, 10432],[21872, 10408],[21896, 10408],[21904, 10432],[21968, 10416],[21968, 10400],[22008, 10392],[22016, 10376],[22072, 10376],[22097, 10362],[22136, 10360],[22221, 10332],[22272, 10332],[22299, 10355],[22333, 10314],[22363, 10306],[22408, 10310],[22440, 10299],[22464, 10312],[22479, 10284],[22544, 10284],[22616, 10265],[22696, 10256],[22712, 10232],[22760, 10224],[22792, 10208],[22800, 10184],[22840, 10184],[22856, 10152],[22888, 10136],[22928, 10136],[22960, 10112],[23048, 10080],[23128, 10024],[23184, 10008],[23184, 9968],[23200, 9984],[23232, 9984],[23248, 9968],[23280, 9968],[23280, 9952],[23328, 9952],[23344, 9920],[23368, 9920],[23456, 9872],[23488, 9840],[23488, 9824],[23536, 9816],[23536, 9800],[23568, 9792],[23592, 9808],[23592, 9776],[23632, 9768],[23680, 9728],[23704, 9728],[23800, 9664],[23808, 9616],[23832, 9624],[23848, 9592],[23872, 9592],[23928, 9544],[23936, 9496],[23960, 9480],[23960, 9448],[23944, 9440],[23928, 9368],[23880, 9368],[23856, 9336],[23768, 9360],[23736, 9352],[23688, 9360],[23680, 9344],[23616, 9384],[23568, 9376],[23552, 9408],[23528, 9400],[23520, 9416],[23480, 9424],[23456, 9448],[23416, 9448],[23400, 9464],[23336, 9480],[23320, 9504],[23232, 9501],[23184, 9520],[23152, 9520],[23096, 9560],[23048, 9560],[23032, 9584],[22936, 9584],[22904, 9616],[22816, 9656],[22808, 9679],[22752, 9672],[22736, 9688],[22728, 9736.68],[22689, 9760],[22672, 9744],[22522.33, 9800],[22470, 9816],[22432, 9816],[22432, 9828],[22384, 9832],[22367, 9848],[22328, 9848],[22272, 9864],[22226, 9895],[22192, 9896],[22144, 9912],[22101.75, 9944],[22056, 9944],[22029.25, 9960],[21910, 9993],[21895, 10008],[21880, 9992],[21832, 10008],[21792, 10008],[21808, 9976],[21776, 9976],[21768, 10008],[21712, 10032],[21632, 10032],[21632, 10040],[21568, 10040],[21568, 10024],[21608, 10016],[21624, 10024],[21616, 9992],[21640, 9976],[21656, 9984],[21664, 9936],[21696, 9904],[21696, 9792],[21656, 9752],[21592, 9752],[21592, 9760],[21536, 9760],[21520, 9792],[21472, 9816],[21456, 9872],[21440, 9888],[21432, 9928],[21432, 10016],[21496, 10016],[21446, 10023],[21395, 10042],[21366, 10071],[21351, 10109],[21351, 10151],[21366, 10189],[21395, 10218],[21433, 10233],[21501.21, 10246.19],[21525.96, 10266.88],[21560, 10316.53],[21560, 10344],[21520, 10384],[21520, 10398],[21472, 10400],[21448, 10439.6],[21382, 10512],[21352, 10531.67],[21299, 10585],[21284, 10623]]]},"properties":{"objectType":"annotation","classification":{"name":"Tumor","color":[102, 77, 179]}}},{"type":"Feature","id":"351b7f9a-b3cb-40bb-acdb-55d889bd7274","geometry":{"type":"Polygon","coordinates":[[[23976, 9256],[23992, 9280],[23976, 9296],[24008, 9296],[24032, 9328],[24032, 9360],[24112, 9376],[24176, 9376],[24160, 9400],[24160, 9432],[24208, 9456],[24256, 9456],[24280, 9440],[24312, 9440],[24344, 9424],[24360, 9432],[24440, 9376],[24448, 9352],[24504, 9352],[24552, 9304],[24608, 9272],[24624, 9280],[24632, 9240],[24727.94, 9141.92],[24776, 9128],[24776, 9095.07],[24832, 9048],[24848.52, 8984],[24888, 8984],[24896, 8960],[24856, 8960],[24840, 8936],[24880, 8920],[24976, 8928],[25000, 8912],[25032, 8912],[25085, 8883],[25128, 8912],[25216, 8912],[25272, 8896],[25264, 8865],[25280, 8849.75],[25392, 8856],[25440, 8848],[25472, 8824],[25504, 8816],[25512, 8800],[25544, 8800],[25608, 8768],[25624, 8752],[25696, 8712],[25704, 8696],[25760, 8680],[25768, 8688],[25816, 8640],[25840, 8640],[25864, 8608],[25896, 8608],[25935, 8576],[25968, 8584],[25992, 8560],[26032, 8560],[26048, 8536],[26104, 8528],[26120, 8496],[26192, 8480],[26296, 8416],[26304, 8392],[26376, 8384],[26392, 8352],[26392, 8328],[26408, 8344],[26464, 8336],[26472, 8320],[26504, 8320],[26520, 8336],[26520, 8280],[26552, 8272],[26568, 8256],[26568, 8208],[26592, 8200],[26600, 8224],[26648, 8208],[26656, 8176],[26680, 8184],[26664, 8216],[26712, 8216],[26704, 8176],[26752, 8144],[26752, 8088],[26728, 8088],[26720, 8104],[26688, 8104],[26680, 8128],[26664, 8128],[26648, 8096],[26616, 8104],[26608, 8120],[26608, 8176],[26584, 8128],[26528, 8136],[26520, 8120],[26448, 8120],[26397, 8173],[26376, 8173],[26360, 8136],[26264, 8136],[26221, 8151],[26144, 8152],[26104, 8174],[26048, 8192],[26008, 8192],[25997, 8212],[25976, 8208],[25945, 8230],[25904, 8224],[25872, 8256],[25808, 8256],[25735, 8309],[25704, 8304],[25675, 8328],[25632, 8341],[25585, 8365],[25560, 8360],[25560, 8392],[25528, 8400],[25504, 8448],[25448, 8448],[25416, 8472],[25360, 8480],[25352, 8517.67],[25336, 8536],[25312, 8528],[25248, 8536],[25216, 8552],[25183, 8600],[25120, 8640],[25096, 8640],[25051, 8680],[25024, 8680],[24992, 8704],[24984, 8728],[25001, 8731],[25000, 8760],[24968, 8744],[24968, 8720],[24936, 8720],[24890.33, 8768],[24856, 8768],[24825, 8800],[24800, 8808],[24760, 8876.9],[24706, 8877],[24668, 8892],[24647.4, 8912],[24568, 8920],[24528, 8960],[24472, 8960],[24448, 8984],[24416, 8992],[24336, 9048],[24288, 9072],[24208, 9072],[24184, 9104],[24136, 9112],[24080, 9136],[24040, 9136],[24024, 9152],[24032, 9192],[24000, 9192],[23984, 9216],[23976, 9256]]]},"properties":{"objectType":"annotation","classification":{"name":"Tumor","color":[102, 77, 179]}}},{"type":"Feature","id":"8e6a7662-9b14-4856-894a-81db8e67eb72","geometry":{"type":"Polygon","coordinates":[[[29520, 4320],[29552, 4304],[29568, 4320],[29536, 4336],[29568, 4368],[29568, 4392],[29592, 4408],[29664, 4416],[29672, 4440],[29723, 4438],[29777, 4463],[29800, 4441],[29840, 4432],[29906, 4473],[29919, 4451],[29978, 4451],[30027, 4427],[30055, 4429],[30080, 4408],[30075, 4371],[30105, 4347],[30104, 4272],[30160, 4272],[30168, 4256],[30232, 4232],[30232, 4104],[30193, 4088],[30192, 3992],[30216, 3952],[30216, 3896],[30192, 3888],[30192, 3856],[30160, 3848],[30122, 3799],[30097, 3781],[30033, 3781],[30000, 3806.8],[29992, 3784],[29968, 3800],[29960, 3832],[29920, 3832],[29936, 3816],[29928, 3792],[29904, 3832],[29840, 3832],[29824, 3856],[29800, 3856],[29792, 3880],[29768, 3880],[29760, 3904],[29736, 3912],[29776, 3968],[29776, 4000],[29792, 4016],[29793, 4121],[29815, 4156],[29820, 4208],[29794, 4237],[29752, 4176],[29696, 4184],[29624, 4184],[29608, 4208],[29560, 4232],[29552, 4288],[29520, 4320]]]},"properties":{"objectType":"annotation","classification":{"name":"Tumor","color":[102, 77, 179]}}},{"type":"Feature","id":"91f33d54-b41d-46c7-915e-16a016db35d5","geometry":{"type":"Polygon","coordinates":[[[24168, 7256],[24208, 7264],[24216, 7248],[24248, 7248],[24280, 7224],[24328, 7224],[24360, 7200],[24368, 7216],[24400, 7216],[24400, 7176],[24424, 7176],[24496, 7128],[24544, 7120],[24568, 7128],[24568, 7104],[24592, 7080],[24640, 7064],[24640, 7080],[24704, 7072],[24744, 7080],[24776, 7056],[24768, 6992],[24824, 6960],[24832, 6944],[24864, 6936],[24880, 6912],[24920, 6912],[25064, 6848],[25104, 6864],[25144, 6824],[25176, 6824],[25184, 6808],[25224, 6808],[25248, 6784],[25304, 6752],[25312, 6736],[25352, 6736],[25376, 6712],[25376, 6688],[25440, 6688],[25448, 6664],[25480, 6648],[25480, 6632],[25528, 6632],[25520, 6600],[25536, 6584],[25560, 6584],[25616, 6560],[25624, 6544],[25696, 6520],[25720, 6496],[25776, 6472],[25784, 6448],[25800, 6448],[25808, 6424],[25832, 6416],[25832, 6384],[25856, 6376],[25856, 6392],[25880, 6392],[25880, 6368],[25936, 6328],[25968, 6296],[25968, 6272],[25952, 6248],[25976, 6248],[25976, 6272],[25992, 6280],[26000, 6256],[26024, 6240],[26024, 6216],[26040, 6208],[26040, 6176],[26056, 6176],[26056, 6144],[26080, 6144],[26080, 6168],[26152, 6160],[26160, 6128],[26200, 6128],[26216, 6152],[26272, 6152],[26272, 6136],[26296, 6136],[26304, 6120],[26328, 6120],[26352, 6096],[26352, 6072],[26320, 6080],[26320, 6064],[26384, 6032],[26408, 6032],[26416, 6008],[26456, 5992],[26488, 5992],[26504, 5960],[26536, 5952],[26552, 5928],[26576, 5928],[26584, 5904],[26624, 5904],[26624, 5864],[26656, 5872],[26672, 5856],[26696, 5856],[26704, 5832],[26761, 5836],[26809, 5826],[26927, 5765],[26976, 5728],[27012, 5692],[27079.93, 5649.05],[27131, 5635],[27174, 5613],[27209, 5578],[27225.79, 5547.1],[27269, 5523],[27324, 5477],[27345, 5452],[27369, 5392],[27392, 5392],[27432, 5352],[27448, 5368],[27416, 5376],[27424, 5408],[27392, 5416],[27384, 5456],[27360, 5464],[27352, 5504],[27320, 5520],[27320, 5568],[27328, 5596.74],[27301.84, 5624],[27280, 5600],[27256, 5608],[27256, 5632],[27232, 5640],[27232, 5672],[27192, 5688],[27192, 5712],[27160, 5728],[27160, 5752],[27120, 5792],[27080, 5816],[27080, 5832],[27056, 5840],[27040, 5880],[27016, 5888],[27008, 5920],[26992, 5928],[26992, 5952],[26968, 5952],[26960, 5984],[26936, 6016],[26936, 6064],[26920, 6072],[26928, 6104],[26904, 6104],[26888, 6128],[26856, 6144],[26856, 6176],[26832, 6192],[26832, 6216],[26816, 6224],[26808, 6288],[26792, 6304],[26784, 6360],[26800, 6392],[26783, 6441],[26771.28, 6502.52],[26744, 6608],[26728, 6624],[26728, 6672],[26696, 6688],[26688, 6728],[26672, 6728],[26664, 6784],[26640, 6800],[26640, 6840],[26616, 6840],[26616, 6856],[26584, 6888],[26584, 6920],[26552, 6912],[26536, 6928],[26536, 7152],[26528, 7120],[26504, 7120],[26504, 7168],[26536, 7224],[26560, 7224],[26552, 7248],[26608, 7248],[26624, 7216],[26592, 7232],[26592, 7192],[26608, 7176],[26640, 7168],[26640, 7144],[26664, 7152],[26704, 7128],[26712, 7104],[26736, 7112],[26736, 7088],[26776, 7056],[26792, 7032],[26792, 7008],[26840, 6984],[26824, 6960],[26824, 6912],[26816, 6904],[26864, 6904],[26912, 6864],[26936, 6864],[26936, 6832],[26904, 6840],[26920, 6816],[26920, 6792],[26944, 6784],[26944, 6752],[26984, 6736],[26984, 6658.25],[27003, 6608],[27032, 6600],[27048, 6616],[27088, 6608],[27096, 6584],[27128, 6568],[27128, 6544],[27160, 6528],[27160, 6512],[27200, 6472],[27200, 6440],[27224, 6432],[27224, 6408],[27256, 6392],[27256, 6336],[27272, 6336],[27272, 6296],[27256, 6280],[27288, 6272],[27288, 6232],[27312, 6216],[27320, 6232],[27352, 6208],[27352, 6176],[27400, 6144],[27408, 6104],[27376, 6120],[27328, 6160],[27328, 6184],[27312, 6184],[27304, 6152.39],[27336, 6128],[27376, 6080],[27400, 6080],[27416, 6056],[27448, 6056],[27432, 6040],[27448, 6016],[27448, 5976],[27472, 5952],[27472, 5928],[27496, 5896],[27544, 5904],[27576, 5896],[27568, 5856],[27612, 5810],[27632.68, 5744],[27656, 5744],[27656, 5720],[27631.8, 5720],[27626.13, 5696],[27648, 5696],[27656, 5672],[27680, 5656],[27680, 5592],[27672, 5560],[27688, 5552],[27632, 5488],[27656, 5488],[27672, 5512],[27688, 5488],[27688, 5432],[27696, 5432],[27704, 5376],[27688, 5376],[27680, 5400],[27664, 5392],[27664, 5368],[27688, 5352],[27680, 5296],[27720, 5312],[27704, 5272],[27664, 5272],[27648, 5248],[27680, 5256],[27680, 5232],[27624, 5224],[27608, 5256],[27560, 5272],[27552, 5304],[27520, 5296],[27520, 5312],[27496, 5304],[27496, 5280],[27464, 5272],[27448, 5304],[27448, 5328],[27432, 5336],[27432, 5280],[27424, 5256],[27392, 5288],[27368, 5288],[27368, 5264],[27392, 5240],[27384, 5216],[27320, 5224],[27312, 5208],[27280, 5200],[27210, 5203],[27172, 5216],[27144, 5208],[27096, 5208],[27096, 5224],[27056, 5224],[27048, 5248],[27024, 5240],[26968, 5264],[26960, 5280],[26928, 5296],[26928, 5312],[26904, 5312],[26880, 5328],[26864, 5369.33],[26784, 5424],[26752, 5424],[26712, 5448],[26720, 5472],[26704, 5496],[26680, 5504],[26680, 5488],[26624, 5488],[26592, 5512],[26592, 5552],[26576, 5536],[26560, 5560],[26536, 5568],[26528, 5590.71],[26504, 5592],[26456, 5640],[26416, 5648],[26392, 5664],[26384, 5688],[26288, 5768],[26272, 5768],[26248, 5808],[26216, 5816],[26216, 5840],[26168, 5880],[26152, 5904],[26152, 5928],[26128, 5936],[26120, 5960],[26104, 5960],[26104, 5984],[26088, 5992],[26080, 6024],[26064, 6032],[26064, 6104],[26080, 6104],[26072, 6128],[26048, 6128],[26032, 6168],[25936, 6168],[25912, 6184],[25896, 6160],[25832, 6192],[25824, 6216],[25760, 6208],[25752, 6224],[25704, 6240],[25704, 6264],[25688, 6264],[25688, 6240],[25616, 6248],[25616, 6288],[25536, 6296],[25528, 6312],[25560, 6312],[25552, 6336],[25528, 6336],[25520, 6360],[25496, 6368],[25496, 6384],[25456, 6392],[25456, 6408],[25400, 6448],[25352, 6472],[25280, 6480],[25272, 6496],[25216, 6528],[25192, 6528],[25176, 6552],[25144, 6568],[25144, 6584],[25120, 6584],[25104, 6568],[25112, 6592],[25072, 6616],[25024, 6664],[25000, 6664],[24984, 6696],[24952, 6704],[24952, 6736],[24896, 6776],[24872, 6768],[24880, 6792],[24824, 6832],[24784, 6824],[24784, 6840],[24736, 6880],[24696, 6888],[24648, 6928],[24632, 6920],[24576, 6944],[24568, 6968],[24504, 6984],[24496, 7000],[24448, 7032],[24384, 7032],[24392, 7056],[24352, 7080],[24320, 7080],[24312, 7096],[24256, 7128],[24256, 7144],[24184, 7192],[24184, 7232],[24168, 7256]]]},"properties":{"objectType":"annotation","classification":{"name":"Tumor","color":[102, 77, 179]}}},{"type":"Feature","id":"96e16c6d-0ac1-4558-9d3a-3430965b3b9e","geometry":{"type":"Polygon","coordinates":[[[30216, 5912],[30232, 5944],[30296, 5944],[30448, 5896],[30568, 5808],[30656, 5784],[30704, 5736],[30928, 5616],[31048, 5504],[31080, 5440],[31152, 5384],[31200, 5280],[31259, 5223],[31328, 5120],[31400, 4888],[31384, 4816],[31288, 4832],[31200, 4872],[31128, 4928],[31008, 4992],[31000, 5039.67],[30911.75, 5128],[30840, 5168],[30784, 5240],[30728, 5264],[30616, 5384],[30488, 5568],[30416, 5632],[30408, 5680],[30336, 5744],[30320, 5792],[30216, 5912]]]},"properties":{"objectType":"annotation","classification":{"name":"Tumor","color":[102, 77, 179]}}},{"type":"Feature","id":"ba8bdc0e-8433-4e4d-887f-3f91c72b1e5a","geometry":{"type":"Polygon","coordinates":[[[27304, 11000],[27304, 11032],[27312, 11032],[27312, 11040],[27328, 11040],[27328, 11048],[27344, 11048],[27344, 11056],[27368, 11056],[27368, 11064],[27408, 11064],[27408, 11072],[27416, 11072],[27416, 11080],[27424, 11080],[27424, 11104],[27416, 11104],[27416, 11120],[27408, 11120],[27408, 11136],[27400, 11136],[27400, 11152],[27392, 11152],[27392, 11184],[27384, 11184],[27384, 11208],[27392, 11208],[27392, 11224],[27400, 11224],[27400, 11232],[27408, 11232],[27408, 11240],[27424, 11240],[27424, 11248],[27464, 11248],[27464, 11240],[27472, 11240],[27472, 11232],[27480, 11232],[27480, 11224],[27488, 11224],[27488, 11208],[27496, 11208],[27496, 11192],[27504, 11192],[27504, 11176],[27512, 11176],[27512, 11152],[27520, 11152],[27520, 11088],[27528, 11088],[27528, 11072],[27536, 11072],[27536, 11064],[27552, 11064],[27552, 11056],[27576, 11056],[27576, 11048],[27600, 11048],[27600, 11040],[27616, 11040],[27616, 11032],[27632, 11032],[27632, 11024],[27640, 11024],[27640, 11016],[27648, 11016],[27648, 11008],[27656, 11008],[27656, 11000],[27664, 11000],[27664, 10992],[27672, 10992],[27672, 10984],[27680, 10984],[27680, 10976],[27704, 10976],[27704, 10968],[27720, 10968],[27720, 10960],[27736, 10960],[27736, 10952],[27744, 10952],[27744, 10944],[27760, 10944],[27760, 10936],[27776, 10936],[27776, 10928],[27792, 10928],[27792, 10920],[27808, 10920],[27808, 10912],[27816, 10912],[27816, 10904],[27824, 10904],[27824, 10888],[27832, 10888],[27832, 10872],[27840, 10872],[27840, 10848],[27848, 10848],[27848, 10808],[27856, 10808],[27856, 10800],[27848, 10800],[27848, 10752],[27840, 10752],[27840, 10656],[27848, 10656],[27848, 10624],[27856, 10624],[27856, 10608],[27864, 10608],[27864, 10520],[27872, 10520],[27872, 10472],[27864, 10472],[27864, 10448],[27856, 10448],[27856, 10432],[27848, 10432],[27848, 10424],[27832, 10424],[27832, 10416],[27808, 10416],[27808, 10408],[27768, 10408],[27768, 10416],[27752, 10416],[27752, 10424],[27744, 10424],[27744, 10432],[27728, 10432],[27728, 10440],[27720, 10440],[27720, 10448],[27712, 10448],[27712, 10464],[27704, 10464],[27704, 10480],[27696, 10480],[27696, 10488],[27688, 10488],[27688, 10504],[27680, 10504],[27680, 10528],[27672, 10528],[27672, 10592],[27664, 10592],[27664, 10608],[27656, 10608],[27656, 10616],[27648, 10616],[27648, 10632],[27640, 10632],[27640, 10640],[27632, 10640],[27632, 10664],[27624, 10664],[27624, 10696],[27616, 10696],[27616, 10704],[27600, 10704],[27600, 10712],[27592, 10712],[27592, 10720],[27584, 10720],[27584, 10736],[27592, 10736],[27592, 10760],[27600, 10760],[27600, 10776],[27608, 10776],[27608, 10808],[27616, 10808],[27616, 10816],[27544, 10816],[27544, 10808],[27520, 10808],[27520, 10816],[27488, 10816],[27488, 10824],[27480, 10824],[27480, 10832],[27472, 10832],[27472, 10840],[27456, 10840],[27456, 10848],[27448, 10848],[27448, 10856],[27440, 10856],[27440, 10872],[27432, 10872],[27432, 10904],[27360, 10904],[27360, 10912],[27352, 10912],[27352, 10920],[27344, 10920],[27344, 10928],[27336, 10928],[27336, 10936],[27328, 10936],[27328, 10952],[27320, 10952],[27320, 10976],[27312, 10976],[27312, 11000],[27304, 11000]]]},"properties":{"objectType":"annotation","classification":{"name":"Tumor","color":[102, 77, 179]},"isLocked":true}},{"type":"Feature","id":"e5de4fee-bc7f-4633-9c2d-77129e1e760a","geometry":{"type":"Polygon","coordinates":[[[28219, 6300],[28219, 6303],[28219, 6317],[28219, 6333],[28219, 6335],[28219, 6337],[28221, 6338.33],[28221, 6339],[28221, 6342],[28221, 6344],[28222, 6344.67],[28222, 6347],[28224, 6349],[28224, 6350],[28224, 6352],[28226, 6354],[28226, 6355],[28226, 6357],[28226, 6365],[28226, 6367],[28226, 6368],[28224, 6370],[28224, 6377],[28224, 6380],[28226, 6381.33],[28226, 6382],[28227, 6383],[28227, 6385],[28229, 6385],[28231, 6387],[28231.6, 6387],[28234, 6390],[28238, 6390],[28264, 6416],[28265, 6416],[28266, 6417],[28268, 6417],[28268, 6418],[28270, 6418],[28271, 6419],[28272, 6419],[28272, 6420],[28277, 6420],[28279, 6418],[28290, 6418],[28291, 6419],[28292, 6420],[28297, 6420],[28299, 6422],[28300, 6422],[28300, 6423],[28302, 6423],[28311, 6431.4],[28311, 6432],[28311, 6434],[28314, 6437],[28317, 6437],[28318, 6438],[28320, 6440],[28322, 6439.63],[28322, 6440],[28342, 6440],[28344, 6438],[28355, 6438],[28356, 6437],[28358, 6437],[28360, 6435],[28370, 6435],[28370, 6434],[28371, 6434],[28372, 6433],[28375, 6433],[28376, 6432],[28378, 6432],[28380, 6430],[28385, 6430],[28385, 6429],[28386, 6429],[28387, 6428],[28388, 6428],[28388, 6427.26],[28389.38, 6427],[28408, 6427],[28410, 6425],[28415, 6425],[28415, 6424],[28416, 6424],[28417, 6423],[28428, 6423],[28428, 6422],[28431, 6422],[28433, 6420],[28435, 6420],[28436, 6419],[28437.5, 6418],[28438, 6418],[28438, 6417.88],[28448, 6416],[28512, 6384],[28616, 6304],[28672, 6288],[28672, 6256],[28696, 6240],[28696, 6192],[28680, 6184],[28656, 6136],[28640, 6144],[28552, 6144],[28528, 6096],[28520, 6048],[28608, 6048],[28648, 6032],[28640, 5976],[28664, 5976],[28680, 6008],[28680, 5968],[28760, 6032],[28808, 6032],[28840, 6008],[28848, 5960],[28872, 5936],[28864, 5904],[28872, 5808],[28856, 5760],[28808, 5752],[28680, 5752],[28576, 5824],[28560, 5880],[28536, 5888],[28520, 5920],[28488, 5928],[28488, 5992],[28464, 6016],[28496, 6008],[28496, 6064],[28520, 6088],[28512, 6160],[28472, 6144],[28464, 6160],[28437.1, 6177.1],[28435, 6175],[28431, 6175],[28430.6, 6175.6],[28430, 6175],[28428, 6175],[28426, 6178],[28422, 6178],[28420, 6180],[28416, 6180],[28414, 6182],[28411, 6182],[28408.13, 6185],[28407, 6185],[28404.13, 6188],[28404, 6188],[28394, 6198],[28394, 6198.59],[28387.87, 6205],[28386, 6205],[28384, 6207],[28381, 6207],[28379, 6210],[28373, 6210],[28371, 6207],[28368, 6207],[28364, 6202],[28363, 6202],[28361, 6200],[28360.8, 6200],[28359, 6198],[28352, 6198],[28350, 6200],[28347, 6200],[28344, 6203],[28344, 6205],[28344, 6205.71],[28342, 6208],[28342, 6210],[28342, 6211],[28339, 6213],[28339, 6221],[28337, 6223],[28337, 6226],[28335, 6228],[28332, 6228],[28330, 6230],[28328, 6227],[28323, 6227],[28321, 6225],[28301, 6225],[28299, 6223],[28296, 6223],[28294, 6221],[28294, 6217],[28296, 6215],[28296, 6214],[28297, 6214],[28297, 6209],[28297, 6206],[28296, 6206],[28296, 6205],[28287, 6205],[28285.67, 6207],[28284, 6207],[28283.33, 6208],[28279, 6208],[28274, 6213],[28274, 6215],[28274, 6224],[28274, 6225],[28274, 6227],[28277, 6227],[28278, 6228],[28279, 6229],[28280, 6229],[28280, 6230],[28282, 6230],[28284, 6232],[28284, 6235],[28286, 6236.33],[28286, 6238],[28286, 6244],[28286, 6250],[28287, 6250.67],[28287, 6257.33],[28286, 6258],[28286, 6259],[28280, 6265],[28279, 6265],[28274, 6270],[28274, 6273],[28274, 6277],[28274, 6279],[28274, 6285],[28274, 6287],[28276, 6289],[28277, 6290],[28279, 6292],[28279, 6301],[28274, 6305],[28274, 6307.5],[28269, 6312],[28266, 6312],[28264, 6315],[28261, 6315],[28259, 6313],[28258.67, 6313],[28258, 6312],[28255, 6312],[28252, 6309],[28252, 6308],[28251, 6308],[28251, 6307],[28251, 6305],[28249, 6303],[28247, 6301],[28247, 6299],[28246, 6299],[28246, 6298],[28246, 6297],[28244, 6295],[28239, 6290],[28236, 6287],[28229, 6287],[28228, 6288],[28227, 6288],[28224, 6290],[28224, 6292],[28224, 6293],[28222, 6295],[28222, 6296.33],[28221, 6297],[28221, 6298.67],[28219, 6300]]]},"properties":{"objectType":"annotation","classification":{"name":"Tumor","color":[102, 77, 179]}}},{"type":"Feature","id":"c9b8fcb8-8f1f-40fe-a3cf-aa6f05a61c80","geometry":{"type":"Polygon","coordinates":[[[29408, 6584],[29424, 6632],[29488, 6672],[29680, 6680],[29680, 6888],[29720, 6952],[29816, 6984],[29904, 6984],[29976, 6944],[29992, 6848],[29888, 6656],[29968, 6552],[30080, 6544],[30176, 6424],[30192, 6328],[30264, 6336],[30312, 6392],[30312, 6480],[30344, 6528],[30416, 6520],[30472, 6568],[30536, 6560],[30592, 6496],[30632, 6496],[30720, 6568],[30792, 6568],[30880, 6480],[30864, 6360],[30928, 6376],[31048, 6272],[31104, 6256],[31200, 6144],[31200, 6088],[31120, 6000],[31056, 6000],[30976, 6048],[30960, 5984],[30744, 5960],[30696, 6024],[30696, 6088],[30760, 6152],[30832, 6168],[30792, 6192],[30800, 6256],[30696, 6256],[30688, 6184],[30647, 6095.17],[30647, 6095],[30646.92, 6095],[30640, 6080],[30633.35, 6080.6],[30629, 6076],[30614, 6076],[30612, 6079],[30609, 6079],[30607, 6081],[30602, 6081],[30600.67, 6083],[30585.33, 6083],[30584, 6081],[30556, 6081],[30554, 6079],[30551, 6079],[30549, 6077],[30549, 6074],[30547, 6072],[30547, 6070],[30546, 6070],[30546, 6069],[30536, 6059],[30533, 6059],[30531, 6056],[30528, 6056],[30526, 6054],[30523, 6054],[30521, 6051],[30513, 6051],[30511, 6049],[30481, 6049],[30479, 6046],[30473, 6046],[30471, 6044],[30469, 6044],[30467, 6046],[30462, 6046],[30450, 6059],[30447, 6059],[30445, 6061],[30442, 6061],[30440, 6064],[30429, 6064],[30427, 6066],[30419, 6066],[30417, 6069],[30404, 6069],[30400, 6074],[30397, 6074],[30390, 6081],[30387, 6081],[30377, 6091],[30374, 6091],[30372, 6094],[30352, 6094],[30347, 6099],[30344, 6099],[30335, 6109],[30332, 6109],[30330, 6111],[30313, 6111],[30311, 6109],[30309, 6109],[30307, 6111],[30307, 6112],[30256, 6112],[30192, 6152],[30024, 6192],[29856, 6288],[29696, 6288],[29671.5, 6302],[29671, 6302],[29670.33, 6302.67],[29668, 6304],[29666, 6304],[29664.77, 6305.85],[29662.75, 6307],[29661, 6307],[29659.25, 6309],[29654, 6312],[29650.5, 6314],[29649, 6314],[29648.08, 6315.38],[29645.25, 6317],[29644, 6317],[29642.33, 6318.67],[29641.75, 6319],[29636, 6319],[29634, 6322],[29626, 6322],[29624, 6324],[29621, 6324],[29618.6, 6327],[29618, 6327],[29616, 6329],[29614, 6329],[29609, 6334],[29609, 6336],[29605.01, 6339.99],[29584, 6352],[29581.29, 6381.81],[29581, 6382],[29581, 6385],[29576, 6440],[29518.04, 6457.04],[29518, 6457],[29513, 6457],[29511, 6454],[29496, 6454],[29494, 6457],[29489, 6457],[29487, 6459],[29481, 6459],[29479, 6462],[29474, 6462],[29474, 6465],[29474, 6467],[29474, 6469],[29474, 6470],[29440, 6480],[29408, 6584]]]},"properties":{"objectType":"annotation","classification":{"name":"Tumor","color":[102, 77, 179]}}}]}