{"type":"FeatureCollection","features":[{"type":"Feature","id":"a3353f3e-5c90-4452-a5a2-b9d0169eab5c","geometry":{"type":"Polygon","coordinates":[[[13393, 13637],[14185, 16235],[14195, 16245],[14195, 16255],[14205, 16255],[14215, 16265],[14316, 17208],[13814, 18312],[13814, 18322],[13824, 18322],[13824, 18332],[14396, 18433],[17290, 22122],[17079, 22501],[16561, 22450],[16083, 21973],[15751, 22125],[15655, 22566],[14174, 22929],[14095, 23320],[15139, 24364],[16208, 25146],[17720, 25042],[17720, 25016],[17746, 25016],[17746, 24990],[18242, 24911],[18842, 24155],[19181, 24520],[19442, 25407],[20407, 25276],[20950, 24857],[20817, 24288],[20608, 24041],[20077, 22012],[22277, 20058],[22277, 20039],[22030, 18387],[20987, 18206],[19843, 17564],[19356, 16776],[19356, 16758],[18930, 16009],[17927, 15387],[17515, 14744],[16472, 14022],[16000, 13761],[15449, 13500],[13393, 13637]]]},"properties":{"objectType":"annotation","isLocked":true}},{"type":"Feature","id":"4d3bddfe-f072-40ba-95ed-6c902f76a4de","geometry":{"type":"Polygon","coordinates":[[[14256, 15400],[14256, 15408],[14264, 15408],[14264, 15448],[14304, 15448],[14304, 15464],[14312, 15464],[14312, 15480],[14344, 15480],[14344, 15488],[14360, 15488],[14360, 15472],[14352, 15472],[14352, 15464],[14360, 15464],[14360, 15456],[14368, 15456],[14368, 15416],[14376, 15416],[14376, 15408],[14384, 15408],[14384, 15392],[14392, 15392],[14392, 15368],[14416, 15368],[14416, 15352],[14408, 15352],[14408, 15344],[14400, 15344],[14400, 15336],[14384, 15336],[14384, 15328],[14352, 15328],[14352, 15312],[14344, 15312],[14344, 15304],[14320, 15304],[14320, 15312],[14304, 15312],[14304, 15320],[14296, 15320],[14296, 15328],[14288, 15328],[14288, 15360],[14280, 15360],[14280, 15376],[14272, 15376],[14272, 15392],[14264, 15392],[14264, 15400],[14256, 15400]]]},"properties":{"objectType":"annotation","classification":{"name":"Ignore*","color":[180, 180, 180]},"isLocked":true}},{"type":"Feature","id":"14954128-679c-4313-8e16-02e76211f7d5","geometry":{"type":"Polygon","coordinates":[[[17152, 15944],[17152, 15952],[17160, 15952],[17160, 15984],[17168, 15984],[17168, 15976],[17192, 15976],[17192, 16000],[17184, 16000],[17184, 16008],[17176, 16008],[17176, 16024],[17184, 16024],[17184, 16048],[17192, 16048],[17192, 16064],[17200, 16064],[17200, 16072],[17208, 16072],[17208, 16080],[17216, 16080],[17216, 16096],[17232, 16096],[17232, 16088],[17248, 16088],[17248, 16080],[17256, 16080],[17256, 16072],[17264, 16072],[17264, 16056],[17272, 16056],[17272, 16040],[17280, 16040],[17280, 16032],[17288, 16032],[17288, 16016],[17280, 16016],[17280, 15960],[17272, 15960],[17272, 15944],[17280, 15944],[17280, 15936],[17272, 15936],[17272, 15920],[17264, 15920],[17264, 15864],[17248, 15864],[17248, 15856],[17232, 15856],[17232, 15848],[17224, 15848],[17224, 15840],[17216, 15840],[17216, 15848],[17200, 15848],[17200, 15856],[17176, 15856],[17176, 15864],[17168, 15864],[17168, 15880],[17160, 15880],[17160, 15928],[17168, 15928],[17168, 15936],[17160, 15936],[17160, 15944],[17152, 15944]]]},"properties":{"objectType":"annotation","classification":{"name":"Ignore*","color":[180, 180, 180]},"isLocked":true}},{"type":"Feature","id":"2281997d-ed91-41ca-8ec4-04ed48ae9958","geometry":{"type":"Polygon","coordinates":[[[14512, 17560],[14512, 17600],[14528, 17600],[14528, 17608],[14536, 17608],[14536, 17624],[14544, 17624],[14544, 17632],[14552, 17632],[14552, 17648],[14560, 17648],[14560, 17656],[14568, 17656],[14568, 17672],[14576, 17672],[14576, 17680],[14600, 17680],[14600, 17696],[14608, 17696],[14608, 17704],[14616, 17704],[14616, 17680],[14624, 17680],[14624, 17672],[14616, 17672],[14616, 17656],[14600, 17656],[14600, 17640],[14616, 17640],[14616, 17632],[14624, 17632],[14624, 17576],[14632, 17576],[14632, 17560],[14600, 17560],[14600, 17552],[14592, 17552],[14592, 17536],[14584, 17536],[14584, 17528],[14544, 17528],[14544, 17536],[14536, 17536],[14536, 17568],[14520, 17568],[14520, 17560],[14512, 17560]]]},"properties":{"objectType":"annotation","classification":{"name":"Ignore*","color":[180, 180, 180]},"isLocked":true}},{"type":"Feature","id":"54a3effe-f683-4b0e-9c65-b293a4f0ed0c","geometry":{"type":"Polygon","coordinates":[[[18960, 18784],[18960, 18808],[19000, 18808],[19000, 18824],[19016, 18824],[19016, 18832],[19064, 18832],[19064, 18848],[19072, 18848],[19072, 18856],[19088, 18856],[19088, 18848],[19104, 18848],[19104, 18840],[19120, 18840],[19120, 18832],[19128, 18832],[19128, 18824],[19152, 18824],[19152, 18816],[19160, 18816],[19160, 18800],[19152, 18800],[19152, 18776],[19144, 18776],[19144, 18768],[19120, 18768],[19120, 18752],[19112, 18752],[19112, 18744],[19104, 18744],[19104, 18752],[19096, 18752],[19096, 18776],[19048, 18776],[19048, 18768],[19024, 18768],[19024, 18776],[18984, 18776],[18984, 18784],[18960, 18784]]]},"properties":{"objectType":"annotation","classification":{"name":"Ignore*","color":[180, 180, 180]},"isLocked":true}},{"type":"Feature","id":"a9a5aa07-d20c-4492-a605-a746cb23bae2","geometry":{"type":"Polygon","coordinates":[[[16944, 18960],[16944, 19000],[16952, 19000],[16952, 19008],[16976, 19008],[16976, 19016],[16968, 19016],[16968, 19032],[16960, 19032],[16960, 19056],[17000, 19056],[17000, 19064],[17008, 19064],[17008, 19072],[17032, 19072],[17032, 19064],[17040, 19064],[17040, 19048],[17056, 19048],[17056, 19024],[17064, 19024],[17064, 19000],[17072, 19000],[17072, 18992],[17064, 18992],[17064, 18976],[17072, 18976],[17072, 18960],[17064, 18960],[17064, 18952],[17048, 18952],[17048, 18960],[17024, 18960],[17024, 18952],[17032, 18952],[17032, 18944],[17040, 18944],[17040, 18928],[17024, 18928],[17024, 18920],[17008, 18920],[17008, 18912],[16968, 18912],[16968, 18936],[16960, 18936],[16960, 18944],[16952, 18944],[16952, 18960],[16944, 18960]]]},"properties":{"objectType":"annotation","classification":{"name":"Ignore*","color":[180, 180, 180]},"isLocked":true}},{"type":"Feature","id":"5d21faa0-ce9d-46a2-9361-e391a59e13cd","geometry":{"type":"Polygon","coordinates":[[[18376, 19368],[18376, 19376],[18384, 19376],[18384, 19384],[18392, 19384],[18392, 19376],[18400, 19376],[18400, 19360],[18464, 19360],[18464, 19352],[18496, 19352],[18496, 19360],[18512, 19360],[18512, 19352],[18528, 19352],[18528, 19336],[18536, 19336],[18536, 19320],[18544, 19320],[18544, 19312],[18552, 19312],[18552, 19288],[18544, 19288],[18544, 19264],[18552, 19264],[18552, 19256],[18536, 19256],[18536, 19248],[18512, 19248],[18512, 19256],[18488, 19256],[18488, 19264],[18472, 19264],[18472, 19256],[18464, 19256],[18464, 19224],[18472, 19224],[18472, 19232],[18496, 19232],[18496, 19216],[18488, 19216],[18488, 19208],[18472, 19208],[18472, 19184],[18464, 19184],[18464, 19192],[18448, 19192],[18448, 19200],[18456, 19200],[18456, 19224],[18448, 19224],[18448, 19232],[18440, 19232],[18440, 19248],[18432, 19248],[18432, 19256],[18424, 19256],[18424, 19272],[18416, 19272],[18416, 19288],[18408, 19288],[18408, 19320],[18400, 19320],[18400, 19352],[18392, 19352],[18392, 19360],[18384, 19360],[18384, 19368],[18376, 19368]]]},"properties":{"objectType":"annotation","classification":{"name":"Ignore*","color":[180, 180, 180]},"isLocked":true}},{"type":"Feature","id":"fdd28734-51fb-4511-8969-75922deae55d","geometry":{"type":"Polygon","coordinates":[[[15872, 19640],[15872, 19656],[15880, 19656],[15880, 19688],[15872, 19688],[15872, 19728],[15888, 19728],[15888, 19736],[15904, 19736],[15904, 19744],[15928, 19744],[15928, 19736],[15944, 19736],[15944, 19728],[15960, 19728],[15960, 19720],[15992, 19720],[15992, 19728],[16000, 19728],[16000, 19720],[16016, 19720],[16016, 19712],[16024, 19712],[16024, 19704],[16032, 19704],[16032, 19696],[16048, 19696],[16048, 19688],[16040, 19688],[16040, 19680],[16032, 19680],[16032, 19648],[16000, 19648],[16000, 19640],[15976, 19640],[15976, 19648],[15968, 19648],[15968, 19640],[15944, 19640],[15944, 19648],[15912, 19648],[15912, 19640],[15872, 19640]]]},"properties":{"objectType":"annotation","classification":{"name":"Ignore*","color":[180, 180, 180]},"isLocked":true}},{"type":"Feature","id":"7604ad5f-e495-4bd3-ae2b-e3d3b93456bc","geometry":{"type":"Polygon","coordinates":[[[19352, 19816],[19352, 19824],[19360, 19824],[19360, 19856],[19368, 19856],[19368, 19864],[19376, 19864],[19376, 19896],[19392, 19896],[19392, 19904],[19400, 19904],[19400, 19912],[19408, 19912],[19408, 19920],[19424, 19920],[19424, 19936],[19416, 19936],[19416, 19944],[19424, 19944],[19424, 19960],[19432, 19960],[19432, 19968],[19440, 19968],[19440, 19960],[19448, 19960],[19448, 19936],[19456, 19936],[19456, 19928],[19472, 19928],[19472, 19920],[19480, 19920],[19480, 19912],[19488, 19912],[19488, 19896],[19480, 19896],[19480, 19856],[19472, 19856],[19472, 19848],[19448, 19848],[19448, 19840],[19440, 19840],[19440, 19832],[19432, 19832],[19432, 19824],[19424, 19824],[19424, 19816],[19432, 19816],[19432, 19808],[19400, 19808],[19400, 19792],[19392, 19792],[19392, 19784],[19384, 19784],[19384, 19776],[19376, 19776],[19376, 19792],[19368, 19792],[19368, 19808],[19360, 19808],[19360, 19816],[19352, 19816]]]},"properties":{"objectType":"annotation","classification":{"name":"Ignore*","color":[180, 180, 180]},"isLocked":true}},{"type":"Feature","id":"7a9b44fc-23f2-453a-9c23-485a7bc1d162","geometry":{"type":"Polygon","coordinates":[[[17952, 19880],[17952, 19936],[17960, 19936],[17960, 19952],[17976, 19952],[17976, 19960],[18008, 19960],[18008, 19968],[18016, 19968],[18016, 19976],[18064, 19976],[18064, 19968],[18080, 19968],[18080, 19976],[18072, 19976],[18072, 20000],[18064, 20000],[18064, 20008],[18088, 20008],[18088, 20000],[18104, 20000],[18104, 19992],[18112, 19992],[18112, 20000],[18128, 20000],[18128, 20008],[18136, 20008],[18136, 20032],[18120, 20032],[18120, 20024],[18112, 20024],[18112, 20064],[18128, 20064],[18128, 20040],[18160, 20040],[18160, 20024],[18168, 20024],[18168, 20016],[18192, 20016],[18192, 20008],[18200, 20008],[18200, 20000],[18216, 20000],[18216, 19992],[18224, 19992],[18224, 19984],[18216, 19984],[18216, 19960],[18200, 19960],[18200, 19952],[18184, 19952],[18184, 19960],[18176, 19960],[18176, 19952],[18168, 19952],[18168, 19944],[18160, 19944],[18160, 19928],[18152, 19928],[18152, 19912],[18136, 19912],[18136, 19904],[18144, 19904],[18144, 19888],[18136, 19888],[18136, 19880],[18120, 19880],[18120, 19872],[18112, 19872],[18112, 19864],[18104, 19864],[18104, 19848],[18088, 19848],[18088, 19840],[18080, 19840],[18080, 19872],[18056, 19872],[18056, 19880],[18040, 19880],[18040, 19872],[18032, 19872],[18032, 19864],[18040, 19864],[18040, 19856],[18048, 19856],[18048, 19848],[18056, 19848],[18056, 19824],[18032, 19824],[18032, 19832],[18008, 19832],[18008, 19856],[18016, 19856],[18016, 19880],[17984, 19880],[17984, 19872],[17960, 19872],[17960, 19880],[17952, 19880]]]},"properties":{"objectType":"annotation","classification":{"name":"Ignore*","color":[180, 180, 180]},"isLocked":true}},{"type":"Feature","id":"c113c03b-f692-4202-9850-6b495401dc14","geometry":{"type":"Polygon","coordinates":[[[19616, 19984],[19616, 20016],[19648, 20016],[19648, 20040],[19656, 20040],[19656, 20056],[19664, 20056],[19664, 20064],[19672, 20064],[19672, 20072],[19648, 20072],[19648, 20080],[19696, 20080],[19696, 20072],[19720, 20072],[19720, 20080],[19752, 20080],[19752, 20064],[19760, 20064],[19760, 20056],[19768, 20056],[19768, 20040],[19776, 20040],[19776, 20032],[19784, 20032],[19784, 20040],[19792, 20040],[19792, 20024],[19784, 20024],[19784, 20016],[19776, 20016],[19776, 20024],[19760, 20024],[19760, 20000],[19752, 20000],[19752, 19992],[19728, 19992],[19728, 20000],[19736, 20000],[19736, 20016],[19720, 20016],[19720, 20008],[19712, 20008],[19712, 19992],[19720, 19992],[19720, 19984],[19712, 19984],[19712, 19976],[19632, 19976],[19632, 19984],[19616, 19984]]]},"properties":{"objectType":"annotation","classification":{"name":"Ignore*","color":[180, 180, 180]},"isLocked":true}},{"type":"Feature","id":"d3645ad4-cad1-42b6-bd00-551de02a7590","geometry":{"type":"Polygon","coordinates":[[[15856, 20184],[15856, 20240],[15864, 20240],[15864, 20248],[15872, 20248],[15872, 20256],[15880, 20256],[15880, 20264],[15888, 20264],[15888, 20280],[15904, 20280],[15904, 20256],[15912, 20256],[15912, 20272],[15920, 20272],[15920, 20280],[15928, 20280],[15928, 20288],[15936, 20288],[15936, 20296],[15944, 20296],[15944, 20304],[15952, 20304],[15952, 20288],[15944, 20288],[15944, 20264],[15952, 20264],[15952, 20256],[15976, 20256],[15976, 20248],[15992, 20248],[15992, 20240],[16000, 20240],[16000, 20248],[16024, 20248],[16024, 20256],[16032, 20256],[16032, 20264],[16056, 20264],[16056, 20256],[16064, 20256],[16064, 20248],[16072, 20248],[16072, 20240],[16080, 20240],[16080, 20232],[16088, 20232],[16088, 20208],[16096, 20208],[16096, 20184],[16104, 20184],[16104, 20168],[16112, 20168],[16112, 20160],[16128, 20160],[16128, 20168],[16136, 20168],[16136, 20184],[16144, 20184],[16144, 20176],[16160, 20176],[16160, 20168],[16168, 20168],[16168, 20176],[16184, 20176],[16184, 20168],[16192, 20168],[16192, 20136],[16176, 20136],[16176, 20144],[16168, 20144],[16168, 20152],[16152, 20152],[16152, 20144],[16144, 20144],[16144, 20136],[16112, 20136],[16112, 20112],[16128, 20112],[16128, 20128],[16144, 20128],[16144, 20120],[16168, 20120],[16168, 20104],[16176, 20104],[16176, 20096],[16168, 20096],[16168, 20088],[16160, 20088],[16160, 20080],[16144, 20080],[16144, 20064],[16168, 20064],[16168, 20056],[16176, 20056],[16176, 20064],[16192, 20064],[16192, 20040],[16168, 20040],[16168, 20024],[16176, 20024],[16176, 19992],[16168, 19992],[16168, 19984],[16152, 19984],[16152, 19976],[16144, 19976],[16144, 19968],[16128, 19968],[16128, 19984],[16104, 19984],[16104, 19992],[16088, 19992],[16088, 20008],[16096, 20008],[16096, 20016],[16104, 20016],[16104, 20024],[16112, 20024],[16112, 20048],[16120, 20048],[16120, 20056],[16112, 20056],[16112, 20088],[16120, 20088],[16120, 20096],[16096, 20096],[16096, 20088],[16088, 20088],[16088, 20072],[16080, 20072],[16080, 20064],[16072, 20064],[16072, 20048],[16088, 20048],[16088, 20024],[16080, 20024],[16080, 20016],[16072, 20016],[16072, 20008],[16064, 20008],[16064, 19960],[16056, 19960],[16056, 19968],[16048, 19968],[16048, 19960],[16040, 19960],[16040, 19928],[16032, 19928],[16032, 19920],[16024, 19920],[16024, 19912],[16008, 19912],[16008, 19896],[16000, 19896],[16000, 19872],[15976, 19872],[15976, 19880],[15968, 19880],[15968, 19888],[15952, 19888],[15952, 19896],[15944, 19896],[15944, 19904],[15936, 19904],[15936, 19920],[15928, 19920],[15928, 19928],[15944, 19928],[15944, 19936],[15952, 19936],[15952, 19960],[15936, 19960],[15936, 19952],[15928, 19952],[15928, 19944],[15920, 19944],[15920, 19936],[15904, 19936],[15904, 19944],[15896, 19944],[15896, 19952],[15904, 19952],[15904, 19960],[15928, 19960],[15928, 19968],[15936, 19968],[15936, 19976],[15944, 19976],[15944, 19984],[15952, 19984],[15952, 19968],[15976, 19968],[15976, 19976],[15984, 19976],[15984, 19992],[15976, 19992],[15976, 20016],[15984, 20016],[15984, 20024],[15992, 20024],[15992, 20048],[16000, 20048],[16000, 20056],[16024, 20056],[16024, 20072],[16032, 20072],[16032, 20088],[16040, 20088],[16040, 20136],[16056, 20136],[16056, 20168],[16048, 20168],[16048, 20176],[16000, 20176],[16000, 20168],[15992, 20168],[15992, 20160],[15968, 20160],[15968, 20176],[15936, 20176],[15936, 20184],[15920, 20184],[15920, 20192],[15880, 20192],[15880, 20184],[15856, 20184]]]},"properties":{"objectType":"annotation","classification":{"name":"Ignore*","color":[180, 180, 180]},"isLocked":true}},{"type":"Feature","id":"51545f5b-ab9f-4f67-8b89-df15ba5160ee","geometry":{"type":"Polygon","coordinates":[[[19704, 20648],[19704, 20672],[19720, 20672],[19720, 20664],[19736, 20664],[19736, 20672],[19744, 20672],[19744, 20680],[19760, 20680],[19760, 20672],[19768, 20672],[19768, 20664],[19776, 20664],[19776, 20656],[19784, 20656],[19784, 20664],[19792, 20664],[19792, 20688],[19800, 20688],[19800, 20696],[19816, 20696],[19816, 20688],[19832, 20688],[19832, 20704],[19840, 20704],[19840, 20712],[19864, 20712],[19864, 20704],[19880, 20704],[19880, 20696],[19896, 20696],[19896, 20688],[19912, 20688],[19912, 20680],[19928, 20680],[19928, 20664],[19944, 20664],[19944, 20656],[19952, 20656],[19952, 20648],[19960, 20648],[19960, 20640],[19920, 20640],[19920, 20632],[19912, 20632],[19912, 20616],[19904, 20616],[19904, 20600],[19848, 20600],[19848, 20608],[19824, 20608],[19824, 20600],[19816, 20600],[19816, 20592],[19800, 20592],[19800, 20600],[19792, 20600],[19792, 20608],[19768, 20608],[19768, 20600],[19752, 20600],[19752, 20624],[19744, 20624],[19744, 20632],[19736, 20632],[19736, 20640],[19728, 20640],[19728, 20632],[19720, 20632],[19720, 20640],[19712, 20640],[19712, 20648],[19704, 20648]]]},"properties":{"objectType":"annotation","classification":{"name":"Ignore*","color":[180, 180, 180]},"isLocked":true}},{"type":"Feature","id":"17e3f8a5-e117-47bc-b091-11bb35b89882","geometry":{"type":"Polygon","coordinates":[[[16400, 20832],[16400, 20840],[16408, 20840],[16408, 20856],[16416, 20856],[16416, 20864],[16424, 20864],[16424, 20880],[16440, 20880],[16440, 20888],[16448, 20888],[16448, 20912],[16456, 20912],[16456, 20920],[16464, 20920],[16464, 20912],[16480, 20912],[16480, 20904],[16512, 20904],[16512, 20912],[16520, 20912],[16520, 20928],[16536, 20928],[16536, 20920],[16528, 20920],[16528, 20896],[16536, 20896],[16536, 20888],[16544, 20888],[16544, 20864],[16584, 20864],[16584, 20856],[16576, 20856],[16576, 20816],[16584, 20816],[16584, 20800],[16592, 20800],[16592, 20792],[16600, 20792],[16600, 20776],[16608, 20776],[16608, 20768],[16640, 20768],[16640, 20776],[16656, 20776],[16656, 20752],[16648, 20752],[16648, 20736],[16656, 20736],[16656, 20720],[16664, 20720],[16664, 20712],[16672, 20712],[16672, 20704],[16680, 20704],[16680, 20688],[16664, 20688],[16664, 20680],[16656, 20680],[16656, 20656],[16632, 20656],[16632, 20664],[16616, 20664],[16616, 20672],[16592, 20672],[16592, 20680],[16584, 20680],[16584, 20704],[16576, 20704],[16576, 20728],[16568, 20728],[16568, 20736],[16536, 20736],[16536, 20768],[16528, 20768],[16528, 20784],[16480, 20784],[16480, 20800],[16472, 20800],[16472, 20808],[16448, 20808],[16448, 20800],[16440, 20800],[16440, 20792],[16432, 20792],[16432, 20784],[16416, 20784],[16416, 20816],[16408, 20816],[16408, 20832],[16400, 20832]]]},"properties":{"objectType":"annotation","classification":{"name":"Ignore*","color":[180, 180, 180]},"isLocked":true}},{"type":"Feature","id":"e0b324a5-3fc5-4f62-8afd-5134f727c167","geometry":{"type":"Polygon","coordinates":[[[16608, 21136],[16608, 21168],[16616, 21168],[16616, 21184],[16624, 21184],[16624, 21192],[16648, 21192],[16648, 21184],[16680, 21184],[16680, 21176],[16696, 21176],[16696, 21168],[16712, 21168],[16712, 21160],[16744, 21160],[16744, 21152],[16752, 21152],[16752, 21136],[16760, 21136],[16760, 21120],[16768, 21120],[16768, 21112],[16760, 21112],[16760, 21088],[16768, 21088],[16768, 21080],[16784, 21080],[16784, 21072],[16808, 21072],[16808, 21088],[16824, 21088],[16824, 21072],[16816, 21072],[16816, 21064],[16808, 21064],[16808, 21040],[16816, 21040],[16816, 21032],[16800, 21032],[16800, 21040],[16792, 21040],[16792, 21032],[16784, 21032],[16784, 21024],[16792, 21024],[16792, 21000],[16784, 21000],[16784, 20992],[16760, 20992],[16760, 20968],[16736, 20968],[16736, 20960],[16728, 20960],[16728, 20952],[16720, 20952],[16720, 20968],[16728, 20968],[16728, 20976],[16720, 20976],[16720, 20984],[16704, 20984],[16704, 20976],[16696, 20976],[16696, 20968],[16664, 20968],[16664, 20976],[16672, 20976],[16672, 21000],[16664, 21000],[16664, 21008],[16656, 21008],[16656, 21024],[16664, 21024],[16664, 21032],[16672, 21032],[16672, 21056],[16688, 21056],[16688, 21088],[16680, 21088],[16680, 21096],[16672, 21096],[16672, 21104],[16680, 21104],[16680, 21136],[16656, 21136],[16656, 21120],[16624, 21120],[16624, 21128],[16616, 21128],[16616, 21136],[16608, 21136]]]},"properties":{"objectType":"annotation","classification":{"name":"Ignore*","color":[180, 180, 180]},"isLocked":true}},{"type":"Feature","id":"adc74b76-5651-4045-bf00-000811edc005","geometry":{"type":"Polygon","coordinates":[[[17976, 21760],[17976, 21784],[17984, 21784],[17984, 21792],[18000, 21792],[18000, 21824],[18008, 21824],[18008, 21856],[18016, 21856],[18016, 21864],[18024, 21864],[18024, 21872],[18032, 21872],[18032, 21880],[18024, 21880],[18024, 21928],[18016, 21928],[18016, 21968],[18024, 21968],[18024, 21976],[18032, 21976],[18032, 21992],[18024, 21992],[18024, 22000],[18032, 22000],[18032, 22008],[18048, 22008],[18048, 22032],[18056, 22032],[18056, 22064],[18064, 22064],[18064, 22080],[18088, 22080],[18088, 22088],[18096, 22088],[18096, 22096],[18104, 22096],[18104, 22072],[18096, 22072],[18096, 22064],[18104, 22064],[18104, 22016],[18096, 22016],[18096, 22008],[18088, 22008],[18088, 21992],[18096, 21992],[18096, 21984],[18104, 21984],[18104, 21944],[18080, 21944],[18080, 21960],[18056, 21960],[18056, 21952],[18040, 21952],[18040, 21936],[18048, 21936],[18048, 21920],[18040, 21920],[18040, 21888],[18048, 21888],[18048, 21880],[18072, 21880],[18072, 21840],[18064, 21840],[18064, 21816],[18072, 21816],[18072, 21800],[18064, 21800],[18064, 21776],[18072, 21776],[18072, 21752],[18080, 21752],[18080, 21728],[18088, 21728],[18088, 21704],[18080, 21704],[18080, 21696],[18088, 21696],[18088, 21664],[18096, 21664],[18096, 21648],[18120, 21648],[18120, 21632],[18112, 21632],[18112, 21608],[18120, 21608],[18120, 21600],[18128, 21600],[18128, 21592],[18136, 21592],[18136, 21576],[18144, 21576],[18144, 21560],[18152, 21560],[18152, 21544],[18160, 21544],[18160, 21536],[18168, 21536],[18168, 21528],[18184, 21528],[18184, 21520],[18192, 21520],[18192, 21496],[18200, 21496],[18200, 21488],[18208, 21488],[18208, 21480],[18216, 21480],[18216, 21464],[18224, 21464],[18224, 21448],[18232, 21448],[18232, 21432],[18224, 21432],[18224, 21424],[18216, 21424],[18216, 21432],[18200, 21432],[18200, 21440],[18176, 21440],[18176, 21448],[18168, 21448],[18168, 21456],[18160, 21456],[18160, 21464],[18152, 21464],[18152, 21472],[18144, 21472],[18144, 21480],[18128, 21480],[18128, 21496],[18120, 21496],[18120, 21504],[18112, 21504],[18112, 21512],[18104, 21512],[18104, 21520],[18096, 21520],[18096, 21536],[18088, 21536],[18088, 21552],[18080, 21552],[18080, 21560],[18072, 21560],[18072, 21568],[18064, 21568],[18064, 21576],[18056, 21576],[18056, 21624],[18048, 21624],[18048, 21640],[18040, 21640],[18040, 21680],[18024, 21680],[18024, 21696],[18016, 21696],[18016, 21728],[18008, 21728],[18008, 21760],[17976, 21760]]]},"properties":{"objectType":"annotation","classification":{"name":"Ignore*","color":[180, 180, 180]},"isLocked":true}},{"type":"Feature","id":"72acdfb0-e159-484b-a776-17cd7b721fff","geometry":{"type":"Polygon","coordinates":[[[16776, 22872],[16776, 22896],[16784, 22896],[16784, 22912],[16792, 22912],[16792, 22920],[16808, 22920],[16808, 22928],[16856, 22928],[16856, 22920],[16864, 22920],[16864, 22928],[16912, 22928],[16912, 22920],[16920, 22920],[16920, 22904],[16912, 22904],[16912, 22872],[16904, 22872],[16904, 22864],[16896, 22864],[16896, 22856],[16888, 22856],[16888, 22848],[16880, 22848],[16880, 22840],[16864, 22840],[16864, 22848],[16808, 22848],[16808, 22840],[16800, 22840],[16800, 22848],[16792, 22848],[16792, 22856],[16784, 22856],[16784, 22872],[16776, 22872]]]},"properties":{"objectType":"annotation","classification":{"name":"Ignore*","color":[180, 180, 180]},"isLocked":true}},{"type":"Feature","id":"e51de9fe-29bf-4da8-9381-cf1471ff53b0","geometry":{"type":"Polygon","coordinates":[[[18192, 23664],[18192, 23680],[18200, 23680],[18200, 23688],[18216, 23688],[18216, 23696],[18224, 23696],[18224, 23704],[18232, 23704],[18232, 23712],[18248, 23712],[18248, 23720],[18288, 23720],[18288, 23712],[18296, 23712],[18296, 23688],[18304, 23688],[18304, 23680],[18312, 23680],[18312, 23672],[18344, 23672],[18344, 23664],[18312, 23664],[18312, 23656],[18304, 23656],[18304, 23648],[18296, 23648],[18296, 23632],[18288, 23632],[18288, 23624],[18272, 23624],[18272, 23632],[18264, 23632],[18264, 23624],[18256, 23624],[18256, 23616],[18232, 23616],[18232, 23624],[18224, 23624],[18224, 23640],[18216, 23640],[18216, 23648],[18208, 23648],[18208, 23656],[18200, 23656],[18200, 23664],[18192, 23664]]]},"properties":{"objectType":"annotation","classification":{"name":"Ignore*","color":[180, 180, 180]},"isLocked":true}},{"type":"Feature","id":"c699f710-8093-43eb-b178-22fc35f48872","geometry":{"type":"Polygon","coordinates":[[[16928, 16352],[16928, 16368],[16936, 16368],[16936, 16384],[16936, 16424],[16952, 16424],[16952, 16416],[16960, 16416],[16960, 16424],[16968, 16424],[16968, 16432],[16976, 16432],[16976, 16440],[16984, 16440],[16984, 16448],[17000, 16448],[17000, 16440],[17024, 16440],[17024, 16448],[17032, 16448],[17032, 16432],[17040, 16432],[17040, 16416],[17048, 16416],[17048, 16408],[17064, 16408],[17064, 16400],[17072, 16400],[17072, 16392],[17064, 16392],[17064, 16384],[17064, 16360],[17056, 16360],[17056, 16344],[17048, 16344],[17048, 16336],[17040, 16336],[17040, 16328],[17032, 16328],[17032, 16320],[17000, 16320],[17000, 16312],[16952, 16312],[16952, 16320],[16944, 16320],[16944, 16352],[16928, 16352]]]},"properties":{"objectType":"annotation","classification":{"name":"Ignore*","color":[180, 180, 180]},"isLocked":true}},{"type":"Feature","id":"5d1ac060-62fa-4be2-9e8b-4fec298645c1","geometry":{"type":"Polygon","coordinates":[[[18232, 19024],[18232, 19040],[18240, 19040],[18240, 19056],[18248, 19056],[18248, 19064],[18264, 19064],[18264, 19072],[18272, 19072],[18272, 19088],[18280, 19088],[18280, 19096],[18288, 19096],[18288, 19120],[18296, 19120],[18296, 19128],[18304, 19128],[18304, 19120],[18336, 19120],[18336, 19112],[18344, 19112],[18344, 19096],[18360, 19096],[18360, 19128],[18352, 19128],[18352, 19152],[18344, 19152],[18344, 19168],[18336, 19168],[18336, 19176],[18328, 19176],[18328, 19192],[18368, 19192],[18368, 19176],[18384, 19176],[18384, 19184],[18392, 19184],[18392, 19176],[18408, 19176],[18408, 19168],[18416, 19168],[18416, 19160],[18432, 19160],[18432, 19144],[18440, 19144],[18440, 19136],[18448, 19136],[18448, 19120],[18456, 19120],[18456, 19104],[18440, 19104],[18440, 19096],[18432, 19096],[18432, 19088],[18416, 19088],[18416, 19096],[18392, 19096],[18392, 19104],[18376, 19104],[18376, 19080],[18352, 19080],[18352, 19064],[18344, 19064],[18344, 19056],[18328, 19056],[18328, 19024],[18320, 19024],[18320, 19008],[18304, 19008],[18304, 19000],[18288, 19000],[18288, 19008],[18280, 19008],[18280, 19016],[18272, 19016],[18272, 19024],[18232, 19024]]]},"properties":{"objectType":"annotation","classification":{"name":"Ignore*","color":[180, 180, 180]},"isLocked":true}},{"type":"Feature","id":"0ce54081-85b6-4e1a-9d2f-333cf24ea198","geometry":{"type":"Polygon","coordinates":[[[14504, 15344],[14504, 15376],[14512, 15376],[14512, 15416],[14520, 15416],[14520, 15432],[14544, 15432],[14544, 15456],[14552, 15456],[14552, 15464],[14560, 15464],[14560, 15456],[14568, 15456],[14568, 15448],[14592, 15448],[14592, 15456],[14600, 15456],[14600, 15448],[14616, 15448],[14616, 15440],[14624, 15440],[14624, 15424],[14632, 15424],[14632, 15416],[14640, 15416],[14640, 15408],[14648, 15408],[14648, 15376],[14640, 15376],[14640, 15360],[14632, 15360],[14632, 15344],[14624, 15344],[14624, 15312],[14608, 15312],[14608, 15304],[14600, 15304],[14600, 15296],[14592, 15296],[14592, 15288],[14568, 15288],[14568, 15280],[14544, 15280],[14544, 15296],[14536, 15296],[14536, 15304],[14528, 15304],[14528, 15312],[14520, 15312],[14520, 15328],[14512, 15328],[14512, 15344],[14504, 15344]]]},"properties":{"objectType":"annotation","classification":{"name":"Ignore*","color":[180, 180, 180]},"isLocked":true}},{"type":"Feature","id":"69fb2d3d-4d96-479a-a4d9-a8017aac77db","geometry":{"type":"Polygon","coordinates":[[[2383, 10805],[2383, 42240],[32249, 42240],[32249, 10805],[2383, 10805]]]},"properties":{"objectType":"annotation","classification":{"name":"Necrosis","color":[50, 50, 50]},"isLocked":true}},{"type":"Feature","id":"88ba24ee-6961-44e8-90a2-165221af8570","geometry":{"type":"Polygon","coordinates":[[[3968, 10805],[3968, 10816],[4032, 10816],[4032, 10944],[4096, 10944],[4096, 11072],[4160, 11072],[4160, 11136],[4224, 11136],[4224, 11200],[4288, 11200],[4288, 11264],[4416, 11264],[4416, 11328],[4544, 11328],[4544, 11392],[4672, 11392],[4672, 11456],[4800, 11456],[4800, 11520],[4992, 11520],[4992, 11584],[5248, 11584],[5248, 11520],[5568, 11520],[5568, 11584],[5760, 11584],[5760, 11648],[5824, 11648],[5824, 11712],[5888, 11712],[5888, 11776],[5952, 11776],[5952, 11904],[6016, 11904],[6016, 11968],[6080, 11968],[6080, 12096],[6144, 12096],[6144, 12224],[6208, 12224],[6208, 12992],[6144, 12992],[6144, 13376],[6336, 13376],[6336, 13312],[6400, 13312],[6400, 13248],[6464, 13248],[6464, 13184],[6528, 13184],[6528, 13056],[6592, 13056],[6592, 12992],[6656, 12992],[6656, 12928],[6720, 12928],[6720, 12864],[6848, 12864],[6848, 12800],[6976, 12800],[6976, 12736],[7104, 12736],[7104, 12672],[7872, 12672],[7872, 12608],[7936, 12608],[7936, 12480],[8000, 12480],[8000, 11904],[8064, 11904],[8064, 11776],[8128, 11776],[8128, 11712],[8192, 11712],[8192, 11520],[8064, 11520],[8064, 11456],[7808, 11456],[7808, 11392],[7680, 11392],[7680, 11328],[7552, 11328],[7552, 11264],[7488, 11264],[7488, 11136],[7424, 11136],[7424, 11072],[7296, 11072],[7296, 11008],[7232, 11008],[7232, 10944],[7104, 10944],[7104, 10880],[7040, 10880],[7040, 10805],[3968, 10805]]]},"properties":{"objectType":"annotation","classification":{"name":"Ignore*","color":[180, 180, 180]},"isLocked":true}},{"type":"Feature","id":"95b627cb-20e8-4218-8e20-b35b22082f1f","geometry":{"type":"Polygon","coordinates":[[[17536, 13760],[17536, 13888],[17664, 13888],[17664, 13824],[17728, 13824],[17728, 13760],[17792, 13760],[17792, 13568],[17664, 13568],[17664, 13632],[17600, 13632],[17600, 13760],[17536, 13760]]]},"properties":{"objectType":"annotation","classification":{"name":"Ignore*","color":[180, 180, 180]},"isLocked":true}},{"type":"Feature","id":"49c67c91-6e6b-488b-aa9c-49ae1d0c83a6","geometry":{"type":"Polygon","coordinates":[[[5632, 14784],[5632, 14976],[5696, 14976],[5696, 15168],[5760, 15168],[5760, 15424],[5824, 15424],[5824, 15744],[5888, 15744],[5888, 15936],[5952, 15936],[5952, 16064],[6016, 16064],[6016, 16192],[6080, 16192],[6080, 16320],[6144, 16320],[6144, 16512],[6208, 16512],[6208, 16704],[6272, 16704],[6272, 16896],[6336, 16896],[6336, 16960],[6400, 16960],[6400, 17024],[6720, 17024],[6720, 16960],[6784, 16960],[6784, 16896],[6912, 16896],[6912, 16832],[6976, 16832],[6976, 16768],[7040, 16768],[7040, 16704],[7104, 16704],[7104, 16640],[7168, 16640],[7168, 16576],[7232, 16576],[7232, 16512],[7360, 16512],[7360, 16448],[7424, 16448],[7424, 16384],[7488, 16384],[7488, 16320],[7552, 16320],[7552, 16000],[7488, 16000],[7488, 15872],[7424, 15872],[7424, 15808],[7360, 15808],[7360, 15744],[7296, 15744],[7296, 15680],[7168, 15680],[7168, 15616],[7040, 15616],[7040, 15552],[6912, 15552],[6912, 15488],[6784, 15488],[6784, 15424],[6656, 15424],[6656, 15360],[6592, 15360],[6592, 15296],[6528, 15296],[6528, 15232],[6464, 15232],[6464, 15168],[6400, 15168],[6400, 15104],[6336, 15104],[6336, 15040],[6272, 15040],[6272, 14976],[6208, 14976],[6208, 14912],[6144, 14912],[6144, 14848],[6080, 14848],[6080, 14784],[5952, 14784],[5952, 14720],[5696, 14720],[5696, 14784],[5632, 14784]]]},"properties":{"objectType":"annotation","classification":{"name":"Ignore*","color":[180, 180, 180]},"isLocked":true}},{"type":"Feature","id":"84ef7e79-cdfd-414a-8fd5-3ae5ca877e56","geometry":{"type":"Polygon","coordinates":[[[7040, 10880],[7104, 10880],[7104, 10944],[7232, 10944],[7232, 11008],[7296, 11008],[7296, 11072],[7424, 11072],[7424, 11136],[7488, 11136],[7488, 11264],[7552, 11264],[7552, 11328],[7680, 11328],[7680, 11392],[7808, 11392],[7808, 11456],[8064, 11456],[8064, 11520],[8192, 11520],[8192, 11712],[8128, 11712],[8128, 11776],[8064, 11776],[8064, 11904],[8000, 11904],[8000, 12480],[7936, 12480],[7936, 12608],[7872, 12608],[7872, 12672],[7104, 12672],[7104, 12736],[6976, 12736],[6976, 12800],[6848, 12800],[6848, 12864],[6720, 12864],[6720, 12928],[6656, 12928],[6656, 12992],[6592, 12992],[6592, 13056],[6528, 13056],[6528, 13184],[6464, 13184],[6464, 13248],[6400, 13248],[6400, 13312],[6336, 13312],[6336, 13376],[6144, 13376],[6144, 12992],[6208, 12992],[6208, 12224],[6144, 12224],[6144, 12096],[6080, 12096],[6080, 11968],[6016, 11968],[6016, 11904],[5952, 11904],[5952, 11776],[5888, 11776],[5888, 11712],[5824, 11712],[5824, 11648],[5760, 11648],[5760, 11584],[5568, 11584],[5568, 11520],[5248, 11520],[5248, 11584],[4992, 11584],[4992, 11520],[4800, 11520],[4800, 11456],[4672, 11456],[4672, 11392],[4544, 11392],[4544, 11328],[4416, 11328],[4416, 11264],[4288, 11264],[4288, 11200],[4224, 11200],[4224, 11136],[4160, 11136],[4160, 11072],[4096, 11072],[4096, 10944],[4032, 10944],[4032, 10816],[3968, 10816],[3968, 10805],[3648, 10805],[3648, 10816],[3584, 10816],[3584, 10880],[3648, 10880],[3648, 11264],[3712, 11264],[3712, 11584],[3776, 11584],[3776, 11776],[3840, 11776],[3840, 11904],[3904, 11904],[3904, 12032],[3968, 12032],[3968, 12160],[4032, 12160],[4032, 12224],[4096, 12224],[4096, 12288],[4160, 12288],[4160, 12416],[4224, 12416],[4224, 12480],[4288, 12480],[4288, 12544],[4352, 12544],[4352, 12672],[4416, 12672],[4416, 13248],[4352, 13248],[4352, 13504],[4288, 13504],[4288, 13888],[4224, 13888],[4224, 14208],[4160, 14208],[4160, 14336],[4096, 14336],[4096, 14464],[4032, 14464],[4032, 14592],[3968, 14592],[3968, 14656],[3904, 14656],[3904, 14784],[3840, 14784],[3840, 14912],[3776, 14912],[3776, 15040],[3712, 15040],[3712, 15168],[3648, 15168],[3648, 15296],[3584, 15296],[3584, 15488],[3520, 15488],[3520, 15680],[3456, 15680],[3456, 15808],[3392, 15808],[3392, 16000],[3328, 16000],[3328, 16320],[3264, 16320],[3264, 16704],[3200, 16704],[3200, 17344],[3264, 17344],[3264, 17408],[3328, 17408],[3328, 17536],[3456, 17536],[3456, 17600],[3520, 17600],[3520, 17664],[3584, 17664],[3584, 17728],[3712, 17728],[3712, 17792],[3776, 17792],[3776, 17920],[3840, 17920],[3840, 18048],[3904, 18048],[3904, 18368],[3968, 18368],[3968, 18496],[4032, 18496],[4032, 18560],[4096, 18560],[4096, 18624],[4224, 18624],[4224, 18688],[4480, 18688],[4480, 18752],[4608, 18752],[4608, 18816],[4672, 18816],[4672, 18880],[4736, 18880],[4736, 19008],[4800, 19008],[4800, 19136],[4864, 19136],[4864, 19200],[4928, 19200],[4928, 19264],[4992, 19264],[4992, 19328],[5056, 19328],[5056, 19392],[5184, 19392],[5184, 19456],[5248, 19456],[5248, 19520],[5312, 19520],[5312, 19584],[5376, 19584],[5376, 19648],[5440, 19648],[5440, 19712],[5504, 19712],[5504, 19776],[5568, 19776],[5568, 19904],[5632, 19904],[5632, 19968],[5696, 19968],[5696, 20032],[5760, 20032],[5760, 20096],[5824, 20096],[5824, 20224],[5888, 20224],[5888, 20288],[5952, 20288],[5952, 20736],[6016, 20736],[6016, 20864],[6080, 20864],[6080, 20928],[6144, 20928],[6144, 21120],[6080, 21120],[6080, 21184],[6016, 21184],[6016, 21376],[5952, 21376],[5952, 21952],[6016, 21952],[6016, 22080],[6080, 22080],[6080, 22208],[6144, 22208],[6144, 22272],[6208, 22272],[6208, 22336],[6336, 22336],[6336, 22400],[6528, 22400],[6528, 22464],[6848, 22464],[6848, 22528],[7040, 22528],[7040, 22464],[7168, 22464],[7168, 22400],[7296, 22400],[7296, 22336],[7360, 22336],[7360, 22208],[7424, 22208],[7424, 22016],[7360, 22016],[7360, 21760],[7296, 21760],[7296, 21504],[7232, 21504],[7232, 21376],[7168, 21376],[7168, 21248],[7040, 21248],[7040, 21184],[6976, 21184],[6976, 21120],[6848, 21120],[6848, 21056],[6656, 21056],[6656, 20992],[6464, 20992],[6464, 20928],[6336, 20928],[6336, 20864],[6400, 20864],[6400, 20672],[6464, 20672],[6464, 20608],[6528, 20608],[6528, 20544],[6592, 20544],[6592, 20480],[7360, 20480],[7360, 20544],[7424, 20544],[7424, 20608],[7488, 20608],[7488, 20672],[7552, 20672],[7552, 20800],[7616, 20800],[7616, 20928],[8000, 20928],[8000, 20864],[8064, 20864],[8064, 20800],[8128, 20800],[8128, 20736],[8192, 20736],[8192, 20672],[8256, 20672],[8256, 20480],[8320, 20480],[8320, 20288],[8256, 20288],[8256, 20096],[8192, 20096],[8192, 20032],[8128, 20032],[8128, 19968],[8064, 19968],[8064, 19904],[8000, 19904],[8000, 19840],[7808, 19840],[7808, 19776],[7616, 19776],[7616, 19840],[7424, 19840],[7424, 19904],[7232, 19904],[7232, 19968],[6784, 19968],[6784, 19904],[6656, 19904],[6656, 19840],[6528, 19840],[6528, 19776],[6400, 19776],[6400, 19712],[6272, 19712],[6272, 19648],[6144, 19648],[6144, 19584],[5952, 19584],[5952, 19520],[5824, 19520],[5824, 19456],[5696, 19456],[5696, 19392],[5632, 19392],[5632, 19328],[5504, 19328],[5504, 19264],[5440, 19264],[5440, 19200],[5376, 19200],[5376, 19136],[5248, 19136],[5248, 19072],[5184, 19072],[5184, 19008],[5120, 19008],[5120, 18880],[5056, 18880],[5056, 18816],[4992, 18816],[4992, 18752],[4928, 18752],[4928, 18624],[4864, 18624],[4864, 18560],[4800, 18560],[4800, 18496],[4736, 18496],[4736, 18432],[4672, 18432],[4672, 18368],[4608, 18368],[4608, 18304],[4544, 18304],[4544, 18240],[4416, 18240],[4416, 18176],[4352, 18176],[4352, 18112],[4288, 18112],[4288, 17984],[4224, 17984],[4224, 17920],[4160, 17920],[4160, 17792],[4096, 17792],[4096, 17664],[4032, 17664],[4032, 17536],[3968, 17536],[3968, 17280],[3904, 17280],[3904, 17152],[3840, 17152],[3840, 16960],[3776, 16960],[3776, 16704],[3840, 16704],[3840, 16576],[3904, 16576],[3904, 16448],[3968, 16448],[3968, 16384],[4032, 16384],[4032, 16256],[4096, 16256],[4096, 16064],[4160, 16064],[4160, 15872],[4224, 15872],[4224, 15744],[4288, 15744],[4288, 15616],[4352, 15616],[4352, 15552],[4416, 15552],[4416, 15488],[4480, 15488],[4480, 15424],[4544, 15424],[4544, 15360],[4736, 15360],[4736, 15424],[4800, 15424],[4800, 15488],[4864, 15488],[4864, 15552],[4928, 15552],[4928, 15680],[4992, 15680],[4992, 15808],[5056, 15808],[5056, 15936],[5120, 15936],[5120, 16000],[5184, 16000],[5184, 16128],[5248, 16128],[5248, 16256],[5312, 16256],[5312, 16384],[5376, 16384],[5376, 16512],[5440, 16512],[5440, 16640],[5504, 16640],[5504, 16768],[5568, 16768],[5568, 16896],[5632, 16896],[5632, 17088],[5696, 17088],[5696, 17344],[5760, 17344],[5760, 17472],[5824, 17472],[5824, 17600],[5888, 17600],[5888, 17664],[5952, 17664],[5952, 17728],[6080, 17728],[6080, 17792],[6272, 17792],[6272, 17856],[6400, 17856],[6400, 17792],[6784, 17792],[6784, 17728],[6976, 17728],[6976, 17664],[7168, 17664],[7168, 17600],[7360, 17600],[7360, 17536],[7616, 17536],[7616, 17472],[7744, 17472],[7744, 17408],[7936, 17408],[7936, 17344],[8256, 17344],[8256, 17408],[8576, 17408],[8576, 17472],[9152, 17472],[9152, 17536],[9280, 17536],[9280, 17664],[9344, 17664],[9344, 18048],[9408, 18048],[9408, 18176],[9472, 18176],[9472, 18304],[9536, 18304],[9536, 18368],[9600, 18368],[9600, 18432],[9664, 18432],[9664, 18496],[9728, 18496],[9728, 18560],[9792, 18560],[9792, 18688],[9856, 18688],[9856, 18816],[9792, 18816],[9792, 18944],[9664, 18944],[9664, 19008],[9536, 19008],[9536, 19072],[9472, 19072],[9472, 19136],[9344, 19136],[9344, 19200],[9280, 19200],[9280, 19264],[9216, 19264],[9216, 19328],[9152, 19328],[9152, 19392],[9088, 19392],[9088, 19520],[9024, 19520],[9024, 19712],[8960, 19712],[8960, 20224],[8896, 20224],[8896, 20608],[8960, 20608],[8960, 20864],[9024, 20864],[9024, 21120],[8960, 21120],[8960, 21184],[8896, 21184],[8896, 21248],[8768, 21248],[8768, 21312],[8704, 21312],[8704, 21376],[8576, 21376],[8576, 21440],[8512, 21440],[8512, 21504],[8448, 21504],[8448, 21568],[8384, 21568],[8384, 21632],[8256, 21632],[8256, 21696],[8192, 21696],[8192, 21760],[8064, 21760],[8064, 21824],[8000, 21824],[8000, 21952],[8320, 21952],[8320, 21888],[8512, 21888],[8512, 21824],[9088, 21824],[9088, 21760],[9344, 21760],[9344, 21696],[9536, 21696],[9536, 21632],[9664, 21632],[9664, 21568],[9792, 21568],[9792, 21504],[9984, 21504],[9984, 21440],[10112, 21440],[10112, 21376],[10240, 21376],[10240, 21312],[10304, 21312],[10304, 21248],[10368, 21248],[10368, 21184],[10432, 21184],[10432, 21120],[10496, 21120],[10496, 21056],[10560, 21056],[10560, 20928],[10624, 20928],[10624, 20800],[10688, 20800],[10688, 20672],[10752, 20672],[10752, 20544],[10816, 20544],[10816, 20416],[10880, 20416],[10880, 20288],[10944, 20288],[10944, 20224],[11008, 20224],[11008, 20096],[11072, 20096],[11072, 19968],[11136, 19968],[11136, 19776],[11200, 19776],[11200, 19392],[11264, 19392],[11264, 18432],[11328, 18432],[11328, 18240],[11392, 18240],[11392, 18112],[11456, 18112],[11456, 18048],[11520, 18048],[11520, 17984],[11584, 17984],[11584, 17920],[11904, 17920],[11904, 17856],[12032, 17856],[12032, 17920],[12416, 17920],[12416, 17984],[12544, 17984],[12544, 18048],[12608, 18048],[12608, 18112],[12736, 18112],[12736, 18176],[12864, 18176],[12864, 18240],[12928, 18240],[12928, 18304],[13056, 18304],[13056, 18368],[13120, 18368],[13120, 18432],[13248, 18432],[13248, 18496],[13376, 18496],[13376, 18560],[13696, 18560],[13696, 18624],[14016, 18624],[14016, 18688],[14144, 18688],[14144, 18752],[14208, 18752],[14208, 18880],[14272, 18880],[14272, 18944],[14336, 18944],[14336, 19072],[14400, 19072],[14400, 19200],[14464, 19200],[14464, 19328],[14528, 19328],[14528, 19392],[14592, 19392],[14592, 19456],[14656, 19456],[14656, 19520],[14720, 19520],[14720, 19584],[14848, 19584],[14848, 19648],[14912, 19648],[14912, 19712],[14976, 19712],[14976, 19840],[15040, 19840],[15040, 19904],[15104, 19904],[15104, 19968],[15168, 19968],[15168, 20096],[15232, 20096],[15232, 20224],[15296, 20224],[15296, 20288],[15360, 20288],[15360, 20416],[15424, 20416],[15424, 20480],[15488, 20480],[15488, 20608],[15552, 20608],[15552, 20672],[15616, 20672],[15616, 20736],[15680, 20736],[15680, 20800],[15808, 20800],[15808, 20864],[15872, 20864],[15872, 20928],[15936, 20928],[15936, 20992],[16000, 20992],[16000, 21120],[16064, 21120],[16064, 21184],[16128, 21184],[16128, 21248],[16192, 21248],[16192, 21312],[16256, 21312],[16256, 21376],[16320, 21376],[16320, 21440],[16384, 21440],[16384, 21504],[16448, 21504],[16448, 21568],[16512, 21568],[16512, 21760],[16448, 21760],[16448, 21824],[16256, 21824],[16256, 21760],[15808, 21760],[15808, 21824],[15680, 21824],[15680, 21888],[15616, 21888],[15616, 21952],[15552, 21952],[15552, 22016],[15488, 22016],[15488, 22144],[15424, 22144],[15424, 22208],[15360, 22208],[15360, 22272],[15296, 22272],[15296, 22336],[15232, 22336],[15232, 22400],[15104, 22400],[15104, 22464],[14912, 22464],[14912, 22528],[14592, 22528],[14592, 22592],[13696, 22592],[13696, 22528],[13376, 22528],[13376, 22592],[13056, 22592],[13056, 22656],[12800, 22656],[12800, 22720],[12544, 22720],[12544, 22784],[12096, 22784],[12096, 22848],[11264, 22848],[11264, 22912],[10880, 22912],[10880, 22976],[10624, 22976],[10624, 23040],[10368, 23040],[10368, 23104],[10176, 23104],[10176, 23168],[10048, 23168],[10048, 23232],[9984, 23232],[9984, 23296],[9920, 23296],[9920, 23424],[9856, 23424],[9856, 23744],[9920, 23744],[9920, 23872],[9984, 23872],[9984, 24064],[10048, 24064],[10048, 24320],[10112, 24320],[10112, 24384],[10176, 24384],[10176, 24320],[10240, 24320],[10240, 24256],[10304, 24256],[10304, 24128],[10368, 24128],[10368, 24000],[10432, 24000],[10432, 23552],[10496, 23552],[10496, 23424],[10624, 23424],[10624, 23360],[11072, 23360],[11072, 23424],[11776, 23424],[11776, 23360],[11968, 23360],[11968, 23296],[12480, 23296],[12480, 23360],[12864, 23360],[12864, 23424],[13376, 23424],[13376, 23360],[13568, 23360],[13568, 23296],[13696, 23296],[13696, 23360],[13888, 23360],[13888, 23424],[13952, 23424],[13952, 23488],[14016, 23488],[14016, 23552],[14080, 23552],[14080, 23616],[14144, 23616],[14144, 23680],[14272, 23680],[14272, 23744],[14336, 23744],[14336, 23808],[14400, 23808],[14400, 23872],[14464, 23872],[14464, 23936],[14528, 23936],[14528, 24128],[14592, 24128],[14592, 24192],[14656, 24192],[14656, 24256],[14720, 24256],[14720, 24320],[14784, 24320],[14784, 24384],[14912, 24384],[14912, 24448],[14976, 24448],[14976, 24512],[15104, 24512],[15104, 24576],[15168, 24576],[15168, 24640],[15232, 24640],[15232, 24704],[15360, 24704],[15360, 24768],[15424, 24768],[15424, 24832],[15552, 24832],[15552, 24896],[15616, 24896],[15616, 24960],[15680, 24960],[15680, 25088],[15744, 25088],[15744, 25152],[15872, 25152],[15872, 25216],[16384, 25216],[16384, 25152],[16896, 25152],[16896, 25216],[17088, 25216],[17088, 25152],[17280, 25152],[17280, 25088],[17600, 25088],[17600, 25152],[18112, 25152],[18112, 25088],[18176, 25088],[18176, 25024],[18240, 25024],[18240, 24960],[18304, 24960],[18304, 24832],[18368, 24832],[18368, 24704],[18432, 24704],[18432, 24576],[18496, 24576],[18496, 24512],[18560, 24512],[18560, 24448],[18624, 24448],[18624, 24384],[18688, 24384],[18688, 24320],[18752, 24320],[18752, 24256],[18944, 24256],[18944, 24320],[19008, 24320],[19008, 24384],[19072, 24384],[19072, 24512],[19136, 24512],[19136, 24576],[19200, 24576],[19200, 24704],[19264, 24704],[19264, 24832],[19328, 24832],[19328, 25152],[19392, 25152],[19392, 25280],[19456, 25280],[19456, 25408],[19520, 25408],[19520, 25472],[19584, 25472],[19584, 25536],[19840, 25536],[19840, 25600],[19968, 25600],[19968, 25536],[20224, 25536],[20224, 25472],[20352, 25472],[20352, 25408],[20480, 25408],[20480, 25344],[20608, 25344],[20608, 25280],[20864, 25280],[20864, 25344],[20928, 25344],[20928, 25408],[20992, 25408],[20992, 25472],[21056, 25472],[21056, 25536],[21120, 25536],[21120, 25600],[21248, 25600],[21248, 25664],[21312, 25664],[21312, 25728],[21440, 25728],[21440, 25792],[21824, 25792],[21824, 25856],[22016, 25856],[22016, 26304],[21952, 26304],[21952, 26816],[22016, 26816],[22016, 27008],[22080, 27008],[22080, 27072],[22144, 27072],[22144, 27136],[22272, 27136],[22272, 27200],[22400, 27200],[22400, 27264],[22528, 27264],[22528, 27328],[22720, 27328],[22720, 27392],[22912, 27392],[22912, 27328],[23104, 27328],[23104, 27264],[23168, 27264],[23168, 27200],[23232, 27200],[23232, 27136],[23296, 27136],[23296, 27008],[23360, 27008],[23360, 26880],[23424, 26880],[23424, 26688],[23488, 26688],[23488, 26176],[23424, 26176],[23424, 25472],[23488, 25472],[23488, 25344],[23552, 25344],[23552, 25280],[23616, 25280],[23616, 25152],[23680, 25152],[23680, 25088],[23744, 25088],[23744, 24960],[23808, 24960],[23808, 24832],[23872, 24832],[23872, 24512],[23808, 24512],[23808, 24384],[23744, 24384],[23744, 24320],[23680, 24320],[23680, 24256],[23616, 24256],[23616, 24192],[23552, 24192],[23552, 24064],[23488, 24064],[23488, 23872],[23424, 23872],[23424, 23680],[23360, 23680],[23360, 23552],[23296, 23552],[23296, 23488],[23232, 23488],[23232, 23424],[23168, 23424],[23168, 23360],[23040, 23360],[23040, 23296],[22976, 23296],[22976, 23040],[23040, 23040],[23040, 22848],[23104, 22848],[23104, 22528],[23040, 22528],[23040, 22272],[22976, 22272],[22976, 22144],[22912, 22144],[22912, 22016],[22848, 22016],[22848, 21760],[22912, 21760],[22912, 21696],[22976, 21696],[22976, 21632],[23104, 21632],[23104, 21568],[23168, 21568],[23168, 21440],[23232, 21440],[23232, 20992],[23168, 20992],[23168, 20736],[23104, 20736],[23104, 20480],[23040, 20480],[23040, 20416],[22976, 20416],[22976, 20288],[22848, 20288],[22848, 20224],[22400, 20224],[22400, 20288],[22336, 20288],[22336, 20160],[22272, 20160],[22272, 19776],[22208, 19776],[22208, 19584],[22144, 19584],[22144, 19392],[22208, 19392],[22208, 19264],[22272, 19264],[22272, 19072],[22336, 19072],[22336, 18752],[22272, 18752],[22272, 18624],[22208, 18624],[22208, 18496],[22144, 18496],[22144, 18432],[22080, 18432],[22080, 18368],[21952, 18368],[21952, 18304],[21568, 18304],[21568, 18368],[21376, 18368],[21376, 17728],[21312, 17728],[21312, 17600],[21248, 17600],[21248, 17536],[21184, 17536],[21184, 17472],[21120, 17472],[21120, 17408],[21056, 17408],[21056, 17344],[20608, 17344],[20608, 17408],[20544, 17408],[20544, 17472],[20416, 17472],[20416, 17536],[20160, 17536],[20160, 17472],[19968, 17472],[19968, 17408],[19904, 17408],[19904, 17280],[19840, 17280],[19840, 17152],[19776, 17152],[19776, 17088],[19712, 17088],[19712, 17024],[19648, 17024],[19648, 16960],[19584, 16960],[19584, 16896],[19456, 16896],[19456, 16832],[19392, 16832],[19392, 16768],[19328, 16768],[19328, 16704],[19264, 16704],[19264, 16256],[19200, 16256],[19200, 16000],[19136, 16000],[19136, 15872],[19072, 15872],[19072, 15808],[19008, 15808],[19008, 15680],[18944, 15680],[18944, 15616],[18880, 15616],[18880, 15552],[18816, 15552],[18816, 15488],[18688, 15488],[18688, 15424],[18624, 15424],[18624, 15360],[18432, 15360],[18432, 15296],[18304, 15296],[18304, 15232],[18176, 15232],[18176, 15168],[18048, 15168],[18048, 15104],[17984, 15104],[17984, 15040],[17920, 15040],[17920, 14464],[17984, 14464],[17984, 14272],[18048, 14272],[18048, 13824],[17984, 13824],[17984, 13696],[18048, 13696],[18048, 13568],[18112, 13568],[18112, 13504],[18176, 13504],[18176, 13376],[18240, 13376],[18240, 13248],[18176, 13248],[18176, 13184],[18112, 13184],[18112, 13120],[17920, 13120],[17920, 13184],[17856, 13184],[17856, 13248],[17792, 13248],[17792, 13312],[17728, 13312],[17728, 13376],[17664, 13376],[17664, 13440],[17600, 13440],[17600, 13376],[17408, 13376],[17408, 13312],[17344, 13312],[17344, 13248],[17280, 13248],[17280, 13120],[17216, 13120],[17216, 12992],[17152, 12992],[17152, 12928],[17088, 12928],[17088, 12992],[16960, 12992],[16960, 13056],[16768, 13056],[16768, 13120],[16576, 13120],[16576, 13184],[16064, 13184],[16064, 13120],[15936, 13120],[15936, 13056],[15872, 13056],[15872, 12928],[15808, 12928],[15808, 12864],[15744, 12864],[15744, 12736],[15680, 12736],[15680, 12608],[15616, 12608],[15616, 12544],[15552, 12544],[15552, 12416],[15488, 12416],[15488, 12224],[15424, 12224],[15424, 12096],[15360, 12096],[15360, 11968],[15296, 11968],[15296, 11776],[15232, 11776],[15232, 11520],[15168, 11520],[15168, 10880],[15232, 10880],[15232, 10805],[7040, 10805],[7040, 10880]],[[5696, 14784],[5696, 14720],[5952, 14720],[5952, 14784],[6080, 14784],[6080, 14848],[6144, 14848],[6144, 14912],[6208, 14912],[6208, 14976],[6272, 14976],[6272, 15040],[6336, 15040],[6336, 15104],[6400, 15104],[6400, 15168],[6464, 15168],[6464, 15232],[6528, 15232],[6528, 15296],[6592, 15296],[6592, 15360],[6656, 15360],[6656, 15424],[6784, 15424],[6784, 15488],[6912, 15488],[6912, 15552],[7040, 15552],[7040, 15616],[7168, 15616],[7168, 15680],[7296, 15680],[7296, 15744],[7360, 15744],[7360, 15808],[7424, 15808],[7424, 15872],[7488, 15872],[7488, 16000],[7552, 16000],[7552, 16320],[7488, 16320],[7488, 16384],[7424, 16384],[7424, 16448],[7360, 16448],[7360, 16512],[7232, 16512],[7232, 16576],[7168, 16576],[7168, 16640],[7104, 16640],[7104, 16704],[7040, 16704],[7040, 16768],[6976, 16768],[6976, 16832],[6912, 16832],[6912, 16896],[6784, 16896],[6784, 16960],[6720, 16960],[6720, 17024],[6400, 17024],[6400, 16960],[6336, 16960],[6336, 16896],[6272, 16896],[6272, 16704],[6208, 16704],[6208, 16512],[6144, 16512],[6144, 16320],[6080, 16320],[6080, 16192],[6016, 16192],[6016, 16064],[5952, 16064],[5952, 15936],[5888, 15936],[5888, 15744],[5824, 15744],[5824, 15424],[5760, 15424],[5760, 15168],[5696, 15168],[5696, 14976],[5632, 14976],[5632, 14784],[5696, 14784]],[[17600, 13760],[17600, 13632],[17664, 13632],[17664, 13568],[17792, 13568],[17792, 13760],[17728, 13760],[17728, 13824],[17664, 13824],[17664, 13888],[17536, 13888],[17536, 13760],[17600, 13760]],[[21632, 20736],[21632, 20672],[21696, 20672],[21696, 20608],[21760, 20608],[21760, 20544],[21888, 20544],[21888, 20480],[22016, 20480],[22016, 20416],[22208, 20416],[22208, 20352],[22272, 20352],[22272, 20672],[22336, 20672],[22336, 20992],[22400, 20992],[22400, 21568],[22336, 21568],[22336, 21632],[22208, 21632],[22208, 21696],[22016, 21696],[22016, 21632],[21952, 21632],[21952, 21568],[21888, 21568],[21888, 21440],[21824, 21440],[21824, 21376],[21760, 21376],[21760, 21312],[21696, 21312],[21696, 21184],[21632, 21184],[21632, 21120],[21568, 21120],[21568, 20736],[21632, 20736]]]},"properties":{"objectType":"annotation","classification":{"name":"Region*","color":[0, 0, 180]},"isLocked":true}},{"type":"Feature","id":"94d11b7a-dc24-4b71-92b1-e04dcea187eb","geometry":{"type":"Polygon","coordinates":[[[5496, 11952],[5496, 11992],[5504, 11992],[5504, 12008],[5520, 12008],[5520, 12016],[5528, 12016],[5528, 12008],[5560, 12008],[5560, 12016],[5568, 12016],[5568, 12024],[5576, 12024],[5576, 12032],[5584, 12032],[5584, 12040],[5592, 12040],[5592, 12048],[5600, 12048],[5600, 12056],[5608, 12056],[5608, 12064],[5616, 12064],[5616, 12072],[5624, 12072],[5624, 12080],[5632, 12080],[5632, 12088],[5640, 12088],[5640, 12096],[5648, 12096],[5648, 12104],[5656, 12104],[5656, 12112],[5664, 12112],[5664, 12120],[5680, 12120],[5680, 12128],[5728, 12128],[5728, 12120],[5736, 12120],[5736, 12064],[5728, 12064],[5728, 12056],[5720, 12056],[5720, 12048],[5712, 12048],[5712, 12032],[5704, 12032],[5704, 12024],[5696, 12024],[5696, 12016],[5680, 12016],[5680, 12008],[5624, 12008],[5624, 12000],[5616, 12000],[5616, 11992],[5608, 11992],[5608, 11952],[5600, 11952],[5600, 11936],[5592, 11936],[5592, 11928],[5568, 11928],[5568, 11920],[5536, 11920],[5536, 11912],[5520, 11912],[5520, 11920],[5504, 11920],[5504, 11952],[5496, 11952]]]},"properties":{"objectType":"annotation","classification":{"name":"Ignore*","color":[180, 180, 180]},"isLocked":true}},{"type":"Feature","id":"5fe7306e-595d-4ea2-a2fa-041d7880a771","geometry":{"type":"Polygon","coordinates":[[[5424, 12168],[5424, 12208],[5432, 12208],[5432, 12224],[5456, 12224],[5456, 12232],[5472, 12232],[5472, 12240],[5480, 12240],[5480, 12248],[5488, 12248],[5488, 12256],[5496, 12256],[5496, 12272],[5504, 12272],[5504, 12288],[5512, 12288],[5512, 12296],[5520, 12296],[5520, 12304],[5560, 12304],[5560, 12296],[5568, 12296],[5568, 12288],[5576, 12288],[5576, 12264],[5584, 12264],[5584, 12224],[5576, 12224],[5576, 12208],[5568, 12208],[5568, 12200],[5560, 12200],[5560, 12192],[5552, 12192],[5552, 12184],[5544, 12184],[5544, 12176],[5536, 12176],[5536, 12168],[5512, 12168],[5512, 12160],[5496, 12160],[5496, 12152],[5472, 12152],[5472, 12144],[5456, 12144],[5456, 12152],[5440, 12152],[5440, 12160],[5432, 12160],[5432, 12168],[5424, 12168]]]},"properties":{"objectType":"annotation","classification":{"name":"Ignore*","color":[180, 180, 180]},"isLocked":true}},{"type":"Feature","id":"9c50cd0a-8172-4c71-9d39-caa7500f46da","geometry":{"type":"Polygon","coordinates":[[[5720, 12736],[5720, 12776],[5728, 12776],[5728, 12792],[5736, 12792],[5736, 12800],[5744, 12800],[5744, 12808],[5752, 12808],[5752, 12816],[5776, 12816],[5776, 12824],[5792, 12824],[5792, 12832],[5800, 12832],[5800, 12824],[5808, 12824],[5808, 12816],[5816, 12816],[5816, 12792],[5824, 12792],[5824, 12752],[5816, 12752],[5816, 12744],[5808, 12744],[5808, 12736],[5800, 12736],[5800, 12728],[5792, 12728],[5792, 12720],[5784, 12720],[5784, 12712],[5752, 12712],[5752, 12720],[5728, 12720],[5728, 12736],[5720, 12736]]]},"properties":{"objectType":"annotation","classification":{"name":"Ignore*","color":[180, 180, 180]},"isLocked":true}},{"type":"Feature","id":"4800ceeb-a2af-4ed6-a917-73f96adfb4a1","geometry":{"type":"Polygon","coordinates":[[[5600, 12880],[5600, 12912],[5632, 12912],[5632, 12904],[5656, 12904],[5656, 12896],[5672, 12896],[5672, 12888],[5680, 12888],[5680, 12880],[5688, 12880],[5688, 12856],[5680, 12856],[5680, 12840],[5664, 12840],[5664, 12832],[5648, 12832],[5648, 12840],[5624, 12840],[5624, 12848],[5616, 12848],[5616, 12856],[5608, 12856],[5608, 12880],[5600, 12880]]]},"properties":{"objectType":"annotation","classification":{"name":"Ignore*","color":[180, 180, 180]},"isLocked":true}},{"type":"Feature","id":"34f2c464-3d48-43ee-8dde-38ded09c91e1","geometry":{"type":"Polygon","coordinates":[[[10464, 12960],[10464, 12992],[10472, 12992],[10472, 13000],[10480, 13000],[10480, 13008],[10496, 13008],[10496, 13016],[10504, 13016],[10504, 13024],[10552, 13024],[10552, 13016],[10560, 13016],[10560, 12976],[10552, 12976],[10552, 12968],[10544, 12968],[10544, 12960],[10536, 12960],[10536, 12952],[10512, 12952],[10512, 12944],[10488, 12944],[10488, 12952],[10472, 12952],[10472, 12960],[10464, 12960]]]},"properties":{"objectType":"annotation","classification":{"name":"Ignore*","color":[180, 180, 180]},"isLocked":true}},{"type":"Feature","id":"6b15abc0-d1de-47e6-985a-76163f2478e3","geometry":{"type":"Polygon","coordinates":[[[5608, 13024],[5608, 13088],[5616, 13088],[5616, 13096],[5624, 13096],[5624, 13112],[5632, 13112],[5632, 13120],[5640, 13120],[5640, 13128],[5656, 13128],[5656, 13136],[5672, 13136],[5672, 13128],[5688, 13128],[5688, 13120],[5696, 13120],[5696, 13112],[5704, 13112],[5704, 13104],[5712, 13104],[5712, 13096],[5720, 13096],[5720, 13088],[5728, 13088],[5728, 13072],[5720, 13072],[5720, 13064],[5712, 13064],[5712, 13056],[5704, 13056],[5704, 13048],[5696, 13048],[5696, 13040],[5688, 13040],[5688, 13024],[5680, 13024],[5680, 13016],[5672, 13016],[5672, 13008],[5624, 13008],[5624, 13016],[5616, 13016],[5616, 13024],[5608, 13024]]]},"properties":{"objectType":"annotation","classification":{"name":"Ignore*","color":[180, 180, 180]},"isLocked":true}},{"type":"Feature","id":"6be0d9da-ef36-4083-ba5f-7294bd77c8e1","geometry":{"type":"Polygon","coordinates":[[[11040, 13016],[11040, 13112],[11048, 13112],[11048, 13152],[11056, 13152],[11056, 13168],[11064, 13168],[11064, 13176],[11080, 13176],[11080, 13184],[11112, 13184],[11112, 13168],[11120, 13168],[11120, 13056],[11112, 13056],[11112, 13032],[11104, 13032],[11104, 13024],[11096, 13024],[11096, 13016],[11080, 13016],[11080, 13008],[11048, 13008],[11048, 13016],[11040, 13016]]]},"properties":{"objectType":"annotation","classification":{"name":"Ignore*","color":[180, 180, 180]},"isLocked":true}},{"type":"Feature","id":"8a7571e1-d162-4aeb-93ea-d80315f8c887","geometry":{"type":"Polygon","coordinates":[[[9072, 13240],[9072, 13248],[9080, 13248],[9080, 13272],[9088, 13272],[9088, 13304],[9096, 13304],[9096, 13312],[9104, 13312],[9104, 13320],[9128, 13320],[9128, 13312],[9144, 13312],[9144, 13296],[9152, 13296],[9152, 13288],[9160, 13288],[9160, 13240],[9152, 13240],[9152, 13232],[9144, 13232],[9144, 13224],[9136, 13224],[9136, 13216],[9128, 13216],[9128, 13208],[9104, 13208],[9104, 13216],[9088, 13216],[9088, 13224],[9080, 13224],[9080, 13240],[9072, 13240]]]},"properties":{"objectType":"annotation","classification":{"name":"Ignore*","color":[180, 180, 180]},"isLocked":true}},{"type":"Feature","id":"aecec2a5-ee75-436e-9d5a-96a655376cdc","geometry":{"type":"Polygon","coordinates":[[[7160, 13312],[7160, 13336],[7168, 13336],[7168, 13352],[7176, 13352],[7176, 13400],[7168, 13400],[7168, 13408],[7184, 13408],[7184, 13392],[7192, 13392],[7192, 13384],[7200, 13384],[7200, 13376],[7216, 13376],[7216, 13368],[7224, 13368],[7224, 13360],[7232, 13360],[7232, 13328],[7224, 13328],[7224, 13312],[7216, 13312],[7216, 13304],[7200, 13304],[7200, 13296],[7176, 13296],[7176, 13304],[7168, 13304],[7168, 13312],[7160, 13312]]]},"properties":{"objectType":"annotation","classification":{"name":"Ignore*","color":[180, 180, 180]},"isLocked":true}},{"type":"Feature","id":"cdbc6ca4-4df9-4360-8613-75e149b6ca11","geometry":{"type":"Polygon","coordinates":[[[6848, 13320],[6848, 13360],[6856, 13360],[6856, 13368],[6864, 13368],[6864, 13376],[6872, 13376],[6872, 13384],[6880, 13384],[6880, 13392],[6888, 13392],[6888, 13400],[6896, 13400],[6896, 13456],[6904, 13456],[6904, 13464],[6928, 13464],[6928, 13472],[6936, 13472],[6936, 13480],[6952, 13480],[6952, 13488],[6960, 13488],[6960, 13496],[6968, 13496],[6968, 13504],[6976, 13504],[6976, 13512],[7000, 13512],[7000, 13520],[7024, 13520],[7024, 13528],[7056, 13528],[7056, 13520],[7064, 13520],[7064, 13512],[7072, 13512],[7072, 13504],[7080, 13504],[7080, 13472],[7072, 13472],[7072, 13448],[7080, 13448],[7080, 13440],[7088, 13440],[7088, 13432],[7096, 13432],[7096, 13416],[7104, 13416],[7104, 13408],[7096, 13408],[7096, 13392],[7088, 13392],[7088, 13376],[7080, 13376],[7080, 13360],[7072, 13360],[7072, 13304],[7064, 13304],[7064, 13296],[7056, 13296],[7056, 13288],[7048, 13288],[7048, 13272],[7040, 13272],[7040, 13256],[7032, 13256],[7032, 13240],[7024, 13240],[7024, 13232],[7016, 13232],[7016, 13224],[7008, 13224],[7008, 13216],[7000, 13216],[7000, 13208],[6976, 13208],[6976, 13224],[6968, 13224],[6968, 13248],[6960, 13248],[6960, 13264],[6952, 13264],[6952, 13272],[6944, 13272],[6944, 13280],[6904, 13280],[6904, 13288],[6880, 13288],[6880, 13296],[6872, 13296],[6872, 13304],[6864, 13304],[6864, 13312],[6856, 13312],[6856, 13320],[6848, 13320]]]},"properties":{"objectType":"annotation","classification":{"name":"Ignore*","color":[180, 180, 180]},"isLocked":true}},{"type":"Feature","id":"02c9f418-a027-4a3c-8532-53c8cf5d1f9a","geometry":{"type":"Polygon","coordinates":[[[10184, 13224],[10184, 13240],[10192, 13240],[10192, 13248],[10200, 13248],[10200, 13256],[10208, 13256],[10208, 13264],[10232, 13264],[10232, 13272],[10248, 13272],[10248, 13280],[10256, 13280],[10256, 13288],[10264, 13288],[10264, 13296],[10272, 13296],[10272, 13304],[10280, 13304],[10280, 13312],[10288, 13312],[10288, 13320],[10296, 13320],[10296, 13328],[10304, 13328],[10304, 13336],[10320, 13336],[10320, 13344],[10328, 13344],[10328, 13360],[10336, 13360],[10336, 13368],[10328, 13368],[10328, 13384],[10320, 13384],[10320, 13448],[10328, 13448],[10328, 13488],[10336, 13488],[10336, 13504],[10352, 13504],[10352, 13512],[10400, 13512],[10400, 13528],[10408, 13528],[10408, 13544],[10416, 13544],[10416, 13552],[10424, 13552],[10424, 13560],[10432, 13560],[10432, 13568],[10456, 13568],[10456, 13560],[10480, 13560],[10480, 13552],[10496, 13552],[10496, 13544],[10504, 13544],[10504, 13536],[10512, 13536],[10512, 13512],[10488, 13512],[10488, 13504],[10472, 13504],[10472, 13496],[10464, 13496],[10464, 13488],[10456, 13488],[10456, 13472],[10448, 13472],[10448, 13456],[10440, 13456],[10440, 13432],[10448, 13432],[10448, 13408],[10456, 13408],[10456, 13368],[10448, 13368],[10448, 13352],[10440, 13352],[10440, 13336],[10432, 13336],[10432, 13304],[10424, 13304],[10424, 13288],[10416, 13288],[10416, 13272],[10400, 13272],[10400, 13264],[10384, 13264],[10384, 13272],[10368, 13272],[10368, 13280],[10360, 13280],[10360, 13288],[10336, 13288],[10336, 13280],[10328, 13280],[10328, 13272],[10320, 13272],[10320, 13264],[10312, 13264],[10312, 13248],[10304, 13248],[10304, 13240],[10296, 13240],[10296, 13232],[10280, 13232],[10280, 13224],[10272, 13224],[10272, 13216],[10264, 13216],[10264, 13208],[10248, 13208],[10248, 13200],[10200, 13200],[10200, 13208],[10192, 13208],[10192, 13224],[10184, 13224]]]},"properties":{"objectType":"annotation","classification":{"name":"Ignore*","color":[180, 180, 180]},"isLocked":true}},{"type":"Feature","id":"67bcd247-a3ab-4c30-845f-d1782b7af164","geometry":{"type":"Polygon","coordinates":[[[11192, 13472],[11192, 13544],[11208, 13544],[11208, 13552],[11240, 13552],[11240, 13560],[11256, 13560],[11256, 13568],[11264, 13568],[11264, 13576],[11272, 13576],[11272, 13584],[11280, 13584],[11280, 13576],[11288, 13576],[11288, 13544],[11280, 13544],[11280, 13528],[11272, 13528],[11272, 13488],[11280, 13488],[11280, 13480],[11288, 13480],[11288, 13464],[11296, 13464],[11296, 13416],[11264, 13416],[11264, 13432],[11256, 13432],[11256, 13440],[11248, 13440],[11248, 13448],[11240, 13448],[11240, 13456],[11208, 13456],[11208, 13464],[11200, 13464],[11200, 13472],[11192, 13472]]]},"properties":{"objectType":"annotation","classification":{"name":"Ignore*","color":[180, 180, 180]},"isLocked":true}},{"type":"Feature","id":"45b9a1a5-8937-48f8-a4f5-674037130922","geometry":{"type":"Polygon","coordinates":[[[9120, 13472],[9120, 13512],[9128, 13512],[9128, 13544],[9136, 13544],[9136, 13552],[9144, 13552],[9144, 13560],[9176, 13560],[9176, 13568],[9200, 13568],[9200, 13560],[9216, 13560],[9216, 13552],[9224, 13552],[9224, 13544],[9232, 13544],[9232, 13512],[9224, 13512],[9224, 13496],[9208, 13496],[9208, 13488],[9200, 13488],[9200, 13480],[9192, 13480],[9192, 13472],[9184, 13472],[9184, 13464],[9176, 13464],[9176, 13456],[9152, 13456],[9152, 13464],[9128, 13464],[9128, 13472],[9120, 13472]]]},"properties":{"objectType":"annotation","classification":{"name":"Ignore*","color":[180, 180, 180]},"isLocked":true}},{"type":"Feature","id":"4f95c277-d33f-4197-904d-22e5f3a70ef4","geometry":{"type":"Polygon","coordinates":[[[10104, 13504],[10104, 13528],[10112, 13528],[10112, 13552],[10120, 13552],[10120, 13568],[10128, 13568],[10128, 13576],[10136, 13576],[10136, 13584],[10168, 13584],[10168, 13576],[10176, 13576],[10176, 13568],[10184, 13568],[10184, 13512],[10176, 13512],[10176, 13504],[10168, 13504],[10168, 13488],[10160, 13488],[10160, 13480],[10152, 13480],[10152, 13472],[10136, 13472],[10136, 13464],[10128, 13464],[10128, 13472],[10112, 13472],[10112, 13504],[10104, 13504]]]},"properties":{"objectType":"annotation","classification":{"name":"Ignore*","color":[180, 180, 180]},"isLocked":true}},{"type":"Feature","id":"c007d686-3744-42a3-950c-f9b07e859132","geometry":{"type":"Polygon","coordinates":[[[8640, 13536],[8640, 13568],[8648, 13568],[8648, 13584],[8656, 13584],[8656, 13600],[8664, 13600],[8664, 13608],[8672, 13608],[8672, 13616],[8680, 13616],[8680, 13624],[8688, 13624],[8688, 13648],[8696, 13648],[8696, 13672],[8688, 13672],[8688, 13688],[8680, 13688],[8680, 13696],[8672, 13696],[8672, 13704],[8664, 13704],[8664, 13728],[8672, 13728],[8672, 13744],[8680, 13744],[8680, 13752],[8688, 13752],[8688, 13760],[8720, 13760],[8720, 13752],[8736, 13752],[8736, 13744],[8744, 13744],[8744, 13736],[8752, 13736],[8752, 13712],[8760, 13712],[8760, 13696],[8768, 13696],[8768, 13680],[8776, 13680],[8776, 13672],[8784, 13672],[8784, 13656],[8792, 13656],[8792, 13648],[8808, 13648],[8808, 13640],[8864, 13640],[8864, 13632],[8872, 13632],[8872, 13600],[8864, 13600],[8864, 13576],[8856, 13576],[8856, 13568],[8848, 13568],[8848, 13560],[8840, 13560],[8840, 13552],[8832, 13552],[8832, 13544],[8784, 13544],[8784, 13536],[8760, 13536],[8760, 13528],[8736, 13528],[8736, 13536],[8720, 13536],[8720, 13528],[8704, 13528],[8704, 13520],[8656, 13520],[8656, 13528],[8648, 13528],[8648, 13536],[8640, 13536]]]},"properties":{"objectType":"annotation","classification":{"name":"Ignore*","color":[180, 180, 180]},"isLocked":true}},{"type":"Feature","id":"5bc020b7-7fed-4fe0-99bf-fd2d9d557f32","geometry":{"type":"Polygon","coordinates":[[[13608, 13640],[13608, 13688],[13616, 13688],[13616, 13696],[13624, 13696],[13624, 13704],[13648, 13704],[13648, 13696],[13664, 13696],[13664, 13688],[13672, 13688],[13672, 13672],[13680, 13672],[13680, 13656],[13688, 13656],[13688, 13624],[13680, 13624],[13680, 13576],[13672, 13576],[13672, 13568],[13664, 13568],[13664, 13560],[13632, 13560],[13632, 13576],[13624, 13576],[13624, 13624],[13616, 13624],[13616, 13640],[13608, 13640]]]},"properties":{"objectType":"annotation","classification":{"name":"Ignore*","color":[180, 180, 180]},"isLocked":true}},{"type":"Feature","id":"bee1af67-8479-4684-8781-828bef7d6b52","geometry":{"type":"Polygon","coordinates":[[[16896, 13616],[16896, 13632],[16904, 13632],[16904, 13664],[16912, 13664],[16912, 13672],[16920, 13672],[16920, 13680],[16936, 13680],[16936, 13688],[16952, 13688],[16952, 13696],[16960, 13696],[16960, 13704],[16968, 13704],[16968, 13712],[16984, 13712],[16984, 13720],[17008, 13720],[17008, 13712],[17016, 13712],[17016, 13680],[17008, 13680],[17008, 13672],[17000, 13672],[17000, 13664],[16992, 13664],[16992, 13656],[16984, 13656],[16984, 13648],[16976, 13648],[16976, 13640],[16968, 13640],[16968, 13592],[16936, 13592],[16936, 13600],[16928, 13600],[16928, 13608],[16912, 13608],[16912, 13616],[16896, 13616]]]},"properties":{"objectType":"annotation","classification":{"name":"Ignore*","color":[180, 180, 180]},"isLocked":true}},{"type":"Feature","id":"e2fc5e65-6997-4b94-a894-fca90cb2f511","geometry":{"type":"Polygon","coordinates":[[[5704, 13680],[5704, 13704],[5712, 13704],[5712, 13720],[5728, 13720],[5728, 13728],[5752, 13728],[5752, 13720],[5760, 13720],[5760, 13712],[5768, 13712],[5768, 13704],[5776, 13704],[5776, 13656],[5768, 13656],[5768, 13648],[5736, 13648],[5736, 13656],[5720, 13656],[5720, 13664],[5712, 13664],[5712, 13680],[5704, 13680]]]},"properties":{"objectType":"annotation","classification":{"name":"Ignore*","color":[180, 180, 180]},"isLocked":true}},{"type":"Feature","id":"efb95c84-cad0-4a32-9b19-b135e832b0a7","geometry":{"type":"Polygon","coordinates":[[[9560, 13712],[9560, 13744],[9568, 13744],[9568, 13760],[9576, 13760],[9576, 13768],[9592, 13768],[9592, 13776],[9616, 13776],[9616, 13768],[9632, 13768],[9632, 13760],[9640, 13760],[9640, 13744],[9648, 13744],[9648, 13728],[9656, 13728],[9656, 13704],[9648, 13704],[9648, 13696],[9640, 13696],[9640, 13688],[9632, 13688],[9632, 13680],[9600, 13680],[9600, 13688],[9584, 13688],[9584, 13696],[9576, 13696],[9576, 13704],[9568, 13704],[9568, 13712],[9560, 13712]]]},"properties":{"objectType":"annotation","classification":{"name":"Ignore*","color":[180, 180, 180]},"isLocked":true}},{"type":"Feature","id":"5ae68a3e-c002-42b9-ab21-c3595ca416b0","geometry":{"type":"Polygon","coordinates":[[[10424, 13680],[10424, 13712],[10432, 13712],[10432, 13744],[10440, 13744],[10440, 13760],[10448, 13760],[10448, 13800],[10456, 13800],[10456, 13808],[10472, 13808],[10472, 13816],[10512, 13816],[10512, 13808],[10528, 13808],[10528, 13776],[10536, 13776],[10536, 13768],[10528, 13768],[10528, 13760],[10504, 13760],[10504, 13752],[10488, 13752],[10488, 13744],[10480, 13744],[10480, 13736],[10488, 13736],[10488, 13720],[10496, 13720],[10496, 13712],[10512, 13712],[10512, 13720],[10520, 13720],[10520, 13728],[10528, 13728],[10528, 13736],[10536, 13736],[10536, 13696],[10528, 13696],[10528, 13688],[10504, 13688],[10504, 13680],[10496, 13680],[10496, 13672],[10488, 13672],[10488, 13664],[10472, 13664],[10472, 13656],[10440, 13656],[10440, 13672],[10432, 13672],[10432, 13680],[10424, 13680]]]},"properties":{"objectType":"annotation","classification":{"name":"Ignore*","color":[180, 180, 180]},"isLocked":true}},{"type":"Feature","id":"e17b1af9-d3b2-4b2d-8074-c765e3e7d210","geometry":{"type":"Polygon","coordinates":[[[11248, 13760],[11248, 13808],[11256, 13808],[11256, 13816],[11272, 13816],[11272, 13824],[11288, 13824],[11288, 13816],[11312, 13816],[11312, 13808],[11320, 13808],[11320, 13800],[11336, 13800],[11336, 13792],[11352, 13792],[11352, 13816],[11360, 13816],[11360, 13832],[11368, 13832],[11368, 13848],[11376, 13848],[11376, 13856],[11392, 13856],[11392, 13864],[11408, 13864],[11408, 13872],[11416, 13872],[11416, 13880],[11424, 13880],[11424, 13888],[11432, 13888],[11432, 13896],[11440, 13896],[11440, 13904],[11456, 13904],[11456, 13912],[11504, 13912],[11504, 13904],[11512, 13904],[11512, 13848],[11504, 13848],[11504, 13832],[11496, 13832],[11496, 13824],[11488, 13824],[11488, 13816],[11480, 13816],[11480, 13808],[11472, 13808],[11472, 13800],[11456, 13800],[11456, 13792],[11448, 13792],[11448, 13784],[11440, 13784],[11440, 13776],[11432, 13776],[11432, 13768],[11408, 13768],[11408, 13776],[11360, 13776],[11360, 13768],[11352, 13768],[11352, 13752],[11336, 13752],[11336, 13744],[11272, 13744],[11272, 13752],[11256, 13752],[11256, 13760],[11248, 13760]]]},"properties":{"objectType":"annotation","classification":{"name":"Ignore*","color":[180, 180, 180]},"isLocked":true}},{"type":"Feature","id":"4c2bf3a1-b1df-42b3-99f2-d693c2242ea7","geometry":{"type":"Polygon","coordinates":[[[5528, 13952],[5528, 13992],[5536, 13992],[5536, 14000],[5568, 14000],[5568, 14008],[5584, 14008],[5584, 14016],[5592, 14016],[5592, 14032],[5600, 14032],[5600, 14048],[5608, 14048],[5608, 14056],[5616, 14056],[5616, 14064],[5640, 14064],[5640, 14056],[5648, 14056],[5648, 14048],[5656, 14048],[5656, 14032],[5664, 14032],[5664, 14024],[5672, 14024],[5672, 14008],[5680, 14008],[5680, 13968],[5672, 13968],[5672, 13952],[5664, 13952],[5664, 13920],[5672, 13920],[5672, 13904],[5680, 13904],[5680, 13896],[5696, 13896],[5696, 13912],[5704, 13912],[5704, 13920],[5712, 13920],[5712, 13928],[5720, 13928],[5720, 13936],[5728, 13936],[5728, 13944],[5744, 13944],[5744, 13936],[5752, 13936],[5752, 13928],[5760, 13928],[5760, 13912],[5768, 13912],[5768, 13808],[5760, 13808],[5760, 13792],[5752, 13792],[5752, 13784],[5744, 13784],[5744, 13776],[5704, 13776],[5704, 13784],[5688, 13784],[5688, 13816],[5680, 13816],[5680, 13832],[5672, 13832],[5672, 13840],[5664, 13840],[5664, 13848],[5640, 13848],[5640, 13856],[5624, 13856],[5624, 13864],[5616, 13864],[5616, 13872],[5608, 13872],[5608, 13880],[5600, 13880],[5600, 13896],[5592, 13896],[5592, 13920],[5584, 13920],[5584, 13928],[5568, 13928],[5568, 13936],[5552, 13936],[5552, 13944],[5536, 13944],[5536, 13952],[5528, 13952]]]},"properties":{"objectType":"annotation","classification":{"name":"Ignore*","color":[180, 180, 180]},"isLocked":true}},{"type":"Feature","id":"8f0d93d7-5fd4-44d1-8a9f-987cc1bfc99a","geometry":{"type":"Polygon","coordinates":[[[9048, 13920],[9048, 13960],[9056, 13960],[9056, 13976],[9080, 13976],[9080, 13984],[9112, 13984],[9112, 13992],[9144, 13992],[9144, 13984],[9152, 13984],[9152, 13976],[9160, 13976],[9160, 13968],[9168, 13968],[9168, 13960],[9176, 13960],[9176, 13952],[9184, 13952],[9184, 13936],[9192, 13936],[9192, 13896],[9184, 13896],[9184, 13880],[9176, 13880],[9176, 13864],[9168, 13864],[9168, 13848],[9160, 13848],[9160, 13840],[9136, 13840],[9136, 13848],[9128, 13848],[9128, 13856],[9120, 13856],[9120, 13864],[9104, 13864],[9104, 13872],[9088, 13872],[9088, 13880],[9080, 13880],[9080, 13888],[9072, 13888],[9072, 13896],[9064, 13896],[9064, 13904],[9056, 13904],[9056, 13920],[9048, 13920]]]},"properties":{"objectType":"annotation","classification":{"name":"Ignore*","color":[180, 180, 180]},"isLocked":true}},{"type":"Feature","id":"01c06347-5562-4721-b4d4-f5ed8587dcb0","geometry":{"type":"Polygon","coordinates":[[[8552, 14024],[8552, 14040],[8560, 14040],[8560, 14048],[8568, 14048],[8568, 14056],[8584, 14056],[8584, 14048],[8592, 14048],[8592, 14040],[8600, 14040],[8600, 14024],[8616, 14024],[8616, 14016],[8720, 14016],[8720, 14024],[8744, 14024],[8744, 14032],[8760, 14032],[8760, 14040],[8800, 14040],[8800, 14032],[8808, 14032],[8808, 13984],[8816, 13984],[8816, 13960],[8824, 13960],[8824, 13944],[8816, 13944],[8816, 13928],[8808, 13928],[8808, 13920],[8800, 13920],[8800, 13912],[8784, 13912],[8784, 13904],[8736, 13904],[8736, 13912],[8720, 13912],[8720, 13920],[8712, 13920],[8712, 13928],[8696, 13928],[8696, 13936],[8688, 13936],[8688, 13928],[8624, 13928],[8624, 13936],[8608, 13936],[8608, 13944],[8600, 13944],[8600, 13952],[8592, 13952],[8592, 14000],[8584, 14000],[8584, 14008],[8576, 14008],[8576, 14016],[8568, 14016],[8568, 14024],[8552, 14024]]]},"properties":{"objectType":"annotation","classification":{"name":"Ignore*","color":[180, 180, 180]},"isLocked":true}},{"type":"Feature","id":"f3f2b891-d329-4a4a-8c8c-083e4e0840ab","geometry":{"type":"Polygon","coordinates":[[[13696, 13984],[13696, 14048],[13720, 14096],[13800, 14112],[13824, 14104],[13856, 14064],[13856, 14040],[13840, 14032],[13848, 13992],[13864, 13984],[13888, 13872],[13904, 13864],[13896, 13840],[13872, 13840],[13864, 13872],[13824, 13872],[13768, 13928],[13752, 13928],[13744, 13952],[13696, 13984]]]},"properties":{"objectType":"annotation","classification":{"name":"Tumor","color":[102, 77, 179]}}},{"type":"Feature","id":"75443028-f4fb-4eeb-9eb2-af687975977a","geometry":{"type":"Polygon","coordinates":[[[5904, 13968],[5904, 13992],[5912, 13992],[5912, 14008],[5920, 14008],[5920, 14016],[5928, 14016],[5928, 14032],[5936, 14032],[5936, 14040],[5984, 14040],[5984, 14048],[5992, 14048],[5992, 14056],[6000, 14056],[6000, 14064],[6008, 14064],[6008, 14072],[6048, 14072],[6048, 14064],[6056, 14064],[6056, 14056],[6064, 14056],[6064, 14048],[6072, 14048],[6072, 14016],[6064, 14016],[6064, 14008],[6056, 14008],[6056, 14000],[6048, 14000],[6048, 13992],[6008, 13992],[6008, 13984],[5984, 13984],[5984, 13968],[5976, 13968],[5976, 13952],[5968, 13952],[5968, 13936],[5936, 13936],[5936, 13944],[5928, 13944],[5928, 13952],[5920, 13952],[5920, 13960],[5912, 13960],[5912, 13968],[5904, 13968]]]},"properties":{"objectType":"annotation","classification":{"name":"Ignore*","color":[180, 180, 180]},"isLocked":true}},{"type":"Feature","id":"d80bd86f-9a5c-4ee7-9dfe-c66b321441b4","geometry":{"type":"Polygon","coordinates":[[[6352, 14120],[6352, 14168],[6360, 14168],[6360, 14184],[6368, 14184],[6368, 14192],[6384, 14192],[6384, 14200],[6408, 14200],[6408, 14192],[6416, 14192],[6416, 14184],[6424, 14184],[6424, 14168],[6432, 14168],[6432, 14120],[6424, 14120],[6424, 14104],[6376, 14104],[6376, 14112],[6360, 14112],[6360, 14120],[6352, 14120]]]},"properties":{"objectType":"annotation","classification":{"name":"Ignore*","color":[180, 180, 180]},"isLocked":true}},{"type":"Feature","id":"12c8bdf7-7797-4722-924b-9582548bd028","geometry":{"type":"Polygon","coordinates":[[[5184, 14080],[5184, 14112],[5192, 14112],[5192, 14120],[5200, 14120],[5200, 14128],[5208, 14128],[5208, 14136],[5216, 14136],[5216, 14144],[5224, 14144],[5224, 14152],[5232, 14152],[5232, 14160],[5248, 14160],[5248, 14168],[5256, 14168],[5256, 14176],[5272, 14176],[5272, 14184],[5288, 14184],[5288, 14192],[5304, 14192],[5304, 14200],[5312, 14200],[5312, 14216],[5304, 14216],[5304, 14224],[5280, 14224],[5280, 14232],[5256, 14232],[5256, 14240],[5248, 14240],[5248, 14248],[5232, 14248],[5232, 14256],[5224, 14256],[5224, 14272],[5216, 14272],[5216, 14288],[5224, 14288],[5224, 14296],[5232, 14296],[5232, 14304],[5248, 14304],[5248, 14312],[5296, 14312],[5296, 14304],[5312, 14304],[5312, 14296],[5320, 14296],[5320, 14288],[5328, 14288],[5328, 14280],[5352, 14280],[5352, 14272],[5464, 14272],[5464, 14264],[5504, 14264],[5504, 14256],[5544, 14256],[5544, 14248],[5536, 14248],[5536, 14232],[5528, 14232],[5528, 14216],[5520, 14216],[5520, 14208],[5512, 14208],[5512, 14192],[5504, 14192],[5504, 14184],[5488, 14184],[5488, 14176],[5480, 14176],[5480, 14168],[5472, 14168],[5472, 14160],[5464, 14160],[5464, 14152],[5448, 14152],[5448, 14144],[5432, 14144],[5432, 14136],[5408, 14136],[5408, 14128],[5392, 14128],[5392, 14120],[5376, 14120],[5376, 14112],[5352, 14112],[5352, 14104],[5328, 14104],[5328, 14096],[5312, 14096],[5312, 14088],[5288, 14088],[5288, 14080],[5272, 14080],[5272, 14072],[5248, 14072],[5248, 14064],[5224, 14064],[5224, 14056],[5216, 14056],[5216, 14064],[5200, 14064],[5200, 14072],[5192, 14072],[5192, 14080],[5184, 14080]]]},"properties":{"objectType":"annotation","classification":{"name":"Ignore*","color":[180, 180, 180]},"isLocked":true}},{"type":"Feature","id":"8b38a3b3-ed9a-4007-9fa8-157c6bdb62ec","geometry":{"type":"Polygon","coordinates":[[[15200, 14144],[15200, 14216],[15232, 14248],[15240, 14288],[15320, 14344],[15360, 14312],[15368, 14232],[15352, 14224],[15352, 14176],[15328, 14152],[15320, 14112],[15280, 14088],[15240, 14096],[15200, 14144]]]},"properties":{"objectType":"annotation","classification":{"name":"Tumor","color":[102, 77, 179]}}},{"type":"Feature","id":"8eb87218-4086-40ca-83a4-ae705c3d27f3","geometry":{"type":"Polygon","coordinates":[[[8528, 14200],[8528, 14224],[8536, 14224],[8536, 14232],[8544, 14232],[8544, 14240],[8552, 14240],[8552, 14256],[8560, 14256],[8560, 14264],[8568, 14264],[8568, 14272],[8576, 14272],[8576, 14280],[8608, 14280],[8608, 14288],[8648, 14288],[8648, 14280],[8656, 14280],[8656, 14216],[8648, 14216],[8648, 14208],[8640, 14208],[8640, 14200],[8632, 14200],[8632, 14192],[8624, 14192],[8624, 14184],[8608, 14184],[8608, 14176],[8568, 14176],[8568, 14184],[8544, 14184],[8544, 14192],[8536, 14192],[8536, 14200],[8528, 14200]]]},"properties":{"objectType":"annotation","classification":{"name":"Ignore*","color":[180, 180, 180]},"isLocked":true}},{"type":"Feature","id":"213abd9c-694e-4efe-be59-cdf9b65c5a23","geometry":{"type":"Polygon","coordinates":[[[9984, 13896],[9984, 13944],[10008, 13960],[10024, 14000],[10048, 14016],[10064, 14048],[10104, 14048],[10168, 14104],[10216, 14120],[10224, 14144],[10224, 14216],[10240, 14248],[10312, 14288],[10328, 14304],[10336, 14352],[10360, 14384],[10392, 14400],[10392, 14416],[10480, 14496],[10496, 14496],[10544, 14552],[10584, 14568],[10632, 14632],[10656, 14648],[10728, 14640],[10736, 14680],[10784, 14712],[10808, 14720],[10816, 14768],[10848, 14816],[10912, 14824],[10912, 14792],[10888, 14760],[10880, 14728],[10880, 14664],[10856, 14640],[10848, 14600],[10816, 14592],[10760, 14544],[10752, 14504],[10736, 14480],[10736, 14448],[10720, 14416],[10720, 14368],[10752, 14368],[10768, 14352],[10816, 14360],[10832, 14328],[10872, 14288],[10872, 14192],[10880, 14192],[10880, 14128],[10856, 14096],[10856, 14064],[10800, 13968],[10752, 13952],[10696, 13920],[10696, 13904],[10640, 13880],[10616, 13856],[10568, 13880],[10560, 13896],[10560, 13960],[10584, 14008],[10600, 14112],[10624, 14144],[10616, 14168],[10616, 14216],[10632, 14232],[10640, 14296],[10656, 14304],[10664, 14336],[10648, 14336],[10576, 14272],[10560, 14248],[10536, 14184],[10504, 14152],[10496, 14120],[10448, 14104],[10440, 14080],[10408, 14072],[10368, 14024],[10304, 13992],[10264, 13992],[10240, 13968],[10224, 13968],[10216, 13944],[10184, 13928],[10088, 13816],[10016, 13816],[10000, 13832],[10000, 13872],[9984, 13896]]]},"properties":{"objectType":"annotation","classification":{"name":"Tumor","color":[102, 77, 179]}}},{"type":"Feature","id":"27efad05-8a61-4956-ba9b-9bcaa908c4f8","geometry":{"type":"Polygon","coordinates":[[[15824, 14152],[15840, 14176],[15832, 14200],[15832, 14248],[15840, 14248],[15840, 14288],[15832, 14312],[15856, 14336],[15856, 14400],[15880, 14432],[15880, 14448],[15912, 14472],[15920, 14488],[15920, 14536],[15984, 14560],[15984, 14544],[16000, 14536],[16000, 14400],[16008, 14400],[16008, 14368],[16000, 14368],[16000, 14320],[15992, 14320],[15992, 14288],[15984, 14288],[15984, 14232],[15976, 14232],[15976, 14168],[15968, 14168],[15968, 14088],[15992, 14080],[15992, 14056],[15976, 14056],[15968, 14032],[15952, 14024],[15952, 14008],[15936, 14000],[15936, 13984],[15920, 13992],[15920, 14008],[15904, 14016],[15896, 14048],[15872, 14072],[15856, 14072],[15856, 14088],[15832, 14104],[15824, 14152]]]},"properties":{"objectType":"annotation","classification":{"name":"Tumor","color":[102, 77, 179]}}},{"type":"Feature","id":"3c05bd93-60b7-47e5-aa7a-b0ad147b63ae","geometry":{"type":"Polygon","coordinates":[[[6872, 14328],[6872, 14360],[6888, 14360],[6888, 14368],[6920, 14368],[6920, 14360],[6928, 14360],[6928, 14352],[6936, 14352],[6936, 14336],[6992, 14336],[6992, 14344],[7000, 14344],[7000, 14352],[7008, 14352],[7008, 14360],[7040, 14360],[7040, 14352],[7048, 14352],[7048, 14344],[7056, 14344],[7056, 14288],[7048, 14288],[7048, 14280],[7040, 14280],[7040, 14256],[7032, 14256],[7032, 14232],[7024, 14232],[7024, 14216],[7016, 14216],[7016, 14200],[7000, 14200],[7000, 14192],[6984, 14192],[6984, 14200],[6968, 14200],[6968, 14208],[6952, 14208],[6952, 14216],[6936, 14216],[6936, 14224],[6928, 14224],[6928, 14232],[6920, 14232],[6920, 14248],[6912, 14248],[6912, 14256],[6904, 14256],[6904, 14312],[6888, 14312],[6888, 14320],[6880, 14320],[6880, 14328],[6872, 14328]]]},"properties":{"objectType":"annotation","classification":{"name":"Ignore*","color":[180, 180, 180]},"isLocked":true}},{"type":"Feature","id":"9af60983-2ec0-47af-9142-f2a21a1da4c6","geometry":{"type":"Polygon","coordinates":[[[9640, 14272],[9640, 14280],[9648, 14280],[9648, 14296],[9656, 14296],[9656, 14336],[9664, 14336],[9664, 14352],[9672, 14352],[9672, 14360],[9688, 14360],[9688, 14368],[9696, 14368],[9696, 14376],[9712, 14376],[9712, 14384],[9728, 14384],[9728, 14392],[9752, 14392],[9752, 14384],[9760, 14384],[9760, 14376],[9768, 14376],[9768, 14360],[9760, 14360],[9760, 14336],[9752, 14336],[9752, 14296],[9744, 14296],[9744, 14264],[9736, 14264],[9736, 14240],[9728, 14240],[9728, 14232],[9720, 14232],[9720, 14224],[9712, 14224],[9712, 14216],[9688, 14216],[9688, 14224],[9680, 14224],[9680, 14232],[9672, 14232],[9672, 14240],[9664, 14240],[9664, 14248],[9656, 14248],[9656, 14256],[9648, 14256],[9648, 14272],[9640, 14272]]]},"properties":{"objectType":"annotation","classification":{"name":"Ignore*","color":[180, 180, 180]},"isLocked":true}},{"type":"Feature","id":"b32af368-75c0-4918-97d3-5df9b9233ccb","geometry":{"type":"Polygon","coordinates":[[[13992, 13800],[13992, 13824],[14024, 13832],[14072, 13904],[14112, 13936],[14280, 13936],[14312, 13928],[14336, 13944],[14368, 14056],[14400, 14096],[14432, 14200],[14464, 14224],[14488, 14304],[14496, 14360],[14544, 14400],[14536, 14488],[14552, 14544],[14552, 14608],[14584, 14656],[14616, 14800],[14640, 14840],[14640, 14880],[14672, 14944],[14728, 14984],[14808, 14984],[14832, 14960],[14832, 14936],[14880, 14856],[14888, 14808],[14888, 14720],[14856, 14704],[14832, 14664],[14784, 14664],[14744, 14632],[14712, 14584],[14664, 14560],[14632, 14520],[14616, 14448],[14616, 14360],[14632, 14296],[14632, 14192],[14608, 14152],[14608, 14112],[14560, 14016],[14544, 13952],[14496, 13896],[14432, 13800],[14416, 13792],[14328, 13792],[14272, 13784],[14256, 13800],[14152, 13792],[14112, 13776],[14056, 13776],[14032, 13800],[13992, 13800]]]},"properties":{"objectType":"annotation","classification":{"name":"Tumor","color":[102, 77, 179]}}},{"type":"Feature","id":"79f797e9-b181-4459-a070-73be73b47773","geometry":{"type":"Polygon","coordinates":[[[11192, 14272],[11192, 14288],[11200, 14288],[11200, 14296],[11208, 14296],[11208, 14304],[11224, 14304],[11224, 14312],[11240, 14312],[11240, 14320],[11248, 14320],[11248, 14328],[11264, 14328],[11264, 14336],[11272, 14336],[11272, 14344],[11288, 14344],[11288, 14352],[11304, 14352],[11304, 14360],[11320, 14360],[11320, 14368],[11328, 14368],[11328, 14376],[11376, 14376],[11376, 14384],[11432, 14384],[11432, 14376],[11440, 14376],[11440, 14352],[11432, 14352],[11432, 14344],[11424, 14344],[11424, 14336],[11408, 14336],[11408, 14328],[11392, 14328],[11392, 14320],[11376, 14320],[11376, 14312],[11368, 14312],[11368, 14304],[11360, 14304],[11360, 14296],[11328, 14296],[11328, 14288],[11296, 14288],[11296, 14280],[11272, 14280],[11272, 14272],[11248, 14272],[11248, 14264],[11200, 14264],[11200, 14272],[11192, 14272]]]},"properties":{"objectType":"annotation","classification":{"name":"Ignore*","color":[180, 180, 180]},"isLocked":true}},{"type":"Feature","id":"966246b1-558e-4b94-b6e3-ab5f3904dae3","geometry":{"type":"Polygon","coordinates":[[[16184, 14392],[16184, 14440],[16240, 14488],[16312, 14488],[16344, 14464],[16392, 14464],[16472, 14400],[16472, 14360],[16432, 14240],[16376, 14208],[16312, 14208],[16224, 14288],[16184, 14392]]]},"properties":{"objectType":"annotation","classification":{"name":"Tumor","color":[102, 77, 179]}}},{"type":"Feature","id":"d12c344d-0c76-49d3-ad18-73a9a7bfad9f","geometry":{"type":"Polygon","coordinates":[[[6576, 14384],[6576, 14424],[6584, 14424],[6584, 14432],[6592, 14432],[6592, 14440],[6608, 14440],[6608, 14448],[6632, 14448],[6632, 14456],[6648, 14456],[6648, 14464],[6672, 14464],[6672, 14448],[6680, 14448],[6680, 14408],[6672, 14408],[6672, 14392],[6664, 14392],[6664, 14384],[6656, 14384],[6656, 14368],[6648, 14368],[6648, 14352],[6640, 14352],[6640, 14344],[6624, 14344],[6624, 14352],[6608, 14352],[6608, 14360],[6600, 14360],[6600, 14368],[6592, 14368],[6592, 14376],[6584, 14376],[6584, 14384],[6576, 14384]]]},"properties":{"objectType":"annotation","classification":{"name":"Ignore*","color":[180, 180, 180]},"isLocked":true}},{"type":"Feature","id":"fb6d2e23-84ad-4acd-b5f3-c2b1ff7dac2c","geometry":{"type":"Polygon","coordinates":[[[9176, 14376],[9176, 14448],[9184, 14448],[9184, 14456],[9192, 14456],[9192, 14464],[9216, 14464],[9216, 14456],[9224, 14456],[9224, 14448],[9232, 14448],[9232, 14432],[9240, 14432],[9240, 14376],[9232, 14376],[9232, 14360],[9224, 14360],[9224, 14352],[9200, 14352],[9200, 14360],[9192, 14360],[9192, 14368],[9184, 14368],[9184, 14376],[9176, 14376]]]},"properties":{"objectType":"annotation","classification":{"name":"Ignore*","color":[180, 180, 180]},"isLocked":true}},{"type":"Feature","id":"bc269f03-50cd-4fcf-b8e0-9666bb166c67","geometry":{"type":"Polygon","coordinates":[[[10176, 14408],[10176, 14440],[10184, 14440],[10184, 14456],[10192, 14456],[10192, 14464],[10200, 14464],[10200, 14472],[10224, 14472],[10224, 14464],[10248, 14464],[10248, 14456],[10264, 14456],[10264, 14448],[10280, 14448],[10280, 14440],[10288, 14440],[10288, 14432],[10296, 14432],[10296, 14424],[10304, 14424],[10304, 14408],[10312, 14408],[10312, 14384],[10304, 14384],[10304, 14376],[10296, 14376],[10296, 14368],[10288, 14368],[10288, 14360],[10272, 14360],[10272, 14352],[10232, 14352],[10232, 14360],[10224, 14360],[10224, 14368],[10216, 14368],[10216, 14376],[10200, 14376],[10200, 14384],[10192, 14384],[10192, 14392],[10184, 14392],[10184, 14408],[10176, 14408]]]},"properties":{"objectType":"annotation","classification":{"name":"Ignore*","color":[180, 180, 180]},"isLocked":true}},{"type":"Feature","id":"2b65d5e3-fa2e-4d24-a951-69fc6ee9caa1","geometry":{"type":"Polygon","coordinates":[[[7952, 14400],[7952, 14408],[7960, 14408],[7960, 14424],[7968, 14424],[7968, 14440],[7976, 14440],[7976, 14448],[7984, 14448],[7984, 14464],[7992, 14464],[7992, 14472],[8016, 14472],[8016, 14464],[8032, 14464],[8032, 14456],[8040, 14456],[8040, 14448],[8048, 14448],[8048, 14440],[8056, 14440],[8056, 14432],[8064, 14432],[8064, 14384],[8056, 14384],[8056, 14368],[8016, 14368],[8016, 14376],[8008, 14376],[8008, 14384],[7984, 14384],[7984, 14392],[7960, 14392],[7960, 14400],[7952, 14400]]]},"properties":{"objectType":"annotation","classification":{"name":"Ignore*","color":[180, 180, 180]},"isLocked":true}},{"type":"Feature","id":"7ca1320a-d4bb-4649-9481-f18896a91660","geometry":{"type":"Polygon","coordinates":[[[17520, 14456],[17520, 14480],[17528, 14480],[17528, 14504],[17536, 14504],[17536, 14520],[17544, 14520],[17544, 14528],[17560, 14528],[17560, 14520],[17568, 14520],[17568, 14504],[17576, 14504],[17576, 14448],[17584, 14448],[17584, 14432],[17592, 14432],[17592, 14416],[17600, 14416],[17600, 14408],[17608, 14408],[17608, 14392],[17616, 14392],[17616, 14376],[17624, 14376],[17624, 14360],[17632, 14360],[17632, 14352],[17584, 14352],[17584, 14360],[17576, 14360],[17576, 14368],[17568, 14368],[17568, 14384],[17560, 14384],[17560, 14392],[17552, 14392],[17552, 14400],[17544, 14400],[17544, 14416],[17536, 14416],[17536, 14432],[17528, 14432],[17528, 14456],[17520, 14456]]]},"properties":{"objectType":"annotation","classification":{"name":"Ignore*","color":[180, 180, 180]},"isLocked":true}},{"type":"Feature","id":"846793f5-e22b-41cc-be53-80e081731449","geometry":{"type":"Polygon","coordinates":[[[9904, 14440],[9904, 14472],[9912, 14472],[9912, 14480],[9920, 14480],[9920, 14488],[9928, 14488],[9928, 14496],[9936, 14496],[9936, 14504],[9944, 14504],[9944, 14512],[9968, 14512],[9968, 14504],[9976, 14504],[9976, 14408],[9968, 14408],[9968, 14400],[9960, 14400],[9960, 14392],[9952, 14392],[9952, 14400],[9928, 14400],[9928, 14408],[9920, 14408],[9920, 14424],[9912, 14424],[9912, 14440],[9904, 14440]]]},"properties":{"objectType":"annotation","classification":{"name":"Ignore*","color":[180, 180, 180]},"isLocked":true}},{"type":"Feature","id":"64a9b786-b8b9-40e4-930b-944de94b371e","geometry":{"type":"Polygon","coordinates":[[[5000, 14544],[5000, 14560],[5008, 14560],[5008, 14568],[5016, 14568],[5016, 14576],[5032, 14576],[5032, 14584],[5128, 14584],[5128, 14576],[5136, 14576],[5136, 14552],[5144, 14552],[5144, 14536],[5152, 14536],[5152, 14512],[5160, 14512],[5160, 14504],[5168, 14504],[5168, 14488],[5176, 14488],[5176, 14480],[5184, 14480],[5184, 14472],[5224, 14472],[5224, 14464],[5240, 14464],[5240, 14456],[5248, 14456],[5248, 14448],[5256, 14448],[5256, 14432],[5264, 14432],[5264, 14408],[5256, 14408],[5256, 14392],[5248, 14392],[5248, 14384],[5240, 14384],[5240, 14376],[5232, 14376],[5232, 14368],[5224, 14368],[5224, 14360],[5216, 14360],[5216, 14352],[5200, 14352],[5200, 14344],[5192, 14344],[5192, 14336],[5176, 14336],[5176, 14328],[5152, 14328],[5152, 14336],[5144, 14336],[5144, 14344],[5136, 14344],[5136, 14352],[5128, 14352],[5128, 14360],[5112, 14360],[5112, 14368],[5096, 14368],[5096, 14376],[5088, 14376],[5088, 14384],[5080, 14384],[5080, 14392],[5072, 14392],[5072, 14400],[5064, 14400],[5064, 14416],[5056, 14416],[5056, 14432],[5048, 14432],[5048, 14480],[5056, 14480],[5056, 14520],[5040, 14520],[5040, 14528],[5024, 14528],[5024, 14536],[5008, 14536],[5008, 14544],[5000, 14544]]]},"properties":{"objectType":"annotation","classification":{"name":"Ignore*","color":[180, 180, 180]},"isLocked":true}},{"type":"Feature","id":"a917fe18-a4f4-449c-9ceb-dc115ac53ba7","geometry":{"type":"Polygon","coordinates":[[[4760, 14480],[4760, 14504],[4768, 14504],[4768, 14520],[4776, 14520],[4776, 14528],[4856, 14528],[4856, 14536],[4864, 14536],[4864, 14544],[4888, 14544],[4888, 14520],[4896, 14520],[4896, 14504],[4904, 14504],[4904, 14496],[4912, 14496],[4912, 14504],[4952, 14504],[4952, 14480],[4944, 14480],[4944, 14464],[4936, 14464],[4936, 14456],[4920, 14456],[4920, 14448],[4912, 14448],[4912, 14440],[4896, 14440],[4896, 14432],[4880, 14432],[4880, 14424],[4864, 14424],[4864, 14432],[4808, 14432],[4808, 14440],[4792, 14440],[4792, 14448],[4784, 14448],[4784, 14456],[4776, 14456],[4776, 14464],[4768, 14464],[4768, 14480],[4760, 14480]]]},"properties":{"objectType":"annotation","classification":{"name":"Ignore*","color":[180, 180, 180]},"isLocked":true}},{"type":"Feature","id":"1fc8f3c7-ff20-4756-8dbb-ad0b46cdefd1","geometry":{"type":"Polygon","coordinates":[[[11624, 14416],[11624, 14448],[11632, 14448],[11632, 14456],[11640, 14456],[11640, 14464],[11648, 14464],[11648, 14472],[11656, 14472],[11656, 14480],[11664, 14480],[11664, 14488],[11680, 14488],[11680, 14496],[11688, 14496],[11688, 14504],[11704, 14504],[11704, 14512],[11720, 14512],[11720, 14520],[11736, 14520],[11736, 14528],[11760, 14528],[11760, 14536],[11776, 14536],[11776, 14544],[11792, 14544],[11792, 14552],[11808, 14552],[11808, 14560],[11848, 14560],[11848, 14568],[11880, 14568],[11880, 14576],[11912, 14576],[11912, 14584],[11936, 14584],[11936, 14576],[11960, 14576],[11960, 14544],[11952, 14544],[11952, 14536],[11928, 14536],[11928, 14528],[11912, 14528],[11912, 14520],[11904, 14520],[11904, 14512],[11872, 14512],[11872, 14504],[11840, 14504],[11840, 14496],[11824, 14496],[11824, 14488],[11808, 14488],[11808, 14480],[11800, 14480],[11800, 14472],[11784, 14472],[11784, 14464],[11768, 14464],[11768, 14456],[11752, 14456],[11752, 14448],[11704, 14448],[11704, 14440],[11680, 14440],[11680, 14432],[11672, 14432],[11672, 14424],[11648, 14424],[11648, 14416],[11624, 14416]]]},"properties":{"objectType":"annotation","classification":{"name":"Ignore*","color":[180, 180, 180]},"isLocked":true}},{"type":"Feature","id":"87d95e06-def5-4ab4-aad0-a793de1f5344","geometry":{"type":"Polygon","coordinates":[[[7968, 14536],[7968, 14560],[7976, 14560],[7976, 14568],[7984, 14568],[7984, 14576],[7992, 14576],[7992, 14584],[8000, 14584],[8000, 14592],[8024, 14592],[8024, 14584],[8032, 14584],[8032, 14568],[8040, 14568],[8040, 14560],[8048, 14560],[8048, 14536],[8040, 14536],[8040, 14528],[8032, 14528],[8032, 14520],[7984, 14520],[7984, 14528],[7976, 14528],[7976, 14536],[7968, 14536]]]},"properties":{"objectType":"annotation","classification":{"name":"Ignore*","color":[180, 180, 180]},"isLocked":true}},{"type":"Feature","id":"7b44ab95-95e9-4d33-8b48-dd4041fcdd7b","geometry":{"type":"Polygon","coordinates":[[[7688, 14536],[7688, 14576],[7696, 14576],[7696, 14584],[7712, 14584],[7712, 14592],[7784, 14592],[7784, 14584],[7800, 14584],[7800, 14576],[7832, 14576],[7832, 14584],[7848, 14584],[7848, 14592],[7864, 14592],[7864, 14600],[7880, 14600],[7880, 14608],[7896, 14608],[7896, 14616],[7904, 14616],[7904, 14624],[7928, 14624],[7928, 14616],[7936, 14616],[7936, 14560],[7920, 14560],[7920, 14552],[7912, 14552],[7912, 14544],[7896, 14544],[7896, 14536],[7888, 14536],[7888, 14528],[7872, 14528],[7872, 14520],[7856, 14520],[7856, 14512],[7832, 14512],[7832, 14504],[7816, 14504],[7816, 14496],[7768, 14496],[7768, 14504],[7760, 14504],[7760, 14512],[7752, 14512],[7752, 14520],[7728, 14520],[7728, 14528],[7696, 14528],[7696, 14536],[7688, 14536]]]},"properties":{"objectType":"annotation","classification":{"name":"Ignore*","color":[180, 180, 180]},"isLocked":true}},{"type":"Feature","id":"1bcb3748-c17f-4a5d-b1bd-50abcc6ece3a","geometry":{"type":"Polygon","coordinates":[[[6376, 14616],[6376, 14672],[6384, 14672],[6384, 14696],[6408, 14696],[6408, 14688],[6416, 14688],[6416, 14672],[6424, 14672],[6424, 14656],[6432, 14656],[6432, 14648],[6440, 14648],[6440, 14600],[6432, 14600],[6432, 14584],[6392, 14584],[6392, 14600],[6384, 14600],[6384, 14616],[6376, 14616]]]},"properties":{"objectType":"annotation","classification":{"name":"Ignore*","color":[180, 180, 180]},"isLocked":true}},{"type":"Feature","id":"3738d651-d610-4cc0-826c-0156bead5a23","geometry":{"type":"Polygon","coordinates":[[[16344, 14632],[16344, 14672],[16352, 14672],[16352, 14712],[16360, 14712],[16360, 14720],[16408, 14720],[16408, 14712],[16416, 14712],[16416, 14704],[16424, 14704],[16424, 14688],[16432, 14688],[16432, 14672],[16440, 14672],[16440, 14624],[16432, 14624],[16432, 14616],[16424, 14616],[16424, 14608],[16408, 14608],[16408, 14600],[16384, 14600],[16384, 14592],[16376, 14592],[16376, 14600],[16360, 14600],[16360, 14608],[16352, 14608],[16352, 14632],[16344, 14632]]]},"properties":{"objectType":"annotation","classification":{"name":"Ignore*","color":[180, 180, 180]},"isLocked":true}},{"type":"Feature","id":"e35e9210-4d3a-4049-8996-0998ead1228a","geometry":{"type":"Polygon","coordinates":[[[8016, 14664],[8016, 14696],[8024, 14696],[8024, 14704],[8032, 14704],[8032, 14712],[8040, 14712],[8040, 14720],[8064, 14720],[8064, 14712],[8080, 14712],[8080, 14704],[8088, 14704],[8088, 14696],[8096, 14696],[8096, 14672],[8088, 14672],[8088, 14664],[8080, 14664],[8080, 14656],[8072, 14656],[8072, 14648],[8040, 14648],[8040, 14656],[8024, 14656],[8024, 14664],[8016, 14664]]]},"properties":{"objectType":"annotation","classification":{"name":"Ignore*","color":[180, 180, 180]},"isLocked":true}},{"type":"Feature","id":"0de8362b-a062-4771-b7d5-5a3ab651bfa6","geometry":{"type":"Polygon","coordinates":[[[9872, 14752],[9872, 14784],[9880, 14784],[9880, 14808],[9888, 14808],[9888, 14816],[9896, 14816],[9896, 14808],[9904, 14808],[9904, 14752],[9912, 14752],[9912, 14744],[9920, 14744],[9920, 14736],[9928, 14736],[9928, 14720],[9936, 14720],[9936, 14704],[9928, 14704],[9928, 14688],[9896, 14688],[9896, 14696],[9888, 14696],[9888, 14704],[9880, 14704],[9880, 14752],[9872, 14752]]]},"properties":{"objectType":"annotation","classification":{"name":"Ignore*","color":[180, 180, 180]},"isLocked":true}},{"type":"Feature","id":"d6f655d0-7472-4830-ac52-83df6d6ee5b2","geometry":{"type":"Polygon","coordinates":[[[7816, 14720],[7816, 14752],[7824, 14752],[7824, 14760],[7832, 14760],[7832, 14768],[7840, 14768],[7840, 14776],[7848, 14776],[7848, 14816],[7856, 14816],[7856, 14824],[7864, 14824],[7864, 14832],[7880, 14832],[7880, 14840],[7904, 14840],[7904, 14808],[7912, 14808],[7912, 14776],[7920, 14776],[7920, 14744],[7928, 14744],[7928, 14720],[7920, 14720],[7920, 14704],[7912, 14704],[7912, 14696],[7840, 14696],[7840, 14704],[7824, 14704],[7824, 14720],[7816, 14720]]]},"properties":{"objectType":"annotation","classification":{"name":"Ignore*","color":[180, 180, 180]},"isLocked":true}},{"type":"Feature","id":"6f7d4b79-209c-434e-b083-8862993a34ba","geometry":{"type":"Polygon","coordinates":[[[17496, 14816],[17496, 14832],[17504, 14832],[17504, 14936],[17512, 14936],[17512, 14960],[17528, 14960],[17528, 14896],[17536, 14896],[17536, 14880],[17528, 14880],[17528, 14856],[17536, 14856],[17536, 14840],[17544, 14840],[17544, 14824],[17552, 14824],[17552, 14816],[17560, 14816],[17560, 14768],[17568, 14768],[17568, 14752],[17576, 14752],[17576, 14736],[17584, 14736],[17584, 14720],[17592, 14720],[17592, 14696],[17600, 14696],[17600, 14680],[17608, 14680],[17608, 14664],[17616, 14664],[17616, 14656],[17608, 14656],[17608, 14632],[17600, 14632],[17600, 14624],[17592, 14624],[17592, 14616],[17568, 14616],[17568, 14624],[17560, 14624],[17560, 14632],[17552, 14632],[17552, 14648],[17560, 14648],[17560, 14664],[17568, 14664],[17568, 14688],[17552, 14688],[17552, 14696],[17536, 14696],[17536, 14704],[17520, 14704],[17520, 14712],[17512, 14712],[17512, 14776],[17504, 14776],[17504, 14816],[17496, 14816]]]},"properties":{"objectType":"annotation","classification":{"name":"Ignore*","color":[180, 180, 180]},"isLocked":true}},{"type":"Feature","id":"ab368162-59fe-4e00-9a03-21aa258c7349","geometry":{"type":"Polygon","coordinates":[[[8168, 14808],[8168, 14880],[8176, 14880],[8176, 14896],[8192, 14896],[8192, 14912],[8200, 14912],[8200, 14920],[8216, 14920],[8216, 14928],[8256, 14928],[8256, 14936],[8264, 14936],[8264, 14944],[8280, 14944],[8280, 14936],[8296, 14936],[8296, 14912],[8304, 14912],[8304, 14904],[8368, 14904],[8368, 14896],[8376, 14896],[8376, 14888],[8384, 14888],[8384, 14880],[8400, 14880],[8400, 14872],[8408, 14872],[8408, 14864],[8416, 14864],[8416, 14856],[8424, 14856],[8424, 14848],[8432, 14848],[8432, 14840],[8440, 14840],[8440, 14832],[8448, 14832],[8448, 14792],[8440, 14792],[8440, 14784],[8376, 14784],[8376, 14792],[8368, 14792],[8368, 14800],[8360, 14800],[8360, 14816],[8352, 14816],[8352, 14824],[8344, 14824],[8344, 14816],[8328, 14816],[8328, 14808],[8312, 14808],[8312, 14800],[8288, 14800],[8288, 14744],[8296, 14744],[8296, 14728],[8304, 14728],[8304, 14696],[8312, 14696],[8312, 14672],[8320, 14672],[8320, 14640],[8328, 14640],[8328, 14600],[8336, 14600],[8336, 14584],[8344, 14584],[8344, 14544],[8336, 14544],[8336, 14536],[8320, 14536],[8320, 14544],[8304, 14544],[8304, 14552],[8296, 14552],[8296, 14560],[8288, 14560],[8288, 14576],[8280, 14576],[8280, 14584],[8272, 14584],[8272, 14600],[8264, 14600],[8264, 14608],[8256, 14608],[8256, 14616],[8248, 14616],[8248, 14640],[8240, 14640],[8240, 14672],[8232, 14672],[8232, 14696],[8224, 14696],[8224, 14720],[8216, 14720],[8216, 14736],[8208, 14736],[8208, 14760],[8200, 14760],[8200, 14768],[8192, 14768],[8192, 14776],[8184, 14776],[8184, 14784],[8176, 14784],[8176, 14808],[8168, 14808]]]},"properties":{"objectType":"annotation","classification":{"name":"Ignore*","color":[180, 180, 180]},"isLocked":true}},{"type":"Feature","id":"7987f5d7-df63-4249-b104-dbcebb500fa1","geometry":{"type":"Polygon","coordinates":[[[16552, 14792],[16624, 14880],[16624, 14896],[16720, 14952],[16744, 14936],[16752, 14904],[16784, 14880],[16784, 14792],[16728, 14760],[16712, 14736],[16656, 14704],[16592, 14704],[16560, 14728],[16552, 14792]]]},"properties":{"objectType":"annotation","classification":{"name":"Tumor","color":[102, 77, 179]}}},{"type":"Feature","id":"a88df86a-1f6b-41b0-8b98-4f4a4bc275d9","geometry":{"type":"Polygon","coordinates":[[[15112, 14976],[15112, 15056],[15128, 15088],[15168, 15120],[15280, 15128],[15304, 15088],[15304, 14920],[15328, 14888],[15328, 14840],[15344, 14816],[15416, 14816],[15440, 14840],[15512, 14832],[15568, 14792],[15608, 14792],[15648, 14856],[15696, 14896],[15704, 14944],[15784, 14992],[15864, 15000],[15888, 14976],[15888, 14928],[15864, 14896],[15848, 14840],[15800, 14784],[15728, 14776],[15688, 14728],[15624, 14696],[15592, 14656],[15576, 14656],[15544, 14616],[15464, 14616],[15400, 14648],[15392, 14680],[15320, 14744],[15232, 14744],[15200, 14784],[15168, 14792],[15144, 14840],[15144, 14912],[15128, 14920],[15112, 14976]]]},"properties":{"objectType":"annotation","classification":{"name":"Tumor","color":[102, 77, 179]}}},{"type":"Feature","id":"3cc1bd48-22ff-407a-bf72-25b0df40548a","geometry":{"type":"Polygon","coordinates":[[[4288, 14848],[4288, 14880],[4296, 14880],[4296, 14888],[4320, 14888],[4320, 14896],[4336, 14896],[4336, 14904],[4368, 14904],[4368, 14888],[4376, 14888],[4376, 14824],[4368, 14824],[4368, 14808],[4336, 14808],[4336, 14816],[4320, 14816],[4320, 14824],[4304, 14824],[4304, 14840],[4296, 14840],[4296, 14848],[4288, 14848]]]},"properties":{"objectType":"annotation","classification":{"name":"Ignore*","color":[180, 180, 180]},"isLocked":true}},{"type":"Feature","id":"4147a9c7-bf2c-45e6-84fb-9a119639ab25","geometry":{"type":"Polygon","coordinates":[[[11360, 14960],[11360, 14992],[11368, 14992],[11368, 15000],[11376, 15000],[11376, 15008],[11384, 15008],[11384, 15016],[11416, 15016],[11416, 15008],[11432, 15008],[11432, 15000],[11440, 15000],[11440, 14992],[11448, 14992],[11448, 14976],[11456, 14976],[11456, 14960],[11464, 14960],[11464, 14936],[11480, 14936],[11480, 14928],[11504, 14928],[11504, 14920],[11512, 14920],[11512, 14912],[11520, 14912],[11520, 14840],[11512, 14840],[11512, 14824],[11504, 14824],[11504, 14816],[11496, 14816],[11496, 14808],[11488, 14808],[11488, 14784],[11480, 14784],[11480, 14768],[11464, 14768],[11464, 14760],[11432, 14760],[11432, 14752],[11424, 14752],[11424, 14760],[11408, 14760],[11408, 14768],[11400, 14768],[11400, 14800],[11392, 14800],[11392, 14824],[11400, 14824],[11400, 14840],[11408, 14840],[11408, 14848],[11416, 14848],[11416, 14856],[11424, 14856],[11424, 14872],[11432, 14872],[11432, 14880],[11440, 14880],[11440, 14896],[11448, 14896],[11448, 14912],[11456, 14912],[11456, 14928],[11424, 14928],[11424, 14936],[11400, 14936],[11400, 14944],[11376, 14944],[11376, 14952],[11368, 14952],[11368, 14960],[11360, 14960]]]},"properties":{"objectType":"annotation","classification":{"name":"Ignore*","color":[180, 180, 180]},"isLocked":true}},{"type":"Feature","id":"4a36734a-4ce0-45fb-9f59-c6118c5131c3","geometry":{"type":"Polygon","coordinates":[[[8552, 14896],[8552, 14920],[8560, 14920],[8560, 14944],[8568, 14944],[8568, 14952],[8576, 14952],[8576, 14968],[8584, 14968],[8584, 14984],[8592, 14984],[8592, 14992],[8600, 14992],[8600, 15000],[8608, 15000],[8608, 15008],[8616, 15008],[8616, 15016],[8624, 15016],[8624, 15024],[8640, 15024],[8640, 15032],[8648, 15032],[8648, 15024],[8656, 15024],[8656, 15016],[8664, 15016],[8664, 14992],[8672, 14992],[8672, 14976],[8664, 14976],[8664, 14928],[8672, 14928],[8672, 14920],[8680, 14920],[8680, 14912],[8688, 14912],[8688, 14896],[8696, 14896],[8696, 14864],[8704, 14864],[8704, 14848],[8696, 14848],[8696, 14840],[8680, 14840],[8680, 14832],[8632, 14832],[8632, 14840],[8584, 14840],[8584, 14848],[8576, 14848],[8576, 14856],[8568, 14856],[8568, 14864],[8560, 14864],[8560, 14896],[8552, 14896]]]},"properties":{"objectType":"annotation","classification":{"name":"Ignore*","color":[180, 180, 180]},"isLocked":true}},{"type":"Feature","id":"7da7002b-36b6-4a73-b20f-0ce6d7d8f59a","geometry":{"type":"Polygon","coordinates":[[[7352, 14904],[7352, 14936],[7360, 14936],[7360, 14968],[7368, 14968],[7368, 14984],[7376, 14984],[7376, 14992],[7384, 14992],[7384, 15000],[7392, 15000],[7392, 15008],[7408, 15008],[7408, 15016],[7424, 15016],[7424, 15024],[7448, 15024],[7448, 15016],[7456, 15016],[7456, 15008],[7464, 15008],[7464, 15000],[7472, 15000],[7472, 14968],[7464, 14968],[7464, 14960],[7456, 14960],[7456, 14952],[7448, 14952],[7448, 14936],[7440, 14936],[7440, 14928],[7432, 14928],[7432, 14912],[7424, 14912],[7424, 14864],[7416, 14864],[7416, 14848],[7384, 14848],[7384, 14856],[7376, 14856],[7376, 14872],[7368, 14872],[7368, 14880],[7360, 14880],[7360, 14904],[7352, 14904]]]},"properties":{"objectType":"annotation","classification":{"name":"Ignore*","color":[180, 180, 180]},"isLocked":true}},{"type":"Feature","id":"6e3aed55-9ca6-4d53-aa15-f93a63641af3","geometry":{"type":"Polygon","coordinates":[[[9568, 15000],[9568, 15016],[9576, 15016],[9576, 15024],[9584, 15024],[9584, 15032],[9592, 15032],[9592, 15040],[9600, 15040],[9600, 15048],[9608, 15048],[9608, 15072],[9616, 15072],[9616, 15088],[9624, 15088],[9624, 15096],[9632, 15096],[9632, 15104],[9640, 15104],[9640, 15112],[9648, 15112],[9648, 15136],[9640, 15136],[9640, 15168],[9648, 15168],[9648, 15176],[9672, 15176],[9672, 15128],[9680, 15128],[9680, 15120],[9688, 15120],[9688, 15112],[9696, 15112],[9696, 15096],[9704, 15096],[9704, 15080],[9712, 15080],[9712, 15072],[9720, 15072],[9720, 15064],[9736, 15064],[9736, 15056],[9744, 15056],[9744, 15040],[9752, 15040],[9752, 15024],[9760, 15024],[9760, 15008],[9768, 15008],[9768, 14992],[9776, 14992],[9776, 14984],[9784, 14984],[9784, 14976],[9800, 14976],[9800, 14968],[9808, 14968],[9808, 14960],[9816, 14960],[9816, 14952],[9824, 14952],[9824, 14936],[9832, 14936],[9832, 14928],[9840, 14928],[9840, 14904],[9848, 14904],[9848, 14880],[9856, 14880],[9856, 14848],[9840, 14848],[9840, 14840],[9816, 14840],[9816, 14848],[9800, 14848],[9800, 14856],[9784, 14856],[9784, 14864],[9768, 14864],[9768, 14872],[9752, 14872],[9752, 14880],[9744, 14880],[9744, 14888],[9736, 14888],[9736, 14904],[9728, 14904],[9728, 14912],[9720, 14912],[9720, 14920],[9712, 14920],[9712, 14936],[9704, 14936],[9704, 14952],[9696, 14952],[9696, 14968],[9688, 14968],[9688, 14984],[9680, 14984],[9680, 15000],[9672, 15000],[9672, 15016],[9664, 15016],[9664, 15024],[9656, 15024],[9656, 15032],[9640, 15032],[9640, 15024],[9632, 15024],[9632, 14984],[9640, 14984],[9640, 14968],[9648, 14968],[9648, 14952],[9640, 14952],[9640, 14944],[9632, 14944],[9632, 14952],[9616, 14952],[9616, 14960],[9608, 14960],[9608, 14968],[9600, 14968],[9600, 14976],[9592, 14976],[9592, 14984],[9584, 14984],[9584, 14992],[9576, 14992],[9576, 15000],[9568, 15000]]]},"properties":{"objectType":"annotation","classification":{"name":"Ignore*","color":[180, 180, 180]},"isLocked":true}},{"type":"Feature","id":"38f4dfba-09b5-41f9-ae6d-8c8b913013de","geometry":{"type":"Polygon","coordinates":[[[7600, 14960],[7600, 14976],[7608, 14976],[7608, 14984],[7616, 14984],[7616, 14992],[7624, 14992],[7624, 15000],[7632, 15000],[7632, 15008],[7640, 15008],[7640, 15016],[7648, 15016],[7648, 15024],[7656, 15024],[7656, 15032],[7664, 15032],[7664, 15040],[7704, 15040],[7704, 15048],[7760, 15048],[7760, 15056],[7768, 15056],[7768, 15088],[7776, 15088],[7776, 15104],[7784, 15104],[7784, 15112],[7792, 15112],[7792, 15104],[7800, 15104],[7800, 15080],[7808, 15080],[7808, 15072],[7816, 15072],[7816, 15064],[7832, 15064],[7832, 15072],[7848, 15072],[7848, 15080],[7872, 15080],[7872, 15088],[7888, 15088],[7888, 15080],[7896, 15080],[7896, 15072],[7904, 15072],[7904, 15032],[7896, 15032],[7896, 15016],[7888, 15016],[7888, 15008],[7880, 15008],[7880, 15000],[7872, 15000],[7872, 14984],[7864, 14984],[7864, 14968],[7856, 14968],[7856, 14960],[7840, 14960],[7840, 14952],[7832, 14952],[7832, 14944],[7816, 14944],[7816, 14936],[7792, 14936],[7792, 14944],[7776, 14944],[7776, 14952],[7768, 14952],[7768, 14960],[7760, 14960],[7760, 14968],[7736, 14968],[7736, 14960],[7728, 14960],[7728, 14952],[7720, 14952],[7720, 14944],[7712, 14944],[7712, 14936],[7704, 14936],[7704, 14928],[7680, 14928],[7680, 14920],[7640, 14920],[7640, 14928],[7624, 14928],[7624, 14936],[7616, 14936],[7616, 14944],[7608, 14944],[7608, 14960],[7600, 14960]]]},"properties":{"objectType":"annotation","classification":{"name":"Ignore*","color":[180, 180, 180]},"isLocked":true}},{"type":"Feature","id":"4a55dbe4-6179-4668-9fdb-2472a8d9041b","geometry":{"type":"Polygon","coordinates":[[[4184, 15128],[4184, 15136],[4192, 15136],[4192, 15144],[4200, 15144],[4200, 15152],[4216, 15152],[4216, 15144],[4232, 15144],[4232, 15136],[4240, 15136],[4240, 15128],[4248, 15128],[4248, 15120],[4264, 15120],[4264, 15112],[4272, 15112],[4272, 15104],[4280, 15104],[4280, 15096],[4288, 15096],[4288, 15088],[4296, 15088],[4296, 15080],[4304, 15080],[4304, 15064],[4312, 15064],[4312, 15048],[4320, 15048],[4320, 15040],[4336, 15040],[4336, 15032],[4368, 15032],[4368, 15024],[4376, 15024],[4376, 15032],[4392, 15032],[4392, 15040],[4416, 15040],[4416, 15024],[4400, 15024],[4400, 15016],[4384, 15016],[4384, 14992],[4376, 14992],[4376, 14984],[4384, 14984],[4384, 14952],[4376, 14952],[4376, 14944],[4352, 14944],[4352, 14960],[4344, 14960],[4344, 14976],[4336, 14976],[4336, 14984],[4304, 14984],[4304, 14976],[4280, 14976],[4280, 14984],[4272, 14984],[4272, 14992],[4264, 14992],[4264, 15000],[4256, 15000],[4256, 15008],[4248, 15008],[4248, 15016],[4240, 15016],[4240, 15024],[4232, 15024],[4232, 15032],[4224, 15032],[4224, 15040],[4216, 15040],[4216, 15088],[4208, 15088],[4208, 15104],[4200, 15104],[4200, 15112],[4192, 15112],[4192, 15128],[4184, 15128]]]},"properties":{"objectType":"annotation","classification":{"name":"Ignore*","color":[180, 180, 180]},"isLocked":true}},{"type":"Feature","id":"b1e5a1db-eb2c-4065-8f5a-25ee53dac7f0","geometry":{"type":"Polygon","coordinates":[[[10640, 15032],[10640, 15080],[10648, 15080],[10648, 15096],[10688, 15096],[10688, 15104],[10696, 15104],[10696, 15096],[10720, 15096],[10720, 15088],[10736, 15088],[10736, 15016],[10728, 15016],[10728, 15000],[10720, 15000],[10720, 14992],[10704, 14992],[10704, 14984],[10688, 14984],[10688, 14992],[10672, 14992],[10672, 15000],[10664, 15000],[10664, 15008],[10656, 15008],[10656, 15016],[10648, 15016],[10648, 15032],[10640, 15032]]]},"properties":{"objectType":"annotation","classification":{"name":"Ignore*","color":[180, 180, 180]},"isLocked":true}},{"type":"Feature","id":"fc71bd49-627c-439f-aa63-5490e1c9e42d","geometry":{"type":"Polygon","coordinates":[[[11944, 15080],[11944, 15136],[11952, 15136],[11952, 15160],[11960, 15160],[11960, 15168],[11976, 15168],[11976, 15160],[11984, 15160],[11984, 15152],[12000, 15152],[12000, 15144],[12008, 15144],[12008, 15136],[12016, 15136],[12016, 15128],[12024, 15128],[12024, 15112],[12032, 15112],[12032, 15104],[12040, 15104],[12040, 15080],[12032, 15080],[12032, 15064],[12024, 15064],[12024, 15056],[12008, 15056],[12008, 15048],[11976, 15048],[11976, 15056],[11968, 15056],[11968, 15064],[11960, 15064],[11960, 15072],[11952, 15072],[11952, 15080],[11944, 15080]]]},"properties":{"objectType":"annotation","classification":{"name":"Ignore*","color":[180, 180, 180]},"isLocked":true}},{"type":"Feature","id":"0da769ac-20c2-4e9b-ba6d-94c3dfbf9c43","geometry":{"type":"Polygon","coordinates":[[[12192, 15112],[12192, 15128],[12200, 15128],[12200, 15144],[12208, 15144],[12208, 15152],[12216, 15152],[12216, 15192],[12224, 15192],[12224, 15200],[12232, 15200],[12232, 15208],[12248, 15208],[12248, 15216],[12272, 15216],[12272, 15224],[12280, 15224],[12280, 15240],[12288, 15240],[12288, 15248],[12296, 15248],[12296, 15296],[12304, 15296],[12304, 15320],[12312, 15320],[12312, 15328],[12320, 15328],[12320, 15336],[12328, 15336],[12328, 15344],[12344, 15344],[12344, 15352],[12352, 15352],[12352, 15360],[12368, 15360],[12368, 15368],[12392, 15368],[12392, 15360],[12400, 15360],[12400, 15352],[12408, 15352],[12408, 15344],[12416, 15344],[12416, 15320],[12408, 15320],[12408, 15296],[12400, 15296],[12400, 15280],[12392, 15280],[12392, 15272],[12384, 15272],[12384, 15264],[12368, 15264],[12368, 15256],[12360, 15256],[12360, 15248],[12352, 15248],[12352, 15184],[12336, 15184],[12336, 15176],[12320, 15176],[12320, 15160],[12312, 15160],[12312, 15136],[12320, 15136],[12320, 15112],[12328, 15112],[12328, 15064],[12336, 15064],[12336, 15048],[12344, 15048],[12344, 15032],[12352, 15032],[12352, 15024],[12360, 15024],[12360, 15016],[12368, 15016],[12368, 15000],[12376, 15000],[12376, 14976],[12384, 14976],[12384, 14936],[12376, 14936],[12376, 14928],[12312, 14928],[12312, 14912],[12304, 14912],[12304, 14904],[12296, 14904],[12296, 14888],[12288, 14888],[12288, 14880],[12280, 14880],[12280, 14872],[12272, 14872],[12272, 14864],[12256, 14864],[12256, 14856],[12248, 14856],[12248, 14864],[12240, 14864],[12240, 14872],[12232, 14872],[12232, 14928],[12240, 14928],[12240, 14944],[12248, 14944],[12248, 14960],[12256, 14960],[12256, 14992],[12264, 14992],[12264, 15032],[12256, 15032],[12256, 15056],[12248, 15056],[12248, 15064],[12240, 15064],[12240, 15072],[12232, 15072],[12232, 15080],[12224, 15080],[12224, 15088],[12216, 15088],[12216, 15096],[12208, 15096],[12208, 15104],[12200, 15104],[12200, 15112],[12192, 15112]]]},"properties":{"objectType":"annotation","classification":{"name":"Ignore*","color":[180, 180, 180]},"isLocked":true}},{"type":"Feature","id":"5d78ee14-c5bd-46a3-ad5d-f97b2b293d06","geometry":{"type":"Polygon","coordinates":[[[9128, 15176],[9128, 15248],[9136, 15248],[9136, 15264],[9144, 15264],[9144, 15272],[9152, 15272],[9152, 15280],[9160, 15280],[9160, 15288],[9200, 15288],[9200, 15280],[9216, 15280],[9216, 15272],[9224, 15272],[9224, 15256],[9216, 15256],[9216, 15224],[9208, 15224],[9208, 15200],[9200, 15200],[9200, 15184],[9192, 15184],[9192, 15176],[9184, 15176],[9184, 15168],[9176, 15168],[9176, 15160],[9152, 15160],[9152, 15168],[9136, 15168],[9136, 15176],[9128, 15176]]]},"properties":{"objectType":"annotation","classification":{"name":"Ignore*","color":[180, 180, 180]},"isLocked":true}},{"type":"Feature","id":"7e5e8c76-924a-4ff1-a294-333cad93d008","geometry":{"type":"Polygon","coordinates":[[[14776, 15184],[14800, 15240],[14816, 15360],[14880, 15416],[14936, 15424],[14968, 15400],[14976, 15328],[15016, 15304],[15016, 15256],[14976, 15208],[14960, 15088],[14904, 15056],[14840, 15056],[14808, 15072],[14784, 15120],[14776, 15184]]]},"properties":{"objectType":"annotation","classification":{"name":"Tumor","color":[102, 77, 179]}}},{"type":"Feature","id":"d4836059-2b90-46d8-a1c0-05606d8de8f7","geometry":{"type":"Polygon","coordinates":[[[10680, 15152],[10680, 15176],[10688, 15176],[10688, 15192],[10696, 15192],[10696, 15200],[10704, 15200],[10704, 15216],[10712, 15216],[10712, 15224],[10720, 15224],[10720, 15240],[10728, 15240],[10728, 15264],[10736, 15264],[10736, 15272],[10744, 15272],[10744, 15280],[10752, 15280],[10752, 15288],[10760, 15288],[10760, 15304],[10768, 15304],[10768, 15320],[10776, 15320],[10776, 15360],[10768, 15360],[10768, 15400],[10776, 15400],[10776, 15408],[10784, 15408],[10784, 15416],[10792, 15416],[10792, 15440],[10784, 15440],[10784, 15496],[10792, 15496],[10792, 15552],[10800, 15552],[10800, 15568],[10848, 15568],[10848, 15520],[10856, 15520],[10856, 15472],[10864, 15472],[10864, 15424],[10856, 15424],[10856, 15304],[10864, 15304],[10864, 15264],[10856, 15264],[10856, 15256],[10848, 15256],[10848, 15248],[10840, 15248],[10840, 15240],[10824, 15240],[10824, 15232],[10816, 15232],[10816, 15224],[10808, 15224],[10808, 15216],[10800, 15216],[10800, 15200],[10792, 15200],[10792, 15184],[10784, 15184],[10784, 15176],[10776, 15176],[10776, 15160],[10768, 15160],[10768, 15152],[10752, 15152],[10752, 15144],[10744, 15144],[10744, 15136],[10728, 15136],[10728, 15128],[10712, 15128],[10712, 15136],[10696, 15136],[10696, 15144],[10688, 15144],[10688, 15152],[10680, 15152]]]},"properties":{"objectType":"annotation","classification":{"name":"Ignore*","color":[180, 180, 180]},"isLocked":true}},{"type":"Feature","id":"216a8a83-d57c-41a8-9349-6b73df8e0001","geometry":{"type":"Polygon","coordinates":[[[11712, 15320],[11712, 15344],[11720, 15344],[11720, 15360],[11728, 15360],[11728, 15368],[11736, 15368],[11736, 15376],[11776, 15376],[11776, 15360],[11784, 15360],[11784, 15328],[11776, 15328],[11776, 15312],[11768, 15312],[11768, 15304],[11760, 15304],[11760, 15296],[11736, 15296],[11736, 15304],[11728, 15304],[11728, 15312],[11720, 15312],[11720, 15320],[11712, 15320]]]},"properties":{"objectType":"annotation","classification":{"name":"Ignore*","color":[180, 180, 180]},"isLocked":true}},{"type":"Feature","id":"922af670-7e20-428e-a76c-9067a20d0698","geometry":{"type":"Polygon","coordinates":[[[15672, 15352],[15672, 15384],[15680, 15384],[15680, 15392],[15688, 15392],[15688, 15400],[15704, 15400],[15704, 15392],[15712, 15392],[15712, 15384],[15720, 15384],[15720, 15376],[15728, 15376],[15728, 15360],[15736, 15360],[15736, 15344],[15744, 15344],[15744, 15328],[15752, 15328],[15752, 15296],[15728, 15296],[15728, 15288],[15712, 15288],[15712, 15296],[15696, 15296],[15696, 15304],[15688, 15304],[15688, 15336],[15680, 15336],[15680, 15352],[15672, 15352]]]},"properties":{"objectType":"annotation","classification":{"name":"Ignore*","color":[180, 180, 180]},"isLocked":true}},{"type":"Feature","id":"98232384-7ac6-43fa-b3d6-122c0e598187","geometry":{"type":"Polygon","coordinates":[[[15320, 15376],[15320, 15400],[15328, 15400],[15328, 15416],[15344, 15416],[15344, 15424],[15392, 15424],[15392, 15416],[15400, 15416],[15400, 15408],[15408, 15408],[15408, 15400],[15416, 15400],[15416, 15392],[15424, 15392],[15424, 15376],[15432, 15376],[15432, 15328],[15424, 15328],[15424, 15312],[15416, 15312],[15416, 15304],[15408, 15304],[15408, 15296],[15368, 15296],[15368, 15304],[15360, 15304],[15360, 15312],[15352, 15312],[15352, 15320],[15344, 15320],[15344, 15344],[15336, 15344],[15336, 15360],[15328, 15360],[15328, 15376],[15320, 15376]]]},"properties":{"objectType":"annotation","classification":{"name":"Ignore*","color":[180, 180, 180]},"isLocked":true}},{"type":"Feature","id":"e11103ec-112b-4128-b335-a71b8a6bd6e4","geometry":{"type":"Polygon","coordinates":[[[14512, 15344],[14512, 15392],[14520, 15392],[14520, 15416],[14528, 15416],[14528, 15424],[14536, 15424],[14536, 15432],[14560, 15432],[14560, 15424],[14568, 15424],[14568, 15416],[14576, 15416],[14576, 15408],[14600, 15408],[14600, 15416],[14624, 15416],[14624, 15408],[14632, 15408],[14632, 15392],[14640, 15392],[14640, 15384],[14632, 15384],[14632, 15360],[14624, 15360],[14624, 15328],[14616, 15328],[14616, 15320],[14608, 15320],[14608, 15312],[14600, 15312],[14600, 15304],[14592, 15304],[14592, 15296],[14552, 15296],[14552, 15304],[14544, 15304],[14544, 15320],[14536, 15320],[14536, 15328],[14528, 15328],[14528, 15336],[14520, 15336],[14520, 15344],[14512, 15344]]]},"properties":{"objectType":"annotation","classification":{"name":"Ignore*","color":[180, 180, 180]},"isLocked":true}},{"type":"Feature","id":"77453e55-2079-42f4-9410-817a29eafdf9","geometry":{"type":"Polygon","coordinates":[[[17520, 15384],[17520, 15400],[17528, 15400],[17528, 15424],[17536, 15424],[17536, 15448],[17544, 15448],[17544, 15456],[17552, 15456],[17552, 15464],[17560, 15464],[17560, 15472],[17576, 15472],[17576, 15480],[17584, 15480],[17584, 15488],[17592, 15488],[17592, 15496],[17632, 15496],[17632, 15488],[17640, 15488],[17640, 15448],[17632, 15448],[17632, 15408],[17640, 15408],[17640, 15384],[17648, 15384],[17648, 15368],[17656, 15368],[17656, 15360],[17664, 15360],[17664, 15344],[17672, 15344],[17672, 15336],[17680, 15336],[17680, 15328],[17688, 15328],[17688, 15264],[17696, 15264],[17696, 15256],[17688, 15256],[17688, 15232],[17672, 15232],[17672, 15224],[17656, 15224],[17656, 15288],[17648, 15288],[17648, 15304],[17632, 15304],[17632, 15296],[17608, 15296],[17608, 15304],[17600, 15304],[17600, 15312],[17584, 15312],[17584, 15320],[17576, 15320],[17576, 15328],[17560, 15328],[17560, 15344],[17552, 15344],[17552, 15352],[17544, 15352],[17544, 15368],[17536, 15368],[17536, 15376],[17528, 15376],[17528, 15384],[17520, 15384]]]},"properties":{"objectType":"annotation","classification":{"name":"Ignore*","color":[180, 180, 180]},"isLocked":true}},{"type":"Feature","id":"b546bb75-fa08-4695-86b4-aca3f14ba7a6","geometry":{"type":"Polygon","coordinates":[[[9400, 15336],[9400, 15344],[9408, 15344],[9408, 15352],[9424, 15352],[9424, 15360],[9440, 15360],[9440, 15368],[9464, 15368],[9464, 15376],[9520, 15376],[9520, 15384],[9608, 15384],[9608, 15392],[9616, 15392],[9616, 15408],[9624, 15408],[9624, 15424],[9632, 15424],[9632, 15448],[9640, 15448],[9640, 15480],[9648, 15480],[9648, 15504],[9656, 15504],[9656, 15512],[9664, 15512],[9664, 15520],[9672, 15520],[9672, 15536],[9680, 15536],[9680, 15544],[9688, 15544],[9688, 15552],[9704, 15552],[9704, 15560],[9728, 15560],[9728, 15552],[9768, 15552],[9768, 15544],[9776, 15544],[9776, 15520],[9768, 15520],[9768, 15512],[9760, 15512],[9760, 15496],[9752, 15496],[9752, 15480],[9744, 15480],[9744, 15472],[9736, 15472],[9736, 15456],[9728, 15456],[9728, 15448],[9720, 15448],[9720, 15432],[9712, 15432],[9712, 15416],[9704, 15416],[9704, 15384],[9696, 15384],[9696, 15352],[9688, 15352],[9688, 15248],[9680, 15248],[9680, 15232],[9632, 15232],[9632, 15240],[9616, 15240],[9616, 15248],[9608, 15248],[9608, 15256],[9600, 15256],[9600, 15264],[9592, 15264],[9592, 15272],[9584, 15272],[9584, 15280],[9576, 15280],[9576, 15288],[9552, 15288],[9552, 15296],[9528, 15296],[9528, 15304],[9504, 15304],[9504, 15312],[9456, 15312],[9456, 15304],[9440, 15304],[9440, 15312],[9424, 15312],[9424, 15320],[9416, 15320],[9416, 15328],[9408, 15328],[9408, 15336],[9400, 15336]]]},"properties":{"objectType":"annotation","classification":{"name":"Ignore*","color":[180, 180, 180]},"isLocked":true}},{"type":"Feature","id":"f35ad6da-34c6-4d54-a626-a655cd6444d1","geometry":{"type":"Polygon","coordinates":[[[16208, 15384],[16208, 15400],[16216, 15400],[16216, 15416],[16232, 15416],[16232, 15424],[16272, 15424],[16272, 15416],[16280, 15416],[16280, 15384],[16272, 15384],[16272, 15352],[16264, 15352],[16264, 15336],[16232, 15336],[16232, 15352],[16224, 15352],[16224, 15368],[16216, 15368],[16216, 15384],[16208, 15384]]]},"properties":{"objectType":"annotation","classification":{"name":"Ignore*","color":[180, 180, 180]},"isLocked":true}},{"type":"Feature","id":"e16ea242-f84c-40d2-86ed-fe5f43864566","geometry":{"type":"Polygon","coordinates":[[[14264, 15376],[14264, 15432],[14272, 15432],[14272, 15440],[14280, 15440],[14280, 15448],[14304, 15448],[14304, 15456],[14320, 15456],[14320, 15464],[14352, 15464],[14352, 15456],[14360, 15456],[14360, 15440],[14368, 15440],[14368, 15424],[14376, 15424],[14376, 15408],[14384, 15408],[14384, 15392],[14392, 15392],[14392, 15376],[14400, 15376],[14400, 15360],[14408, 15360],[14408, 15352],[14400, 15352],[14400, 15336],[14392, 15336],[14392, 15328],[14384, 15328],[14384, 15320],[14352, 15320],[14352, 15312],[14312, 15312],[14312, 15320],[14296, 15320],[14296, 15336],[14288, 15336],[14288, 15352],[14280, 15352],[14280, 15368],[14272, 15368],[14272, 15376],[14264, 15376]]]},"properties":{"objectType":"annotation","classification":{"name":"Ignore*","color":[180, 180, 180]},"isLocked":true}},{"type":"Feature","id":"844220ee-f26b-4128-95e4-a41a4cfd3c33","geometry":{"type":"Polygon","coordinates":[[[16392, 15440],[16392, 15464],[16400, 15464],[16400, 15480],[16408, 15480],[16408, 15496],[16416, 15496],[16416, 15512],[16424, 15512],[16424, 15520],[16432, 15520],[16432, 15528],[16440, 15528],[16440, 15520],[16456, 15520],[16456, 15512],[16464, 15512],[16464, 15496],[16472, 15496],[16472, 15472],[16480, 15472],[16480, 15464],[16488, 15464],[16488, 15448],[16496, 15448],[16496, 15392],[16488, 15392],[16488, 15384],[16480, 15384],[16480, 15376],[16464, 15376],[16464, 15384],[16456, 15384],[16456, 15392],[16448, 15392],[16448, 15408],[16440, 15408],[16440, 15416],[16408, 15416],[16408, 15424],[16400, 15424],[16400, 15440],[16392, 15440]]]},"properties":{"objectType":"annotation","classification":{"name":"Ignore*","color":[180, 180, 180]},"isLocked":true}},{"type":"Feature","id":"aa9c6183-adbb-409f-a3f6-6cf313d551f3","geometry":{"type":"Polygon","coordinates":[[[8200, 15648],[8200, 15656],[8208, 15656],[8208, 15680],[8232, 15680],[8232, 15672],[8240, 15672],[8240, 15664],[8256, 15664],[8256, 15656],[8264, 15656],[8264, 15648],[8272, 15648],[8272, 15632],[8280, 15632],[8280, 15624],[8288, 15624],[8288, 15616],[8296, 15616],[8296, 15600],[8312, 15600],[8312, 15592],[8320, 15592],[8320, 15584],[8328, 15584],[8328, 15576],[8336, 15576],[8336, 15568],[8344, 15568],[8344, 15552],[8352, 15552],[8352, 15512],[8360, 15512],[8360, 15504],[8368, 15504],[8368, 15496],[8376, 15496],[8376, 15488],[8392, 15488],[8392, 15480],[8400, 15480],[8400, 15464],[8408, 15464],[8408, 15448],[8416, 15448],[8416, 15440],[8424, 15440],[8424, 15432],[8432, 15432],[8432, 15424],[8440, 15424],[8440, 15416],[8448, 15416],[8448, 15408],[8456, 15408],[8456, 15400],[8464, 15400],[8464, 15384],[8472, 15384],[8472, 15376],[8480, 15376],[8480, 15360],[8488, 15360],[8488, 15352],[8496, 15352],[8496, 15336],[8504, 15336],[8504, 15312],[8512, 15312],[8512, 15272],[8496, 15272],[8496, 15264],[8472, 15264],[8472, 15272],[8456, 15272],[8456, 15280],[8448, 15280],[8448, 15288],[8424, 15288],[8424, 15296],[8408, 15296],[8408, 15304],[8400, 15304],[8400, 15320],[8392, 15320],[8392, 15336],[8384, 15336],[8384, 15360],[8376, 15360],[8376, 15376],[8368, 15376],[8368, 15384],[8360, 15384],[8360, 15392],[8344, 15392],[8344, 15400],[8336, 15400],[8336, 15408],[8328, 15408],[8328, 15416],[8320, 15416],[8320, 15432],[8312, 15432],[8312, 15480],[8304, 15480],[8304, 15496],[8296, 15496],[8296, 15504],[8288, 15504],[8288, 15512],[8280, 15512],[8280, 15520],[8272, 15520],[8272, 15528],[8264, 15528],[8264, 15544],[8256, 15544],[8256, 15552],[8248, 15552],[8248, 15568],[8240, 15568],[8240, 15576],[8224, 15576],[8224, 15584],[8216, 15584],[8216, 15592],[8208, 15592],[8208, 15648],[8200, 15648]]]},"properties":{"objectType":"annotation","classification":{"name":"Ignore*","color":[180, 180, 180]},"isLocked":true}},{"type":"Feature","id":"103699b9-9f74-4601-a951-1f69fb1cb341","geometry":{"type":"Polygon","coordinates":[[[16896, 15408],[16896, 15448],[16952, 15496],[16936, 15528],[16944, 15656],[16968, 15688],[17000, 15688],[17040, 15656],[17056, 15616],[17120, 15600],[17176, 15536],[17176, 15384],[17112, 15328],[17048, 15328],[17032, 15344],[16952, 15336],[16928, 15384],[16896, 15408]]]},"properties":{"objectType":"annotation","classification":{"name":"Tumor","color":[102, 77, 179]}}},{"type":"Feature","id":"c06bea6c-3734-453b-aea6-6bd25cb6d7d6","geometry":{"type":"Polygon","coordinates":[[[12728, 15440],[12728, 15472],[12736, 15472],[12736, 15480],[12744, 15480],[12744, 15488],[12760, 15488],[12760, 15496],[12768, 15496],[12768, 15504],[12784, 15504],[12784, 15512],[12792, 15512],[12792, 15528],[12800, 15528],[12800, 15544],[12808, 15544],[12808, 15560],[12816, 15560],[12816, 15576],[12824, 15576],[12824, 15584],[12832, 15584],[12832, 15600],[12840, 15600],[12840, 15608],[12856, 15608],[12856, 15616],[12864, 15616],[12864, 15624],[12872, 15624],[12872, 15632],[12904, 15632],[12904, 15624],[12912, 15624],[12912, 15616],[12920, 15616],[12920, 15600],[12928, 15600],[12928, 15560],[12920, 15560],[12920, 15552],[12912, 15552],[12912, 15544],[12904, 15544],[12904, 15536],[12896, 15536],[12896, 15528],[12888, 15528],[12888, 15520],[12880, 15520],[12880, 15512],[12872, 15512],[12872, 15504],[12864, 15504],[12864, 15488],[12856, 15488],[12856, 15456],[12864, 15456],[12864, 15440],[12872, 15440],[12872, 15432],[12880, 15432],[12880, 15424],[12888, 15424],[12888, 15408],[12896, 15408],[12896, 15392],[12888, 15392],[12888, 15376],[12872, 15376],[12872, 15368],[12856, 15368],[12856, 15360],[12816, 15360],[12816, 15368],[12808, 15368],[12808, 15384],[12800, 15384],[12800, 15392],[12792, 15392],[12792, 15400],[12776, 15400],[12776, 15408],[12760, 15408],[12760, 15416],[12752, 15416],[12752, 15424],[12744, 15424],[12744, 15432],[12736, 15432],[12736, 15440],[12728, 15440]]]},"properties":{"objectType":"annotation","classification":{"name":"Ignore*","color":[180, 180, 180]},"isLocked":true}},{"type":"Feature","id":"0be4edcc-c084-4467-a290-e010b01a1b84","geometry":{"type":"Polygon","coordinates":[[[8712, 15384],[8712, 15392],[8720, 15392],[8720, 15424],[8728, 15424],[8728, 15440],[8736, 15440],[8736, 15456],[8744, 15456],[8744, 15472],[8752, 15472],[8752, 15480],[8760, 15480],[8760, 15496],[8768, 15496],[8768, 15504],[8784, 15504],[8784, 15512],[8792, 15512],[8792, 15520],[8800, 15520],[8800, 15536],[8808, 15536],[8808, 15568],[8800, 15568],[8800, 15584],[8816, 15584],[8816, 15576],[8840, 15576],[8840, 15584],[8856, 15584],[8856, 15592],[8872, 15592],[8872, 15600],[8880, 15600],[8880, 15608],[8888, 15608],[8888, 15616],[8904, 15616],[8904, 15624],[8936, 15624],[8936, 15632],[8952, 15632],[8952, 15624],[8960, 15624],[8960, 15576],[8952, 15576],[8952, 15568],[8944, 15568],[8944, 15560],[8936, 15560],[8936, 15552],[8928, 15552],[8928, 15536],[8920, 15536],[8920, 15528],[8912, 15528],[8912, 15512],[8904, 15512],[8904, 15488],[8896, 15488],[8896, 15472],[8888, 15472],[8888, 15464],[8880, 15464],[8880, 15448],[8872, 15448],[8872, 15440],[8864, 15440],[8864, 15432],[8856, 15432],[8856, 15416],[8848, 15416],[8848, 15408],[8840, 15408],[8840, 15400],[8832, 15400],[8832, 15392],[8824, 15392],[8824, 15384],[8808, 15384],[8808, 15376],[8792, 15376],[8792, 15368],[8776, 15368],[8776, 15360],[8760, 15360],[8760, 15352],[8736, 15352],[8736, 15360],[8720, 15360],[8720, 15384],[8712, 15384]]]},"properties":{"objectType":"annotation","classification":{"name":"Ignore*","color":[180, 180, 180]},"isLocked":true}},{"type":"Feature","id":"7e6c640d-9427-410c-87be-a6bfbab44678","geometry":{"type":"Polygon","coordinates":[[[14944, 15488],[14944, 15520],[14952, 15520],[14952, 15528],[14960, 15528],[14960, 15536],[15000, 15536],[15000, 15528],[15008, 15528],[15008, 15520],[15016, 15520],[15016, 15488],[15008, 15488],[15008, 15472],[14992, 15472],[14992, 15464],[14968, 15464],[14968, 15472],[14952, 15472],[14952, 15488],[14944, 15488]]]},"properties":{"objectType":"annotation","classification":{"name":"Ignore*","color":[180, 180, 180]},"isLocked":true}},{"type":"Feature","id":"abc48b38-cccf-4c04-98b2-a6253035e606","geometry":{"type":"Polygon","coordinates":[[[11784, 15616],[11784, 15640],[11792, 15640],[11792, 15648],[11800, 15648],[11800, 15656],[11824, 15656],[11824, 15648],[11912, 15648],[11912, 15656],[11920, 15656],[11920, 15664],[11928, 15664],[11928, 15688],[11936, 15688],[11936, 15696],[11944, 15696],[11944, 15712],[11952, 15712],[11952, 15728],[11960, 15728],[11960, 15744],[11968, 15744],[11968, 15760],[11976, 15760],[11976, 15776],[11984, 15776],[11984, 15792],[12000, 15792],[12000, 15800],[12016, 15800],[12016, 15808],[12024, 15808],[12024, 15824],[12032, 15824],[12032, 15840],[12040, 15840],[12040, 15856],[12048, 15856],[12048, 15872],[12056, 15872],[12056, 15880],[12064, 15880],[12064, 15904],[12072, 15904],[12072, 15920],[12080, 15920],[12080, 15928],[12112, 15928],[12112, 15920],[12120, 15920],[12120, 15760],[12112, 15760],[12112, 15728],[12104, 15728],[12104, 15712],[12088, 15712],[12088, 15704],[12072, 15704],[12072, 15696],[12040, 15696],[12040, 15688],[12024, 15688],[12024, 15680],[12016, 15680],[12016, 15664],[12008, 15664],[12008, 15576],[12000, 15576],[12000, 15568],[12008, 15568],[12008, 15560],[12024, 15560],[12024, 15552],[12040, 15552],[12040, 15544],[12048, 15544],[12048, 15536],[12056, 15536],[12056, 15528],[12064, 15528],[12064, 15520],[12072, 15520],[12072, 15504],[12080, 15504],[12080, 15480],[12072, 15480],[12072, 15464],[12064, 15464],[12064, 15456],[12024, 15456],[12024, 15464],[12016, 15464],[12016, 15472],[12008, 15472],[12008, 15480],[12000, 15480],[12000, 15488],[11984, 15488],[11984, 15504],[11976, 15504],[11976, 15552],[11968, 15552],[11968, 15560],[11952, 15560],[11952, 15568],[11904, 15568],[11904, 15560],[11896, 15560],[11896, 15544],[11888, 15544],[11888, 15528],[11880, 15528],[11880, 15456],[11888, 15456],[11888, 15416],[11896, 15416],[11896, 15400],[11904, 15400],[11904, 15384],[11912, 15384],[11912, 15368],[11920, 15368],[11920, 15352],[11928, 15352],[11928, 15296],[11920, 15296],[11920, 15280],[11912, 15280],[11912, 15272],[11888, 15272],[11888, 15280],[11872, 15280],[11872, 15288],[11864, 15288],[11864, 15312],[11856, 15312],[11856, 15344],[11848, 15344],[11848, 15368],[11840, 15368],[11840, 15376],[11832, 15376],[11832, 15392],[11824, 15392],[11824, 15448],[11832, 15448],[11832, 15496],[11824, 15496],[11824, 15512],[11816, 15512],[11816, 15528],[11808, 15528],[11808, 15568],[11800, 15568],[11800, 15584],[11792, 15584],[11792, 15616],[11784, 15616]]]},"properties":{"objectType":"annotation","classification":{"name":"Ignore*","color":[180, 180, 180]},"isLocked":true}},{"type":"Feature","id":"1d96b917-2bdd-41b9-b2ae-6d2089279c49","geometry":{"type":"Polygon","coordinates":[[[15192, 15592],[15192, 15640],[15200, 15640],[15200, 15648],[15208, 15648],[15208, 15656],[15256, 15656],[15256, 15648],[15264, 15648],[15264, 15608],[15256, 15608],[15256, 15592],[15248, 15592],[15248, 15584],[15232, 15584],[15232, 15576],[15208, 15576],[15208, 15584],[15200, 15584],[15200, 15592],[15192, 15592]]]},"properties":{"objectType":"annotation","classification":{"name":"Ignore*","color":[180, 180, 180]},"isLocked":true}},{"type":"Feature","id":"fdd3e011-33db-4bb4-8013-86d39c08bd4c","geometry":{"type":"Polygon","coordinates":[[[8992, 15632],[8992, 15680],[9000, 15680],[9000, 15704],[9008, 15704],[9008, 15720],[9016, 15720],[9016, 15736],[9024, 15736],[9024, 15744],[9032, 15744],[9032, 15752],[9040, 15752],[9040, 15760],[9048, 15760],[9048, 15768],[9056, 15768],[9056, 15776],[9064, 15776],[9064, 15800],[9072, 15800],[9072, 15816],[9112, 15816],[9112, 15864],[9136, 15864],[9136, 15856],[9144, 15856],[9144, 15848],[9168, 15848],[9168, 15840],[9216, 15840],[9216, 15832],[9232, 15832],[9232, 15824],[9240, 15824],[9240, 15808],[9248, 15808],[9248, 15784],[9240, 15784],[9240, 15768],[9232, 15768],[9232, 15752],[9216, 15752],[9216, 15744],[9160, 15744],[9160, 15752],[9128, 15752],[9128, 15736],[9120, 15736],[9120, 15720],[9112, 15720],[9112, 15712],[9104, 15712],[9104, 15696],[9096, 15696],[9096, 15680],[9088, 15680],[9088, 15656],[9080, 15656],[9080, 15640],[9072, 15640],[9072, 15632],[9064, 15632],[9064, 15624],[9056, 15624],[9056, 15616],[9016, 15616],[9016, 15624],[9000, 15624],[9000, 15632],[8992, 15632]]]},"properties":{"objectType":"annotation","classification":{"name":"Ignore*","color":[180, 180, 180]},"isLocked":true}},{"type":"Feature","id":"e334b10c-9d64-4b18-a0b3-081f227bae81","geometry":{"type":"Polygon","coordinates":[[[8160, 15800],[8160, 15840],[8168, 15840],[8168, 15848],[8176, 15848],[8176, 15856],[8208, 15856],[8208, 15848],[8216, 15848],[8216, 15840],[8224, 15840],[8224, 15832],[8232, 15832],[8232, 15824],[8240, 15824],[8240, 15816],[8248, 15816],[8248, 15808],[8256, 15808],[8256, 15800],[8264, 15800],[8264, 15784],[8272, 15784],[8272, 15776],[8264, 15776],[8264, 15768],[8256, 15768],[8256, 15760],[8240, 15760],[8240, 15752],[8192, 15752],[8192, 15760],[8184, 15760],[8184, 15768],[8176, 15768],[8176, 15784],[8168, 15784],[8168, 15800],[8160, 15800]]]},"properties":{"objectType":"annotation","classification":{"name":"Ignore*","color":[180, 180, 180]},"isLocked":true}},{"type":"Feature","id":"eadf4df2-6509-4713-bb33-29af8745cd5b","geometry":{"type":"Polygon","coordinates":[[[9808, 15672],[9808, 15680],[9816, 15680],[9816, 15696],[9824, 15696],[9824, 15704],[9832, 15704],[9832, 15712],[9840, 15712],[9840, 15728],[9848, 15728],[9848, 15744],[9856, 15744],[9856, 15760],[9864, 15760],[9864, 15768],[9880, 15768],[9880, 15776],[9896, 15776],[9896, 15784],[9912, 15784],[9912, 15792],[9920, 15792],[9920, 15800],[9928, 15800],[9928, 15808],[9936, 15808],[9936, 15824],[9944, 15824],[9944, 15832],[9960, 15832],[9960, 15840],[9976, 15840],[9976, 15848],[9984, 15848],[9984, 15864],[9992, 15864],[9992, 15872],[10000, 15872],[10000, 15880],[10008, 15880],[10008, 15888],[10016, 15888],[10016, 15896],[10024, 15896],[10024, 15904],[10040, 15904],[10040, 15912],[10056, 15912],[10056, 15920],[10072, 15920],[10072, 15928],[10080, 15928],[10080, 15936],[10088, 15936],[10088, 15944],[10096, 15944],[10096, 15960],[10104, 15960],[10104, 15968],[10128, 15968],[10128, 15952],[10136, 15952],[10136, 15936],[10144, 15936],[10144, 15920],[10152, 15920],[10152, 15912],[10144, 15912],[10144, 15904],[10136, 15904],[10136, 15896],[10128, 15896],[10128, 15880],[10120, 15880],[10120, 15864],[10112, 15864],[10112, 15856],[10104, 15856],[10104, 15840],[10096, 15840],[10096, 15832],[10088, 15832],[10088, 15824],[10080, 15824],[10080, 15816],[10072, 15816],[10072, 15808],[10056, 15808],[10056, 15800],[10048, 15800],[10048, 15792],[10040, 15792],[10040, 15784],[10032, 15784],[10032, 15776],[10024, 15776],[10024, 15768],[10016, 15768],[10016, 15760],[10008, 15760],[10008, 15752],[10000, 15752],[10000, 15744],[9992, 15744],[9992, 15736],[9984, 15736],[9984, 15728],[9976, 15728],[9976, 15720],[9968, 15720],[9968, 15712],[9944, 15712],[9944, 15704],[9928, 15704],[9928, 15696],[9920, 15696],[9920, 15688],[9912, 15688],[9912, 15680],[9904, 15680],[9904, 15672],[9888, 15672],[9888, 15664],[9816, 15664],[9816, 15672],[9808, 15672]]]},"properties":{"objectType":"annotation","classification":{"name":"Ignore*","color":[180, 180, 180]},"isLocked":true}},{"type":"Feature","id":"7bc5d4ef-048b-40ab-a9d5-d90db0d3673f","geometry":{"type":"Polygon","coordinates":[[[13208, 15808],[13208, 15816],[13216, 15816],[13216, 15848],[13224, 15848],[13224, 15856],[13232, 15856],[13232, 15864],[13272, 15864],[13272, 15856],[13280, 15856],[13280, 15840],[13288, 15840],[13288, 15800],[13280, 15800],[13280, 15784],[13272, 15784],[13272, 15776],[13232, 15776],[13232, 15784],[13224, 15784],[13224, 15792],[13216, 15792],[13216, 15808],[13208, 15808]]]},"properties":{"objectType":"annotation","classification":{"name":"Ignore*","color":[180, 180, 180]},"isLocked":true}},{"type":"Feature","id":"0f5fefce-ef91-4a8e-9318-d8f16dc0efbd","geometry":{"type":"Polygon","coordinates":[[[10808, 15792],[10808, 15832],[10816, 15832],[10816, 15848],[10824, 15848],[10824, 15856],[10840, 15856],[10840, 15864],[10912, 15864],[10912, 15832],[10904, 15832],[10904, 15816],[10896, 15816],[10896, 15800],[10888, 15800],[10888, 15784],[10880, 15784],[10880, 15776],[10872, 15776],[10872, 15768],[10840, 15768],[10840, 15776],[10824, 15776],[10824, 15784],[10816, 15784],[10816, 15792],[10808, 15792]]]},"properties":{"objectType":"annotation","classification":{"name":"Ignore*","color":[180, 180, 180]},"isLocked":true}},{"type":"Feature","id":"fa091a88-3f0a-4579-9332-d3fe3a80967c","geometry":{"type":"Polygon","coordinates":[[[11624, 15928],[11624, 15960],[11632, 15960],[11632, 15968],[11648, 15968],[11648, 15960],[11664, 15960],[11664, 15952],[11680, 15952],[11680, 15944],[11688, 15944],[11688, 15928],[11696, 15928],[11696, 15904],[11704, 15904],[11704, 15888],[11712, 15888],[11712, 15880],[11720, 15880],[11720, 15864],[11728, 15864],[11728, 15856],[11736, 15856],[11736, 15832],[11744, 15832],[11744, 15808],[11752, 15808],[11752, 15792],[11760, 15792],[11760, 15776],[11768, 15776],[11768, 15744],[11776, 15744],[11776, 15712],[11768, 15712],[11768, 15704],[11744, 15704],[11744, 15712],[11736, 15712],[11736, 15720],[11728, 15720],[11728, 15736],[11720, 15736],[11720, 15752],[11712, 15752],[11712, 15768],[11704, 15768],[11704, 15784],[11696, 15784],[11696, 15800],[11688, 15800],[11688, 15808],[11680, 15808],[11680, 15824],[11672, 15824],[11672, 15832],[11664, 15832],[11664, 15848],[11656, 15848],[11656, 15856],[11648, 15856],[11648, 15864],[11640, 15864],[11640, 15880],[11632, 15880],[11632, 15928],[11624, 15928]]]},"properties":{"objectType":"annotation","classification":{"name":"Ignore*","color":[180, 180, 180]},"isLocked":true}},{"type":"Feature","id":"ba4adb05-8bee-4ce8-b562-f575d158c752","geometry":{"type":"Polygon","coordinates":[[[11464, 15912],[11464, 15960],[11480, 15960],[11480, 15968],[11504, 15968],[11504, 15960],[11520, 15960],[11520, 15952],[11528, 15952],[11528, 15936],[11536, 15936],[11536, 15928],[11544, 15928],[11544, 15920],[11552, 15920],[11552, 15888],[11544, 15888],[11544, 15880],[11536, 15880],[11536, 15872],[11520, 15872],[11520, 15864],[11504, 15864],[11504, 15872],[11496, 15872],[11496, 15880],[11488, 15880],[11488, 15888],[11480, 15888],[11480, 15896],[11472, 15896],[11472, 15912],[11464, 15912]]]},"properties":{"objectType":"annotation","classification":{"name":"Ignore*","color":[180, 180, 180]},"isLocked":true}},{"type":"Feature","id":"587a7d96-1913-4e85-95e9-6367f10e809d","geometry":{"type":"Polygon","coordinates":[[[17160, 15896],[17160, 15928],[17168, 15928],[17168, 15960],[17176, 15960],[17176, 15976],[17184, 15976],[17184, 16008],[17192, 16008],[17192, 16048],[17200, 16048],[17200, 16064],[17208, 16064],[17208, 16072],[17248, 16072],[17248, 16064],[17256, 16064],[17256, 16056],[17264, 16056],[17264, 16040],[17272, 16040],[17272, 15928],[17264, 15928],[17264, 15888],[17256, 15888],[17256, 15880],[17248, 15880],[17248, 15864],[17232, 15864],[17232, 15856],[17192, 15856],[17192, 15864],[17176, 15864],[17176, 15880],[17168, 15880],[17168, 15896],[17160, 15896]]]},"properties":{"objectType":"annotation","classification":{"name":"Ignore*","color":[180, 180, 180]},"isLocked":true}},{"type":"Feature","id":"a7791b9e-f47e-4e2b-933e-68e36ecb3754","geometry":{"type":"Polygon","coordinates":[[[15144, 15856],[15184, 15912],[15248, 15952],[15320, 15936],[15328, 15920],[15376, 15912],[15384, 16000],[15368, 16008],[15368, 16096],[15408, 16176],[15456, 16208],[15496, 16208],[15512, 16224],[15560, 16224],[15624, 16176],[15640, 16136],[15640, 16088],[15608, 16056],[15576, 16000],[15536, 15968],[15504, 15960],[15448, 15920],[15424, 15880],[15408, 15880],[15360, 15816],[15256, 15768],[15200, 15768],[15152, 15808],[15144, 15856]]]},"properties":{"objectType":"annotation","classification":{"name":"Tumor","color":[102, 77, 179]}}},{"type":"Feature","id":"d3c5c233-b710-45f3-8192-f95abda59b1f","geometry":{"type":"Polygon","coordinates":[[[10976, 16032],[10976, 16056],[10984, 16056],[10984, 16072],[10992, 16072],[10992, 16080],[11000, 16080],[11000, 16088],[11032, 16088],[11032, 16080],[11040, 16080],[11040, 16072],[11056, 16072],[11056, 16064],[11064, 16064],[11064, 16056],[11072, 16056],[11072, 16048],[11080, 16048],[11080, 16000],[11072, 16000],[11072, 15984],[11064, 15984],[11064, 15976],[11024, 15976],[11024, 15984],[11016, 15984],[11016, 15992],[11000, 15992],[11000, 16000],[10992, 16000],[10992, 16016],[10984, 16016],[10984, 16032],[10976, 16032]]]},"properties":{"objectType":"annotation","classification":{"name":"Ignore*","color":[180, 180, 180]},"isLocked":true}},{"type":"Feature","id":"df96c558-8295-4069-bf1b-fa868c88b20f","geometry":{"type":"Polygon","coordinates":[[[13680, 15976],[13680, 16000],[13688, 16000],[13688, 16008],[13704, 16008],[13704, 16016],[13744, 16016],[13744, 16048],[13736, 16048],[13736, 16064],[13728, 16064],[13728, 16088],[13720, 16088],[13720, 16152],[13744, 16152],[13744, 16144],[13760, 16144],[13760, 16136],[13768, 16136],[13768, 16128],[13776, 16128],[13776, 16120],[13784, 16120],[13784, 16112],[13792, 16112],[13792, 16104],[13800, 16104],[13800, 16096],[13808, 16096],[13808, 16088],[13816, 16088],[13816, 16080],[13824, 16080],[13824, 16064],[13832, 16064],[13832, 16048],[13840, 16048],[13840, 15984],[13832, 15984],[13832, 15968],[13760, 15968],[13760, 15960],[13752, 15960],[13752, 15952],[13744, 15952],[13744, 15944],[13712, 15944],[13712, 15952],[13696, 15952],[13696, 15960],[13688, 15960],[13688, 15976],[13680, 15976]]]},"properties":{"objectType":"annotation","classification":{"name":"Ignore*","color":[180, 180, 180]},"isLocked":true}},{"type":"Feature","id":"35cf9dd3-2e64-44c1-9922-cb077bf7cb14","geometry":{"type":"Polygon","coordinates":[[[10440, 15960],[10440, 15992],[10448, 15992],[10448, 16000],[10456, 16000],[10456, 16008],[10464, 16008],[10464, 16016],[10480, 16016],[10480, 16024],[10488, 16024],[10488, 16032],[10504, 16032],[10504, 16040],[10512, 16040],[10512, 16048],[10528, 16048],[10528, 16056],[10536, 16056],[10536, 16064],[10544, 16064],[10544, 16072],[10552, 16072],[10552, 16080],[10560, 16080],[10560, 16088],[10568, 16088],[10568, 16096],[10592, 16096],[10592, 16104],[10616, 16104],[10616, 16112],[10632, 16112],[10632, 16120],[10640, 16120],[10640, 16128],[10648, 16128],[10648, 16136],[10656, 16136],[10656, 16144],[10672, 16144],[10672, 16152],[10680, 16152],[10680, 16160],[10696, 16160],[10696, 16168],[10760, 16168],[10760, 16160],[10776, 16160],[10776, 16152],[10784, 16152],[10784, 16144],[10792, 16144],[10792, 16120],[10784, 16120],[10784, 16112],[10776, 16112],[10776, 16104],[10768, 16104],[10768, 16096],[10760, 16096],[10760, 16088],[10752, 16088],[10752, 16080],[10736, 16080],[10736, 16072],[10728, 16072],[10728, 16064],[10720, 16064],[10720, 16056],[10712, 16056],[10712, 16048],[10704, 16048],[10704, 16040],[10688, 16040],[10688, 16032],[10672, 16032],[10672, 16024],[10656, 16024],[10656, 16016],[10640, 16016],[10640, 16008],[10624, 16008],[10624, 16000],[10616, 16000],[10616, 15992],[10600, 15992],[10600, 15984],[10584, 15984],[10584, 15976],[10560, 15976],[10560, 15968],[10536, 15968],[10536, 15960],[10520, 15960],[10520, 15952],[10504, 15952],[10504, 15944],[10464, 15944],[10464, 15952],[10448, 15952],[10448, 15960],[10440, 15960]]]},"properties":{"objectType":"annotation","classification":{"name":"Ignore*","color":[180, 180, 180]},"isLocked":true}},{"type":"Feature","id":"3e1f666d-3835-427e-bffe-befe7418445a","geometry":{"type":"Polygon","coordinates":[[[9040, 15976],[9040, 16040],[9048, 16040],[9048, 16056],[9056, 16056],[9056, 16064],[9064, 16064],[9064, 16112],[9072, 16112],[9072, 16120],[9080, 16120],[9080, 16128],[9104, 16128],[9104, 16136],[9112, 16136],[9112, 16144],[9120, 16144],[9120, 16152],[9136, 16152],[9136, 16160],[9144, 16160],[9144, 16168],[9184, 16168],[9184, 16160],[9200, 16160],[9200, 16152],[9208, 16152],[9208, 16136],[9216, 16136],[9216, 16048],[9208, 16048],[9208, 16032],[9200, 16032],[9200, 16024],[9184, 16024],[9184, 16016],[9176, 16016],[9176, 16008],[9168, 16008],[9168, 15992],[9160, 15992],[9160, 15984],[9152, 15984],[9152, 15976],[9144, 15976],[9144, 15968],[9128, 15968],[9128, 15960],[9064, 15960],[9064, 15968],[9048, 15968],[9048, 15976],[9040, 15976]]]},"properties":{"objectType":"annotation","classification":{"name":"Ignore*","color":[180, 180, 180]},"isLocked":true}},{"type":"Feature","id":"5f51622c-db0f-4f88-8d84-618a9426bfa9","geometry":{"type":"Polygon","coordinates":[[[3408, 16896],[3408, 16920],[3416, 16920],[3416, 16944],[3408, 16944],[3408, 17112],[3416, 17112],[3416, 17128],[3424, 17128],[3424, 17136],[3432, 17136],[3432, 17144],[3440, 17144],[3440, 17152],[3448, 17152],[3448, 17160],[3456, 17160],[3456, 17176],[3464, 17176],[3464, 17200],[3456, 17200],[3456, 17232],[3464, 17232],[3464, 17240],[3472, 17240],[3472, 17248],[3488, 17248],[3488, 17256],[3496, 17256],[3496, 17264],[3536, 17264],[3536, 17240],[3528, 17240],[3528, 17224],[3520, 17224],[3520, 17200],[3512, 17200],[3512, 17176],[3504, 17176],[3504, 17168],[3496, 17168],[3496, 17152],[3488, 17152],[3488, 17144],[3480, 17144],[3480, 17128],[3472, 17128],[3472, 17120],[3464, 17120],[3464, 17112],[3456, 17112],[3456, 17096],[3448, 17096],[3448, 17080],[3440, 17080],[3440, 17024],[3448, 17024],[3448, 16984],[3456, 16984],[3456, 16912],[3464, 16912],[3464, 16840],[3472, 16840],[3472, 16792],[3480, 16792],[3480, 16776],[3488, 16776],[3488, 16768],[3496, 16768],[3496, 16752],[3504, 16752],[3504, 16728],[3512, 16728],[3512, 16704],[3520, 16704],[3520, 16656],[3528, 16656],[3528, 16600],[3536, 16600],[3536, 16568],[3544, 16568],[3544, 16536],[3552, 16536],[3552, 16512],[3560, 16512],[3560, 16496],[3568, 16496],[3568, 16488],[3576, 16488],[3576, 16472],[3584, 16472],[3584, 16448],[3592, 16448],[3592, 16424],[3600, 16424],[3600, 16416],[3608, 16416],[3608, 16408],[3616, 16408],[3616, 16392],[3624, 16392],[3624, 16384],[3632, 16384],[3632, 16368],[3640, 16368],[3640, 16360],[3648, 16360],[3648, 16352],[3656, 16352],[3656, 16336],[3664, 16336],[3664, 16328],[3672, 16328],[3672, 16320],[3680, 16320],[3680, 16312],[3688, 16312],[3688, 16304],[3696, 16304],[3696, 16288],[3704, 16288],[3704, 16272],[3712, 16272],[3712, 16256],[3720, 16256],[3720, 16232],[3728, 16232],[3728, 16208],[3736, 16208],[3736, 16184],[3744, 16184],[3744, 16152],[3752, 16152],[3752, 16112],[3760, 16112],[3760, 16104],[3768, 16104],[3768, 16088],[3776, 16088],[3776, 16072],[3784, 16072],[3784, 16064],[3792, 16064],[3792, 16048],[3800, 16048],[3800, 16032],[3808, 16032],[3808, 16016],[3816, 16016],[3816, 16000],[3824, 16000],[3824, 15984],[3832, 15984],[3832, 15960],[3840, 15960],[3840, 15904],[3848, 15904],[3848, 15856],[3856, 15856],[3856, 15832],[3848, 15832],[3848, 15784],[3856, 15784],[3856, 15704],[3864, 15704],[3864, 15696],[3880, 15696],[3880, 15688],[3888, 15688],[3888, 15672],[3896, 15672],[3896, 15664],[3904, 15664],[3904, 15648],[3912, 15648],[3912, 15640],[3920, 15640],[3920, 15632],[3928, 15632],[3928, 15624],[3936, 15624],[3936, 15616],[3944, 15616],[3944, 15608],[3952, 15608],[3952, 15600],[3960, 15600],[3960, 15592],[3968, 15592],[3968, 15584],[3976, 15584],[3976, 15568],[3984, 15568],[3984, 15560],[3992, 15560],[3992, 15544],[4000, 15544],[4000, 15528],[4008, 15528],[4008, 15520],[4016, 15520],[4016, 15512],[4024, 15512],[4024, 15496],[4032, 15496],[4032, 15472],[4040, 15472],[4040, 15448],[4048, 15448],[4048, 15432],[4056, 15432],[4056, 15360],[4064, 15360],[4064, 15352],[4072, 15352],[4072, 15344],[4080, 15344],[4080, 15336],[4088, 15336],[4088, 15328],[4096, 15328],[4096, 15312],[4104, 15312],[4104, 15296],[4112, 15296],[4112, 15288],[4136, 15288],[4136, 15280],[4152, 15280],[4152, 15272],[4160, 15272],[4160, 15256],[4168, 15256],[4168, 15240],[4176, 15240],[4176, 15232],[4184, 15232],[4184, 15216],[4192, 15216],[4192, 15192],[4184, 15192],[4184, 15184],[4144, 15184],[4144, 15192],[4136, 15192],[4136, 15200],[4128, 15200],[4128, 15208],[4120, 15208],[4120, 15216],[4104, 15216],[4104, 15208],[4096, 15208],[4096, 15192],[4080, 15192],[4080, 15184],[4064, 15184],[4064, 15192],[4056, 15192],[4056, 15200],[4048, 15200],[4048, 15208],[4040, 15208],[4040, 15224],[4032, 15224],[4032, 15232],[4024, 15232],[4024, 15240],[4008, 15240],[4008, 15264],[4000, 15264],[4000, 15304],[3992, 15304],[3992, 15328],[4040, 15328],[4040, 15336],[4048, 15336],[4048, 15368],[4040, 15368],[4040, 15384],[4032, 15384],[4032, 15392],[4024, 15392],[4024, 15400],[4016, 15400],[4016, 15408],[4000, 15408],[4000, 15416],[3976, 15416],[3976, 15424],[3968, 15424],[3968, 15432],[3960, 15432],[3960, 15448],[3952, 15448],[3952, 15464],[3944, 15464],[3944, 15472],[3936, 15472],[3936, 15480],[3928, 15480],[3928, 15488],[3920, 15488],[3920, 15496],[3912, 15496],[3912, 15528],[3904, 15528],[3904, 15552],[3896, 15552],[3896, 15568],[3904, 15568],[3904, 15584],[3896, 15584],[3896, 15592],[3872, 15592],[3872, 15576],[3880, 15576],[3880, 15560],[3864, 15560],[3864, 15568],[3856, 15568],[3856, 15584],[3848, 15584],[3848, 15592],[3840, 15592],[3840, 15600],[3832, 15600],[3832, 15616],[3824, 15616],[3824, 15624],[3816, 15624],[3816, 15696],[3808, 15696],[3808, 15704],[3800, 15704],[3800, 15720],[3792, 15720],[3792, 15736],[3784, 15736],[3784, 15760],[3776, 15760],[3776, 15816],[3768, 15816],[3768, 15856],[3760, 15856],[3760, 15888],[3752, 15888],[3752, 15904],[3744, 15904],[3744, 15912],[3736, 15912],[3736, 15928],[3728, 15928],[3728, 15944],[3720, 15944],[3720, 15960],[3712, 15960],[3712, 15976],[3704, 15976],[3704, 15984],[3696, 15984],[3696, 15992],[3688, 15992],[3688, 16008],[3680, 16008],[3680, 16024],[3672, 16024],[3672, 16048],[3664, 16048],[3664, 16096],[3656, 16096],[3656, 16136],[3648, 16136],[3648, 16160],[3640, 16160],[3640, 16168],[3632, 16168],[3632, 16184],[3624, 16184],[3624, 16216],[3632, 16216],[3632, 16256],[3624, 16256],[3624, 16288],[3616, 16288],[3616, 16304],[3608, 16304],[3608, 16320],[3600, 16320],[3600, 16328],[3592, 16328],[3592, 16336],[3584, 16336],[3584, 16352],[3576, 16352],[3576, 16400],[3568, 16400],[3568, 16416],[3560, 16416],[3560, 16432],[3552, 16432],[3552, 16440],[3544, 16440],[3544, 16456],[3536, 16456],[3536, 16464],[3528, 16464],[3528, 16480],[3520, 16480],[3520, 16496],[3512, 16496],[3512, 16512],[3504, 16512],[3504, 16528],[3496, 16528],[3496, 16544],[3488, 16544],[3488, 16600],[3480, 16600],[3480, 16624],[3472, 16624],[3472, 16648],[3464, 16648],[3464, 16704],[3456, 16704],[3456, 16760],[3448, 16760],[3448, 16792],[3440, 16792],[3440, 16808],[3432, 16808],[3432, 16824],[3424, 16824],[3424, 16848],[3416, 16848],[3416, 16896],[3408, 16896]]]},"properties":{"objectType":"annotation","classification":{"name":"Ignore*","color":[180, 180, 180]},"isLocked":true}},{"type":"Feature","id":"ae3cd8d2-7f87-40d4-99c2-f9bcda842787","geometry":{"type":"Polygon","coordinates":[[[12152, 16000],[12152, 16008],[12160, 16008],[12160, 16032],[12168, 16032],[12168, 16056],[12176, 16056],[12176, 16064],[12184, 16064],[12184, 16072],[12192, 16072],[12192, 16080],[12200, 16080],[12200, 16096],[12208, 16096],[12208, 16104],[12216, 16104],[12216, 16120],[12224, 16120],[12224, 16128],[12232, 16128],[12232, 16136],[12240, 16136],[12240, 16144],[12256, 16144],[12256, 16152],[12264, 16152],[12264, 16168],[12272, 16168],[12272, 16176],[12280, 16176],[12280, 16184],[12288, 16184],[12288, 16192],[12344, 16192],[12344, 16200],[12360, 16200],[12360, 16208],[12424, 16208],[12424, 16216],[12440, 16216],[12440, 16224],[12448, 16224],[12448, 16240],[12456, 16240],[12456, 16256],[12464, 16256],[12464, 16280],[12472, 16280],[12472, 16304],[12480, 16304],[12480, 16328],[12488, 16328],[12488, 16352],[12496, 16352],[12496, 16384],[12504, 16384],[12504, 16416],[12512, 16416],[12512, 16440],[12520, 16440],[12520, 16456],[12528, 16456],[12528, 16472],[12536, 16472],[12536, 16488],[12544, 16488],[12544, 16512],[12552, 16512],[12552, 16520],[12560, 16520],[12560, 16528],[12568, 16528],[12568, 16536],[12592, 16536],[12592, 16528],[12608, 16528],[12608, 16520],[12616, 16520],[12616, 16488],[12608, 16488],[12608, 16464],[12600, 16464],[12600, 16408],[12592, 16408],[12592, 16384],[12584, 16384],[12584, 16360],[12576, 16360],[12576, 16344],[12568, 16344],[12568, 16304],[12560, 16304],[12560, 16288],[12552, 16288],[12552, 16256],[12544, 16256],[12544, 16152],[12552, 16152],[12552, 16072],[12560, 16072],[12560, 16048],[12568, 16048],[12568, 16024],[12576, 16024],[12576, 16016],[12584, 16016],[12584, 16000],[12592, 16000],[12592, 15992],[12600, 15992],[12600, 15928],[12608, 15928],[12608, 15856],[12616, 15856],[12616, 15824],[12624, 15824],[12624, 15768],[12592, 15768],[12592, 15776],[12584, 15776],[12584, 15792],[12576, 15792],[12576, 15800],[12560, 15800],[12560, 15816],[12552, 15816],[12552, 15832],[12560, 15832],[12560, 15864],[12552, 15864],[12552, 15880],[12544, 15880],[12544, 15896],[12536, 15896],[12536, 15912],[12528, 15912],[12528, 15928],[12520, 15928],[12520, 15936],[12512, 15936],[12512, 15968],[12504, 15968],[12504, 16024],[12512, 16024],[12512, 16032],[12504, 16032],[12504, 16064],[12496, 16064],[12496, 16088],[12488, 16088],[12488, 16104],[12480, 16104],[12480, 16112],[12472, 16112],[12472, 16120],[12464, 16120],[12464, 16128],[12448, 16128],[12448, 16136],[12376, 16136],[12376, 16128],[12360, 16128],[12360, 16120],[12344, 16120],[12344, 16112],[12336, 16112],[12336, 16104],[12320, 16104],[12320, 16096],[12312, 16096],[12312, 16088],[12304, 16088],[12304, 16080],[12296, 16080],[12296, 16064],[12288, 16064],[12288, 16056],[12272, 16056],[12272, 16048],[12264, 16048],[12264, 16040],[12256, 16040],[12256, 16032],[12248, 16032],[12248, 16024],[12240, 16024],[12240, 16016],[12232, 16016],[12232, 16008],[12224, 16008],[12224, 16000],[12216, 16000],[12216, 15992],[12200, 15992],[12200, 15984],[12160, 15984],[12160, 16000],[12152, 16000]]]},"properties":{"objectType":"annotation","classification":{"name":"Ignore*","color":[180, 180, 180]},"isLocked":true}},{"type":"Feature","id":"319105d0-6fca-43ec-8ef8-ce2ae601a7e6","geometry":{"type":"Polygon","coordinates":[[[11912, 16184],[11912, 16216],[11920, 16216],[11920, 16224],[11960, 16224],[11960, 16216],[12072, 16216],[12072, 16208],[12088, 16208],[12088, 16200],[12096, 16200],[12096, 16192],[12104, 16192],[12104, 16152],[12096, 16152],[12096, 16144],[12088, 16144],[12088, 16136],[12072, 16136],[12072, 16128],[11968, 16128],[11968, 16136],[11960, 16136],[11960, 16144],[11944, 16144],[11944, 16152],[11936, 16152],[11936, 16160],[11928, 16160],[11928, 16168],[11920, 16168],[11920, 16184],[11912, 16184]]]},"properties":{"objectType":"annotation","classification":{"name":"Ignore*","color":[180, 180, 180]},"isLocked":true}},{"type":"Feature","id":"e020c760-106c-444f-99ca-e729822ca7d1","geometry":{"type":"Polygon","coordinates":[[[13072, 16248],[13072, 16272],[13080, 16272],[13080, 16296],[13088, 16296],[13088, 16312],[13096, 16312],[13096, 16320],[13120, 16320],[13120, 16304],[13128, 16304],[13128, 16288],[13136, 16288],[13136, 16248],[13144, 16248],[13144, 16232],[13152, 16232],[13152, 16216],[13160, 16216],[13160, 16200],[13168, 16200],[13168, 16184],[13176, 16184],[13176, 16176],[13192, 16176],[13192, 16160],[13200, 16160],[13200, 16144],[13208, 16144],[13208, 16128],[13200, 16128],[13200, 16112],[13160, 16112],[13160, 16120],[13136, 16120],[13136, 16128],[13120, 16128],[13120, 16136],[13112, 16136],[13112, 16144],[13104, 16144],[13104, 16152],[13096, 16152],[13096, 16168],[13088, 16168],[13088, 16224],[13080, 16224],[13080, 16248],[13072, 16248]]]},"properties":{"objectType":"annotation","classification":{"name":"Ignore*","color":[180, 180, 180]},"isLocked":true}},{"type":"Feature","id":"dbde9869-df06-45cb-9671-486216667df3","geometry":{"type":"Polygon","coordinates":[[[9192, 16224],[9192, 16240],[9200, 16240],[9200, 16256],[9208, 16256],[9208, 16264],[9216, 16264],[9216, 16272],[9224, 16272],[9224, 16264],[9240, 16264],[9240, 16256],[9248, 16256],[9248, 16248],[9256, 16248],[9256, 16256],[9272, 16256],[9272, 16264],[9280, 16264],[9280, 16272],[9312, 16272],[9312, 16232],[9304, 16232],[9304, 16216],[9264, 16216],[9264, 16224],[9240, 16224],[9240, 16216],[9200, 16216],[9200, 16224],[9192, 16224]]]},"properties":{"objectType":"annotation","classification":{"name":"Ignore*","color":[180, 180, 180]},"isLocked":true}},{"type":"Feature","id":"a15e7abd-b90c-4771-a63b-d487ab2a8db5","geometry":{"type":"Polygon","coordinates":[[[16944, 16344],[16944, 16400],[16952, 16400],[16952, 16408],[16960, 16408],[16960, 16416],[16976, 16416],[16976, 16424],[17016, 16424],[17016, 16416],[17024, 16416],[17024, 16400],[17032, 16400],[17032, 16392],[17040, 16392],[17040, 16344],[17032, 16344],[17032, 16336],[17024, 16336],[17024, 16328],[17008, 16328],[17008, 16320],[16960, 16320],[16960, 16328],[16952, 16328],[16952, 16344],[16944, 16344]]]},"properties":{"objectType":"annotation","classification":{"name":"Ignore*","color":[180, 180, 180]},"isLocked":true}},{"type":"Feature","id":"eef14813-b496-47d4-80de-f73f52e5c87d","geometry":{"type":"Polygon","coordinates":[[[10768, 16336],[10768, 16400],[10776, 16400],[10776, 16408],[10784, 16408],[10784, 16416],[10792, 16416],[10792, 16424],[10872, 16424],[10872, 16432],[10880, 16432],[10880, 16448],[10888, 16448],[10888, 16464],[10896, 16464],[10896, 16472],[10912, 16472],[10912, 16480],[10928, 16480],[10928, 16472],[10936, 16472],[10936, 16456],[10944, 16456],[10944, 16440],[10952, 16440],[10952, 16416],[10960, 16416],[10960, 16392],[10952, 16392],[10952, 16384],[10944, 16384],[10944, 16376],[10936, 16376],[10936, 16368],[10920, 16368],[10920, 16360],[10896, 16360],[10896, 16352],[10888, 16352],[10888, 16344],[10880, 16344],[10880, 16336],[10864, 16336],[10864, 16328],[10848, 16328],[10848, 16320],[10832, 16320],[10832, 16312],[10792, 16312],[10792, 16320],[10784, 16320],[10784, 16328],[10776, 16328],[10776, 16336],[10768, 16336]]]},"properties":{"objectType":"annotation","classification":{"name":"Ignore*","color":[180, 180, 180]},"isLocked":true}},{"type":"Feature","id":"02bcfb14-b379-49e4-ab7d-797cd495c4d9","geometry":{"type":"Polygon","coordinates":[[[15792, 16392],[15792, 16432],[15832, 16504],[15944, 16576],[16056, 16584],[16184, 16584],[16240, 16608],[16416, 16600],[16480, 16544],[16488, 16464],[16424, 16384],[16384, 16384],[16344, 16336],[16312, 16328],[16232, 16264],[16160, 16264],[16120, 16224],[16072, 16200],[15912, 16200],[15816, 16272],[15816, 16352],[15792, 16392]]]},"properties":{"objectType":"annotation","classification":{"name":"Tumor","color":[102, 77, 179]}}},{"type":"Feature","id":"2ff08df2-3e09-4113-813c-e24dc13168d9","geometry":{"type":"Polygon","coordinates":[[[14320, 16456],[14336, 16472],[14344, 16512],[14448, 16576],[14504, 16592],[14576, 16640],[14624, 16640],[14656, 16664],[14688, 16664],[14712, 16624],[14704, 16560],[14640, 16520],[14624, 16488],[14624, 16376],[14640, 16320],[14672, 16296],[14672, 16232],[14608, 16200],[14560, 16200],[14488, 16272],[14424, 16304],[14416, 16328],[14328, 16360],[14328, 16432],[14320, 16456]]]},"properties":{"objectType":"annotation","classification":{"name":"Tumor","color":[102, 77, 179]}}},{"type":"Feature","id":"be2de0cf-96b0-4d83-9238-2b1265e45bc2","geometry":{"type":"Polygon","coordinates":[[[13464, 16264],[13464, 16296],[13472, 16296],[13472, 16304],[13480, 16304],[13480, 16312],[13488, 16312],[13488, 16320],[13496, 16320],[13496, 16360],[13504, 16360],[13504, 16376],[13512, 16376],[13512, 16384],[13520, 16384],[13520, 16400],[13528, 16400],[13528, 16424],[13536, 16424],[13536, 16456],[13544, 16456],[13544, 16488],[13552, 16488],[13552, 16520],[13560, 16520],[13560, 16560],[13568, 16560],[13568, 16664],[13576, 16664],[13576, 16712],[13584, 16712],[13584, 16728],[13592, 16728],[13592, 16744],[13600, 16744],[13600, 16760],[13608, 16760],[13608, 16768],[13616, 16768],[13616, 16784],[13624, 16784],[13624, 16792],[13632, 16792],[13632, 16800],[13640, 16800],[13640, 16808],[13648, 16808],[13648, 16816],[13664, 16816],[13664, 16824],[13688, 16824],[13688, 16832],[13712, 16832],[13712, 16840],[13736, 16840],[13736, 16832],[13752, 16832],[13752, 16824],[13760, 16824],[13760, 16816],[13768, 16816],[13768, 16808],[13776, 16808],[13776, 16792],[13784, 16792],[13784, 16736],[13776, 16736],[13776, 16728],[13768, 16728],[13768, 16736],[13752, 16736],[13752, 16744],[13736, 16744],[13736, 16752],[13728, 16752],[13728, 16768],[13720, 16768],[13720, 16776],[13712, 16776],[13712, 16784],[13704, 16784],[13704, 16792],[13680, 16792],[13680, 16776],[13672, 16776],[13672, 16704],[13664, 16704],[13664, 16624],[13656, 16624],[13656, 16576],[13648, 16576],[13648, 16552],[13640, 16552],[13640, 16536],[13632, 16536],[13632, 16520],[13624, 16520],[13624, 16464],[13632, 16464],[13632, 16432],[13640, 16432],[13640, 16416],[13648, 16416],[13648, 16400],[13656, 16400],[13656, 16320],[13648, 16320],[13648, 16264],[13640, 16264],[13640, 16248],[13632, 16248],[13632, 16232],[13624, 16232],[13624, 16224],[13616, 16224],[13616, 16216],[13608, 16216],[13608, 16208],[13600, 16208],[13600, 16200],[13592, 16200],[13592, 16192],[13576, 16192],[13576, 16184],[13568, 16184],[13568, 16176],[13560, 16176],[13560, 16168],[13528, 16168],[13528, 16176],[13512, 16176],[13512, 16192],[13504, 16192],[13504, 16208],[13496, 16208],[13496, 16216],[13488, 16216],[13488, 16224],[13472, 16224],[13472, 16264],[13464, 16264]]]},"properties":{"objectType":"annotation","classification":{"name":"Ignore*","color":[180, 180, 180]},"isLocked":true}},{"type":"Feature","id":"a7280ec1-615a-448c-bf40-151231d493d4","geometry":{"type":"Polygon","coordinates":[[[11552, 16480],[11552, 16512],[11560, 16512],[11560, 16536],[11552, 16536],[11552, 16568],[11560, 16568],[11560, 16584],[11600, 16584],[11600, 16528],[11592, 16528],[11592, 16512],[11584, 16512],[11584, 16480],[11576, 16480],[11576, 16472],[11560, 16472],[11560, 16480],[11552, 16480]]]},"properties":{"objectType":"annotation","classification":{"name":"Ignore*","color":[180, 180, 180]},"isLocked":true}},{"type":"Feature","id":"454a2fb6-e2e3-4132-b66a-ccf8ed918c42","geometry":{"type":"Polygon","coordinates":[[[8784, 16480],[8784, 16520],[8792, 16520],[8792, 16536],[8800, 16536],[8800, 16544],[8808, 16544],[8808, 16560],[8816, 16560],[8816, 16576],[8824, 16576],[8824, 16584],[8832, 16584],[8832, 16592],[8848, 16592],[8848, 16600],[8856, 16600],[8856, 16608],[8872, 16608],[8872, 16616],[8888, 16616],[8888, 16624],[8920, 16624],[8920, 16616],[8928, 16616],[8928, 16608],[8936, 16608],[8936, 16568],[8928, 16568],[8928, 16552],[8920, 16552],[8920, 16544],[8912, 16544],[8912, 16536],[8896, 16536],[8896, 16528],[8888, 16528],[8888, 16520],[8880, 16520],[8880, 16496],[8872, 16496],[8872, 16488],[8864, 16488],[8864, 16480],[8848, 16480],[8848, 16472],[8840, 16472],[8840, 16464],[8800, 16464],[8800, 16472],[8792, 16472],[8792, 16480],[8784, 16480]]]},"properties":{"objectType":"annotation","classification":{"name":"Ignore*","color":[180, 180, 180]},"isLocked":true}},{"type":"Feature","id":"86540210-f60d-476b-8b92-2f867cedc6b1","geometry":{"type":"Polygon","coordinates":[[[13680, 16584],[13680, 16616],[13688, 16616],[13688, 16632],[13696, 16632],[13696, 16640],[13704, 16640],[13704, 16648],[13736, 16648],[13736, 16640],[13744, 16640],[13744, 16624],[13752, 16624],[13752, 16520],[13760, 16520],[13760, 16512],[13752, 16512],[13752, 16496],[13704, 16496],[13704, 16512],[13696, 16512],[13696, 16536],[13688, 16536],[13688, 16584],[13680, 16584]]]},"properties":{"objectType":"annotation","classification":{"name":"Ignore*","color":[180, 180, 180]},"isLocked":true}},{"type":"Feature","id":"a034d63a-01a5-449f-ae9a-cb6b444900ef","geometry":{"type":"Polygon","coordinates":[[[8672, 16584],[8672, 16624],[8688, 16624],[8688, 16632],[8728, 16632],[8728, 16624],[8744, 16624],[8744, 16616],[8752, 16616],[8752, 16608],[8760, 16608],[8760, 16592],[8752, 16592],[8752, 16584],[8744, 16584],[8744, 16576],[8736, 16576],[8736, 16568],[8704, 16568],[8704, 16576],[8688, 16576],[8688, 16584],[8672, 16584]]]},"properties":{"objectType":"annotation","classification":{"name":"Ignore*","color":[180, 180, 180]},"isLocked":true}},{"type":"Feature","id":"24e14ce9-2338-4e63-a2e7-92438187f9c3","geometry":{"type":"Polygon","coordinates":[[[8256, 16840],[8256, 16864],[8264, 16864],[8264, 16880],[8288, 16880],[8288, 16888],[8312, 16888],[8312, 16880],[8328, 16880],[8328, 16872],[8336, 16872],[8336, 16864],[8344, 16864],[8344, 16848],[8352, 16848],[8352, 16832],[8360, 16832],[8360, 16824],[8368, 16824],[8368, 16816],[8384, 16816],[8384, 16824],[8392, 16824],[8392, 16832],[8400, 16832],[8400, 16848],[8408, 16848],[8408, 16856],[8416, 16856],[8416, 16864],[8432, 16864],[8432, 16856],[8440, 16856],[8440, 16848],[8448, 16848],[8448, 16840],[8456, 16840],[8456, 16832],[8464, 16832],[8464, 16824],[8472, 16824],[8472, 16808],[8480, 16808],[8480, 16752],[8488, 16752],[8488, 16736],[8496, 16736],[8496, 16728],[8504, 16728],[8504, 16712],[8512, 16712],[8512, 16704],[8520, 16704],[8520, 16696],[8544, 16696],[8544, 16688],[8568, 16688],[8568, 16680],[8632, 16680],[8632, 16664],[8640, 16664],[8640, 16632],[8632, 16632],[8632, 16616],[8624, 16616],[8624, 16608],[8608, 16608],[8608, 16600],[8600, 16600],[8600, 16592],[8592, 16592],[8592, 16584],[8584, 16584],[8584, 16576],[8576, 16576],[8576, 16568],[8568, 16568],[8568, 16560],[8552, 16560],[8552, 16552],[8544, 16552],[8544, 16544],[8536, 16544],[8536, 16536],[8528, 16536],[8528, 16520],[8520, 16520],[8520, 16512],[8512, 16512],[8512, 16504],[8504, 16504],[8504, 16496],[8496, 16496],[8496, 16488],[8488, 16488],[8488, 16472],[8480, 16472],[8480, 16456],[8472, 16456],[8472, 16440],[8464, 16440],[8464, 16432],[8456, 16432],[8456, 16424],[8448, 16424],[8448, 16360],[8440, 16360],[8440, 16352],[8432, 16352],[8432, 16344],[8416, 16344],[8416, 16336],[8376, 16336],[8376, 16344],[8368, 16344],[8368, 16376],[8360, 16376],[8360, 16400],[8352, 16400],[8352, 16408],[8344, 16408],[8344, 16456],[8352, 16456],[8352, 16464],[8360, 16464],[8360, 16472],[8368, 16472],[8368, 16560],[8376, 16560],[8376, 16568],[8392, 16568],[8392, 16576],[8464, 16576],[8464, 16584],[8472, 16584],[8472, 16592],[8480, 16592],[8480, 16608],[8488, 16608],[8488, 16624],[8480, 16624],[8480, 16632],[8472, 16632],[8472, 16640],[8464, 16640],[8464, 16648],[8448, 16648],[8448, 16656],[8440, 16656],[8440, 16664],[8432, 16664],[8432, 16672],[8424, 16672],[8424, 16680],[8416, 16680],[8416, 16688],[8400, 16688],[8400, 16696],[8392, 16696],[8392, 16704],[8384, 16704],[8384, 16712],[8368, 16712],[8368, 16720],[8360, 16720],[8360, 16728],[8352, 16728],[8352, 16736],[8344, 16736],[8344, 16744],[8336, 16744],[8336, 16752],[8328, 16752],[8328, 16768],[8320, 16768],[8320, 16784],[8312, 16784],[8312, 16792],[8304, 16792],[8304, 16800],[8296, 16800],[8296, 16808],[8288, 16808],[8288, 16816],[8280, 16816],[8280, 16824],[8272, 16824],[8272, 16832],[8264, 16832],[8264, 16840],[8256, 16840]]]},"properties":{"objectType":"annotation","classification":{"name":"Ignore*","color":[180, 180, 180]},"isLocked":true}},{"type":"Feature","id":"0586ed2f-88b7-4a81-bb43-8900a5f06162","geometry":{"type":"Polygon","coordinates":[[[12752, 16648],[12752, 16696],[12760, 16696],[12760, 16712],[12768, 16712],[12768, 16720],[12784, 16720],[12784, 16712],[12800, 16712],[12800, 16704],[12808, 16704],[12808, 16696],[12816, 16696],[12816, 16688],[12824, 16688],[12824, 16672],[12832, 16672],[12832, 16640],[12840, 16640],[12840, 16568],[12832, 16568],[12832, 16560],[12824, 16560],[12824, 16568],[12808, 16568],[12808, 16576],[12800, 16576],[12800, 16584],[12792, 16584],[12792, 16592],[12784, 16592],[12784, 16600],[12776, 16600],[12776, 16616],[12768, 16616],[12768, 16632],[12760, 16632],[12760, 16648],[12752, 16648]]]},"properties":{"objectType":"annotation","classification":{"name":"Ignore*","color":[180, 180, 180]},"isLocked":true}},{"type":"Feature","id":"16ab8944-56e9-439d-823e-3b965c17c79e","geometry":{"type":"Polygon","coordinates":[[[11816, 16616],[11816, 16664],[11824, 16664],[11824, 16688],[11832, 16688],[11832, 16720],[11840, 16720],[11840, 16784],[11848, 16784],[11848, 16792],[11864, 16792],[11864, 16800],[11872, 16800],[11872, 16792],[11888, 16792],[11888, 16776],[11896, 16776],[11896, 16704],[11904, 16704],[11904, 16688],[11912, 16688],[11912, 16656],[11904, 16656],[11904, 16624],[11896, 16624],[11896, 16608],[11888, 16608],[11888, 16600],[11872, 16600],[11872, 16592],[11832, 16592],[11832, 16600],[11824, 16600],[11824, 16616],[11816, 16616]]]},"properties":{"objectType":"annotation","classification":{"name":"Ignore*","color":[180, 180, 180]},"isLocked":true}},{"type":"Feature","id":"d4a3f683-3d78-467d-8a66-507a0587d7df","geometry":{"type":"Polygon","coordinates":[[[11608, 16672],[11608, 16712],[11616, 16712],[11616, 16744],[11624, 16744],[11624, 16768],[11632, 16768],[11632, 16800],[11640, 16800],[11640, 16880],[11648, 16880],[11648, 16912],[11656, 16912],[11656, 16928],[11664, 16928],[11664, 16944],[11672, 16944],[11672, 16960],[11680, 16960],[11680, 16968],[11688, 16968],[11688, 16976],[11696, 16976],[11696, 16984],[11712, 16984],[11712, 16992],[11720, 16992],[11720, 17000],[11736, 17000],[11736, 16992],[11744, 16992],[11744, 16936],[11736, 16936],[11736, 16888],[11728, 16888],[11728, 16864],[11720, 16864],[11720, 16848],[11712, 16848],[11712, 16840],[11704, 16840],[11704, 16824],[11696, 16824],[11696, 16800],[11688, 16800],[11688, 16768],[11696, 16768],[11696, 16736],[11688, 16736],[11688, 16728],[11680, 16728],[11680, 16712],[11672, 16712],[11672, 16696],[11664, 16696],[11664, 16672],[11656, 16672],[11656, 16664],[11648, 16664],[11648, 16656],[11616, 16656],[11616, 16672],[11608, 16672]]]},"properties":{"objectType":"annotation","classification":{"name":"Ignore*","color":[180, 180, 180]},"isLocked":true}},{"type":"Feature","id":"6e4510bf-518a-4e42-b402-6e815cc0ba12","geometry":{"type":"Polygon","coordinates":[[[14872, 16640],[14872, 16696],[14880, 16720],[14896, 16736],[14896, 16752],[14976, 16800],[14984, 16816],[15000, 16816],[15016, 16840],[15040, 16848],[15040, 16864],[15056, 16872],[15064, 16912],[15080, 16920],[15080, 16936],[15120, 16960],[15160, 17008],[15200, 17008],[15240, 16976],[15248, 17016],[15264, 17032],[15264, 17072],[15296, 17096],[15304, 17128],[15336, 17152],[15416, 17152],[15456, 17112],[15456, 17096],[15472, 17088],[15480, 17072],[15480, 17016],[15464, 17008],[15432, 16960],[15416, 16952],[15376, 16952],[15360, 16936],[15280, 16936],[15280, 16944],[15256, 16944],[15264, 16936],[15264, 16808],[15216, 16768],[15216, 16752],[15200, 16744],[15200, 16728],[15160, 16696],[15160, 16680],[15144, 16664],[15088, 16664],[15080, 16640],[15064, 16624],[15040, 16616],[15008, 16616],[15008, 16608],[14960, 16608],[14960, 16600],[14928, 16600],[14928, 16608],[14888, 16616],[14872, 16640]]]},"properties":{"objectType":"annotation","classification":{"name":"Tumor","color":[102, 77, 179]}}},{"type":"Feature","id":"070d98d8-7d26-4b0b-8a8a-952a365a9459","geometry":{"type":"Polygon","coordinates":[[[7664, 16832],[7664, 16912],[7672, 16912],[7672, 16920],[7680, 16920],[7680, 16928],[7688, 16928],[7688, 16920],[7704, 16920],[7704, 16912],[7712, 16912],[7712, 16896],[7720, 16896],[7720, 16880],[7728, 16880],[7728, 16856],[7736, 16856],[7736, 16840],[7728, 16840],[7728, 16832],[7720, 16832],[7720, 16824],[7672, 16824],[7672, 16832],[7664, 16832]]]},"properties":{"objectType":"annotation","classification":{"name":"Ignore*","color":[180, 180, 180]},"isLocked":true}},{"type":"Feature","id":"ab4a285a-edc1-4239-8d49-aa431b91c253","geometry":{"type":"Polygon","coordinates":[[[7832, 16840],[7832, 16872],[7840, 16872],[7840, 16888],[7848, 16888],[7848, 16896],[7856, 16896],[7856, 16912],[7872, 16912],[7872, 16920],[7904, 16920],[7904, 16912],[7912, 16912],[7912, 16904],[7920, 16904],[7920, 16888],[7928, 16888],[7928, 16880],[7920, 16880],[7920, 16864],[7912, 16864],[7912, 16856],[7904, 16856],[7904, 16848],[7896, 16848],[7896, 16840],[7888, 16840],[7888, 16832],[7880, 16832],[7880, 16824],[7864, 16824],[7864, 16816],[7848, 16816],[7848, 16824],[7840, 16824],[7840, 16840],[7832, 16840]]]},"properties":{"objectType":"annotation","classification":{"name":"Ignore*","color":[180, 180, 180]},"isLocked":true}},{"type":"Feature","id":"db42615b-70cd-45d0-8bd0-4aa28ca96d65","geometry":{"type":"Polygon","coordinates":[[[9144, 16968],[9144, 17008],[9152, 17008],[9152, 17016],[9184, 17016],[9184, 17008],[9200, 17008],[9200, 17000],[9208, 17000],[9208, 16992],[9216, 16992],[9216, 16984],[9232, 16984],[9232, 16976],[9248, 16976],[9248, 16992],[9256, 16992],[9256, 17000],[9272, 17000],[9272, 17008],[9296, 17008],[9296, 17000],[9304, 17000],[9304, 16992],[9312, 16992],[9312, 16984],[9320, 16984],[9320, 16976],[9328, 16976],[9328, 16968],[9344, 16968],[9344, 16960],[9392, 16960],[9392, 16968],[9432, 16968],[9432, 16960],[9456, 16960],[9456, 16952],[9472, 16952],[9472, 16944],[9496, 16944],[9496, 16936],[9520, 16936],[9520, 16944],[9536, 16944],[9536, 16960],[9544, 16960],[9544, 16976],[9552, 16976],[9552, 17016],[9560, 17016],[9560, 17024],[9584, 17024],[9584, 17032],[9648, 17032],[9648, 17024],[9664, 17024],[9664, 17016],[9672, 17016],[9672, 17000],[9680, 17000],[9680, 16912],[9672, 16912],[9672, 16904],[9664, 16904],[9664, 16896],[9656, 16896],[9656, 16880],[9664, 16880],[9664, 16864],[9672, 16864],[9672, 16848],[9664, 16848],[9664, 16832],[9632, 16832],[9632, 16840],[9624, 16840],[9624, 16856],[9608, 16856],[9608, 16864],[9544, 16864],[9544, 16856],[9536, 16856],[9536, 16848],[9520, 16848],[9520, 16840],[9512, 16840],[9512, 16848],[9464, 16848],[9464, 16856],[9424, 16856],[9424, 16864],[9408, 16864],[9408, 16872],[9352, 16872],[9352, 16864],[9344, 16864],[9344, 16856],[9336, 16856],[9336, 16808],[9344, 16808],[9344, 16792],[9352, 16792],[9352, 16784],[9368, 16784],[9368, 16768],[9376, 16768],[9376, 16712],[9384, 16712],[9384, 16696],[9392, 16696],[9392, 16680],[9400, 16680],[9400, 16664],[9408, 16664],[9408, 16640],[9400, 16640],[9400, 16624],[9392, 16624],[9392, 16608],[9384, 16608],[9384, 16600],[9352, 16600],[9352, 16608],[9336, 16608],[9336, 16624],[9328, 16624],[9328, 16640],[9320, 16640],[9320, 16656],[9312, 16656],[9312, 16664],[9304, 16664],[9304, 16680],[9296, 16680],[9296, 16744],[9288, 16744],[9288, 16760],[9280, 16760],[9280, 16776],[9272, 16776],[9272, 16856],[9280, 16856],[9280, 16888],[9272, 16888],[9272, 16904],[9264, 16904],[9264, 16912],[9256, 16912],[9256, 16904],[9248, 16904],[9248, 16880],[9240, 16880],[9240, 16840],[9232, 16840],[9232, 16832],[9224, 16832],[9224, 16824],[9200, 16824],[9200, 16840],[9192, 16840],[9192, 16856],[9184, 16856],[9184, 16880],[9176, 16880],[9176, 16896],[9168, 16896],[9168, 16928],[9160, 16928],[9160, 16952],[9152, 16952],[9152, 16968],[9144, 16968]]]},"properties":{"objectType":"annotation","classification":{"name":"Ignore*","color":[180, 180, 180]},"isLocked":true}},{"type":"Feature","id":"304c4269-e3a1-44b6-a5a6-d42adff48dd2","geometry":{"type":"Polygon","coordinates":[[[10328, 16872],[10328, 16920],[10336, 16920],[10336, 16928],[10344, 16928],[10344, 16936],[10360, 16936],[10360, 16944],[10376, 16944],[10376, 16952],[10384, 16952],[10384, 16944],[10400, 16944],[10400, 16936],[10408, 16936],[10408, 16864],[10400, 16864],[10400, 16848],[10392, 16848],[10392, 16832],[10384, 16832],[10384, 16816],[10352, 16816],[10352, 16824],[10344, 16824],[10344, 16848],[10336, 16848],[10336, 16872],[10328, 16872]]]},"properties":{"objectType":"annotation","classification":{"name":"Ignore*","color":[180, 180, 180]},"isLocked":true}},{"type":"Feature","id":"efda935b-0c54-406d-89e7-bbeeb4b36f84","geometry":{"type":"Polygon","coordinates":[[[8848, 16856],[8848, 16912],[8856, 16912],[8856, 16920],[8864, 16920],[8864, 16928],[8880, 16928],[8880, 16936],[8896, 16936],[8896, 16944],[8920, 16944],[8920, 16952],[8936, 16952],[8936, 16960],[8944, 16960],[8944, 16968],[8936, 16968],[8936, 17000],[8944, 17000],[8944, 17008],[9008, 17008],[9008, 17000],[9040, 17000],[9040, 16992],[9048, 16992],[9048, 16984],[9064, 16984],[9064, 16976],[9072, 16976],[9072, 16968],[9064, 16968],[9064, 16960],[9048, 16960],[9048, 16944],[9040, 16944],[9040, 16928],[9032, 16928],[9032, 16912],[9016, 16912],[9016, 16904],[8984, 16904],[8984, 16896],[8976, 16896],[8976, 16888],[8968, 16888],[8968, 16880],[8960, 16880],[8960, 16872],[8952, 16872],[8952, 16856],[8944, 16856],[8944, 16848],[8936, 16848],[8936, 16824],[8928, 16824],[8928, 16816],[8920, 16816],[8920, 16808],[8912, 16808],[8912, 16792],[8904, 16792],[8904, 16784],[8864, 16784],[8864, 16800],[8856, 16800],[8856, 16856],[8848, 16856]]]},"properties":{"objectType":"annotation","classification":{"name":"Ignore*","color":[180, 180, 180]},"isLocked":true}},{"type":"Feature","id":"be113b63-5322-4e7c-b98e-1d97fba92bb9","geometry":{"type":"Polygon","coordinates":[[[10576, 16880],[10576, 16936],[10584, 16936],[10584, 16952],[10592, 16952],[10592, 16968],[10608, 16968],[10608, 16976],[10616, 16976],[10616, 16968],[10632, 16968],[10632, 16960],[10640, 16960],[10640, 16944],[10648, 16944],[10648, 16880],[10640, 16880],[10640, 16872],[10624, 16872],[10624, 16864],[10592, 16864],[10592, 16872],[10584, 16872],[10584, 16880],[10576, 16880]]]},"properties":{"objectType":"annotation","classification":{"name":"Ignore*","color":[180, 180, 180]},"isLocked":true}},{"type":"Feature","id":"eceb244b-102c-4268-8cdd-14d38e79579a","geometry":{"type":"Polygon","coordinates":[[[11904, 16896],[11904, 16912],[11912, 16912],[11912, 16920],[11920, 16920],[11920, 16928],[11928, 16928],[11928, 16936],[11936, 16936],[11936, 16952],[11944, 16952],[11944, 16960],[11952, 16960],[11952, 16968],[11960, 16968],[11960, 16984],[11968, 16984],[11968, 16992],[11976, 16992],[11976, 17000],[11984, 17000],[11984, 17008],[12000, 17008],[12000, 17016],[12016, 17016],[12016, 17024],[12024, 17024],[12024, 17032],[12064, 17032],[12064, 17024],[12072, 17024],[12072, 16976],[12064, 16976],[12064, 16960],[12056, 16960],[12056, 16944],[12048, 16944],[12048, 16936],[12040, 16936],[12040, 16928],[12032, 16928],[12032, 16920],[12024, 16920],[12024, 16912],[12016, 16912],[12016, 16904],[12008, 16904],[12008, 16896],[11992, 16896],[11992, 16888],[11960, 16888],[11960, 16880],[11920, 16880],[11920, 16888],[11912, 16888],[11912, 16896],[11904, 16896]]]},"properties":{"objectType":"annotation","classification":{"name":"Ignore*","color":[180, 180, 180]},"isLocked":true}},{"type":"Feature","id":"2168e8bf-b5e7-4c4f-b30a-e905f033a651","geometry":{"type":"Polygon","coordinates":[[[7240, 16896],[7240, 16920],[7248, 16920],[7248, 16928],[7256, 16928],[7256, 16936],[7264, 16936],[7264, 16944],[7272, 16944],[7272, 17000],[7288, 17000],[7288, 17008],[7328, 17008],[7328, 17000],[7336, 17000],[7336, 16944],[7328, 16944],[7328, 16936],[7280, 16936],[7280, 16928],[7272, 16928],[7272, 16896],[7264, 16896],[7264, 16888],[7248, 16888],[7248, 16896],[7240, 16896]]]},"properties":{"objectType":"annotation","classification":{"name":"Ignore*","color":[180, 180, 180]},"isLocked":true}},{"type":"Feature","id":"5c8354ce-f43d-4001-abd9-d21e5e04b1e3","geometry":{"type":"Polygon","coordinates":[[[16176, 16960],[16176, 17024],[16184, 17024],[16184, 17032],[16192, 17032],[16192, 17048],[16200, 17048],[16200, 17112],[16216, 17112],[16216, 17120],[16240, 17120],[16240, 17112],[16248, 17112],[16248, 17104],[16256, 17104],[16256, 17096],[16264, 17096],[16264, 17080],[16272, 17080],[16272, 17072],[16280, 17072],[16280, 17040],[16288, 17040],[16288, 17032],[16296, 17032],[16296, 17024],[16304, 17024],[16304, 17016],[16312, 17016],[16312, 17008],[16320, 17008],[16320, 16992],[16328, 16992],[16328, 16968],[16336, 16968],[16336, 16936],[16344, 16936],[16344, 16920],[16336, 16920],[16336, 16904],[16328, 16904],[16328, 16896],[16272, 16896],[16272, 16904],[16256, 16904],[16256, 16912],[16248, 16912],[16248, 16928],[16240, 16928],[16240, 16936],[16232, 16936],[16232, 16944],[16200, 16944],[16200, 16952],[16184, 16952],[16184, 16960],[16176, 16960]]]},"properties":{"objectType":"annotation","classification":{"name":"Ignore*","color":[180, 180, 180]},"isLocked":true}},{"type":"Feature","id":"1f12dd20-1053-45da-8e41-b04e1216ac28","geometry":{"type":"Polygon","coordinates":[[[7448, 16992],[7448, 17008],[7456, 17008],[7456, 17016],[7472, 17016],[7472, 17024],[7480, 17024],[7480, 17032],[7488, 17032],[7488, 17040],[7496, 17040],[7496, 17048],[7504, 17048],[7504, 17056],[7544, 17056],[7544, 17048],[7560, 17048],[7560, 17040],[7592, 17040],[7592, 17032],[7600, 17032],[7600, 17040],[7608, 17040],[7608, 17112],[7616, 17112],[7616, 17128],[7624, 17128],[7624, 17152],[7632, 17152],[7632, 17160],[7648, 17160],[7648, 17152],[7656, 17152],[7656, 17112],[7664, 17112],[7664, 17096],[7672, 17096],[7672, 17088],[7680, 17088],[7680, 16944],[7672, 16944],[7672, 16936],[7640, 16936],[7640, 16944],[7592, 16944],[7592, 16952],[7576, 16952],[7576, 16960],[7552, 16960],[7552, 16968],[7536, 16968],[7536, 16976],[7520, 16976],[7520, 16984],[7464, 16984],[7464, 16992],[7448, 16992]]]},"properties":{"objectType":"annotation","classification":{"name":"Ignore*","color":[180, 180, 180]},"isLocked":true}},{"type":"Feature","id":"712ebb66-8b3d-47ea-af40-cd2ed5170543","geometry":{"type":"Polygon","coordinates":[[[8488, 17032],[8488, 17064],[8496, 17064],[8496, 17072],[8512, 17072],[8512, 17080],[8520, 17080],[8520, 17088],[8528, 17088],[8528, 17096],[8552, 17096],[8552, 17104],[8584, 17104],[8584, 17112],[8600, 17112],[8600, 17120],[8608, 17120],[8608, 17128],[8616, 17128],[8616, 17136],[8656, 17136],[8656, 17128],[8664, 17128],[8664, 17104],[8672, 17104],[8672, 17056],[8664, 17056],[8664, 17048],[8656, 17048],[8656, 17040],[8648, 17040],[8648, 17032],[8640, 17032],[8640, 17024],[8632, 17024],[8632, 17016],[8624, 17016],[8624, 17008],[8512, 17008],[8512, 17016],[8504, 17016],[8504, 17024],[8496, 17024],[8496, 17032],[8488, 17032]]]},"properties":{"objectType":"annotation","classification":{"name":"Ignore*","color":[180, 180, 180]},"isLocked":true}},{"type":"Feature","id":"903f45ff-373d-4a34-b30f-c751436a562d","geometry":{"type":"Polygon","coordinates":[[[7160, 17096],[7160, 17128],[7192, 17128],[7192, 17120],[7200, 17120],[7200, 17112],[7208, 17112],[7208, 17104],[7216, 17104],[7216, 17096],[7224, 17096],[7224, 17088],[7272, 17088],[7272, 17096],[7288, 17096],[7288, 17088],[7296, 17088],[7296, 17064],[7288, 17064],[7288, 17056],[7280, 17056],[7280, 17064],[7264, 17064],[7264, 17072],[7240, 17072],[7240, 17064],[7224, 17064],[7224, 17056],[7216, 17056],[7216, 17064],[7200, 17064],[7200, 17072],[7192, 17072],[7192, 17080],[7184, 17080],[7184, 17088],[7168, 17088],[7168, 17096],[7160, 17096]]]},"properties":{"objectType":"annotation","classification":{"name":"Ignore*","color":[180, 180, 180]},"isLocked":true}},{"type":"Feature","id":"7f860c02-f87a-4791-99c7-3d8733100281","geometry":{"type":"Polygon","coordinates":[[[12648, 17192],[12648, 17248],[12656, 17248],[12656, 17256],[12664, 17256],[12664, 17264],[12688, 17264],[12688, 17256],[12696, 17256],[12696, 17248],[12704, 17248],[12704, 17240],[12712, 17240],[12712, 17224],[12720, 17224],[12720, 17208],[12728, 17208],[12728, 17200],[12736, 17200],[12736, 17208],[12752, 17208],[12752, 17216],[12768, 17216],[12768, 17224],[12792, 17224],[12792, 17216],[12808, 17216],[12808, 17208],[12824, 17208],[12824, 17200],[12832, 17200],[12832, 17184],[12824, 17184],[12824, 17168],[12816, 17168],[12816, 17160],[12768, 17160],[12768, 17152],[12760, 17152],[12760, 17080],[12768, 17080],[12768, 17072],[12776, 17072],[12776, 17056],[12784, 17056],[12784, 17048],[12792, 17048],[12792, 17040],[12800, 17040],[12800, 17032],[12808, 17032],[12808, 17024],[12816, 17024],[12816, 17016],[12832, 17016],[12832, 17008],[12840, 17008],[12840, 17000],[12848, 17000],[12848, 16992],[12864, 16992],[12864, 16984],[12880, 16984],[12880, 16976],[12888, 16976],[12888, 16960],[12880, 16960],[12880, 16952],[12872, 16952],[12872, 16944],[12808, 16944],[12808, 16952],[12752, 16952],[12752, 16960],[12736, 16960],[12736, 16976],[12728, 16976],[12728, 16984],[12720, 16984],[12720, 16992],[12712, 16992],[12712, 17008],[12704, 17008],[12704, 17048],[12696, 17048],[12696, 17072],[12688, 17072],[12688, 17088],[12680, 17088],[12680, 17144],[12672, 17144],[12672, 17160],[12664, 17160],[12664, 17176],[12656, 17176],[12656, 17192],[12648, 17192]]]},"properties":{"objectType":"annotation","classification":{"name":"Ignore*","color":[180, 180, 180]},"isLocked":true}},{"type":"Feature","id":"c415d8c6-cd94-4bae-a1d0-63dc96666773","geometry":{"type":"Polygon","coordinates":[[[13568, 17096],[13568, 17112],[13576, 17112],[13576, 17128],[13592, 17128],[13592, 17136],[13656, 17136],[13656, 17144],[13672, 17144],[13672, 17152],[13688, 17152],[13688, 17160],[13696, 17160],[13696, 17168],[13752, 17168],[13752, 17160],[13768, 17160],[13768, 17152],[13816, 17152],[13816, 17160],[13848, 17160],[13848, 17168],[13864, 17168],[13864, 17160],[13880, 17160],[13880, 17144],[13888, 17144],[13888, 17120],[13896, 17120],[13896, 17064],[13888, 17064],[13888, 17040],[13880, 17040],[13880, 17032],[13872, 17032],[13872, 17024],[13808, 17024],[13808, 17040],[13800, 17040],[13800, 17048],[13792, 17048],[13792, 17056],[13768, 17056],[13768, 17064],[13664, 17064],[13664, 17056],[13656, 17056],[13656, 17048],[13640, 17048],[13640, 17040],[13608, 17040],[13608, 17048],[13592, 17048],[13592, 17056],[13584, 17056],[13584, 17072],[13576, 17072],[13576, 17096],[13568, 17096]]]},"properties":{"objectType":"annotation","classification":{"name":"Ignore*","color":[180, 180, 180]},"isLocked":true}},{"type":"Feature","id":"0f0ef725-2119-4d04-a87f-d2f4309241fc","geometry":{"type":"Polygon","coordinates":[[[11456, 17080],[11456, 17120],[11464, 17120],[11464, 17184],[11472, 17184],[11472, 17192],[11488, 17192],[11488, 17200],[11496, 17200],[11496, 17208],[11560, 17208],[11560, 17200],[11568, 17200],[11568, 17192],[11576, 17192],[11576, 17176],[11584, 17176],[11584, 17160],[11592, 17160],[11592, 17144],[11608, 17144],[11608, 17136],[11624, 17136],[11624, 17144],[11640, 17144],[11640, 17152],[11648, 17152],[11648, 17160],[11664, 17160],[11664, 17168],[11672, 17168],[11672, 17176],[11680, 17176],[11680, 17192],[11688, 17192],[11688, 17208],[11696, 17208],[11696, 17216],[11720, 17216],[11720, 17208],[11728, 17208],[11728, 17192],[11720, 17192],[11720, 17176],[11712, 17176],[11712, 17168],[11704, 17168],[11704, 17160],[11696, 17160],[11696, 17072],[11688, 17072],[11688, 17032],[11680, 17032],[11680, 17024],[11672, 17024],[11672, 17016],[11648, 17016],[11648, 17008],[11592, 17008],[11592, 17024],[11584, 17024],[11584, 17040],[11576, 17040],[11576, 17048],[11568, 17048],[11568, 17056],[11560, 17056],[11560, 17064],[11552, 17064],[11552, 17072],[11520, 17072],[11520, 17064],[11504, 17064],[11504, 17056],[11488, 17056],[11488, 17064],[11472, 17064],[11472, 17072],[11464, 17072],[11464, 17080],[11456, 17080]]]},"properties":{"objectType":"annotation","classification":{"name":"Ignore*","color":[180, 180, 180]},"isLocked":true}},{"type":"Feature","id":"94a55976-f4fb-46af-a2fd-e75ce2e0f2ca","geometry":{"type":"Polygon","coordinates":[[[18272, 17160],[18352, 17240],[18416, 17240],[18464, 17176],[18456, 17112],[18424, 17064],[18392, 17048],[18336, 17048],[18304, 17064],[18280, 17104],[18272, 17160]]]},"properties":{"objectType":"annotation","classification":{"name":"Tumor","color":[102, 77, 179]}}},{"type":"Feature","id":"4737b177-f6b3-4273-af9b-80fd692daa79","geometry":{"type":"Polygon","coordinates":[[[7352, 17136],[7352, 17192],[7360, 17192],[7360, 17200],[7368, 17200],[7368, 17208],[7384, 17208],[7384, 17216],[7464, 17216],[7464, 17208],[7472, 17208],[7472, 17200],[7480, 17200],[7480, 17184],[7488, 17184],[7488, 17080],[7480, 17080],[7480, 17072],[7464, 17072],[7464, 17064],[7448, 17064],[7448, 17056],[7416, 17056],[7416, 17072],[7408, 17072],[7408, 17104],[7400, 17104],[7400, 17112],[7392, 17112],[7392, 17120],[7360, 17120],[7360, 17136],[7352, 17136]]]},"properties":{"objectType":"annotation","classification":{"name":"Ignore*","color":[180, 180, 180]},"isLocked":true}},{"type":"Feature","id":"8b47a293-accd-4403-993c-ac1a9e6bed63","geometry":{"type":"Polygon","coordinates":[[[9968, 17048],[9968, 17056],[9976, 17056],[9976, 17072],[9968, 17072],[9968, 17128],[9976, 17128],[9976, 17192],[9984, 17192],[9984, 17216],[9992, 17216],[9992, 17224],[10024, 17224],[10024, 17232],[10040, 17232],[10040, 17248],[10048, 17248],[10048, 17264],[10056, 17264],[10056, 17280],[10064, 17280],[10064, 17288],[10088, 17288],[10088, 17296],[10128, 17296],[10128, 17224],[10120, 17224],[10120, 17200],[10112, 17200],[10112, 17184],[10104, 17184],[10104, 17160],[10096, 17160],[10096, 17144],[10088, 17144],[10088, 17136],[10080, 17136],[10080, 17120],[10072, 17120],[10072, 17112],[10064, 17112],[10064, 17096],[10056, 17096],[10056, 17080],[10048, 17080],[10048, 17072],[10040, 17072],[10040, 17056],[10032, 17056],[10032, 17048],[10024, 17048],[10024, 17032],[10008, 17032],[10008, 17024],[9992, 17024],[9992, 17032],[9976, 17032],[9976, 17048],[9968, 17048]]]},"properties":{"objectType":"annotation","classification":{"name":"Ignore*","color":[180, 180, 180]},"isLocked":true}},{"type":"Feature","id":"ca40a5ae-dced-4404-84c2-a03b8403a870","geometry":{"type":"Polygon","coordinates":[[[16416, 17216],[16416, 17240],[16424, 17240],[16424, 17248],[16432, 17248],[16432, 17256],[16456, 17256],[16456, 17264],[16480, 17264],[16480, 17272],[16520, 17272],[16520, 17264],[16616, 17264],[16616, 17256],[16632, 17256],[16632, 17248],[16688, 17248],[16688, 17256],[16696, 17256],[16696, 17248],[16768, 17248],[16768, 17256],[16776, 17256],[16776, 17304],[16768, 17304],[16768, 17336],[16776, 17336],[16776, 17344],[16784, 17344],[16784, 17352],[16840, 17352],[16840, 17344],[16856, 17344],[16856, 17336],[16864, 17336],[16864, 17328],[16872, 17328],[16872, 17320],[16880, 17320],[16880, 17304],[16896, 17304],[16896, 17296],[16912, 17296],[16912, 17288],[16920, 17288],[16920, 17280],[16936, 17280],[16936, 17272],[16952, 17272],[16952, 17280],[16960, 17280],[16960, 17304],[16952, 17304],[16952, 17328],[16960, 17328],[16960, 17336],[16968, 17336],[16968, 17344],[16984, 17344],[16984, 17352],[17024, 17352],[17024, 17344],[17040, 17344],[17040, 17336],[17056, 17336],[17056, 17328],[17072, 17328],[17072, 17336],[17088, 17336],[17088, 17344],[17096, 17344],[17096, 17352],[17120, 17352],[17120, 17360],[17136, 17360],[17136, 17368],[17208, 17368],[17208, 17328],[17200, 17328],[17200, 17320],[17192, 17320],[17192, 17312],[17184, 17312],[17184, 17304],[17176, 17304],[17176, 17296],[17160, 17296],[17160, 17288],[17152, 17288],[17152, 17280],[17144, 17280],[17144, 17272],[17136, 17272],[17136, 17264],[17088, 17264],[17088, 17272],[17072, 17272],[17072, 17280],[17016, 17280],[17016, 17272],[17008, 17272],[17008, 17248],[17000, 17248],[17000, 17232],[16992, 17232],[16992, 17224],[16984, 17224],[16984, 17216],[16976, 17216],[16976, 17200],[16968, 17200],[16968, 17192],[16944, 17192],[16944, 17200],[16920, 17200],[16920, 17192],[16904, 17192],[16904, 17184],[16888, 17184],[16888, 17176],[16816, 17176],[16816, 17184],[16792, 17184],[16792, 17176],[16784, 17176],[16784, 17144],[16792, 17144],[16792, 17128],[16800, 17128],[16800, 17120],[16792, 17120],[16792, 17112],[16768, 17112],[16768, 17104],[16720, 17104],[16720, 17112],[16712, 17112],[16712, 17104],[16704, 17104],[16704, 17096],[16696, 17096],[16696, 17064],[16704, 17064],[16704, 17048],[16712, 17048],[16712, 17040],[16720, 17040],[16720, 17024],[16728, 17024],[16728, 17016],[16736, 17016],[16736, 17008],[16744, 17008],[16744, 17000],[16752, 17000],[16752, 16992],[16760, 16992],[16760, 16944],[16752, 16944],[16752, 16928],[16744, 16928],[16744, 16912],[16736, 16912],[16736, 16896],[16728, 16896],[16728, 16880],[16720, 16880],[16720, 16872],[16704, 16872],[16704, 16864],[16664, 16864],[16664, 16872],[16656, 16872],[16656, 16888],[16648, 16888],[16648, 16984],[16640, 16984],[16640, 17000],[16632, 17000],[16632, 17008],[16624, 17008],[16624, 17032],[16616, 17032],[16616, 17048],[16608, 17048],[16608, 17064],[16600, 17064],[16600, 17120],[16608, 17120],[16608, 17128],[16616, 17128],[16616, 17136],[16624, 17136],[16624, 17144],[16648, 17144],[16648, 17152],[16664, 17152],[16664, 17160],[16656, 17160],[16656, 17168],[16632, 17168],[16632, 17176],[16536, 17176],[16536, 17184],[16472, 17184],[16472, 17192],[16440, 17192],[16440, 17200],[16424, 17200],[16424, 17216],[16416, 17216]]]},"properties":{"objectType":"annotation","classification":{"name":"Ignore*","color":[180, 180, 180]},"isLocked":true}},{"type":"Feature","id":"030fd7dc-3ea2-4bf8-af9d-9d8fb54332f1","geometry":{"type":"Polygon","coordinates":[[[14048, 17104],[14048, 17152],[14056, 17152],[14056, 17176],[14064, 17176],[14064, 17192],[14072, 17192],[14072, 17208],[14080, 17208],[14080, 17216],[14088, 17216],[14088, 17240],[14096, 17240],[14096, 17264],[14104, 17264],[14104, 17272],[14112, 17272],[14112, 17280],[14120, 17280],[14120, 17288],[14128, 17288],[14128, 17296],[14136, 17296],[14136, 17304],[14152, 17304],[14152, 17296],[14168, 17296],[14168, 17288],[14176, 17288],[14176, 17280],[14184, 17280],[14184, 17224],[14192, 17224],[14192, 17216],[14200, 17216],[14200, 17200],[14208, 17200],[14208, 17192],[14216, 17192],[14216, 17160],[14208, 17160],[14208, 17144],[14192, 17144],[14192, 17136],[14136, 17136],[14136, 17144],[14128, 17144],[14128, 17136],[14112, 17136],[14112, 17128],[14104, 17128],[14104, 17120],[14096, 17120],[14096, 17104],[14088, 17104],[14088, 17096],[14080, 17096],[14080, 17088],[14064, 17088],[14064, 17096],[14056, 17096],[14056, 17104],[14048, 17104]]]},"properties":{"objectType":"annotation","classification":{"name":"Ignore*","color":[180, 180, 180]},"isLocked":true}},{"type":"Feature","id":"a89dce61-bd95-4518-b206-d43487e1f5a7","geometry":{"type":"Polygon","coordinates":[[[16136, 17224],[16136, 17248],[16144, 17248],[16144, 17272],[16152, 17272],[16152, 17280],[16160, 17280],[16160, 17288],[16168, 17288],[16168, 17296],[16176, 17296],[16176, 17304],[16208, 17304],[16208, 17312],[16264, 17312],[16264, 17304],[16272, 17304],[16272, 17296],[16288, 17296],[16288, 17288],[16296, 17288],[16296, 17280],[16304, 17280],[16304, 17272],[16312, 17272],[16312, 17264],[16320, 17264],[16320, 17248],[16312, 17248],[16312, 17240],[16296, 17240],[16296, 17232],[16264, 17232],[16264, 17224],[16200, 17224],[16200, 17216],[16184, 17216],[16184, 17208],[16144, 17208],[16144, 17224],[16136, 17224]]]},"properties":{"objectType":"annotation","classification":{"name":"Ignore*","color":[180, 180, 180]},"isLocked":true}},{"type":"Feature","id":"8f9ff87a-0719-4eb8-aa1d-808cf042870e","geometry":{"type":"Polygon","coordinates":[[[17568, 17288],[17592, 17320],[17680, 17320],[17696, 17296],[17696, 17240],[17680, 17224],[17616, 17224],[17576, 17248],[17568, 17288]]]},"properties":{"objectType":"annotation","classification":{"name":"Tumor","color":[102, 77, 179]}}},{"type":"Feature","id":"28cb2692-7c82-4a83-aa92-85f640dcc886","geometry":{"type":"Polygon","coordinates":[[[6960, 17280],[6960, 17328],[6968, 17328],[6968, 17336],[6976, 17336],[6976, 17344],[6984, 17344],[6984, 17352],[6992, 17352],[6992, 17360],[7024, 17360],[7024, 17352],[7056, 17352],[7056, 17344],[7064, 17344],[7064, 17336],[7072, 17336],[7072, 17328],[7080, 17328],[7080, 17312],[7088, 17312],[7088, 17256],[6984, 17256],[6984, 17264],[6976, 17264],[6976, 17272],[6968, 17272],[6968, 17280],[6960, 17280]]]},"properties":{"objectType":"annotation","classification":{"name":"Ignore*","color":[180, 180, 180]},"isLocked":true}},{"type":"Feature","id":"8b18045b-5cab-4ef0-aac9-f67ee2e513e6","geometry":{"type":"Polygon","coordinates":[[[11848, 17368],[11848, 17408],[11856, 17408],[11856, 17416],[11864, 17416],[11864, 17424],[11888, 17424],[11888, 17432],[11896, 17432],[11896, 17424],[11912, 17424],[11912, 17416],[11920, 17416],[11920, 17408],[11928, 17408],[11928, 17384],[11936, 17384],[11936, 17328],[11928, 17328],[11928, 17320],[11920, 17320],[11920, 17312],[11904, 17312],[11904, 17320],[11880, 17320],[11880, 17328],[11864, 17328],[11864, 17344],[11856, 17344],[11856, 17368],[11848, 17368]]]},"properties":{"objectType":"annotation","classification":{"name":"Ignore*","color":[180, 180, 180]},"isLocked":true}},{"type":"Feature","id":"798f436c-6b74-4648-97f9-960de8fb2b69","geometry":{"type":"Polygon","coordinates":[[[10792, 17608],[10792, 17616],[10800, 17616],[10800, 17632],[10816, 17632],[10816, 17640],[10824, 17640],[10824, 17648],[10856, 17648],[10856, 17640],[10872, 17640],[10872, 17632],[10912, 17632],[10912, 17624],[10944, 17624],[10944, 17632],[10952, 17632],[10952, 17656],[10960, 17656],[10960, 17664],[10968, 17664],[10968, 17672],[10976, 17672],[10976, 17680],[10984, 17680],[10984, 17688],[11000, 17688],[11000, 17696],[11016, 17696],[11016, 17688],[11024, 17688],[11024, 17680],[11032, 17680],[11032, 17672],[11040, 17672],[11040, 17656],[11048, 17656],[11048, 17616],[11040, 17616],[11040, 17600],[11032, 17600],[11032, 17592],[11024, 17592],[11024, 17584],[11016, 17584],[11016, 17568],[11000, 17568],[11000, 17560],[10992, 17560],[10992, 17552],[10976, 17552],[10976, 17544],[10960, 17544],[10960, 17536],[10952, 17536],[10952, 17520],[10944, 17520],[10944, 17512],[10936, 17512],[10936, 17488],[10952, 17488],[10952, 17480],[10960, 17480],[10960, 17472],[10976, 17472],[10976, 17464],[10984, 17464],[10984, 17456],[10992, 17456],[10992, 17432],[10984, 17432],[10984, 17352],[10976, 17352],[10976, 17328],[10968, 17328],[10968, 17264],[10960, 17264],[10960, 17192],[10968, 17192],[10968, 17176],[10960, 17176],[10960, 17152],[10952, 17152],[10952, 17128],[10944, 17128],[10944, 17104],[10936, 17104],[10936, 17080],[10928, 17080],[10928, 17048],[10920, 17048],[10920, 17040],[10904, 17040],[10904, 17032],[10896, 17032],[10896, 17040],[10880, 17040],[10880, 17048],[10872, 17048],[10872, 17072],[10880, 17072],[10880, 17096],[10888, 17096],[10888, 17104],[10880, 17104],[10880, 17128],[10872, 17128],[10872, 17192],[10880, 17192],[10880, 17264],[10888, 17264],[10888, 17288],[10896, 17288],[10896, 17424],[10904, 17424],[10904, 17432],[10912, 17432],[10912, 17456],[10920, 17456],[10920, 17488],[10928, 17488],[10928, 17504],[10920, 17504],[10920, 17512],[10912, 17512],[10912, 17520],[10904, 17520],[10904, 17528],[10888, 17528],[10888, 17536],[10856, 17536],[10856, 17544],[10840, 17544],[10840, 17552],[10832, 17552],[10832, 17560],[10824, 17560],[10824, 17568],[10816, 17568],[10816, 17576],[10808, 17576],[10808, 17592],[10800, 17592],[10800, 17608],[10792, 17608]]]},"properties":{"objectType":"annotation","classification":{"name":"Ignore*","color":[180, 180, 180]},"isLocked":true}},{"type":"Feature","id":"a09121a2-bed1-441b-b4a4-bb33fe8ad50a","geometry":{"type":"Polygon","coordinates":[[[13200, 17464],[13200, 17488],[13208, 17488],[13208, 17512],[13216, 17512],[13216, 17552],[13224, 17552],[13224, 17560],[13232, 17560],[13232, 17568],[13256, 17568],[13256, 17560],[13264, 17560],[13264, 17552],[13280, 17552],[13280, 17528],[13288, 17528],[13288, 17488],[13296, 17488],[13296, 17480],[13304, 17480],[13304, 17472],[13312, 17472],[13312, 17464],[13328, 17464],[13328, 17448],[13336, 17448],[13336, 17376],[13344, 17376],[13344, 17312],[13336, 17312],[13336, 17304],[13328, 17304],[13328, 17288],[13320, 17288],[13320, 17280],[13312, 17280],[13312, 17272],[13304, 17272],[13304, 17264],[13296, 17264],[13296, 17256],[13264, 17256],[13264, 17264],[13256, 17264],[13256, 17328],[13264, 17328],[13264, 17344],[13272, 17344],[13272, 17360],[13280, 17360],[13280, 17384],[13272, 17384],[13272, 17392],[13264, 17392],[13264, 17400],[13256, 17400],[13256, 17408],[13248, 17408],[13248, 17424],[13240, 17424],[13240, 17432],[13232, 17432],[13232, 17440],[13224, 17440],[13224, 17448],[13216, 17448],[13216, 17456],[13208, 17456],[13208, 17464],[13200, 17464]]]},"properties":{"objectType":"annotation","classification":{"name":"Ignore*","color":[180, 180, 180]},"isLocked":true}},{"type":"Feature","id":"16a55e13-bda4-469d-b02a-88eb3bf8f75e","geometry":{"type":"Polygon","coordinates":[[[13568, 17448],[13568, 17488],[13576, 17488],[13576, 17552],[13584, 17552],[13584, 17608],[13592, 17608],[13592, 17616],[13608, 17616],[13608, 17624],[13616, 17624],[13616, 17632],[13632, 17632],[13632, 17640],[13648, 17640],[13648, 17624],[13656, 17624],[13656, 17472],[13648, 17472],[13648, 17456],[13640, 17456],[13640, 17440],[13632, 17440],[13632, 17432],[13624, 17432],[13624, 17416],[13608, 17416],[13608, 17408],[13592, 17408],[13592, 17416],[13584, 17416],[13584, 17432],[13576, 17432],[13576, 17448],[13568, 17448]]]},"properties":{"objectType":"annotation","classification":{"name":"Ignore*","color":[180, 180, 180]},"isLocked":true}},{"type":"Feature","id":"ad3be12d-c7ca-4331-96da-4323cfc53471","geometry":{"type":"Polygon","coordinates":[[[17496, 17504],[17496, 17576],[17504, 17576],[17504, 17584],[17544, 17584],[17544, 17576],[17552, 17576],[17552, 17560],[17560, 17560],[17560, 17528],[17552, 17528],[17552, 17512],[17544, 17512],[17544, 17504],[17528, 17504],[17528, 17496],[17504, 17496],[17504, 17504],[17496, 17504]]]},"properties":{"objectType":"annotation","classification":{"name":"Ignore*","color":[180, 180, 180]},"isLocked":true}},{"type":"Feature","id":"09e55fd6-3617-45ef-a16d-9742f2cd0306","geometry":{"type":"Polygon","coordinates":[[[9736, 17632],[9736, 17648],[9744, 17648],[9744, 17664],[9752, 17664],[9752, 17672],[9760, 17672],[9760, 17680],[9792, 17680],[9792, 17672],[9816, 17672],[9816, 17664],[9856, 17664],[9856, 17656],[9880, 17656],[9880, 17648],[9904, 17648],[9904, 17640],[9920, 17640],[9920, 17632],[9928, 17632],[9928, 17624],[9944, 17624],[9944, 17616],[9952, 17616],[9952, 17608],[9960, 17608],[9960, 17600],[9968, 17600],[9968, 17592],[9976, 17592],[9976, 17584],[10000, 17584],[10000, 17576],[10024, 17576],[10024, 17568],[10032, 17568],[10032, 17560],[10040, 17560],[10040, 17536],[10032, 17536],[10032, 17528],[10024, 17528],[10024, 17520],[9936, 17520],[9936, 17528],[9920, 17528],[9920, 17536],[9888, 17536],[9888, 17520],[9880, 17520],[9880, 17496],[9872, 17496],[9872, 17480],[9864, 17480],[9864, 17472],[9848, 17472],[9848, 17480],[9832, 17480],[9832, 17488],[9824, 17488],[9824, 17496],[9808, 17496],[9808, 17504],[9800, 17504],[9800, 17528],[9808, 17528],[9808, 17552],[9816, 17552],[9816, 17576],[9824, 17576],[9824, 17600],[9832, 17600],[9832, 17624],[9800, 17624],[9800, 17616],[9776, 17616],[9776, 17608],[9752, 17608],[9752, 17616],[9744, 17616],[9744, 17632],[9736, 17632]]]},"properties":{"objectType":"annotation","classification":{"name":"Ignore*","color":[180, 180, 180]},"isLocked":true}},{"type":"Feature","id":"570a60a3-713c-4e27-92ff-f3b4773a4236","geometry":{"type":"Polygon","coordinates":[[[14520, 17576],[14520, 17592],[14528, 17592],[14528, 17616],[14536, 17616],[14536, 17632],[14544, 17632],[14544, 17648],[14552, 17648],[14552, 17656],[14560, 17656],[14560, 17664],[14576, 17664],[14576, 17672],[14600, 17672],[14600, 17656],[14608, 17656],[14608, 17640],[14616, 17640],[14616, 17616],[14624, 17616],[14624, 17568],[14616, 17568],[14616, 17560],[14608, 17560],[14608, 17552],[14600, 17552],[14600, 17544],[14592, 17544],[14592, 17536],[14584, 17536],[14584, 17528],[14552, 17528],[14552, 17536],[14544, 17536],[14544, 17544],[14536, 17544],[14536, 17552],[14528, 17552],[14528, 17576],[14520, 17576]]]},"properties":{"objectType":"annotation","classification":{"name":"Ignore*","color":[180, 180, 180]},"isLocked":true}},{"type":"Feature","id":"001997ce-a158-4de4-bbc1-6a4ed8d023ac","geometry":{"type":"Polygon","coordinates":[[[15224, 17648],[15224, 17736],[15280, 17744],[15384, 17704],[15432, 17624],[15424, 17592],[15328, 17560],[15240, 17608],[15224, 17648]]]},"properties":{"objectType":"annotation","classification":{"name":"Tumor","color":[102, 77, 179]}}},{"type":"Feature","id":"f8143ec4-8d98-4b38-80a9-77ad22dd2bc9","geometry":{"type":"Polygon","coordinates":[[[15856, 17424],[15856, 17464],[15872, 17480],[15872, 17584],[15888, 17616],[15888, 17672],[15904, 17720],[15944, 17736],[15968, 17784],[16008, 17816],[16008, 17832],[16144, 17960],[16176, 17968],[16280, 17968],[16320, 17960],[16400, 17896],[16400, 17800],[16360, 17680],[16328, 17648],[16320, 17616],[16296, 17600],[16264, 17552],[16248, 17552],[16120, 17464],[16096, 17464],[16024, 17432],[15960, 17440],[15944, 17424],[15856, 17424]]]},"properties":{"objectType":"annotation","classification":{"name":"Tumor","color":[102, 77, 179]}}},{"type":"Feature","id":"53a45cdf-0826-4955-87e7-1062d7d51b11","geometry":{"type":"Polygon","coordinates":[[[17600, 17720],[17600, 17808],[17616, 17808],[17656, 17856],[17760, 17888],[17808, 17800],[17808, 17752],[17744, 17704],[17688, 17688],[17640, 17688],[17600, 17720]]]},"properties":{"objectType":"annotation","classification":{"name":"Tumor","color":[102, 77, 179]}}},{"type":"Feature","id":"1a1fe99c-9a5d-4652-ad1e-727808b814e3","geometry":{"type":"Polygon","coordinates":[[[3936, 17736],[3936, 17768],[3944, 17768],[3944, 17784],[3952, 17784],[3952, 17800],[3960, 17800],[3960, 17824],[3968, 17824],[3968, 17840],[3976, 17840],[3976, 17856],[3984, 17856],[3984, 17864],[4000, 17864],[4000, 17872],[4008, 17872],[4008, 17880],[4016, 17880],[4016, 17840],[4008, 17840],[4008, 17824],[4000, 17824],[4000, 17808],[3992, 17808],[3992, 17800],[3984, 17800],[3984, 17792],[3976, 17792],[3976, 17776],[3968, 17776],[3968, 17760],[3960, 17760],[3960, 17744],[3952, 17744],[3952, 17736],[3936, 17736]]]},"properties":{"objectType":"annotation","classification":{"name":"Ignore*","color":[180, 180, 180]},"isLocked":true}},{"type":"Feature","id":"ff2a3f35-5556-4a64-b755-84fc1037e411","geometry":{"type":"Polygon","coordinates":[[[20056, 17816],[20056, 17872],[20128, 17920],[20152, 17920],[20192, 17888],[20232, 17824],[20200, 17760],[20144, 17736],[20088, 17760],[20056, 17816]]]},"properties":{"objectType":"annotation","classification":{"name":"Tumor","color":[102, 77, 179]}}},{"type":"Feature","id":"4b6c7281-0ee5-4eaf-b21d-8d8300b209a2","geometry":{"type":"Polygon","coordinates":[[[20704, 17776],[20704, 17880],[20712, 17880],[20712, 17896],[20720, 17896],[20720, 17920],[20728, 17920],[20728, 17928],[20736, 17928],[20736, 17936],[20752, 17936],[20752, 17944],[20768, 17944],[20768, 17952],[20776, 17952],[20776, 17960],[20784, 17960],[20784, 17968],[20800, 17968],[20800, 17976],[20840, 17976],[20840, 17968],[20848, 17968],[20848, 17960],[20856, 17960],[20856, 17952],[20864, 17952],[20864, 17936],[20872, 17936],[20872, 17920],[20880, 17920],[20880, 17912],[20888, 17912],[20888, 17904],[20896, 17904],[20896, 17856],[20968, 17856],[20968, 17864],[20976, 17864],[20976, 17888],[20968, 17888],[20968, 17936],[20976, 17936],[20976, 17952],[20984, 17952],[20984, 17992],[20992, 17992],[20992, 18008],[21000, 18008],[21000, 18032],[21008, 18032],[21008, 18040],[21000, 18040],[21000, 18072],[20992, 18072],[20992, 18088],[21000, 18088],[21000, 18104],[21008, 18104],[21008, 18112],[21016, 18112],[21016, 18128],[21024, 18128],[21024, 18136],[21048, 18136],[21048, 18128],[21064, 18128],[21064, 18120],[21072, 18120],[21072, 18104],[21080, 18104],[21080, 18072],[21088, 18072],[21088, 18064],[21096, 18064],[21096, 18056],[21112, 18056],[21112, 18048],[21120, 18048],[21120, 18040],[21136, 18040],[21136, 18032],[21144, 18032],[21144, 18024],[21152, 18024],[21152, 18008],[21160, 18008],[21160, 17960],[21152, 17960],[21152, 17952],[21144, 17952],[21144, 17944],[21136, 17944],[21136, 17936],[21128, 17936],[21128, 17928],[21120, 17928],[21120, 17920],[21112, 17920],[21112, 17912],[21056, 17912],[21056, 17904],[21032, 17904],[21032, 17896],[21016, 17896],[21016, 17888],[21008, 17888],[21008, 17880],[21000, 17880],[21000, 17840],[20992, 17840],[20992, 17816],[20984, 17816],[20984, 17792],[20976, 17792],[20976, 17744],[20984, 17744],[20984, 17688],[20976, 17688],[20976, 17664],[20968, 17664],[20968, 17656],[20960, 17656],[20960, 17648],[20952, 17648],[20952, 17640],[20944, 17640],[20944, 17632],[20936, 17632],[20936, 17624],[20912, 17624],[20912, 17616],[20880, 17616],[20880, 17608],[20864, 17608],[20864, 17600],[20840, 17600],[20840, 17592],[20760, 17592],[20760, 17600],[20752, 17600],[20752, 17608],[20744, 17608],[20744, 17632],[20736, 17632],[20736, 17648],[20728, 17648],[20728, 17672],[20720, 17672],[20720, 17720],[20712, 17720],[20712, 17776],[20704, 17776]]]},"properties":{"objectType":"annotation","classification":{"name":"Ignore*","color":[180, 180, 180]},"isLocked":true}},{"type":"Feature","id":"e8f0c6ba-99b5-4c06-9f6e-5f1bea765595","geometry":{"type":"Polygon","coordinates":[[[19624, 17904],[19624, 17912],[19632, 17912],[19632, 17936],[19640, 17936],[19640, 17944],[19672, 17944],[19672, 17936],[19688, 17936],[19688, 17928],[19696, 17928],[19696, 17912],[19704, 17912],[19704, 17888],[19696, 17888],[19696, 17856],[19688, 17856],[19688, 17848],[19664, 17848],[19664, 17856],[19648, 17856],[19648, 17864],[19640, 17864],[19640, 17872],[19632, 17872],[19632, 17904],[19624, 17904]]]},"properties":{"objectType":"annotation","classification":{"name":"Ignore*","color":[180, 180, 180]},"isLocked":true}},{"type":"Feature","id":"999b705b-a6e8-4b68-93a2-c25433829dc5","geometry":{"type":"Polygon","coordinates":[[[9584, 17984],[9584, 18016],[9592, 18016],[9592, 18024],[9600, 18024],[9600, 18032],[9648, 18032],[9648, 18024],[9664, 18024],[9664, 18016],[9672, 18016],[9672, 18000],[9680, 18000],[9680, 17984],[9688, 17984],[9688, 17936],[9696, 17936],[9696, 17912],[9704, 17912],[9704, 17904],[9712, 17904],[9712, 17896],[9736, 17896],[9736, 17888],[9744, 17888],[9744, 17880],[9752, 17880],[9752, 17840],[9744, 17840],[9744, 17832],[9736, 17832],[9736, 17824],[9696, 17824],[9696, 17832],[9680, 17832],[9680, 17840],[9672, 17840],[9672, 17848],[9664, 17848],[9664, 17864],[9656, 17864],[9656, 17880],[9648, 17880],[9648, 17896],[9640, 17896],[9640, 17912],[9632, 17912],[9632, 17928],[9624, 17928],[9624, 17936],[9616, 17936],[9616, 17952],[9608, 17952],[9608, 17960],[9600, 17960],[9600, 17976],[9592, 17976],[9592, 17984],[9584, 17984]]]},"properties":{"objectType":"annotation","classification":{"name":"Ignore*","color":[180, 180, 180]},"isLocked":true}},{"type":"Feature","id":"c41e70cb-06f2-4588-b406-d727cb875d0c","geometry":{"type":"Polygon","coordinates":[[[10024, 18248],[10024, 18272],[10032, 18272],[10032, 18280],[10064, 18280],[10064, 18272],[10072, 18272],[10072, 18264],[10088, 18264],[10088, 18256],[10096, 18256],[10096, 18264],[10120, 18264],[10120, 18272],[10144, 18272],[10144, 18280],[10176, 18280],[10176, 18288],[10200, 18288],[10200, 18296],[10224, 18296],[10224, 18304],[10240, 18304],[10240, 18312],[10256, 18312],[10256, 18328],[10264, 18328],[10264, 18336],[10272, 18336],[10272, 18344],[10304, 18344],[10304, 18336],[10312, 18336],[10312, 18320],[10320, 18320],[10320, 18312],[10360, 18312],[10360, 18304],[10416, 18304],[10416, 18296],[10432, 18296],[10432, 18288],[10440, 18288],[10440, 18280],[10448, 18280],[10448, 18272],[10456, 18272],[10456, 18264],[10464, 18264],[10464, 18256],[10472, 18256],[10472, 18240],[10480, 18240],[10480, 18224],[10504, 18224],[10504, 18232],[10512, 18232],[10512, 18240],[10528, 18240],[10528, 18248],[10568, 18248],[10568, 18256],[10608, 18256],[10608, 18248],[10624, 18248],[10624, 18232],[10632, 18232],[10632, 18200],[10624, 18200],[10624, 18176],[10616, 18176],[10616, 18160],[10608, 18160],[10608, 18152],[10600, 18152],[10600, 18136],[10592, 18136],[10592, 18120],[10584, 18120],[10584, 18112],[10576, 18112],[10576, 18096],[10568, 18096],[10568, 18080],[10560, 18080],[10560, 18064],[10552, 18064],[10552, 18040],[10544, 18040],[10544, 17992],[10536, 17992],[10536, 17976],[10528, 17976],[10528, 17944],[10520, 17944],[10520, 17888],[10512, 17888],[10512, 17856],[10504, 17856],[10504, 17824],[10496, 17824],[10496, 17800],[10488, 17800],[10488, 17792],[10480, 17792],[10480, 17776],[10472, 17776],[10472, 17752],[10464, 17752],[10464, 17704],[10456, 17704],[10456, 17680],[10448, 17680],[10448, 17672],[10440, 17672],[10440, 17656],[10432, 17656],[10432, 17632],[10440, 17632],[10440, 17624],[10448, 17624],[10448, 17616],[10456, 17616],[10456, 17600],[10464, 17600],[10464, 17584],[10424, 17584],[10424, 17576],[10416, 17576],[10416, 17568],[10408, 17568],[10408, 17560],[10400, 17560],[10400, 17552],[10392, 17552],[10392, 17544],[10384, 17544],[10384, 17536],[10376, 17536],[10376, 17528],[10368, 17528],[10368, 17512],[10360, 17512],[10360, 17504],[10352, 17504],[10352, 17488],[10344, 17488],[10344, 17480],[10336, 17480],[10336, 17472],[10328, 17472],[10328, 17464],[10320, 17464],[10320, 17456],[10312, 17456],[10312, 17440],[10304, 17440],[10304, 17432],[10296, 17432],[10296, 17424],[10288, 17424],[10288, 17416],[10272, 17416],[10272, 17408],[10264, 17408],[10264, 17400],[10256, 17400],[10256, 17392],[10248, 17392],[10248, 17384],[10240, 17384],[10240, 17376],[10232, 17376],[10232, 17368],[10224, 17368],[10224, 17360],[10216, 17360],[10216, 17352],[10192, 17352],[10192, 17368],[10184, 17368],[10184, 17392],[10192, 17392],[10192, 17408],[10200, 17408],[10200, 17432],[10208, 17432],[10208, 17456],[10216, 17456],[10216, 17480],[10224, 17480],[10224, 17496],[10232, 17496],[10232, 17528],[10240, 17528],[10240, 17544],[10248, 17544],[10248, 17560],[10256, 17560],[10256, 17568],[10264, 17568],[10264, 17584],[10272, 17584],[10272, 17600],[10280, 17600],[10280, 17608],[10288, 17608],[10288, 17616],[10296, 17616],[10296, 17624],[10304, 17624],[10304, 17632],[10312, 17632],[10312, 17648],[10320, 17648],[10320, 17680],[10328, 17680],[10328, 17696],[10336, 17696],[10336, 17712],[10344, 17712],[10344, 17784],[10336, 17784],[10336, 17808],[10344, 17808],[10344, 17816],[10368, 17816],[10368, 17824],[10376, 17824],[10376, 17832],[10384, 17832],[10384, 17848],[10392, 17848],[10392, 17872],[10400, 17872],[10400, 17888],[10408, 17888],[10408, 17936],[10416, 17936],[10416, 17952],[10424, 17952],[10424, 17960],[10432, 17960],[10432, 17968],[10440, 17968],[10440, 17984],[10448, 17984],[10448, 18000],[10456, 18000],[10456, 18072],[10448, 18072],[10448, 18120],[10456, 18120],[10456, 18128],[10472, 18128],[10472, 18120],[10480, 18120],[10480, 18112],[10488, 18112],[10488, 18120],[10496, 18120],[10496, 18152],[10488, 18152],[10488, 18176],[10480, 18176],[10480, 18192],[10464, 18192],[10464, 18184],[10448, 18184],[10448, 18176],[10416, 18176],[10416, 18184],[10368, 18184],[10368, 18192],[10328, 18192],[10328, 18200],[10304, 18200],[10304, 18192],[10288, 18192],[10288, 18184],[10280, 18184],[10280, 18168],[10264, 18168],[10264, 18160],[10256, 18160],[10256, 18168],[10248, 18168],[10248, 18200],[10240, 18200],[10240, 18208],[10224, 18208],[10224, 18216],[10136, 18216],[10136, 18224],[10096, 18224],[10096, 18232],[10072, 18232],[10072, 18240],[10040, 18240],[10040, 18248],[10024, 18248]]]},"properties":{"objectType":"annotation","classification":{"name":"Ignore*","color":[180, 180, 180]},"isLocked":true}},{"type":"Feature","id":"f7fd21ee-0d8b-4a8a-a7d3-63c38fa4689d","geometry":{"type":"Polygon","coordinates":[[[4024, 17912],[4024, 17960],[4032, 17960],[4032, 17976],[4040, 17976],[4040, 17984],[4048, 17984],[4048, 18000],[4056, 18000],[4056, 18064],[4064, 18064],[4064, 18112],[4072, 18112],[4072, 18120],[4088, 18120],[4088, 18040],[4080, 18040],[4080, 18024],[4072, 18024],[4072, 18016],[4064, 18016],[4064, 17944],[4056, 17944],[4056, 17928],[4048, 17928],[4048, 17920],[4040, 17920],[4040, 17912],[4024, 17912]]]},"properties":{"objectType":"annotation","classification":{"name":"Ignore*","color":[180, 180, 180]},"isLocked":true}},{"type":"Feature","id":"66f2120a-8c1c-4b6e-b79e-5f0ba8e1b6ef","geometry":{"type":"Polygon","coordinates":[[[19960, 18056],[19960, 18064],[19968, 18064],[19968, 18080],[19984, 18080],[19984, 18072],[19992, 18072],[19992, 18064],[20000, 18064],[20000, 18048],[20008, 18048],[20008, 18040],[20016, 18040],[20016, 18032],[20048, 18032],[20048, 18040],[20072, 18040],[20072, 18024],[20064, 18024],[20064, 18008],[20056, 18008],[20056, 17992],[20048, 17992],[20048, 17984],[20040, 17984],[20040, 17976],[20032, 17976],[20032, 17968],[20024, 17968],[20024, 17960],[20016, 17960],[20016, 17968],[20008, 17968],[20008, 17976],[20000, 17976],[20000, 17984],[19992, 17984],[19992, 17992],[19984, 17992],[19984, 18000],[19976, 18000],[19976, 18032],[19968, 18032],[19968, 18056],[19960, 18056]]]},"properties":{"objectType":"annotation","classification":{"name":"Ignore*","color":[180, 180, 180]},"isLocked":true}},{"type":"Feature","id":"4b5223db-593f-4758-8257-2cf06d018dbe","geometry":{"type":"Polygon","coordinates":[[[15152, 17928],[15152, 18040],[15224, 18112],[15264, 18120],[15408, 18120],[15440, 18080],[15448, 18040],[15416, 17984],[15344, 17960],[15312, 17920],[15256, 17904],[15176, 17904],[15152, 17928]]]},"properties":{"objectType":"annotation","classification":{"name":"Tumor","color":[102, 77, 179]}}},{"type":"Feature","id":"c3c913c0-d945-4cee-9a07-074dae633b63","geometry":{"type":"Polygon","coordinates":[[[4088, 18216],[4088, 18232],[4096, 18232],[4096, 18336],[4104, 18336],[4104, 18352],[4112, 18352],[4112, 18368],[4120, 18368],[4120, 18384],[4128, 18384],[4128, 18392],[4136, 18392],[4136, 18400],[4152, 18400],[4152, 18328],[4144, 18328],[4144, 18296],[4136, 18296],[4136, 18280],[4128, 18280],[4128, 18256],[4120, 18256],[4120, 18232],[4112, 18232],[4112, 18216],[4104, 18216],[4104, 18208],[4096, 18208],[4096, 18216],[4088, 18216]]]},"properties":{"objectType":"annotation","classification":{"name":"Ignore*","color":[180, 180, 180]},"isLocked":true}},{"type":"Feature","id":"aed27137-bf71-44a8-a797-15483600067c","geometry":{"type":"Polygon","coordinates":[[[18216, 18336],[18240, 18360],[18320, 18360],[18368, 18328],[18384, 18280],[18416, 18280],[18424, 18312],[18384, 18344],[18392, 18432],[18384, 18464],[18456, 18520],[18512, 18520],[18536, 18528],[18568, 18496],[18568, 18440],[18600, 18424],[18640, 18448],[18664, 18488],[18680, 18496],[18688, 18528],[18720, 18536],[18752, 18568],[18840, 18568],[18840, 18576],[18904, 18576],[18912, 18544],[18896, 18536],[18864, 18488],[18848, 18488],[18840, 18464],[18864, 18464],[18920, 18440],[18936, 18416],[18936, 18336],[18928, 18336],[18912, 18280],[18848, 18248],[18760, 18224],[18720, 18192],[18664, 18184],[18608, 18240],[18592, 18240],[18560, 18160],[18512, 18152],[18504, 18184],[18472, 18192],[18440, 18240],[18376, 18232],[18352, 18256],[18256, 18256],[18224, 18280],[18216, 18336]]]},"properties":{"objectType":"annotation","classification":{"name":"Tumor","color":[102, 77, 179]}}},{"type":"Feature","id":"5a314133-cd0a-482a-9f12-d63fac3119f0","geometry":{"type":"Polygon","coordinates":[[[15048, 18336],[15048, 18376],[15056, 18376],[15056, 18384],[15072, 18384],[15072, 18392],[15088, 18392],[15088, 18400],[15096, 18400],[15096, 18408],[15112, 18408],[15112, 18416],[15152, 18416],[15152, 18408],[15160, 18408],[15160, 18392],[15168, 18392],[15168, 18336],[15160, 18336],[15160, 18328],[15136, 18328],[15136, 18320],[15112, 18320],[15112, 18312],[15072, 18312],[15072, 18320],[15064, 18320],[15064, 18328],[15056, 18328],[15056, 18336],[15048, 18336]]]},"properties":{"objectType":"annotation","classification":{"name":"Ignore*","color":[180, 180, 180]},"isLocked":true}},{"type":"Feature","id":"95a15cb5-d72c-418d-a8df-1d9de7facfbf","geometry":{"type":"Polygon","coordinates":[[[20216, 18232],[20216, 18344],[20240, 18416],[20280, 18448],[20288, 18480],[20368, 18520],[20392, 18560],[20456, 18576],[20608, 18536],[20632, 18512],[20648, 18416],[20600, 18376],[20544, 18368],[20512, 18344],[20448, 18336],[20416, 18296],[20408, 18200],[20368, 18176],[20312, 18176],[20216, 18232]]]},"properties":{"objectType":"annotation","classification":{"name":"Tumor","color":[102, 77, 179]}}},{"type":"Feature","id":"9334a8a4-91a1-405a-8f6d-2470d077aaf3","geometry":{"type":"Polygon","coordinates":[[[20352, 18784],[20352, 18840],[20368, 18864],[20400, 18880],[20472, 18880],[20488, 18864],[20520, 18864],[20616, 18824],[20624, 18808],[20648, 18816],[20648, 18912],[20640, 18960],[20656, 18984],[20712, 18984],[20752, 18960],[20784, 18960],[20808, 18936],[20808, 18888],[20840, 18856],[20864, 18808],[20864, 18752],[20880, 18728],[20928, 18720],[20952, 18680],[20952, 18576],[20936, 18536],[20904, 18512],[20840, 18536],[20784, 18528],[20720, 18488],[20680, 18496],[20632, 18528],[20624, 18560],[20600, 18584],[20544, 18600],[20448, 18696],[20368, 18752],[20352, 18784]]]},"properties":{"objectType":"annotation","classification":{"name":"Tumor","color":[102, 77, 179]}}},{"type":"Feature","id":"66d7dbd5-72db-462a-a43d-b10818b4cd1d","geometry":{"type":"Polygon","coordinates":[[[19376, 18712],[19384, 18760],[19440, 18800],[19504, 18800],[19568, 18760],[19568, 18712],[19528, 18672],[19440, 18672],[19376, 18712]]]},"properties":{"objectType":"annotation","classification":{"name":"Tumor","color":[102, 77, 179]}}},{"type":"Feature","id":"d6a34d29-bd6c-48f9-914a-2341148985ad","geometry":{"type":"Polygon","coordinates":[[[14808, 18728],[14808, 18832],[14832, 18912],[14864, 18936],[14936, 18936],[15000, 18920],[15032, 18896],[15072, 18824],[15072, 18704],[15008, 18632],[14944, 18608],[14888, 18616],[14848, 18640],[14808, 18728]]]},"properties":{"objectType":"annotation","classification":{"name":"Tumor","color":[102, 77, 179]}}},{"type":"Feature","id":"14ac0688-cead-4a10-8473-5149f2260904","geometry":{"type":"Polygon","coordinates":[[[18992, 18784],[18992, 18816],[19000, 18816],[19000, 18824],[19008, 18824],[19008, 18832],[19032, 18832],[19032, 18840],[19064, 18840],[19064, 18848],[19112, 18848],[19112, 18840],[19120, 18840],[19120, 18832],[19136, 18832],[19136, 18824],[19144, 18824],[19144, 18816],[19152, 18816],[19152, 18776],[19144, 18776],[19144, 18768],[19128, 18768],[19128, 18760],[19040, 18760],[19040, 18768],[19016, 18768],[19016, 18776],[19000, 18776],[19000, 18784],[18992, 18784]]]},"properties":{"objectType":"annotation","classification":{"name":"Ignore*","color":[180, 180, 180]},"isLocked":true}},{"type":"Feature","id":"9dc5c926-1fdb-45ae-8d9f-ebc800b44937","geometry":{"type":"Polygon","coordinates":[[[10216, 18912],[10216, 18960],[10224, 18960],[10224, 18968],[10288, 18968],[10288, 18976],[10304, 18976],[10304, 18968],[10384, 18968],[10384, 18976],[10400, 18976],[10400, 18984],[10424, 18984],[10424, 18976],[10432, 18976],[10432, 18968],[10440, 18968],[10440, 18960],[10448, 18960],[10448, 18944],[10456, 18944],[10456, 18928],[10464, 18928],[10464, 18904],[10472, 18904],[10472, 18896],[10464, 18896],[10464, 18864],[10456, 18864],[10456, 18832],[10464, 18832],[10464, 18808],[10472, 18808],[10472, 18800],[10480, 18800],[10480, 18808],[10488, 18808],[10488, 18824],[10496, 18824],[10496, 18832],[10512, 18832],[10512, 18840],[10536, 18840],[10536, 18832],[10544, 18832],[10544, 18824],[10552, 18824],[10552, 18808],[10560, 18808],[10560, 18768],[10552, 18768],[10552, 18752],[10544, 18752],[10544, 18736],[10536, 18736],[10536, 18720],[10528, 18720],[10528, 18592],[10536, 18592],[10536, 18528],[10544, 18528],[10544, 18488],[10520, 18488],[10520, 18504],[10512, 18504],[10512, 18512],[10504, 18512],[10504, 18520],[10488, 18520],[10488, 18528],[10480, 18528],[10480, 18592],[10472, 18592],[10472, 18648],[10464, 18648],[10464, 18656],[10456, 18656],[10456, 18664],[10448, 18664],[10448, 18672],[10440, 18672],[10440, 18680],[10432, 18680],[10432, 18688],[10416, 18688],[10416, 18696],[10408, 18696],[10408, 18704],[10400, 18704],[10400, 18712],[10392, 18712],[10392, 18728],[10384, 18728],[10384, 18736],[10376, 18736],[10376, 18752],[10368, 18752],[10368, 18760],[10360, 18760],[10360, 18768],[10344, 18768],[10344, 18776],[10328, 18776],[10328, 18784],[10320, 18784],[10320, 18800],[10312, 18800],[10312, 18808],[10288, 18808],[10288, 18816],[10272, 18816],[10272, 18824],[10264, 18824],[10264, 18832],[10256, 18832],[10256, 18840],[10248, 18840],[10248, 18856],[10240, 18856],[10240, 18872],[10232, 18872],[10232, 18888],[10224, 18888],[10224, 18912],[10216, 18912]]]},"properties":{"objectType":"annotation","classification":{"name":"Ignore*","color":[180, 180, 180]},"isLocked":true}},{"type":"Feature","id":"6f1b96e7-e46d-47d6-9403-6d8d87454bbd","geometry":{"type":"Polygon","coordinates":[[[19552, 18920],[19624, 19024],[19688, 19016],[19688, 18960],[19656, 18920],[19664, 18896],[19720, 18912],[19728, 18928],[19792, 18952],[19840, 18952],[19904, 18920],[19952, 18864],[19968, 18760],[19944, 18736],[19928, 18688],[19904, 18672],[19888, 18632],[19856, 18632],[19816, 18664],[19776, 18656],[19776, 18592],[19712, 18600],[19664, 18640],[19656, 18680],[19624, 18704],[19616, 18760],[19648, 18784],[19640, 18824],[19568, 18848],[19552, 18920]]]},"properties":{"objectType":"annotation","classification":{"name":"Tumor","color":[102, 77, 179]}}},{"type":"Feature","id":"34422a90-0699-460c-bebf-28db0cee8d55","geometry":{"type":"Polygon","coordinates":[[[21648, 18848],[21656, 18960],[21672, 19016],[21728, 19064],[21728, 19080],[21816, 19144],[21888, 19152],[21936, 19104],[21960, 19104],[22024, 19048],[22048, 18992],[22040, 18960],[22008, 18960],[21976, 19000],[21976, 18888],[21968, 18848],[21936, 18808],[21952, 18744],[21920, 18712],[21920, 18648],[21896, 18592],[21856, 18536],[21808, 18560],[21728, 18576],[21696, 18624],[21696, 18664],[21664, 18824],[21648, 18848]]]},"properties":{"objectType":"annotation","classification":{"name":"Tumor","color":[102, 77, 179]}}},{"type":"Feature","id":"8b9eee5e-0822-4b68-84f8-d0790717657a","geometry":{"type":"Polygon","coordinates":[[[17560, 18480],[17560, 18576],[17600, 18616],[17624, 18672],[17640, 18672],[17680, 18752],[17664, 18760],[17664, 18840],[17688, 18872],[17704, 18912],[17712, 18960],[17744, 18984],[17744, 19024],[17792, 19056],[17808, 19096],[17816, 19160],[17864, 19200],[17864, 19224],[17896, 19264],[17912, 19264],[17936, 19296],[17936, 19312],[18000, 19352],[18056, 19352],[18080, 19328],[18128, 19312],[18144, 19280],[18136, 19232],[18096, 19216],[18088, 19192],[18056, 19168],[18040, 19128],[17976, 19096],[17936, 19088],[17912, 19056],[17896, 19056],[17856, 19008],[17824, 18992],[17824, 18936],[17832, 18936],[17832, 18872],[17840, 18856],[17888, 18856],[17912, 18800],[17952, 18800],[17952, 18832],[17928, 18848],[17928, 18872],[17944, 18880],[18000, 18880],[18024, 18856],[18032, 18824],[18032, 18776],[17992, 18744],[17936, 18664],[17872, 18640],[17816, 18640],[17784, 18648],[17768, 18632],[17768, 18600],[17744, 18560],[17744, 18536],[17696, 18504],[17696, 18488],[17664, 18464],[17592, 18456],[17560, 18480]]]},"properties":{"objectType":"annotation","classification":{"name":"Tumor","color":[102, 77, 179]}}},{"type":"Feature","id":"7b32304b-9f78-4472-afeb-030cbd194788","geometry":{"type":"Polygon","coordinates":[[[19192, 18936],[19232, 18984],[19336, 19000],[19352, 18984],[19416, 18992],[19464, 18960],[19512, 18904],[19472, 18856],[19408, 18824],[19328, 18824],[19304, 18808],[19256, 18808],[19200, 18856],[19192, 18936]]]},"properties":{"objectType":"annotation","classification":{"name":"Tumor","color":[102, 77, 179]}}},{"type":"Feature","id":"9424745a-a0c5-4698-ae8c-d0aefb5702f9","geometry":{"type":"Polygon","coordinates":[[[16968, 18960],[16968, 19016],[16976, 19016],[16976, 19048],[16992, 19048],[16992, 19056],[17024, 19056],[17024, 19048],[17032, 19048],[17032, 19032],[17040, 19032],[17040, 19016],[17048, 19016],[17048, 19000],[17056, 19000],[17056, 18976],[17048, 18976],[17048, 18968],[17040, 18968],[17040, 18960],[17032, 18960],[17032, 18952],[17024, 18952],[17024, 18944],[17008, 18944],[17008, 18936],[16984, 18936],[16984, 18944],[16976, 18944],[16976, 18960],[16968, 18960]]]},"properties":{"objectType":"annotation","classification":{"name":"Ignore*","color":[180, 180, 180]},"isLocked":true}},{"type":"Feature","id":"99695f89-36b7-4dd1-b054-2780a1bde155","geometry":{"type":"Polygon","coordinates":[[[18264, 19040],[18264, 19064],[18272, 19064],[18272, 19088],[18280, 19088],[18280, 19104],[18288, 19104],[18288, 19112],[18304, 19112],[18304, 19120],[18336, 19120],[18336, 19112],[18344, 19112],[18344, 19120],[18352, 19120],[18352, 19168],[18360, 19168],[18360, 19176],[18400, 19176],[18400, 19168],[18416, 19168],[18416, 19160],[18424, 19160],[18424, 19152],[18432, 19152],[18432, 19144],[18440, 19144],[18440, 19128],[18448, 19128],[18448, 19112],[18440, 19112],[18440, 19104],[18432, 19104],[18432, 19096],[18424, 19096],[18424, 19088],[18400, 19088],[18400, 19096],[18368, 19096],[18368, 19088],[18360, 19088],[18360, 19072],[18352, 19072],[18352, 19064],[18344, 19064],[18344, 19056],[18336, 19056],[18336, 19048],[18328, 19048],[18328, 19040],[18320, 19040],[18320, 19024],[18312, 19024],[18312, 19016],[18288, 19016],[18288, 19024],[18280, 19024],[18280, 19032],[18272, 19032],[18272, 19040],[18264, 19040]]]},"properties":{"objectType":"annotation","classification":{"name":"Ignore*","color":[180, 180, 180]},"isLocked":true}},{"type":"Feature","id":"b2307b50-e5dd-4456-9441-9e5aa069f08a","geometry":{"type":"Polygon","coordinates":[[[14936, 19120],[14936, 19144],[14944, 19144],[14944, 19160],[14968, 19160],[14968, 19152],[14976, 19152],[14976, 19144],[14984, 19144],[14984, 19136],[14992, 19136],[14992, 19128],[15000, 19128],[15000, 19120],[15008, 19120],[15008, 19112],[15016, 19112],[15016, 19104],[15024, 19104],[15024, 19064],[15016, 19064],[15016, 19056],[14976, 19056],[14976, 19064],[14960, 19064],[14960, 19080],[14952, 19080],[14952, 19088],[14944, 19088],[14944, 19120],[14936, 19120]]]},"properties":{"objectType":"annotation","classification":{"name":"Ignore*","color":[180, 180, 180]},"isLocked":true}},{"type":"Feature","id":"93dc14f2-d25f-463c-8962-de83f898013e","geometry":{"type":"Polygon","coordinates":[[[18360, 18912],[18360, 18960],[18400, 19008],[18472, 19008],[18496, 19024],[18512, 19064],[18536, 19088],[18576, 19096],[18600, 19128],[18696, 19160],[18760, 19168],[18800, 19160],[18824, 19200],[18856, 19224],[18880, 19272],[18880, 19336],[18864, 19352],[18864, 19424],[18896, 19496],[18896, 19576],[18928, 19600],[18944, 19648],[18976, 19672],[19024, 19672],[19040, 19648],[19040, 19592],[19024, 19576],[19024, 19496],[19000, 19448],[18992, 19392],[18968, 19360],[18920, 19336],[18928, 19312],[18920, 19224],[18944, 19184],[18936, 19096],[18976, 19048],[18976, 18992],[18960, 18960],[18928, 18952],[18856, 18952],[18808, 18992],[18784, 18992],[18728, 18920],[18712, 18920],[18640, 18880],[18512, 18880],[18464, 18912],[18424, 18912],[18416, 18896],[18376, 18888],[18360, 18912]]]},"properties":{"objectType":"annotation","classification":{"name":"Tumor","color":[102, 77, 179]}}},{"type":"Feature","id":"25a7aea9-aa91-4e4b-900b-437881d9fcd0","geometry":{"type":"Polygon","coordinates":[[[19136, 19136],[19152, 19184],[19184, 19192],[19208, 19248],[19288, 19240],[19328, 19200],[19336, 19160],[19272, 19136],[19264, 19120],[19136, 19136]]]},"properties":{"objectType":"annotation","classification":{"name":"Tumor","color":[102, 77, 179]}}},{"type":"Feature","id":"438cdfd3-6de8-438e-a818-50b2befc720e","geometry":{"type":"Polygon","coordinates":[[[15328, 19112],[15328, 19128],[15336, 19128],[15336, 19144],[15344, 19144],[15344, 19152],[15352, 19152],[15352, 19160],[15360, 19160],[15360, 19184],[15368, 19184],[15368, 19224],[15376, 19224],[15376, 19232],[15392, 19232],[15392, 19240],[15400, 19240],[15400, 19256],[15408, 19256],[15408, 19264],[15456, 19264],[15456, 19272],[15472, 19272],[15472, 19280],[15488, 19280],[15488, 19288],[15520, 19288],[15520, 19280],[15552, 19280],[15552, 19272],[15568, 19272],[15568, 19280],[15592, 19280],[15592, 19256],[15584, 19256],[15584, 19248],[15576, 19248],[15576, 19240],[15568, 19240],[15568, 19232],[15552, 19232],[15552, 19224],[15544, 19224],[15544, 19216],[15536, 19216],[15536, 19208],[15528, 19208],[15528, 19200],[15520, 19200],[15520, 19192],[15512, 19192],[15512, 19184],[15456, 19184],[15456, 19176],[15448, 19176],[15448, 19160],[15440, 19160],[15440, 19120],[15432, 19120],[15432, 19096],[15424, 19096],[15424, 19088],[15416, 19088],[15416, 19072],[15408, 19072],[15408, 19064],[15400, 19064],[15400, 19048],[15392, 19048],[15392, 19040],[15352, 19040],[15352, 19048],[15344, 19048],[15344, 19056],[15336, 19056],[15336, 19112],[15328, 19112]]]},"properties":{"objectType":"annotation","classification":{"name":"Ignore*","color":[180, 180, 180]},"isLocked":true}},{"type":"Feature","id":"30e450e1-4ece-4af4-be85-61cf627e405a","geometry":{"type":"Polygon","coordinates":[[[21912, 19208],[21912, 19232],[21952, 19232],[21952, 19224],[21968, 19224],[21968, 19216],[21976, 19216],[21976, 19208],[21984, 19208],[21984, 19200],[21992, 19200],[21992, 19152],[21984, 19152],[21984, 19144],[21968, 19144],[21968, 19152],[21960, 19152],[21960, 19160],[21952, 19160],[21952, 19168],[21944, 19168],[21944, 19176],[21936, 19176],[21936, 19184],[21928, 19184],[21928, 19192],[21920, 19192],[21920, 19208],[21912, 19208]]]},"properties":{"objectType":"annotation","classification":{"name":"Ignore*","color":[180, 180, 180]},"isLocked":true}},{"type":"Feature","id":"ea150d69-b188-4d98-ac3d-3249202501a8","geometry":{"type":"Polygon","coordinates":[[[18408, 19288],[18408, 19344],[18416, 19344],[18416, 19352],[18424, 19352],[18424, 19360],[18504, 19360],[18504, 19352],[18528, 19352],[18528, 19344],[18536, 19344],[18536, 19328],[18544, 19328],[18544, 19312],[18552, 19312],[18552, 19272],[18544, 19272],[18544, 19256],[18536, 19256],[18536, 19248],[18464, 19248],[18464, 19240],[18440, 19240],[18440, 19248],[18432, 19248],[18432, 19256],[18424, 19256],[18424, 19264],[18416, 19264],[18416, 19288],[18408, 19288]]]},"properties":{"objectType":"annotation","classification":{"name":"Ignore*","color":[180, 180, 180]},"isLocked":true}},{"type":"Feature","id":"865b7fe6-69ca-4232-9c71-5ab9a0dfb396","geometry":{"type":"Polygon","coordinates":[[[15712, 19480],[15712, 19488],[15720, 19488],[15720, 19504],[15728, 19504],[15728, 19520],[15736, 19520],[15736, 19536],[15744, 19536],[15744, 19552],[15752, 19552],[15752, 19560],[15760, 19560],[15760, 19576],[15768, 19576],[15768, 19584],[15776, 19584],[15776, 19592],[15784, 19592],[15784, 19600],[15792, 19600],[15792, 19608],[15808, 19608],[15808, 19600],[15816, 19600],[15816, 19592],[15824, 19592],[15824, 19584],[15848, 19584],[15848, 19576],[15864, 19576],[15864, 19568],[15888, 19568],[15888, 19560],[15904, 19560],[15904, 19552],[15920, 19552],[15920, 19536],[15928, 19536],[15928, 19528],[15936, 19528],[15936, 19520],[15944, 19520],[15944, 19512],[15952, 19512],[15952, 19504],[15960, 19504],[15960, 19472],[15968, 19472],[15968, 19456],[15976, 19456],[15976, 19448],[15984, 19448],[15984, 19440],[15992, 19440],[15992, 19432],[16000, 19432],[16000, 19424],[16008, 19424],[16008, 19416],[16016, 19416],[16016, 19400],[16024, 19400],[16024, 19384],[16032, 19384],[16032, 19376],[16040, 19376],[16040, 19360],[16048, 19360],[16048, 19352],[16056, 19352],[16056, 19344],[16064, 19344],[16064, 19336],[16072, 19336],[16072, 19320],[16080, 19320],[16080, 19304],[16088, 19304],[16088, 19264],[16080, 19264],[16080, 19256],[16072, 19256],[16072, 19248],[16032, 19248],[16032, 19256],[16024, 19256],[16024, 19264],[16016, 19264],[16016, 19280],[16008, 19280],[16008, 19296],[16000, 19296],[16000, 19312],[15984, 19312],[15984, 19320],[15960, 19320],[15960, 19328],[15888, 19328],[15888, 19336],[15880, 19336],[15880, 19352],[15872, 19352],[15872, 19376],[15880, 19376],[15880, 19392],[15888, 19392],[15888, 19408],[15896, 19408],[15896, 19448],[15888, 19448],[15888, 19456],[15880, 19456],[15880, 19464],[15872, 19464],[15872, 19472],[15864, 19472],[15864, 19480],[15856, 19480],[15856, 19488],[15848, 19488],[15848, 19496],[15840, 19496],[15840, 19504],[15816, 19504],[15816, 19496],[15808, 19496],[15808, 19488],[15800, 19488],[15800, 19480],[15792, 19480],[15792, 19472],[15784, 19472],[15784, 19464],[15776, 19464],[15776, 19456],[15768, 19456],[15768, 19448],[15728, 19448],[15728, 19456],[15720, 19456],[15720, 19480],[15712, 19480]]]},"properties":{"objectType":"annotation","classification":{"name":"Ignore*","color":[180, 180, 180]}}},{"type":"Feature","id":"a7c4a3e6-d661-43ce-a866-9eed5b55e4eb","geometry":{"type":"Polygon","coordinates":[[[15880, 19672],[15880, 19712],[15888, 19712],[15888, 19728],[15904, 19728],[15904, 19736],[15944, 19736],[15944, 19728],[15976, 19728],[15976, 19720],[16008, 19720],[16008, 19712],[16024, 19712],[16024, 19696],[16032, 19696],[16032, 19672],[16024, 19672],[16024, 19656],[16008, 19656],[16008, 19648],[15992, 19648],[15992, 19640],[15960, 19640],[15960, 19648],[15936, 19648],[15936, 19656],[15896, 19656],[15896, 19664],[15888, 19664],[15888, 19672],[15880, 19672]]]},"properties":{"objectType":"annotation","classification":{"name":"Ignore*","color":[180, 180, 180]},"isLocked":true}},{"type":"Feature","id":"d2898e91-a47b-442d-986d-c37f58cc2d23","geometry":{"type":"Polygon","coordinates":[[[19352, 19816],[19352, 19832],[19360, 19832],[19360, 19856],[19368, 19856],[19368, 19864],[19376, 19864],[19376, 19880],[19384, 19880],[19384, 19896],[19392, 19896],[19392, 19904],[19400, 19904],[19400, 19912],[19408, 19912],[19408, 19920],[19416, 19920],[19416, 19928],[19424, 19928],[19424, 19936],[19432, 19936],[19432, 19944],[19448, 19944],[19448, 19936],[19456, 19936],[19456, 19928],[19464, 19928],[19464, 19920],[19472, 19920],[19472, 19912],[19480, 19912],[19480, 19872],[19472, 19872],[19472, 19864],[19464, 19864],[19464, 19856],[19456, 19856],[19456, 19848],[19448, 19848],[19448, 19840],[19440, 19840],[19440, 19832],[19432, 19832],[19432, 19816],[19424, 19816],[19424, 19808],[19408, 19808],[19408, 19800],[19400, 19800],[19400, 19792],[19376, 19792],[19376, 19800],[19360, 19800],[19360, 19816],[19352, 19816]]]},"properties":{"objectType":"annotation","classification":{"name":"Ignore*","color":[180, 180, 180]},"isLocked":true}},{"type":"Feature","id":"9b8dfbe3-bcaa-4bf7-8c8c-98f394a25771","geometry":{"type":"Polygon","coordinates":[[[17960, 19888],[17960, 19936],[17968, 19936],[17968, 19944],[17976, 19944],[17976, 19952],[17992, 19952],[17992, 19960],[18008, 19960],[18008, 19968],[18040, 19968],[18040, 19976],[18072, 19976],[18072, 19984],[18088, 19984],[18088, 19992],[18104, 19992],[18104, 20000],[18120, 20000],[18120, 20008],[18136, 20008],[18136, 20016],[18184, 20016],[18184, 20008],[18200, 20008],[18200, 20000],[18208, 20000],[18208, 19968],[18200, 19968],[18200, 19960],[18184, 19960],[18184, 19952],[18168, 19952],[18168, 19944],[18160, 19944],[18160, 19936],[18152, 19936],[18152, 19920],[18144, 19920],[18144, 19904],[18136, 19904],[18136, 19888],[18128, 19888],[18128, 19880],[18120, 19880],[18120, 19872],[18104, 19872],[18104, 19864],[18072, 19864],[18072, 19872],[18008, 19872],[18008, 19880],[17968, 19880],[17968, 19888],[17960, 19888]]]},"properties":{"objectType":"annotation","classification":{"name":"Ignore*","color":[180, 180, 180]},"isLocked":true}},{"type":"Feature","id":"651f00b4-02ec-4213-a968-82908fb2ec6d","geometry":{"type":"Polygon","coordinates":[[[10176, 19912],[10200, 19936],[10176, 19976],[10176, 20032],[10200, 20080],[10224, 20104],[10280, 20112],[10312, 20088],[10312, 20056],[10344, 20016],[10344, 19992],[10376, 19968],[10376, 19888],[10360, 19872],[10360, 19840],[10336, 19808],[10304, 19792],[10256, 19800],[10248, 19816],[10192, 19848],[10176, 19912]]]},"properties":{"objectType":"annotation","classification":{"name":"Tumor","color":[102, 77, 179]}}},{"type":"Feature","id":"13705e5d-a6aa-44db-934c-d0935d9bfcf6","geometry":{"type":"Polygon","coordinates":[[[7832, 19896],[7832, 19936],[7840, 19936],[7840, 19952],[7848, 19952],[7848, 19968],[7856, 19968],[7856, 19992],[7864, 19992],[7864, 20008],[7872, 20008],[7872, 20016],[7880, 20016],[7880, 20024],[7896, 20024],[7896, 19968],[7888, 19968],[7888, 19952],[7880, 19952],[7880, 19936],[7872, 19936],[7872, 19920],[7864, 19920],[7864, 19904],[7856, 19904],[7856, 19896],[7832, 19896]]]},"properties":{"objectType":"annotation","classification":{"name":"Ignore*","color":[180, 180, 180]},"isLocked":true}},{"type":"Feature","id":"ab62234a-ad23-4dc8-a76c-5e410956cff6","geometry":{"type":"Polygon","coordinates":[[[10440, 19952],[10440, 20128],[10512, 20136],[10568, 20088],[10608, 20008],[10616, 19904],[10576, 19864],[10472, 19896],[10440, 19952]]]},"properties":{"objectType":"annotation","classification":{"name":"Tumor","color":[102, 77, 179]}}},{"type":"Feature","id":"b7759c2d-9ab3-45d4-a78f-ff50076dfce8","geometry":{"type":"Polygon","coordinates":[[[19624, 19992],[19624, 20008],[19632, 20008],[19632, 20024],[19640, 20024],[19640, 20040],[19648, 20040],[19648, 20056],[19656, 20056],[19656, 20064],[19664, 20064],[19664, 20072],[19688, 20072],[19688, 20080],[19744, 20080],[19744, 20072],[19752, 20072],[19752, 20064],[19760, 20064],[19760, 20056],[19768, 20056],[19768, 20016],[19760, 20016],[19760, 20008],[19752, 20008],[19752, 20000],[19736, 20000],[19736, 19992],[19720, 19992],[19720, 19984],[19704, 19984],[19704, 19976],[19680, 19976],[19680, 19968],[19648, 19968],[19648, 19976],[19632, 19976],[19632, 19992],[19624, 19992]]]},"properties":{"objectType":"annotation","classification":{"name":"Ignore*","color":[180, 180, 180]},"isLocked":true}},{"type":"Feature","id":"a20801e6-f0cf-43fa-8c4e-e782818e8c08","geometry":{"type":"Polygon","coordinates":[[[16096, 20000],[16096, 20032],[16104, 20032],[16104, 20048],[16112, 20048],[16112, 20064],[16120, 20064],[16120, 20088],[16128, 20088],[16128, 20096],[16136, 20096],[16136, 20088],[16144, 20088],[16144, 20072],[16152, 20072],[16152, 20064],[16160, 20064],[16160, 20056],[16168, 20056],[16168, 20040],[16176, 20040],[16176, 20000],[16168, 20000],[16168, 19992],[16160, 19992],[16160, 19984],[16152, 19984],[16152, 19976],[16128, 19976],[16128, 19984],[16112, 19984],[16112, 19992],[16104, 19992],[16104, 20000],[16096, 20000]]]},"properties":{"objectType":"annotation","classification":{"name":"Ignore*","color":[180, 180, 180]},"isLocked":true}},{"type":"Feature","id":"8a484e42-c6e0-4f86-883d-34c598741140","geometry":{"type":"Polygon","coordinates":[[[6232, 20024],[6232, 20072],[6240, 20072],[6240, 20080],[6256, 20080],[6256, 20088],[6280, 20088],[6280, 20096],[6288, 20096],[6288, 20088],[6312, 20088],[6312, 20080],[6320, 20080],[6320, 20064],[6312, 20064],[6312, 20048],[6304, 20048],[6304, 20040],[6296, 20040],[6296, 20032],[6280, 20032],[6280, 20024],[6264, 20024],[6264, 20016],[6240, 20016],[6240, 20024],[6232, 20024]]]},"properties":{"objectType":"annotation","classification":{"name":"Ignore*","color":[180, 180, 180]},"isLocked":true}},{"type":"Feature","id":"42c9948c-0661-4152-a435-f000b8cb9cca","geometry":{"type":"Polygon","coordinates":[[[15856, 20208],[15856, 20224],[15864, 20224],[15864, 20240],[15872, 20240],[15872, 20248],[15880, 20248],[15880, 20256],[15896, 20256],[15896, 20264],[15912, 20264],[15912, 20272],[15944, 20272],[15944, 20264],[15960, 20264],[15960, 20256],[15976, 20256],[15976, 20248],[16008, 20248],[16008, 20240],[16016, 20240],[16016, 20248],[16072, 20248],[16072, 20240],[16080, 20240],[16080, 20232],[16088, 20232],[16088, 20216],[16096, 20216],[16096, 20192],[16104, 20192],[16104, 20176],[16112, 20176],[16112, 20168],[16120, 20168],[16120, 20152],[16128, 20152],[16128, 20128],[16120, 20128],[16120, 20096],[16104, 20096],[16104, 20088],[16096, 20088],[16096, 20080],[16088, 20080],[16088, 20072],[16080, 20072],[16080, 20008],[16072, 20008],[16072, 19992],[16064, 19992],[16064, 19976],[16056, 19976],[16056, 19960],[16048, 19960],[16048, 19944],[16040, 19944],[16040, 19936],[16032, 19936],[16032, 19920],[16016, 19920],[16016, 19912],[16008, 19912],[16008, 19904],[16000, 19904],[16000, 19896],[15992, 19896],[15992, 19888],[15960, 19888],[15960, 19896],[15952, 19896],[15952, 19904],[15944, 19904],[15944, 19952],[15952, 19952],[15952, 19960],[15960, 19960],[15960, 19968],[15968, 19968],[15968, 19984],[15976, 19984],[15976, 20016],[15984, 20016],[15984, 20032],[15992, 20032],[15992, 20040],[16000, 20040],[16000, 20048],[16008, 20048],[16008, 20056],[16016, 20056],[16016, 20064],[16032, 20064],[16032, 20072],[16040, 20072],[16040, 20080],[16048, 20080],[16048, 20128],[16056, 20128],[16056, 20160],[16048, 20160],[16048, 20176],[16040, 20176],[16040, 20184],[16000, 20184],[16000, 20176],[15984, 20176],[15984, 20168],[15968, 20168],[15968, 20176],[15944, 20176],[15944, 20184],[15912, 20184],[15912, 20192],[15864, 20192],[15864, 20208],[15856, 20208]]]},"properties":{"objectType":"annotation","classification":{"name":"Ignore*","color":[180, 180, 180]},"isLocked":true}},{"type":"Feature","id":"fc806415-bc3f-4ea3-99d6-ba38046cd4e6","geometry":{"type":"Polygon","coordinates":[[[7456, 20152],[7456, 20176],[7488, 20176],[7488, 20168],[7504, 20168],[7504, 20160],[7520, 20160],[7520, 20152],[7528, 20152],[7528, 20144],[7536, 20144],[7536, 20136],[7544, 20136],[7544, 20128],[7560, 20128],[7560, 20120],[7632, 20120],[7632, 20104],[7624, 20104],[7624, 20072],[7616, 20072],[7616, 20064],[7608, 20064],[7608, 20056],[7600, 20056],[7600, 20048],[7584, 20048],[7584, 20056],[7568, 20056],[7568, 20064],[7552, 20064],[7552, 20072],[7544, 20072],[7544, 20080],[7536, 20080],[7536, 20088],[7528, 20088],[7528, 20096],[7512, 20096],[7512, 20104],[7496, 20104],[7496, 20112],[7488, 20112],[7488, 20120],[7480, 20120],[7480, 20128],[7472, 20128],[7472, 20144],[7464, 20144],[7464, 20152],[7456, 20152]]]},"properties":{"objectType":"annotation","classification":{"name":"Ignore*","color":[180, 180, 180]},"isLocked":true}},{"type":"Feature","id":"5cd8f2b6-e91d-4470-b3ff-c934d064896d","geometry":{"type":"Polygon","coordinates":[[[19664, 20144],[19664, 20176],[19672, 20176],[19672, 20192],[19680, 20192],[19680, 20200],[19688, 20200],[19688, 20208],[19704, 20208],[19704, 20216],[19720, 20216],[19720, 20208],[19736, 20208],[19736, 20200],[19744, 20200],[19744, 20120],[19736, 20120],[19736, 20112],[19688, 20112],[19688, 20120],[19680, 20120],[19680, 20128],[19672, 20128],[19672, 20144],[19664, 20144]]]},"properties":{"objectType":"annotation","classification":{"name":"Ignore*","color":[180, 180, 180]},"isLocked":true,"measurements":{"Area µm^2":1321.1979427337646,"Length µm":162.400390625,"Circularity":0.6295114209715938,"Solidity":0.9380534224362365,"Max diameter µm":48.583965794493885,"Min diameter µm":35.3046875}}},{"type":"Feature","id":"e7eb90ae-8675-46c2-9eac-22f47d5484fb","geometry":{"type":"Polygon","coordinates":[[[22032, 20192],[22032, 20208],[22040, 20208],[22040, 20216],[22072, 20216],[22072, 20208],[22152, 20208],[22152, 20200],[22160, 20200],[22160, 20184],[22152, 20184],[22152, 20168],[22128, 20168],[22128, 20160],[22112, 20160],[22112, 20168],[22080, 20168],[22080, 20176],[22056, 20176],[22056, 20184],[22040, 20184],[22040, 20192],[22032, 20192]]]},"properties":{"objectType":"annotation","classification":{"name":"Ignore*","color":[180, 180, 180]},"isLocked":true}},{"type":"Feature","id":"6ad8305e-fdae-4970-8548-67eddb812eda","geometry":{"type":"Polygon","coordinates":[[[21376, 20256],[21400, 20272],[21416, 20256],[21448, 20256],[21440, 20352],[21480, 20360],[21504, 20344],[21504, 20304],[21480, 20288],[21496, 20248],[21496, 20176],[21520, 20136],[21520, 20112],[21488, 20112],[21464, 20176],[21440, 20176],[21432, 20144],[21400, 20136],[21384, 20160],[21384, 20232],[21376, 20256]]]},"properties":{"objectType":"annotation","classification":{"name":"Tumor","color":[102, 77, 179]}}},{"type":"Feature","id":"656584db-af79-4525-8839-1c7c86673d20","geometry":{"type":"Polygon","coordinates":[[[16696, 20232],[16696, 20256],[16704, 20256],[16704, 20264],[16712, 20264],[16712, 20272],[16728, 20272],[16728, 20280],[16776, 20280],[16776, 20272],[16784, 20272],[16784, 20264],[16792, 20264],[16792, 20256],[16800, 20256],[16800, 20248],[16808, 20248],[16808, 20232],[16816, 20232],[16816, 20200],[16808, 20200],[16808, 20192],[16744, 20192],[16744, 20200],[16728, 20200],[16728, 20208],[16720, 20208],[16720, 20216],[16704, 20216],[16704, 20232],[16696, 20232]]]},"properties":{"objectType":"annotation","classification":{"name":"Ignore*","color":[180, 180, 180]},"isLocked":true}},{"type":"Feature","id":"f2ba09f9-0a19-47f0-b1e4-9728b0d6a8e4","geometry":{"type":"Polygon","coordinates":[[[9936, 20432],[9960, 20464],[10008, 20464],[10072, 20440],[10152, 20376],[10152, 20312],[10136, 20288],[10136, 20224],[10112, 20208],[10112, 20152],[10048, 20040],[10000, 20040],[9968, 20088],[9976, 20272],[9944, 20320],[9936, 20432]]]},"properties":{"objectType":"annotation","classification":{"name":"Tumor","color":[102, 77, 179]}}},{"type":"Feature","id":"c7de74bd-c175-4c56-93cd-066cf78ba5f6","geometry":{"type":"Polygon","coordinates":[[[7856, 20240],[7856, 20272],[7864, 20272],[7864, 20288],[7872, 20288],[7872, 20304],[7880, 20304],[7880, 20320],[7888, 20320],[7888, 20352],[7880, 20352],[7880, 20376],[7872, 20376],[7872, 20400],[7880, 20400],[7880, 20416],[7920, 20416],[7920, 20408],[7936, 20408],[7936, 20384],[7928, 20384],[7928, 20344],[7936, 20344],[7936, 20328],[7944, 20328],[7944, 20264],[7936, 20264],[7936, 20248],[7920, 20248],[7920, 20240],[7888, 20240],[7888, 20232],[7864, 20232],[7864, 20240],[7856, 20240]]]},"properties":{"objectType":"annotation","classification":{"name":"Ignore*","color":[180, 180, 180]},"isLocked":true}},{"type":"Feature","id":"a7a1c388-c2a9-4c86-b41d-70457f22d04a","geometry":{"type":"Polygon","coordinates":[[[10184, 20352],[10184, 20368],[10192, 20368],[10192, 20376],[10200, 20376],[10200, 20384],[10208, 20384],[10208, 20392],[10216, 20392],[10216, 20400],[10224, 20400],[10224, 20408],[10232, 20408],[10232, 20416],[10240, 20416],[10240, 20424],[10304, 20424],[10304, 20416],[10312, 20416],[10312, 20408],[10320, 20408],[10320, 20352],[10312, 20352],[10312, 20336],[10304, 20336],[10304, 20328],[10296, 20328],[10296, 20320],[10288, 20320],[10288, 20312],[10272, 20312],[10272, 20304],[10224, 20304],[10224, 20312],[10216, 20312],[10216, 20320],[10208, 20320],[10208, 20328],[10200, 20328],[10200, 20344],[10192, 20344],[10192, 20352],[10184, 20352]]]},"properties":{"objectType":"annotation","classification":{"name":"Ignore*","color":[180, 180, 180]},"isLocked":true}},{"type":"Feature","id":"e60c6010-05c5-45c5-bd4c-ce73d2855760","geometry":{"type":"Polygon","coordinates":[[[21064, 20216],[21064, 20432],[21080, 20480],[21080, 20536],[21112, 20648],[21120, 20728],[21152, 20736],[21176, 20664],[21192, 20664],[21240, 20608],[21240, 20560],[21280, 20480],[21280, 20376],[21264, 20296],[21288, 20264],[21288, 20232],[21264, 20232],[21232, 20192],[21232, 20136],[21192, 20072],[21104, 20072],[21080, 20104],[21080, 20200],[21064, 20216]]]},"properties":{"objectType":"annotation","classification":{"name":"Tumor","color":[102, 77, 179]}}},{"type":"Feature","id":"fc480325-a9b7-41f0-af2c-27738298c2bf","geometry":{"type":"Polygon","coordinates":[[[17376, 20448],[17376, 20472],[17384, 20472],[17384, 20480],[17392, 20480],[17392, 20488],[17400, 20488],[17400, 20496],[17448, 20496],[17448, 20488],[17456, 20488],[17456, 20480],[17464, 20480],[17464, 20472],[17472, 20472],[17472, 20456],[17480, 20456],[17480, 20440],[17488, 20440],[17488, 20392],[17480, 20392],[17480, 20376],[17472, 20376],[17472, 20368],[17432, 20368],[17432, 20376],[17424, 20376],[17424, 20384],[17416, 20384],[17416, 20392],[17408, 20392],[17408, 20408],[17400, 20408],[17400, 20416],[17392, 20416],[17392, 20424],[17384, 20424],[17384, 20448],[17376, 20448]]]},"properties":{"objectType":"annotation","classification":{"name":"Ignore*","color":[180, 180, 180]}}},{"type":"Feature","id":"37445861-2e04-4a2a-82c0-040fb5f0777e","geometry":{"type":"Polygon","coordinates":[[[17592, 20376],[17592, 20432],[17616, 20456],[17664, 20464],[17680, 20488],[17704, 20488],[17744, 20512],[17784, 20512],[17800, 20536],[17776, 20568],[17776, 20624],[17824, 20648],[17856, 20688],[17912, 20696],[17936, 20672],[17984, 20672],[18032, 20632],[18128, 20592],[18128, 20584],[18224, 20584],[18280, 20568],[18312, 20528],[18320, 20464],[18256, 20392],[18240, 20384],[18120, 20384],[18064, 20352],[18008, 20352],[17928, 20304],[17864, 20296],[17832, 20280],[17768, 20280],[17704, 20328],[17624, 20352],[17592, 20376]]]},"properties":{"objectType":"annotation","classification":{"name":"Tumor","color":[102, 77, 179]}}},{"type":"Feature","id":"14bc0559-2532-49ae-b69e-def80996276f","geometry":{"type":"Polygon","coordinates":[[[16312, 20472],[16312, 20480],[16320, 20480],[16320, 20504],[16328, 20504],[16328, 20512],[16352, 20512],[16352, 20520],[16384, 20520],[16384, 20512],[16400, 20512],[16400, 20504],[16408, 20504],[16408, 20472],[16400, 20472],[16400, 20456],[16392, 20456],[16392, 20448],[16384, 20448],[16384, 20440],[16376, 20440],[16376, 20432],[16344, 20432],[16344, 20440],[16336, 20440],[16336, 20448],[16328, 20448],[16328, 20456],[16320, 20456],[16320, 20472],[16312, 20472]]]},"properties":{"objectType":"annotation","classification":{"name":"Ignore*","color":[180, 180, 180]},"isLocked":true}},{"type":"Feature","id":"6de3250f-0dac-4d27-b063-5a8322c9c70e","geometry":{"type":"Polygon","coordinates":[[[20288, 20504],[20304, 20536],[20416, 20616],[20464, 20616],[20480, 20600],[20568, 20608],[20616, 20584],[20632, 20528],[20536, 20440],[20496, 20384],[20448, 20360],[20376, 20352],[20296, 20408],[20288, 20504]]]},"properties":{"objectType":"annotation","classification":{"name":"Tumor","color":[102, 77, 179]}}},{"type":"Feature","id":"92337546-1d2b-4d56-9d4c-89482322a98e","geometry":{"type":"Polygon","coordinates":[[[22536, 20464],[22536, 20528],[22544, 20528],[22544, 20544],[22552, 20544],[22552, 20560],[22560, 20560],[22560, 20568],[22568, 20568],[22568, 20576],[22584, 20576],[22584, 20584],[22600, 20584],[22600, 20592],[22624, 20592],[22624, 20600],[22640, 20600],[22640, 20608],[22648, 20608],[22648, 20616],[22656, 20616],[22656, 20624],[22664, 20624],[22664, 20632],[22672, 20632],[22672, 20640],[22688, 20640],[22688, 20648],[22720, 20648],[22720, 20640],[22728, 20640],[22728, 20624],[22736, 20624],[22736, 20600],[22744, 20600],[22744, 20584],[22752, 20584],[22752, 20568],[22760, 20568],[22760, 20560],[22768, 20560],[22768, 20552],[22800, 20552],[22800, 20536],[22808, 20536],[22808, 20520],[22800, 20520],[22800, 20504],[22792, 20504],[22792, 20496],[22784, 20496],[22784, 20488],[22752, 20488],[22752, 20496],[22744, 20496],[22744, 20504],[22736, 20504],[22736, 20512],[22728, 20512],[22728, 20520],[22696, 20520],[22696, 20512],[22688, 20512],[22688, 20496],[22680, 20496],[22680, 20448],[22672, 20448],[22672, 20440],[22664, 20440],[22664, 20424],[22656, 20424],[22656, 20416],[22616, 20416],[22616, 20424],[22608, 20424],[22608, 20432],[22600, 20432],[22600, 20440],[22584, 20440],[22584, 20448],[22560, 20448],[22560, 20456],[22544, 20456],[22544, 20464],[22536, 20464]]]},"properties":{"objectType":"annotation","classification":{"name":"Ignore*","color":[180, 180, 180]},"isLocked":true}},{"type":"Feature","id":"16ac3e0e-3fbe-4a13-befb-b79eed93dcc5","geometry":{"type":"Polygon","coordinates":[[[19736, 20640],[19736, 20656],[19776, 20656],[19776, 20664],[19792, 20664],[19792, 20672],[19800, 20672],[19800, 20680],[19808, 20680],[19808, 20688],[19824, 20688],[19824, 20696],[19840, 20696],[19840, 20704],[19880, 20704],[19880, 20696],[19896, 20696],[19896, 20688],[19904, 20688],[19904, 20680],[19912, 20680],[19912, 20672],[19920, 20672],[19920, 20664],[19928, 20664],[19928, 20640],[19920, 20640],[19920, 20624],[19912, 20624],[19912, 20616],[19904, 20616],[19904, 20608],[19896, 20608],[19896, 20600],[19800, 20600],[19800, 20608],[19768, 20608],[19768, 20616],[19752, 20616],[19752, 20624],[19744, 20624],[19744, 20640],[19736, 20640]]]},"properties":{"objectType":"annotation","classification":{"name":"Ignore*","color":[180, 180, 180]},"isLocked":true}},{"type":"Feature","id":"f9c019a5-d527-4493-9361-f64b344a6161","geometry":{"type":"Polygon","coordinates":[[[22616, 20688],[22616, 20736],[22624, 20736],[22624, 20752],[22648, 20752],[22648, 20760],[22696, 20760],[22696, 20704],[22688, 20704],[22688, 20688],[22680, 20688],[22680, 20680],[22664, 20680],[22664, 20672],[22640, 20672],[22640, 20664],[22632, 20664],[22632, 20672],[22624, 20672],[22624, 20688],[22616, 20688]]]},"properties":{"objectType":"annotation","classification":{"name":"Ignore*","color":[180, 180, 180]},"isLocked":true}},{"type":"Feature","id":"17e5561e-65ed-4606-b513-b9c3b43edd26","geometry":{"type":"Polygon","coordinates":[[[22712, 20760],[22712, 20768],[22720, 20768],[22720, 20776],[22728, 20776],[22728, 20784],[22736, 20784],[22736, 20792],[22752, 20792],[22752, 20808],[22736, 20808],[22736, 20832],[22752, 20832],[22752, 20840],[22768, 20840],[22768, 20832],[22776, 20832],[22776, 20824],[22792, 20824],[22792, 20816],[22816, 20816],[22816, 20808],[22824, 20808],[22824, 20800],[22832, 20800],[22832, 20792],[22840, 20792],[22840, 20776],[22848, 20776],[22848, 20760],[22856, 20760],[22856, 20712],[22848, 20712],[22848, 20672],[22840, 20672],[22840, 20656],[22832, 20656],[22832, 20648],[22824, 20648],[22824, 20632],[22816, 20632],[22816, 20624],[22768, 20624],[22768, 20632],[22760, 20632],[22760, 20640],[22752, 20640],[22752, 20648],[22744, 20648],[22744, 20664],[22736, 20664],[22736, 20672],[22744, 20672],[22744, 20696],[22736, 20696],[22736, 20728],[22728, 20728],[22728, 20744],[22720, 20744],[22720, 20760],[22712, 20760]]]},"properties":{"objectType":"annotation","classification":{"name":"Ignore*","color":[180, 180, 180]},"isLocked":true}},{"type":"Feature","id":"4d772c90-f61e-4b50-b60e-7ed8444eee74","geometry":{"type":"Polygon","coordinates":[[[16408, 20808],[16408, 20856],[16416, 20856],[16416, 20864],[16424, 20864],[16424, 20872],[16432, 20872],[16432, 20880],[16440, 20880],[16440, 20888],[16448, 20888],[16448, 20896],[16456, 20896],[16456, 20904],[16520, 20904],[16520, 20896],[16528, 20896],[16528, 20888],[16536, 20888],[16536, 20880],[16544, 20880],[16544, 20872],[16552, 20872],[16552, 20864],[16560, 20864],[16560, 20856],[16568, 20856],[16568, 20840],[16576, 20840],[16576, 20816],[16584, 20816],[16584, 20800],[16592, 20800],[16592, 20792],[16600, 20792],[16600, 20784],[16608, 20784],[16608, 20776],[16624, 20776],[16624, 20768],[16640, 20768],[16640, 20760],[16648, 20760],[16648, 20752],[16656, 20752],[16656, 20728],[16664, 20728],[16664, 20680],[16656, 20680],[16656, 20664],[16608, 20664],[16608, 20672],[16600, 20672],[16600, 20680],[16592, 20680],[16592, 20688],[16584, 20688],[16584, 20704],[16576, 20704],[16576, 20712],[16568, 20712],[16568, 20728],[16552, 20728],[16552, 20736],[16544, 20736],[16544, 20744],[16536, 20744],[16536, 20760],[16528, 20760],[16528, 20768],[16520, 20768],[16520, 20776],[16512, 20776],[16512, 20784],[16496, 20784],[16496, 20792],[16480, 20792],[16480, 20800],[16416, 20800],[16416, 20808],[16408, 20808]]]},"properties":{"objectType":"annotation","classification":{"name":"Ignore*","color":[180, 180, 180]},"isLocked":true}},{"type":"Feature","id":"7406730e-fd87-4322-adc5-09cdab753c57","geometry":{"type":"Polygon","coordinates":[[[20184, 20776],[20184, 20848],[20224, 20872],[20240, 20896],[20272, 20912],[20304, 20912],[20352, 20896],[20352, 20904],[20416, 20904],[20416, 20896],[20464, 20896],[20472, 20928],[20464, 20952],[20440, 20976],[20448, 21008],[20448, 21048],[20472, 21080],[20504, 21096],[20568, 21096],[20568, 21088],[20600, 21088],[20632, 21056],[20648, 21016],[20648, 20992],[20680, 20944],[20680, 20928],[20744, 20872],[20744, 20856],[20792, 20816],[20800, 20784],[20824, 20768],[20824, 20752],[20840, 20744],[20864, 20688],[20864, 20664],[20880, 20656],[20888, 20632],[20888, 20584],[20880, 20584],[20880, 20552],[20856, 20520],[20752, 20520],[20728, 20544],[20712, 20544],[20712, 20560],[20696, 20568],[20696, 20584],[20664, 20608],[20656, 20640],[20640, 20648],[20640, 20664],[20624, 20696],[20608, 20704],[20608, 20720],[20592, 20744],[20568, 20728],[20568, 20712],[20552, 20712],[20528, 20688],[20432, 20688],[20432, 20696],[20320, 20696],[20320, 20688],[20272, 20688],[20248, 20720],[20208, 20736],[20184, 20776]]]},"properties":{"objectType":"annotation","classification":{"name":"Tumor","color":[102, 77, 179]}}},{"type":"Feature","id":"dbb8a8d0-53b3-4613-ad05-6522ed95e936","geometry":{"type":"Polygon","coordinates":[[[20928, 21064],[20928, 21072],[20936, 21072],[20936, 21080],[20960, 21080],[20960, 21072],[20976, 21072],[20976, 21056],[20984, 21056],[20984, 21040],[20992, 21040],[20992, 21024],[21000, 21024],[21000, 21008],[21008, 21008],[21008, 20992],[21024, 20992],[21024, 20984],[21032, 20984],[21032, 20976],[21040, 20976],[21040, 20944],[21008, 20944],[21008, 20952],[21000, 20952],[21000, 20968],[20992, 20968],[20992, 20976],[20984, 20976],[20984, 20984],[20976, 20984],[20976, 20992],[20960, 20992],[20960, 21000],[20952, 21000],[20952, 21024],[20944, 21024],[20944, 21048],[20936, 21048],[20936, 21064],[20928, 21064]]]},"properties":{"objectType":"annotation","classification":{"name":"Ignore*","color":[180, 180, 180]},"isLocked":true}},{"type":"Feature","id":"7bb8731d-60e7-4fc2-adb8-82f327840e63","geometry":{"type":"Polygon","coordinates":[[[20256, 20960],[20256, 21056],[20264, 21056],[20264, 21072],[20272, 21072],[20272, 21080],[20296, 21080],[20296, 21000],[20288, 21000],[20288, 20984],[20296, 20984],[20296, 20960],[20288, 20960],[20288, 20952],[20264, 20952],[20264, 20960],[20256, 20960]]]},"properties":{"objectType":"annotation","classification":{"name":"Ignore*","color":[180, 180, 180]},"isLocked":true}},{"type":"Feature","id":"a05cd62f-dbf4-46b2-a721-1e93bded2a58","geometry":{"type":"Polygon","coordinates":[[[16608, 21144],[16608, 21168],[16616, 21168],[16616, 21184],[16632, 21184],[16632, 21192],[16640, 21192],[16640, 21184],[16672, 21184],[16672, 21176],[16688, 21176],[16688, 21168],[16712, 21168],[16712, 21160],[16736, 21160],[16736, 21152],[16752, 21152],[16752, 21136],[16760, 21136],[16760, 21104],[16768, 21104],[16768, 21088],[16776, 21088],[16776, 21080],[16784, 21080],[16784, 21072],[16792, 21072],[16792, 21064],[16800, 21064],[16800, 21032],[16792, 21032],[16792, 21008],[16784, 21008],[16784, 21000],[16776, 21000],[16776, 20992],[16760, 20992],[16760, 20984],[16744, 20984],[16744, 20976],[16680, 20976],[16680, 20984],[16672, 20984],[16672, 21024],[16680, 21024],[16680, 21040],[16688, 21040],[16688, 21080],[16680, 21080],[16680, 21104],[16672, 21104],[16672, 21120],[16632, 21120],[16632, 21128],[16624, 21128],[16624, 21136],[16616, 21136],[16616, 21144],[16608, 21144]]]},"properties":{"objectType":"annotation","classification":{"name":"Ignore*","color":[180, 180, 180]},"isLocked":true}},{"type":"Feature","id":"b46d6ce0-bfc3-4976-adc5-244cc98bf233","geometry":{"type":"Polygon","coordinates":[[[22664, 21240],[22664, 21248],[22672, 21248],[22672, 21328],[22680, 21328],[22680, 21344],[22688, 21344],[22688, 21360],[22696, 21360],[22696, 21368],[22704, 21368],[22704, 21376],[22712, 21376],[22712, 21384],[22720, 21384],[22720, 21392],[22728, 21392],[22728, 21400],[22744, 21400],[22744, 21408],[22752, 21408],[22752, 21416],[22760, 21416],[22760, 21432],[22768, 21432],[22768, 21440],[22776, 21440],[22776, 21448],[22784, 21448],[22784, 21456],[22800, 21456],[22800, 21464],[22824, 21464],[22824, 21472],[22840, 21472],[22840, 21480],[22888, 21480],[22888, 21472],[22896, 21472],[22896, 21464],[22904, 21464],[22904, 21440],[22912, 21440],[22912, 21432],[22920, 21432],[22920, 21416],[22928, 21416],[22928, 21400],[22936, 21400],[22936, 21384],[22944, 21384],[22944, 21280],[22952, 21280],[22952, 21264],[22960, 21264],[22960, 21208],[22952, 21208],[22952, 21160],[22960, 21160],[22960, 21112],[22968, 21112],[22968, 21088],[22976, 21088],[22976, 21032],[22944, 21032],[22944, 21040],[22928, 21040],[22928, 21048],[22872, 21048],[22872, 21040],[22864, 21040],[22864, 21032],[22848, 21032],[22848, 21064],[22840, 21064],[22840, 21072],[22824, 21072],[22824, 21080],[22800, 21080],[22800, 21088],[22784, 21088],[22784, 21096],[22768, 21096],[22768, 21104],[22752, 21104],[22752, 21112],[22736, 21112],[22736, 21120],[22728, 21120],[22728, 21128],[22720, 21128],[22720, 21144],[22712, 21144],[22712, 21160],[22704, 21160],[22704, 21176],[22696, 21176],[22696, 21192],[22688, 21192],[22688, 21200],[22680, 21200],[22680, 21216],[22672, 21216],[22672, 21240],[22664, 21240]]]},"properties":{"objectType":"annotation","classification":{"name":"Ignore*","color":[180, 180, 180]},"isLocked":true}},{"type":"Feature","id":"9361bce4-cf39-465b-a758-5cf84fdf62f4","geometry":{"type":"Polygon","coordinates":[[[20376, 21280],[20392, 21312],[20432, 21336],[20504, 21328],[20520, 21312],[20520, 21232],[20496, 21208],[20416, 21208],[20384, 21240],[20376, 21280]]]},"properties":{"objectType":"annotation","classification":{"name":"Tumor","color":[102, 77, 179]}}},{"type":"Feature","id":"3bb214e8-ea88-4e1a-9b8f-1536c3286789","geometry":{"type":"Polygon","coordinates":[[[20168, 21248],[20168, 21296],[20208, 21360],[20256, 21368],[20328, 21304],[20296, 21232],[20200, 21232],[20168, 21248]]]},"properties":{"objectType":"annotation","classification":{"name":"Tumor","color":[102, 77, 179]}}},{"type":"Feature","id":"871d8c1d-2adb-4245-9cf1-8233fbb1d7d8","geometry":{"type":"Polygon","coordinates":[[[21280, 21440],[21280, 21456],[21288, 21456],[21288, 21472],[21296, 21472],[21296, 21480],[21304, 21480],[21304, 21488],[21312, 21488],[21312, 21504],[21320, 21504],[21320, 21520],[21328, 21520],[21328, 21528],[21344, 21528],[21344, 21536],[21360, 21536],[21360, 21520],[21368, 21520],[21368, 21488],[21360, 21488],[21360, 21472],[21352, 21472],[21352, 21456],[21344, 21456],[21344, 21448],[21328, 21448],[21328, 21440],[21304, 21440],[21304, 21432],[21288, 21432],[21288, 21440],[21280, 21440]]]},"properties":{"objectType":"annotation","classification":{"name":"Ignore*","color":[180, 180, 180]},"isLocked":true}},{"type":"Feature","id":"9c4af6fe-ff0a-4f76-8258-a3fb2c2496c4","geometry":{"type":"Polygon","coordinates":[[[17280, 21424],[17280, 21656],[17312, 21704],[17320, 21784],[17368, 21872],[17416, 21904],[17440, 21944],[17472, 21944],[17496, 21920],[17584, 21912],[17584, 21760],[17536, 21672],[17536, 21632],[17512, 21600],[17496, 21512],[17464, 21472],[17464, 21408],[17400, 21296],[17344, 21288],[17312, 21320],[17304, 21400],[17280, 21424]]]},"properties":{"objectType":"annotation","classification":{"name":"Tumor","color":[102, 77, 179]}}},{"type":"Feature","id":"f5519e43-3cc1-4746-9cff-31733881a2f9","geometry":{"type":"Polygon","coordinates":[[[17992, 21768],[17992, 21800],[18000, 21800],[18000, 21832],[18008, 21832],[18008, 21848],[18016, 21848],[18016, 21864],[18024, 21864],[18024, 21872],[18032, 21872],[18032, 21880],[18048, 21880],[18048, 21872],[18056, 21872],[18056, 21864],[18064, 21864],[18064, 21856],[18072, 21856],[18072, 21760],[18080, 21760],[18080, 21736],[18088, 21736],[18088, 21672],[18096, 21672],[18096, 21656],[18104, 21656],[18104, 21640],[18112, 21640],[18112, 21616],[18120, 21616],[18120, 21600],[18128, 21600],[18128, 21592],[18136, 21592],[18136, 21576],[18144, 21576],[18144, 21560],[18152, 21560],[18152, 21552],[18160, 21552],[18160, 21544],[18168, 21544],[18168, 21536],[18176, 21536],[18176, 21520],[18184, 21520],[18184, 21512],[18192, 21512],[18192, 21504],[18200, 21504],[18200, 21496],[18208, 21496],[18208, 21480],[18216, 21480],[18216, 21440],[18176, 21440],[18176, 21448],[18168, 21448],[18168, 21456],[18160, 21456],[18160, 21464],[18152, 21464],[18152, 21472],[18144, 21472],[18144, 21480],[18136, 21480],[18136, 21488],[18128, 21488],[18128, 21496],[18120, 21496],[18120, 21504],[18112, 21504],[18112, 21512],[18104, 21512],[18104, 21520],[18096, 21520],[18096, 21536],[18088, 21536],[18088, 21544],[18080, 21544],[18080, 21560],[18072, 21560],[18072, 21568],[18064, 21568],[18064, 21576],[18056, 21576],[18056, 21592],[18048, 21592],[18048, 21632],[18040, 21632],[18040, 21656],[18032, 21656],[18032, 21672],[18024, 21672],[18024, 21696],[18016, 21696],[18016, 21720],[18008, 21720],[18008, 21744],[18000, 21744],[18000, 21768],[17992, 21768]]]},"properties":{"objectType":"annotation","classification":{"name":"Ignore*","color":[180, 180, 180]},"isLocked":true}},{"type":"Feature","id":"00989bcb-2a2c-4ffd-ae7f-c2eff95f008c","geometry":{"type":"Polygon","coordinates":[[[20440, 21640],[20440, 21688],[20448, 21688],[20448, 21704],[20464, 21704],[20464, 21712],[20472, 21712],[20472, 21720],[20496, 21720],[20496, 21728],[20504, 21728],[20504, 21736],[20520, 21736],[20520, 21752],[20528, 21752],[20528, 21800],[20536, 21800],[20536, 21808],[20544, 21808],[20544, 21816],[20560, 21816],[20560, 21824],[20592, 21824],[20592, 21832],[20632, 21832],[20632, 21840],[20648, 21840],[20648, 21848],[20680, 21848],[20680, 21840],[20696, 21840],[20696, 21832],[20712, 21832],[20712, 21816],[20720, 21816],[20720, 21792],[20712, 21792],[20712, 21784],[20704, 21784],[20704, 21776],[20688, 21776],[20688, 21768],[20680, 21768],[20680, 21760],[20672, 21760],[20672, 21744],[20656, 21744],[20656, 21736],[20648, 21736],[20648, 21728],[20632, 21728],[20632, 21720],[20624, 21720],[20624, 21712],[20616, 21712],[20616, 21704],[20608, 21704],[20608, 21688],[20600, 21688],[20600, 21680],[20584, 21680],[20584, 21672],[20568, 21672],[20568, 21664],[20552, 21664],[20552, 21656],[20544, 21656],[20544, 21648],[20536, 21648],[20536, 21600],[20528, 21600],[20528, 21584],[20504, 21584],[20504, 21592],[20488, 21592],[20488, 21600],[20480, 21600],[20480, 21608],[20472, 21608],[20472, 21616],[20456, 21616],[20456, 21632],[20448, 21632],[20448, 21640],[20440, 21640]]]},"properties":{"objectType":"annotation","classification":{"name":"Ignore*","color":[180, 180, 180]},"isLocked":true}},{"type":"Feature","id":"ba9c8d91-b4e6-429a-ba71-3840df124f5c","geometry":{"type":"Polygon","coordinates":[[[21008, 21656],[21008, 21712],[21032, 21784],[21072, 21840],[21112, 21840],[21128, 21808],[21120, 21704],[21096, 21656],[21072, 21640],[21024, 21640],[21008, 21656]]]},"properties":{"objectType":"annotation","classification":{"name":"Tumor","color":[102, 77, 179]}}},{"type":"Feature","id":"20633f53-9164-46fa-9b2c-a7ad294b5230","geometry":{"type":"Polygon","coordinates":[[[17824, 21728],[17824, 21792],[17832, 21792],[17832, 21800],[17840, 21800],[17840, 21808],[17864, 21808],[17864, 21800],[17880, 21800],[17880, 21792],[17888, 21792],[17888, 21784],[17896, 21784],[17896, 21744],[17888, 21744],[17888, 21728],[17880, 21728],[17880, 21720],[17872, 21720],[17872, 21712],[17840, 21712],[17840, 21720],[17832, 21720],[17832, 21728],[17824, 21728]]]},"properties":{"objectType":"annotation","classification":{"name":"Ignore*","color":[180, 180, 180]},"isLocked":true}},{"type":"Feature","id":"c02f9781-e70b-4a15-b041-f3975bc4615f","geometry":{"type":"Polygon","coordinates":[[[21168, 21880],[21168, 21944],[21200, 22000],[21200, 22080],[21216, 22088],[21224, 22120],[21216, 22152],[21264, 22184],[21280, 22224],[21312, 22224],[21344, 22248],[21344, 22264],[21368, 22272],[21400, 22240],[21448, 22232],[21448, 22176],[21472, 22160],[21480, 22136],[21472, 22104],[21472, 22016],[21480, 21984],[21448, 21944],[21448, 21896],[21440, 21896],[21440, 21848],[21432, 21848],[21424, 21792],[21392, 21744],[21384, 21680],[21360, 21656],[21360, 21640],[21336, 21616],[21336, 21576],[21312, 21552],[21248, 21552],[21208, 21576],[21208, 21632],[21192, 21672],[21192, 21720],[21176, 21760],[21176, 21824],[21184, 21856],[21168, 21880]]]},"properties":{"objectType":"annotation","classification":{"name":"Tumor","color":[102, 77, 179]}}},{"type":"Feature","id":"8f0e66dc-df66-42cc-b17a-9afc4f42d354","geometry":{"type":"Polygon","coordinates":[[[22264, 22040],[22264, 22072],[22296, 22072],[22296, 22064],[22304, 22064],[22304, 22056],[22312, 22056],[22312, 22040],[22320, 22040],[22320, 22032],[22328, 22032],[22328, 22024],[22336, 22024],[22336, 22016],[22344, 22016],[22344, 22008],[22352, 22008],[22352, 21992],[22368, 21992],[22368, 21984],[22376, 21984],[22376, 22008],[22384, 22008],[22384, 22024],[22392, 22024],[22392, 22040],[22408, 22040],[22408, 22048],[22472, 22048],[22472, 22080],[22464, 22080],[22464, 22096],[22456, 22096],[22456, 22104],[22440, 22104],[22440, 22112],[22432, 22112],[22432, 22120],[22424, 22120],[22424, 22128],[22416, 22128],[22416, 22136],[22424, 22136],[22424, 22144],[22432, 22144],[22432, 22152],[22440, 22152],[22440, 22160],[22472, 22160],[22472, 22152],[22480, 22152],[22480, 22112],[22488, 22112],[22488, 22096],[22496, 22096],[22496, 22088],[22512, 22088],[22512, 22080],[22520, 22080],[22520, 22064],[22528, 22064],[22528, 22024],[22520, 22024],[22520, 22016],[22504, 22016],[22504, 22008],[22496, 22008],[22496, 21992],[22488, 21992],[22488, 21984],[22472, 21984],[22472, 21976],[22464, 21976],[22464, 21968],[22448, 21968],[22448, 21952],[22464, 21952],[22464, 21944],[22488, 21944],[22488, 21936],[22504, 21936],[22504, 21928],[22512, 21928],[22512, 21888],[22504, 21888],[22504, 21880],[22496, 21880],[22496, 21872],[22416, 21872],[22416, 21880],[22400, 21880],[22400, 21888],[22344, 21888],[22344, 21896],[22328, 21896],[22328, 21904],[22320, 21904],[22320, 21912],[22312, 21912],[22312, 21928],[22304, 21928],[22304, 21936],[22296, 21936],[22296, 21960],[22288, 21960],[22288, 22000],[22280, 22000],[22280, 22016],[22272, 22016],[22272, 22040],[22264, 22040]]]},"properties":{"objectType":"annotation","classification":{"name":"Ignore*","color":[180, 180, 180]},"isLocked":true}},{"type":"Feature","id":"bc19b903-3fec-4a07-a397-cdb0eccd7ea7","geometry":{"type":"Polygon","coordinates":[[[18040, 21968],[18040, 22000],[18048, 22000],[18048, 22040],[18056, 22040],[18056, 22056],[18064, 22056],[18064, 22072],[18096, 22072],[18096, 22064],[18104, 22064],[18104, 22016],[18096, 22016],[18096, 22000],[18088, 22000],[18088, 21984],[18080, 21984],[18080, 21976],[18072, 21976],[18072, 21968],[18040, 21968]]]},"properties":{"objectType":"annotation","classification":{"name":"Ignore*","color":[180, 180, 180]},"isLocked":true}},{"type":"Feature","id":"c53cd560-8ac5-47fb-992a-5080311abf72","geometry":{"type":"Polygon","coordinates":[[[21608, 22072],[21608, 22088],[21616, 22088],[21616, 22104],[21624, 22104],[21624, 22120],[21632, 22120],[21632, 22128],[21640, 22128],[21640, 22136],[21648, 22136],[21648, 22144],[21656, 22144],[21656, 22152],[21672, 22152],[21672, 22160],[21704, 22160],[21704, 22168],[21728, 22168],[21728, 22160],[21752, 22160],[21752, 22152],[21760, 22152],[21760, 22072],[21752, 22072],[21752, 22064],[21736, 22064],[21736, 22056],[21728, 22056],[21728, 22048],[21720, 22048],[21720, 22040],[21712, 22040],[21712, 22032],[21704, 22032],[21704, 22016],[21696, 22016],[21696, 22008],[21688, 22008],[21688, 22000],[21680, 22000],[21680, 21992],[21672, 21992],[21672, 21984],[21632, 21984],[21632, 22024],[21624, 22024],[21624, 22056],[21616, 22056],[21616, 22072],[21608, 22072]]]},"properties":{"objectType":"annotation","classification":{"name":"Ignore*","color":[180, 180, 180]},"isLocked":true}},{"type":"Feature","id":"f24b00e7-f7e5-46db-b108-a50a2ccc93b0","geometry":{"type":"Polygon","coordinates":[[[22144, 22200],[22144, 22256],[22152, 22256],[22152, 22264],[22160, 22264],[22160, 22272],[22184, 22272],[22184, 22264],[22192, 22264],[22192, 22248],[22200, 22248],[22200, 22216],[22208, 22216],[22208, 22208],[22216, 22208],[22216, 22192],[22224, 22192],[22224, 22176],[22216, 22176],[22216, 22168],[22208, 22168],[22208, 22160],[22184, 22160],[22184, 22168],[22168, 22168],[22168, 22176],[22160, 22176],[22160, 22184],[22152, 22184],[22152, 22200],[22144, 22200]]]},"properties":{"objectType":"annotation","classification":{"name":"Ignore*","color":[180, 180, 180]},"isLocked":true}},{"type":"Feature","id":"fd0e3b3a-b785-40a3-81cb-bba0da9f9268","geometry":{"type":"Polygon","coordinates":[[[18128, 22280],[18128, 22288],[18136, 22288],[18136, 22296],[18144, 22296],[18144, 22304],[18168, 22304],[18168, 22296],[18176, 22296],[18176, 22288],[18184, 22288],[18184, 22280],[18192, 22280],[18192, 22272],[18200, 22272],[18200, 22264],[18208, 22264],[18208, 22256],[18216, 22256],[18216, 22232],[18208, 22232],[18208, 22224],[18200, 22224],[18200, 22216],[18168, 22216],[18168, 22224],[18160, 22224],[18160, 22232],[18152, 22232],[18152, 22240],[18144, 22240],[18144, 22256],[18136, 22256],[18136, 22280],[18128, 22280]]]},"properties":{"objectType":"annotation","classification":{"name":"Ignore*","color":[180, 180, 180]},"isLocked":true}},{"type":"Feature","id":"a3cee77c-aa53-46c9-b6b9-a0bbf6ba4c0c","geometry":{"type":"Polygon","coordinates":[[[21504, 22296],[21504, 22320],[21512, 22320],[21512, 22336],[21520, 22336],[21520, 22352],[21536, 22352],[21536, 22360],[21552, 22360],[21552, 22352],[21568, 22352],[21568, 22344],[21576, 22344],[21576, 22328],[21584, 22328],[21584, 22304],[21592, 22304],[21592, 22224],[21584, 22224],[21584, 22216],[21576, 22216],[21576, 22224],[21560, 22224],[21560, 22240],[21552, 22240],[21552, 22248],[21544, 22248],[21544, 22256],[21536, 22256],[21536, 22264],[21528, 22264],[21528, 22272],[21520, 22272],[21520, 22280],[21512, 22280],[21512, 22296],[21504, 22296]]]},"properties":{"objectType":"annotation","classification":{"name":"Ignore*","color":[180, 180, 180]},"isLocked":true}},{"type":"Feature","id":"910fea4c-8053-4777-83ea-9bd6ded59cd7","geometry":{"type":"Polygon","coordinates":[[[20680, 22368],[20680, 22376],[20688, 22376],[20688, 22400],[20720, 22400],[20720, 22392],[20736, 22392],[20736, 22384],[20744, 22384],[20744, 22368],[20752, 22368],[20752, 22352],[20760, 22352],[20760, 22240],[20768, 22240],[20768, 22232],[20760, 22232],[20760, 22216],[20752, 22216],[20752, 22200],[20728, 22200],[20728, 22208],[20720, 22208],[20720, 22224],[20712, 22224],[20712, 22248],[20704, 22248],[20704, 22328],[20696, 22328],[20696, 22344],[20688, 22344],[20688, 22368],[20680, 22368]]]},"properties":{"objectType":"annotation","classification":{"name":"Ignore*","color":[180, 180, 180]},"isLocked":true}},{"type":"Feature","id":"b8ade394-e6e5-4e95-9aeb-e8f4569d4292","geometry":{"type":"Polygon","coordinates":[[[21080, 22304],[21080, 22336],[21088, 22336],[21088, 22344],[21096, 22344],[21096, 22352],[21128, 22352],[21128, 22360],[21168, 22360],[21168, 22368],[21184, 22368],[21184, 22360],[21200, 22360],[21200, 22352],[21208, 22352],[21208, 22344],[21216, 22344],[21216, 22288],[21208, 22288],[21208, 22280],[21200, 22280],[21200, 22272],[21176, 22272],[21176, 22264],[21144, 22264],[21144, 22256],[21104, 22256],[21104, 22264],[21096, 22264],[21096, 22272],[21088, 22272],[21088, 22304],[21080, 22304]]]},"properties":{"objectType":"annotation","classification":{"name":"Ignore*","color":[180, 180, 180]},"isLocked":true}},{"type":"Feature","id":"727bd54c-ea84-4c75-8bf2-c8e1d4b41a5a","geometry":{"type":"Polygon","coordinates":[[[15920, 22104],[15928, 22232],[15920, 22232],[15920, 22384],[15944, 22464],[15944, 22528],[15920, 22616],[15920, 22712],[15944, 22720],[15984, 22688],[16016, 22584],[16016, 22472],[16040, 22408],[16048, 22296],[16104, 22264],[16152, 22208],[16152, 22152],[16104, 22128],[16080, 22096],[16016, 22112],[16000, 22080],[15968, 22064],[15936, 22072],[15920, 22104]]]},"properties":{"objectType":"annotation","classification":{"name":"Tumor","color":[102, 77, 179]}}},{"type":"Feature","id":"17188f27-185c-4fd5-b277-7d48d7b963c4","geometry":{"type":"Polygon","coordinates":[[[22368, 22320],[22368, 22344],[22376, 22344],[22376, 22352],[22384, 22352],[22384, 22360],[22392, 22360],[22392, 22368],[22408, 22368],[22408, 22376],[22424, 22376],[22424, 22392],[22432, 22392],[22432, 22408],[22440, 22408],[22440, 22416],[22448, 22416],[22448, 22432],[22456, 22432],[22456, 22440],[22464, 22440],[22464, 22448],[22472, 22448],[22472, 22456],[22488, 22456],[22488, 22464],[22504, 22464],[22504, 22472],[22536, 22472],[22536, 22480],[22560, 22480],[22560, 22488],[22568, 22488],[22568, 22496],[22576, 22496],[22576, 22504],[22584, 22504],[22584, 22512],[22600, 22512],[22600, 22520],[22608, 22520],[22608, 22528],[22624, 22528],[22624, 22536],[22640, 22536],[22640, 22544],[22656, 22544],[22656, 22552],[22680, 22552],[22680, 22560],[22728, 22560],[22728, 22568],[22744, 22568],[22744, 22576],[22752, 22576],[22752, 22584],[22744, 22584],[22744, 22608],[22736, 22608],[22736, 22616],[22728, 22616],[22728, 22624],[22720, 22624],[22720, 22640],[22712, 22640],[22712, 22648],[22744, 22648],[22744, 22640],[22752, 22640],[22752, 22632],[22760, 22632],[22760, 22616],[22768, 22616],[22768, 22600],[22776, 22600],[22776, 22504],[22768, 22504],[22768, 22488],[22760, 22488],[22760, 22480],[22752, 22480],[22752, 22472],[22704, 22472],[22704, 22464],[22688, 22464],[22688, 22456],[22680, 22456],[22680, 22448],[22664, 22448],[22664, 22440],[22656, 22440],[22656, 22432],[22640, 22432],[22640, 22424],[22632, 22424],[22632, 22416],[22616, 22416],[22616, 22400],[22608, 22400],[22608, 22368],[22616, 22368],[22616, 22312],[22624, 22312],[22624, 22296],[22632, 22296],[22632, 22256],[22624, 22256],[22624, 22232],[22616, 22232],[22616, 22224],[22608, 22224],[22608, 22216],[22600, 22216],[22600, 22208],[22592, 22208],[22592, 22200],[22584, 22200],[22584, 22192],[22544, 22192],[22544, 22200],[22536, 22200],[22536, 22208],[22528, 22208],[22528, 22256],[22536, 22256],[22536, 22272],[22528, 22272],[22528, 22296],[22520, 22296],[22520, 22304],[22504, 22304],[22504, 22312],[22488, 22312],[22488, 22320],[22472, 22320],[22472, 22328],[22464, 22328],[22464, 22336],[22456, 22336],[22456, 22344],[22432, 22344],[22432, 22328],[22424, 22328],[22424, 22320],[22416, 22320],[22416, 22312],[22408, 22312],[22408, 22304],[22376, 22304],[22376, 22320],[22368, 22320]]]},"properties":{"objectType":"annotation","classification":{"name":"Ignore*","color":[180, 180, 180]},"isLocked":true}},{"type":"Feature","id":"16c2832b-ca0e-4b60-8d52-df13b627a139","geometry":{"type":"Polygon","coordinates":[[[20656, 22464],[20656, 22504],[20664, 22504],[20664, 22520],[20688, 22520],[20688, 22512],[20696, 22512],[20696, 22504],[20704, 22504],[20704, 22496],[20712, 22496],[20712, 22480],[20720, 22480],[20720, 22456],[20712, 22456],[20712, 22440],[20704, 22440],[20704, 22432],[20672, 22432],[20672, 22440],[20664, 22440],[20664, 22464],[20656, 22464]]]},"properties":{"objectType":"annotation","classification":{"name":"Ignore*","color":[180, 180, 180]},"isLocked":true}},{"type":"Feature","id":"9085644e-eece-4eef-83f7-12e6dd38c776","geometry":{"type":"Polygon","coordinates":[[[20848, 22496],[20848, 22544],[20856, 22544],[20856, 22552],[20864, 22552],[20864, 22560],[20872, 22560],[20872, 22568],[20880, 22568],[20880, 22576],[20888, 22576],[20888, 22592],[20896, 22592],[20896, 22608],[20904, 22608],[20904, 22624],[20912, 22624],[20912, 22640],[20920, 22640],[20920, 22648],[20944, 22648],[20944, 22640],[20960, 22640],[20960, 22624],[20968, 22624],[20968, 22600],[20976, 22600],[20976, 22584],[20968, 22584],[20968, 22576],[20960, 22576],[20960, 22560],[20952, 22560],[20952, 22552],[20944, 22552],[20944, 22536],[20936, 22536],[20936, 22512],[20928, 22512],[20928, 22504],[20920, 22504],[20920, 22496],[20848, 22496]]]},"properties":{"objectType":"annotation","classification":{"name":"Ignore*","color":[180, 180, 180]},"isLocked":true}},{"type":"Feature","id":"84964573-20b4-4878-8f6b-0c468f036e2b","geometry":{"type":"Polygon","coordinates":[[[22096, 22672],[22096, 22720],[22104, 22720],[22104, 22728],[22144, 22728],[22144, 22720],[22152, 22720],[22152, 22712],[22160, 22712],[22160, 22704],[22168, 22704],[22168, 22696],[22176, 22696],[22176, 22688],[22184, 22688],[22184, 22672],[22192, 22672],[22192, 22656],[22200, 22656],[22200, 22632],[22208, 22632],[22208, 22584],[22200, 22584],[22200, 22576],[22192, 22576],[22192, 22568],[22176, 22568],[22176, 22576],[22160, 22576],[22160, 22592],[22152, 22592],[22152, 22600],[22144, 22600],[22144, 22608],[22136, 22608],[22136, 22616],[22128, 22616],[22128, 22624],[22120, 22624],[22120, 22632],[22112, 22632],[22112, 22648],[22104, 22648],[22104, 22672],[22096, 22672]]]},"properties":{"objectType":"annotation","classification":{"name":"Ignore*","color":[180, 180, 180]},"isLocked":true}},{"type":"Feature","id":"83bac63a-1027-4a74-ade3-61849c0e57d6","geometry":{"type":"Polygon","coordinates":[[[20968, 22680],[20968, 22720],[20976, 22720],[20976, 22728],[20984, 22728],[20984, 22736],[21000, 22736],[21000, 22744],[21024, 22744],[21024, 22736],[21032, 22736],[21032, 22728],[21040, 22728],[21040, 22704],[21048, 22704],[21048, 22696],[21040, 22696],[21040, 22672],[21032, 22672],[21032, 22664],[21024, 22664],[21024, 22656],[20984, 22656],[20984, 22664],[20976, 22664],[20976, 22680],[20968, 22680]]]},"properties":{"objectType":"annotation","classification":{"name":"Ignore*","color":[180, 180, 180]},"isLocked":true}},{"type":"Feature","id":"a8f9826e-9827-4828-a5be-f17079374320","geometry":{"type":"Polygon","coordinates":[[[16992, 22712],[16992, 22752],[17000, 22752],[17000, 22760],[17016, 22760],[17016, 22768],[17032, 22768],[17032, 22760],[17048, 22760],[17048, 22752],[17056, 22752],[17056, 22744],[17064, 22744],[17064, 22720],[17072, 22720],[17072, 22680],[17064, 22680],[17064, 22672],[17056, 22672],[17056, 22664],[17048, 22664],[17048, 22672],[17032, 22672],[17032, 22680],[17024, 22680],[17024, 22688],[17016, 22688],[17016, 22696],[17008, 22696],[17008, 22704],[17000, 22704],[17000, 22712],[16992, 22712]]]},"properties":{"objectType":"annotation","classification":{"name":"Ignore*","color":[180, 180, 180]},"isLocked":true}},{"type":"Feature","id":"f72080c4-fd6a-4db5-ae47-f50d755767ad","geometry":{"type":"Polygon","coordinates":[[[21480, 22728],[21480, 22760],[21488, 22760],[21488, 22768],[21496, 22768],[21496, 22776],[21536, 22776],[21536, 22768],[21552, 22768],[21552, 22760],[21576, 22760],[21576, 22768],[21616, 22768],[21616, 22760],[21624, 22760],[21624, 22752],[21632, 22752],[21632, 22728],[21640, 22728],[21640, 22696],[21632, 22696],[21632, 22688],[21624, 22688],[21624, 22680],[21616, 22680],[21616, 22672],[21592, 22672],[21592, 22664],[21560, 22664],[21560, 22672],[21544, 22672],[21544, 22680],[21536, 22680],[21536, 22688],[21528, 22688],[21528, 22696],[21520, 22696],[21520, 22704],[21504, 22704],[21504, 22712],[21496, 22712],[21496, 22720],[21488, 22720],[21488, 22728],[21480, 22728]]]},"properties":{"objectType":"annotation","classification":{"name":"Ignore*","color":[180, 180, 180]},"isLocked":true}},{"type":"Feature","id":"9fcbca33-aaab-4636-bbed-09f735884d6e","geometry":{"type":"Polygon","coordinates":[[[22704, 22800],[22704, 22816],[22712, 22816],[22712, 22840],[22720, 22840],[22720, 22856],[22744, 22856],[22744, 22864],[22752, 22864],[22752, 22872],[22760, 22872],[22760, 22880],[22776, 22880],[22776, 22888],[22824, 22888],[22824, 22880],[22832, 22880],[22832, 22872],[22840, 22872],[22840, 22856],[22832, 22856],[22832, 22848],[22824, 22848],[22824, 22840],[22816, 22840],[22816, 22832],[22784, 22832],[22784, 22824],[22776, 22824],[22776, 22808],[22768, 22808],[22768, 22792],[22760, 22792],[22760, 22784],[22744, 22784],[22744, 22776],[22720, 22776],[22720, 22784],[22712, 22784],[22712, 22800],[22704, 22800]]]},"properties":{"objectType":"annotation","classification":{"name":"Ignore*","color":[180, 180, 180]},"isLocked":true}},{"type":"Feature","id":"79ec2f18-bb88-4af4-9871-8d0f2325e2d4","geometry":{"type":"Polygon","coordinates":[[[16784, 22864],[16784, 22912],[16792, 22912],[16792, 22920],[16800, 22920],[16800, 22928],[16824, 22928],[16824, 22936],[16848, 22936],[16848, 22928],[16904, 22928],[16904, 22920],[16912, 22920],[16912, 22872],[16904, 22872],[16904, 22864],[16896, 22864],[16896, 22856],[16888, 22856],[16888, 22848],[16880, 22848],[16880, 22840],[16816, 22840],[16816, 22848],[16800, 22848],[16800, 22856],[16792, 22856],[16792, 22864],[16784, 22864]]]},"properties":{"objectType":"annotation","classification":{"name":"Ignore*","color":[180, 180, 180]},"isLocked":true}},{"type":"Feature","id":"ddf805a3-9778-48a4-be26-9ce70f166117","geometry":{"type":"Polygon","coordinates":[[[20992, 22808],[20992, 22832],[21000, 22832],[21000, 22864],[21008, 22864],[21008, 22888],[21016, 22888],[21016, 22904],[21024, 22904],[21024, 22912],[21032, 22912],[21032, 22936],[21040, 22936],[21040, 22952],[21048, 22952],[21048, 22976],[21056, 22976],[21056, 23024],[21072, 23024],[21072, 23032],[21088, 23032],[21088, 23040],[21096, 23040],[21096, 23056],[21104, 23056],[21104, 23064],[21112, 23064],[21112, 23072],[21128, 23072],[21128, 23080],[21136, 23080],[21136, 23088],[21176, 23088],[21176, 23080],[21184, 23080],[21184, 23064],[21192, 23064],[21192, 23024],[21184, 23024],[21184, 23016],[21176, 23016],[21176, 23008],[21168, 23008],[21168, 23000],[21160, 23000],[21160, 22944],[21152, 22944],[21152, 22936],[21144, 22936],[21144, 22928],[21128, 22928],[21128, 22920],[21120, 22920],[21120, 22912],[21112, 22912],[21112, 22904],[21104, 22904],[21104, 22888],[21096, 22888],[21096, 22864],[21088, 22864],[21088, 22840],[21080, 22840],[21080, 22808],[21072, 22808],[21072, 22800],[21056, 22800],[21056, 22792],[21040, 22792],[21040, 22784],[21008, 22784],[21008, 22792],[21000, 22792],[21000, 22808],[20992, 22808]]]},"properties":{"objectType":"annotation","classification":{"name":"Ignore*","color":[180, 180, 180]},"isLocked":true}},{"type":"Feature","id":"2e2c2883-8c28-4f27-8b57-b1dda9a13236","geometry":{"type":"Polygon","coordinates":[[[17008, 23024],[17024, 23104],[17040, 23120],[17128, 23120],[17160, 23176],[17160, 23232],[17176, 23248],[17208, 23240],[17312, 23168],[17320, 23128],[17344, 23088],[17384, 23056],[17384, 23016],[17464, 22952],[17464, 22936],[17512, 22888],[17536, 22808],[17528, 22752],[17504, 22728],[17432, 22712],[17376, 22720],[17296, 22752],[17256, 22776],[17232, 22840],[17232, 22960],[17200, 23024],[17168, 23016],[17120, 22960],[17040, 22968],[17008, 23024]]]},"properties":{"objectType":"annotation","classification":{"name":"Tumor","color":[102, 77, 179]}}},{"type":"Feature","id":"8549d8f6-5c66-49e0-807c-978ce4aeb7ba","geometry":{"type":"Polygon","coordinates":[[[19632, 22976],[19632, 23024],[19640, 23024],[19640, 23032],[19688, 23032],[19688, 23024],[19704, 23024],[19704, 23016],[19712, 23016],[19712, 22992],[19704, 22992],[19704, 22984],[19696, 22984],[19696, 22976],[19688, 22976],[19688, 22968],[19680, 22968],[19680, 22960],[19656, 22960],[19656, 22968],[19640, 22968],[19640, 22976],[19632, 22976]]]},"properties":{"objectType":"annotation","classification":{"name":"Ignore*","color":[180, 180, 180]},"isLocked":true}},{"type":"Feature","id":"3d2b54fe-d4c4-4c3b-877a-3760a94ee46e","geometry":{"type":"Polygon","coordinates":[[[13160, 23000],[13160, 23048],[13184, 23072],[13248, 23072],[13288, 23040],[13288, 23008],[13272, 22976],[13272, 22936],[13256, 22920],[13224, 22920],[13192, 22984],[13160, 23000]]]},"properties":{"objectType":"annotation","classification":{"name":"Tumor","color":[102, 77, 179]}}},{"type":"Feature","id":"4b087f1e-90ae-4e39-a582-3ef73a6a99b4","geometry":{"type":"Polygon","coordinates":[[[20392, 23064],[20392, 23096],[20400, 23096],[20400, 23104],[20408, 23104],[20408, 23112],[20432, 23112],[20432, 23104],[20440, 23104],[20440, 23088],[20448, 23088],[20448, 23072],[20456, 23072],[20456, 23040],[20464, 23040],[20464, 23000],[20456, 23000],[20456, 22992],[20448, 22992],[20448, 22984],[20424, 22984],[20424, 22992],[20408, 22992],[20408, 23000],[20400, 23000],[20400, 23064],[20392, 23064]]]},"properties":{"objectType":"annotation","classification":{"name":"Ignore*","color":[180, 180, 180]},"isLocked":true}},{"type":"Feature","id":"818d289d-3421-47fa-8ebe-59dcc1da73ac","geometry":{"type":"Polygon","coordinates":[[[14896, 22984],[14896, 23032],[14912, 23048],[14976, 23040],[15008, 23080],[15056, 23080],[15072, 23104],[15096, 23112],[15096, 23128],[15152, 23168],[15152, 23224],[15192, 23224],[15200, 23192],[15232, 23184],[15280, 23144],[15312, 23088],[15312, 23024],[15304, 23024],[15296, 22976],[15256, 23000],[15256, 23016],[15208, 23016],[15176, 22952],[15144, 22952],[15136, 22936],[15080, 22904],[14976, 22944],[14944, 22976],[14896, 22984]]]},"properties":{"objectType":"annotation","classification":{"name":"Tumor","color":[102, 77, 179]}}},{"type":"Feature","id":"9e10c828-d89c-49b8-a159-4bb37faf5daa","geometry":{"type":"Polygon","coordinates":[[[16424, 23064],[16432, 23104],[16472, 23104],[16488, 23128],[16552, 23128],[16568, 23096],[16568, 23056],[16600, 23008],[16592, 22992],[16504, 23016],[16496, 23000],[16472, 23000],[16448, 23048],[16424, 23064]]]},"properties":{"objectType":"annotation","classification":{"name":"Tumor","color":[102, 77, 179]}}},{"type":"Feature","id":"94f9cf61-5157-4891-b9e9-02b05d8b7c4a","geometry":{"type":"Polygon","coordinates":[[[22392, 23088],[22392, 23112],[22400, 23112],[22400, 23120],[22408, 23120],[22408, 23128],[22416, 23128],[22416, 23144],[22424, 23144],[22424, 23168],[22448, 23168],[22448, 23160],[22464, 23160],[22464, 23152],[22472, 23152],[22472, 23144],[22480, 23144],[22480, 23136],[22488, 23136],[22488, 23128],[22496, 23128],[22496, 23112],[22488, 23112],[22488, 23104],[22480, 23104],[22480, 23080],[22488, 23080],[22488, 23072],[22496, 23072],[22496, 23056],[22504, 23056],[22504, 23048],[22488, 23048],[22488, 23056],[22480, 23056],[22480, 23064],[22456, 23064],[22456, 23072],[22408, 23072],[22408, 23080],[22400, 23080],[22400, 23088],[22392, 23088]]]},"properties":{"objectType":"annotation","classification":{"name":"Ignore*","color":[180, 180, 180]},"isLocked":true}},{"type":"Feature","id":"b1310f50-9996-439b-8ef4-dabc45294bba","geometry":{"type":"Polygon","coordinates":[[[18704, 23200],[18704, 23216],[18712, 23216],[18712, 23240],[18744, 23240],[18744, 23232],[18760, 23232],[18760, 23224],[18768, 23224],[18768, 23216],[18784, 23216],[18784, 23208],[18792, 23208],[18792, 23200],[18800, 23200],[18800, 23192],[18808, 23192],[18808, 23168],[18800, 23168],[18800, 23160],[18792, 23160],[18792, 23152],[18760, 23152],[18760, 23160],[18744, 23160],[18744, 23168],[18728, 23168],[18728, 23176],[18720, 23176],[18720, 23184],[18712, 23184],[18712, 23200],[18704, 23200]]]},"properties":{"objectType":"annotation","classification":{"name":"Ignore*","color":[180, 180, 180]},"isLocked":true}},{"type":"Feature","id":"b1c67ea2-5a27-4336-be94-6f8a377c787b","geometry":{"type":"Polygon","coordinates":[[[15920, 23168],[15920, 23256],[15984, 23304],[16048, 23304],[16136, 23232],[16128, 23168],[16056, 23088],[15992, 23096],[15920, 23168]]]},"properties":{"objectType":"annotation","classification":{"name":"Tumor","color":[102, 77, 179]}}},{"type":"Feature","id":"e40d8241-db09-4d6a-9118-465639f6c296","geometry":{"type":"Polygon","coordinates":[[[16288, 23192],[16288, 23240],[16296, 23240],[16296, 23256],[16304, 23256],[16304, 23264],[16320, 23264],[16320, 23272],[16360, 23272],[16360, 23264],[16368, 23264],[16368, 23240],[16376, 23240],[16376, 23216],[16368, 23216],[16368, 23200],[16360, 23200],[16360, 23192],[16352, 23192],[16352, 23184],[16336, 23184],[16336, 23176],[16304, 23176],[16304, 23184],[16296, 23184],[16296, 23192],[16288, 23192]]]},"properties":{"objectType":"annotation","classification":{"name":"Ignore*","color":[180, 180, 180]},"isLocked":true}},{"type":"Feature","id":"1cf98a4a-ca6c-4b8f-978d-23f112af8241","geometry":{"type":"Polygon","coordinates":[[[14312, 23304],[14320, 23320],[14360, 23320],[14392, 23288],[14424, 23224],[14424, 23176],[14392, 23144],[14360, 23144],[14320, 23192],[14312, 23304]]]},"properties":{"objectType":"annotation","classification":{"name":"Tumor","color":[102, 77, 179]}}},{"type":"Feature","id":"033d1e8e-7f54-4b4f-add9-28c783fc97b4","geometry":{"type":"Polygon","coordinates":[[[14424, 23400],[14424, 23448],[14472, 23456],[14544, 23408],[14576, 23408],[14624, 23376],[14624, 23344],[14576, 23320],[14512, 23320],[14464, 23352],[14464, 23368],[14424, 23400]]]},"properties":{"objectType":"annotation","classification":{"name":"Tumor","color":[102, 77, 179]}}},{"type":"Feature","id":"ebbccbf5-44e9-4e57-80d5-86ab93029a13","geometry":{"type":"Polygon","coordinates":[[[22344, 23360],[22344, 23408],[22352, 23408],[22352, 23416],[22360, 23416],[22360, 23432],[22368, 23432],[22368, 23440],[22376, 23440],[22376, 23456],[22392, 23456],[22392, 23464],[22400, 23464],[22400, 23456],[22408, 23456],[22408, 23448],[22416, 23448],[22416, 23416],[22408, 23416],[22408, 23392],[22400, 23392],[22400, 23360],[22392, 23360],[22392, 23336],[22384, 23336],[22384, 23328],[22368, 23328],[22368, 23336],[22360, 23336],[22360, 23344],[22352, 23344],[22352, 23360],[22344, 23360]]]},"properties":{"objectType":"annotation","classification":{"name":"Ignore*","color":[180, 180, 180]},"isLocked":true}},{"type":"Feature","id":"52a63831-ee77-4baa-8ed5-ff5a58c50c30","geometry":{"type":"Polygon","coordinates":[[[21296, 23432],[21296, 23448],[21304, 23448],[21304, 23472],[21312, 23472],[21312, 23488],[21320, 23488],[21320, 23496],[21328, 23496],[21328, 23504],[21344, 23504],[21344, 23520],[21352, 23520],[21352, 23528],[21360, 23528],[21360, 23536],[21376, 23536],[21376, 23528],[21392, 23528],[21392, 23520],[21400, 23520],[21400, 23504],[21408, 23504],[21408, 23496],[21416, 23496],[21416, 23480],[21424, 23480],[21424, 23472],[21432, 23472],[21432, 23456],[21440, 23456],[21440, 23440],[21448, 23440],[21448, 23400],[21456, 23400],[21456, 23360],[21448, 23360],[21448, 23344],[21440, 23344],[21440, 23328],[21432, 23328],[21432, 23296],[21424, 23296],[21424, 23280],[21416, 23280],[21416, 23264],[21408, 23264],[21408, 23256],[21400, 23256],[21400, 23248],[21376, 23248],[21376, 23256],[21368, 23256],[21368, 23264],[21360, 23264],[21360, 23280],[21352, 23280],[21352, 23312],[21360, 23312],[21360, 23328],[21368, 23328],[21368, 23336],[21360, 23336],[21360, 23344],[21344, 23344],[21344, 23352],[21328, 23352],[21328, 23368],[21320, 23368],[21320, 23384],[21312, 23384],[21312, 23408],[21304, 23408],[21304, 23432],[21296, 23432]]]},"properties":{"objectType":"annotation","classification":{"name":"Ignore*","color":[180, 180, 180]},"isLocked":true}},{"type":"Feature","id":"4798f2b8-5fa3-43e9-a8f7-dbba107773f3","geometry":{"type":"Polygon","coordinates":[[[15384, 23232],[15384, 23304],[15392, 23328],[15432, 23352],[15432, 23360],[15520, 23360],[15520, 23352],[15552, 23352],[15552, 23344],[15592, 23344],[15648, 23296],[15648, 23256],[15632, 23248],[15632, 23216],[15680, 23208],[15712, 23232],[15720, 23248],[15720, 23280],[15744, 23328],[15744, 23400],[15752, 23400],[15752, 23432],[15720, 23504],[15720, 23544],[15696, 23568],[15696, 23584],[15680, 23600],[15680, 23624],[15664, 23672],[15640, 23688],[15640, 23720],[15632, 23720],[15632, 23752],[15616, 23776],[15616, 23816],[15608, 23816],[15608, 23984],[15616, 23992],[15656, 23992],[15672, 23976],[15696, 23968],[15736, 23968],[15752, 23984],[15768, 23984],[15776, 24000],[15808, 24000],[15832, 23976],[15832, 23968],[15856, 23968],[15856, 23976],[15880, 23976],[15912, 23952],[15912, 23944],[15936, 23944],[15952, 23952],[15960, 23984],[15968, 23992],[15992, 23992],[16000, 23976],[16048, 23960],[16072, 23928],[16064, 23896],[16032, 23880],[16032, 23856],[16024, 23856],[16024, 23832],[16008, 23816],[16008, 23792],[16000, 23776],[15976, 23760],[15968, 23744],[15936, 23704],[15904, 23704],[15904, 23712],[15864, 23696],[15864, 23648],[15872, 23648],[15872, 23616],[15880, 23616],[15880, 23568],[15888, 23568],[15888, 23504],[15880, 23504],[15880, 23416],[15888, 23416],[15888, 23392],[15904, 23376],[15904, 23280],[15912, 23280],[15912, 23232],[15904, 23232],[15880, 23192],[15840, 23192],[15832, 23200],[15824, 23184],[15824, 23152],[15816, 23128],[15800, 23112],[15800, 23088],[15776, 23064],[15776, 23032],[15744, 22992],[15744, 22960],[15736, 22944],[15712, 22928],[15688, 22928],[15672, 22888],[15648, 22864],[15648, 22832],[15640, 22816],[15600, 22800],[15568, 22800],[15568, 22792],[15504, 22792],[15464, 22816],[15464, 22864],[15472, 22864],[15472, 22960],[15488, 22976],[15488, 22992],[15512, 23008],[15512, 23024],[15536, 23040],[15544, 23056],[15544, 23112],[15520, 23128],[15488, 23128],[15472, 23136],[15456, 23120],[15400, 23144],[15400, 23208],[15384, 23232]]]},"properties":{"objectType":"annotation","classification":{"name":"Tumor","color":[102, 77, 179]}}},{"type":"Feature","id":"49ad9462-8e59-4f0e-a554-fbe7f823fcde","geometry":{"type":"Polygon","coordinates":[[[15536, 23440],[15536, 23528],[15568, 23584],[15600, 23584],[15664, 23472],[15664, 23360],[15560, 23376],[15536, 23440]]]},"properties":{"objectType":"annotation","classification":{"name":"Tumor","color":[102, 77, 179]}}},{"type":"Feature","id":"eb5ee8a4-cc18-4643-b680-01394170aca6","geometry":{"type":"Polygon","coordinates":[[[18688, 23392],[18704, 23488],[18728, 23512],[18736, 23608],[18768, 23648],[18824, 23624],[18880, 23624],[18896, 23640],[19016, 23640],[19080, 23616],[19168, 23616],[19280, 23592],[19256, 23496],[19208, 23480],[19184, 23448],[19144, 23440],[19112, 23384],[18968, 23304],[18928, 23320],[18832, 23320],[18808, 23344],[18728, 23360],[18688, 23392]]]},"properties":{"objectType":"annotation","classification":{"name":"Tumor","color":[102, 77, 179]}}},{"type":"Feature","id":"ca5513d9-1c50-4c7c-9f53-b33afd489164","geometry":{"type":"Polygon","coordinates":[[[17736, 23536],[17736, 23584],[17744, 23584],[17744, 23592],[17776, 23592],[17776, 23584],[17784, 23584],[17784, 23576],[17792, 23576],[17792, 23568],[17800, 23568],[17800, 23552],[17808, 23552],[17808, 23528],[17800, 23528],[17800, 23520],[17792, 23520],[17792, 23512],[17784, 23512],[17784, 23504],[17768, 23504],[17768, 23512],[17752, 23512],[17752, 23520],[17744, 23520],[17744, 23536],[17736, 23536]]]},"properties":{"objectType":"annotation","classification":{"name":"Ignore*","color":[180, 180, 180]},"isLocked":true}},{"type":"Feature","id":"7d156531-db3b-4e1d-9898-3d686eb7bdc7","geometry":{"type":"Polygon","coordinates":[[[17032, 23560],[17056, 23656],[17120, 23696],[17184, 23680],[17232, 23592],[17232, 23504],[17160, 23456],[17104, 23392],[17072, 23392],[17040, 23432],[17032, 23560]]]},"properties":{"objectType":"annotation","classification":{"name":"Tumor","color":[102, 77, 179]}}},{"type":"Feature","id":"e221e81f-ec74-466b-952d-ba7a9761de63","geometry":{"type":"Polygon","coordinates":[[[22968, 23544],[22968, 23568],[22976, 23568],[22976, 23632],[23000, 23632],[23000, 23616],[23008, 23616],[23008, 23592],[23016, 23592],[23016, 23584],[23024, 23584],[23024, 23568],[23032, 23568],[23032, 23552],[23024, 23552],[23024, 23536],[23016, 23536],[23016, 23528],[23008, 23528],[23008, 23520],[22984, 23520],[22984, 23528],[22976, 23528],[22976, 23544],[22968, 23544]]]},"properties":{"objectType":"annotation","classification":{"name":"Ignore*","color":[180, 180, 180]},"isLocked":true}},{"type":"Feature","id":"a7668ca0-f816-486c-a2b5-312858216b5e","geometry":{"type":"Polygon","coordinates":[[[15992, 23528],[15992, 23560],[16064, 23640],[16064, 23688],[16088, 23728],[16104, 23728],[16144, 23792],[16184, 23792],[16216, 23768],[16240, 23720],[16240, 23640],[16216, 23600],[16160, 23536],[16144, 23536],[16088, 23496],[16080, 23472],[16032, 23472],[15992, 23528]]]},"properties":{"objectType":"annotation","classification":{"name":"Tumor","color":[102, 77, 179]}}},{"type":"Feature","id":"1155a9db-e96b-41ba-a7c2-33d82c4a8b16","geometry":{"type":"Polygon","coordinates":[[[21896, 23656],[21896, 23728],[21904, 23728],[21904, 23760],[21912, 23760],[21912, 23792],[21920, 23792],[21920, 23840],[21928, 23840],[21928, 23856],[21944, 23856],[21944, 23864],[21976, 23864],[21976, 23856],[21984, 23856],[21984, 23848],[21992, 23848],[21992, 23832],[22000, 23832],[22000, 23808],[22008, 23808],[22008, 23728],[22000, 23728],[22000, 23704],[21992, 23704],[21992, 23688],[21984, 23688],[21984, 23672],[21976, 23672],[21976, 23664],[21960, 23664],[21960, 23656],[21952, 23656],[21952, 23648],[21944, 23648],[21944, 23640],[21936, 23640],[21936, 23632],[21912, 23632],[21912, 23640],[21904, 23640],[21904, 23656],[21896, 23656]]]},"properties":{"objectType":"annotation","classification":{"name":"Ignore*","color":[180, 180, 180]},"isLocked":true}},{"type":"Feature","id":"323711fb-2b8e-4057-95a9-0f1e5409a1e5","geometry":{"type":"Polygon","coordinates":[[[22800, 23744],[22816, 23816],[22880, 23872],[22944, 23880],[23000, 23856],[23040, 23800],[23024, 23728],[22984, 23712],[22960, 23680],[22912, 23672],[22912, 23608],[22880, 23624],[22864, 23672],[22800, 23744]]]},"properties":{"objectType":"annotation","classification":{"name":"Tumor","color":[102, 77, 179]}}},{"type":"Feature","id":"b012eafb-4754-4838-a0b8-dd75f2b4cdf0","geometry":{"type":"Polygon","coordinates":[[[10088, 23592],[10088, 23624],[10120, 23640],[10120, 23752],[10184, 23792],[10224, 23840],[10248, 23920],[10240, 23952],[10256, 24000],[10288, 23968],[10288, 23896],[10272, 23840],[10240, 23784],[10176, 23712],[10168, 23632],[10144, 23584],[10088, 23592]]]},"properties":{"objectType":"annotation","classification":{"name":"Tumor","color":[102, 77, 179]}}},{"type":"Feature","id":"b3ffd520-2f8d-482f-8f12-2d01b86e1940","geometry":{"type":"Polygon","coordinates":[[[20912, 23888],[20912, 23912],[20920, 23912],[20920, 23920],[20928, 23920],[20928, 23928],[20968, 23928],[20968, 23920],[20976, 23920],[20976, 23912],[20984, 23912],[20984, 23904],[20992, 23904],[20992, 23840],[21000, 23840],[21000, 23832],[21008, 23832],[21008, 23824],[21016, 23824],[21016, 23800],[21008, 23800],[21008, 23792],[20968, 23792],[20968, 23800],[20944, 23800],[20944, 23808],[20936, 23808],[20936, 23824],[20928, 23824],[20928, 23864],[20920, 23864],[20920, 23888],[20912, 23888]]]},"properties":{"objectType":"annotation","classification":{"name":"Ignore*","color":[180, 180, 180]},"isLocked":true}},{"type":"Feature","id":"7e8bd2f6-cdb4-48d0-b63a-f55477223cfa","geometry":{"type":"Polygon","coordinates":[[[20848, 24440],[20848, 24480],[20872, 24488],[20904, 24448],[20904, 24432],[20928, 24416],[20952, 24368],[20952, 24352],[20984, 24320],[20984, 24288],[21008, 24256],[21016, 24216],[21040, 24208],[21048, 24176],[21032, 24168],[21032, 24144],[21120, 24064],[21120, 24040],[21136, 24032],[21136, 24016],[21152, 24016],[21184, 23984],[21200, 23976],[21232, 23944],[21232, 23912],[21248, 23888],[21264, 23888],[21272, 23872],[21288, 23872],[21296, 23856],[21328, 23848],[21344, 23832],[21352, 23808],[21384, 23800],[21392, 23784],[21416, 23784],[21432, 23768],[21528, 23768],[21544, 23752],[21552, 23728],[21552, 23696],[21544, 23696],[21512, 23648],[21456, 23648],[21432, 23640],[21392, 23672],[21360, 23672],[21360, 23680],[21312, 23704],[21288, 23704],[21272, 23688],[21240, 23688],[21240, 23680],[21192, 23688],[21120, 23752],[21112, 23768],[21112, 23824],[21040, 23856],[21040, 23872],[21016, 23904],[21016, 23928],[21000, 23944],[21000, 24024],[21008, 24048],[20968, 24072],[20968, 24096],[20952, 24128],[20928, 24144],[20920, 24184],[20912, 24184],[20912, 24232],[20896, 24296],[20904, 24320],[20920, 24328],[20920, 24360],[20864, 24400],[20856, 24440],[20848, 24440]]]},"properties":{"objectType":"annotation","classification":{"name":"Tumor","color":[102, 77, 179]}}},{"type":"Feature","id":"4c4f9ee3-eb2e-47de-be8b-721e199e3ffd","geometry":{"type":"Polygon","coordinates":[[[22200, 23888],[22200, 23952],[22208, 23952],[22208, 23968],[22240, 23968],[22240, 23976],[22256, 23976],[22256, 23984],[22264, 23984],[22264, 24008],[22272, 24008],[22272, 24016],[22280, 24016],[22280, 24024],[22304, 24024],[22304, 24016],[22312, 24016],[22312, 24008],[22320, 24008],[22320, 23976],[22312, 23976],[22312, 23952],[22304, 23952],[22304, 23936],[22296, 23936],[22296, 23928],[22288, 23928],[22288, 23920],[22272, 23920],[22272, 23912],[22264, 23912],[22264, 23896],[22256, 23896],[22256, 23888],[22248, 23888],[22248, 23872],[22240, 23872],[22240, 23864],[22216, 23864],[22216, 23872],[22208, 23872],[22208, 23888],[22200, 23888]]]},"properties":{"objectType":"annotation","classification":{"name":"Ignore*","color":[180, 180, 180]},"isLocked":true}},{"type":"Feature","id":"fb2a9d3c-4f8d-4bb7-bacf-7e04d34ef137","geometry":{"type":"Polygon","coordinates":[[[14824, 23992],[14872, 24056],[14976, 24056],[15016, 24064],[15064, 24040],[15128, 24040],[15144, 24016],[15176, 24016],[15176, 24088],[15200, 24128],[15240, 24152],[15272, 24200],[15352, 24200],[15392, 24160],[15416, 24160],[15440, 24112],[15432, 24032],[15400, 23992],[15360, 23968],[15312, 23968],[15304, 23928],[15248, 23912],[15208, 23864],[15144, 23840],[15096, 23848],[15024, 23840],[14936, 23848],[14880, 23888],[14880, 23904],[14832, 23944],[14824, 23992]]]},"properties":{"objectType":"annotation","classification":{"name":"Tumor","color":[102, 77, 179]}}},{"type":"Feature","id":"d793ae39-657e-4aba-b451-2882349ba877","geometry":{"type":"Polygon","coordinates":[[[19344, 24176],[19408, 24280],[19424, 24328],[19456, 24360],[19464, 24392],[19480, 24400],[19504, 24448],[19552, 24440],[19560, 24456],[19592, 24432],[19592, 24232],[19608, 24224],[19640, 24272],[19664, 24280],[19736, 24280],[19768, 24272],[19800, 24232],[19800, 24200],[19816, 24160],[19848, 24112],[19872, 24112],[19912, 24224],[19880, 24256],[19864, 24304],[19816, 24328],[19784, 24360],[19752, 24376],[19744, 24424],[19728, 24440],[19736, 24504],[19776, 24528],[19800, 24560],[19872, 24560],[19904, 24536],[19896, 24488],[19992, 24440],[20032, 24392],[20104, 24392],[20120, 24344],[20096, 24248],[20080, 24232],[20080, 24208],[20056, 24176],[20056, 24152],[20040, 24144],[20024, 24104],[19968, 24016],[19968, 23936],[19960, 23936],[19960, 23848],[19936, 23784],[19928, 23712],[19880, 23736],[19880, 23872],[19872, 23880],[19792, 23888],[19768, 23928],[19728, 23968],[19656, 23968],[19616, 23992],[19608, 24016],[19536, 24032],[19488, 24056],[19488, 24072],[19448, 24072],[19448, 24048],[19488, 24040],[19496, 24008],[19528, 23992],[19528, 23936],[19520, 23936],[19512, 23880],[19472, 23832],[19424, 23856],[19424, 23880],[19392, 23904],[19392, 23920],[19360, 23960],[19360, 24056],[19352, 24056],[19352, 24136],[19344, 24176]]]},"properties":{"objectType":"annotation","classification":{"name":"Tumor","color":[102, 77, 179]}}},{"type":"Feature","id":"8f26acb5-e84b-45d9-91f8-ba5fe3c38975","geometry":{"type":"Polygon","coordinates":[[[16008, 24184],[16024, 24216],[16080, 24224],[16128, 24256],[16168, 24344],[16224, 24392],[16264, 24400],[16312, 24336],[16312, 24288],[16328, 24256],[16336, 24144],[16296, 24096],[16280, 24096],[16248, 24056],[16192, 24040],[16160, 24016],[16104, 24016],[16080, 24040],[16040, 24048],[16008, 24184]]]},"properties":{"objectType":"annotation","classification":{"name":"Tumor","color":[102, 77, 179]}}},{"type":"Feature","id":"dd54fae5-ac11-4f7e-8267-212ed99ddaa0","geometry":{"type":"Polygon","coordinates":[[[15424, 24320],[15464, 24352],[15536, 24352],[15576, 24296],[15584, 24232],[15608, 24232],[15632, 24256],[15632, 24280],[15656, 24312],[15720, 24312],[15776, 24288],[15800, 24264],[15840, 24256],[15872, 24216],[15872, 24184],[15888, 24168],[15880, 24120],[15840, 24096],[15776, 24096],[15768, 24080],[15696, 24080],[15640, 24072],[15576, 24040],[15520, 24048],[15496, 24088],[15496, 24168],[15504, 24192],[15472, 24240],[15440, 24256],[15424, 24320]]]},"properties":{"objectType":"annotation","classification":{"name":"Tumor","color":[102, 77, 179]}}},{"type":"Feature","id":"0fd37df4-cf48-4387-9418-56b0fa47b71b","geometry":{"type":"Polygon","coordinates":[[[22672, 24200],[22672, 24232],[22712, 24248],[22720, 24240],[22720, 24256],[22712, 24256],[22712, 24280],[22720, 24280],[22720, 24296],[22728, 24304],[22744, 24304],[22752, 24320],[22816, 24320],[22832, 24344],[22864, 24344],[22864, 24336],[22888, 24336],[22888, 24344],[22912, 24344],[22912, 24336],[22928, 24336],[22952, 24312],[22952, 24288],[22960, 24288],[22960, 24264],[22968, 24264],[22968, 24248],[22960, 24248],[22952, 24232],[22928, 24232],[22928, 24224],[22912, 24224],[22912, 24216],[22872, 24216],[22872, 24200],[22864, 24192],[22816, 24192],[22816, 24184],[22776, 24184],[22776, 24192],[22744, 24192],[22744, 24200],[22672, 24200]]]},"properties":{"objectType":"annotation","classification":{"name":"Tumor","color":[102, 77, 179]}}},{"type":"Feature","id":"a5ef3427-743a-4dbb-bdd1-a6e95fb55ec2","geometry":{"type":"Polygon","coordinates":[[[22112, 24392],[22112, 24424],[22120, 24424],[22120, 24432],[22144, 24432],[22144, 24440],[22152, 24440],[22152, 24480],[22160, 24480],[22160, 24560],[22168, 24560],[22168, 24576],[22176, 24576],[22176, 24584],[22184, 24584],[22184, 24592],[22192, 24592],[22192, 24600],[22200, 24600],[22200, 24608],[22208, 24608],[22208, 24616],[22216, 24616],[22216, 24624],[22232, 24624],[22232, 24632],[22264, 24632],[22264, 24624],[22272, 24624],[22272, 24616],[22280, 24616],[22280, 24592],[22288, 24592],[22288, 24552],[22280, 24552],[22280, 24536],[22272, 24536],[22272, 24512],[22264, 24512],[22264, 24472],[22248, 24472],[22248, 24464],[22232, 24464],[22232, 24456],[22224, 24456],[22224, 24432],[22216, 24432],[22216, 24384],[22208, 24384],[22208, 24360],[22200, 24360],[22200, 24344],[22192, 24344],[22192, 24336],[22184, 24336],[22184, 24320],[22176, 24320],[22176, 24288],[22168, 24288],[22168, 24272],[22144, 24272],[22144, 24280],[22128, 24280],[22128, 24320],[22120, 24320],[22120, 24352],[22128, 24352],[22128, 24368],[22120, 24368],[22120, 24392],[22112, 24392]]]},"properties":{"objectType":"annotation","classification":{"name":"Ignore*","color":[180, 180, 180]},"isLocked":true}},{"type":"Feature","id":"8786eff9-ed46-4e5e-adf4-408221500bfb","geometry":{"type":"Polygon","coordinates":[[[17648, 24616],[17648, 24648],[17656, 24648],[17656, 24664],[17664, 24664],[17664, 24672],[17688, 24672],[17688, 24664],[17704, 24664],[17704, 24648],[17712, 24648],[17712, 24608],[17704, 24608],[17704, 24592],[17696, 24592],[17696, 24584],[17664, 24584],[17664, 24592],[17656, 24592],[17656, 24616],[17648, 24616]]]},"properties":{"objectType":"annotation","classification":{"name":"Ignore*","color":[180, 180, 180]},"isLocked":true}},{"type":"Feature","id":"13219632-21a3-401b-b30e-45d2ec98ee26","geometry":{"type":"Polygon","coordinates":[[[20496, 24928],[20496, 24944],[20504, 24944],[20504, 24952],[20512, 24952],[20512, 24960],[20520, 24960],[20520, 24976],[20552, 24976],[20552, 24968],[20560, 24968],[20560, 24952],[20568, 24952],[20568, 24944],[20576, 24944],[20576, 24928],[20584, 24928],[20584, 24920],[20592, 24920],[20592, 24904],[20600, 24904],[20600, 24888],[20608, 24888],[20608, 24864],[20616, 24864],[20616, 24840],[20624, 24840],[20624, 24824],[20632, 24824],[20632, 24808],[20640, 24808],[20640, 24784],[20648, 24784],[20648, 24768],[20656, 24768],[20656, 24744],[20664, 24744],[20664, 24728],[20672, 24728],[20672, 24696],[20680, 24696],[20680, 24656],[20688, 24656],[20688, 24568],[20696, 24568],[20696, 24560],[20704, 24560],[20704, 24552],[20712, 24552],[20712, 24528],[20704, 24528],[20704, 24504],[20696, 24504],[20696, 24480],[20680, 24480],[20680, 24488],[20672, 24488],[20672, 24496],[20656, 24496],[20656, 24488],[20648, 24488],[20648, 24480],[20640, 24480],[20640, 24464],[20632, 24464],[20632, 24456],[20624, 24456],[20624, 24464],[20616, 24464],[20616, 24472],[20608, 24472],[20608, 24504],[20600, 24504],[20600, 24568],[20592, 24568],[20592, 24576],[20584, 24576],[20584, 24608],[20592, 24608],[20592, 24616],[20600, 24616],[20600, 24632],[20608, 24632],[20608, 24664],[20600, 24664],[20600, 24680],[20592, 24680],[20592, 24688],[20568, 24688],[20568, 24696],[20560, 24696],[20560, 24704],[20552, 24704],[20552, 24712],[20544, 24712],[20544, 24744],[20552, 24744],[20552, 24752],[20568, 24752],[20568, 24768],[20576, 24768],[20576, 24816],[20568, 24816],[20568, 24840],[20560, 24840],[20560, 24848],[20552, 24848],[20552, 24864],[20544, 24864],[20544, 24872],[20536, 24872],[20536, 24896],[20528, 24896],[20528, 24912],[20520, 24912],[20520, 24920],[20504, 24920],[20504, 24928],[20496, 24928]]]},"properties":{"objectType":"annotation","classification":{"name":"Ignore*","color":[180, 180, 180]},"isLocked":true}},{"type":"Feature","id":"ca32ef4a-0610-49ef-8835-92a647796feb","geometry":{"type":"Polygon","coordinates":[[[17768, 24768],[17768, 24856],[17776, 24880],[17848, 24912],[17960, 24904],[17984, 24888],[17984, 24840],[17960, 24808],[17960, 24760],[18000, 24752],[18016, 24776],[18048, 24768],[18040, 24704],[18056, 24688],[18056, 24656],[18088, 24624],[18080, 24592],[18040, 24544],[18008, 24544],[18008, 24560],[17944, 24608],[17792, 24704],[17768, 24768]]]},"properties":{"objectType":"annotation","classification":{"name":"Tumor","color":[102, 77, 179]}}},{"type":"Feature","id":"26b9de2d-85f3-4d44-befb-f8e76e2397bb","geometry":{"type":"Polygon","coordinates":[[[22104, 24872],[22104, 24888],[22112, 24888],[22112, 24896],[22144, 24896],[22144, 24904],[22160, 24904],[22160, 24912],[22168, 24912],[22168, 24920],[22176, 24920],[22176, 24928],[22208, 24928],[22208, 24920],[22216, 24920],[22216, 24912],[22224, 24912],[22224, 24824],[22232, 24824],[22232, 24816],[22280, 24816],[22280, 24808],[22296, 24808],[22296, 24792],[22304, 24792],[22304, 24760],[22296, 24760],[22296, 24744],[22288, 24744],[22288, 24736],[22280, 24736],[22280, 24728],[22272, 24728],[22272, 24720],[22264, 24720],[22264, 24712],[22256, 24712],[22256, 24704],[22248, 24704],[22248, 24696],[22240, 24696],[22240, 24688],[22208, 24688],[22208, 24680],[22192, 24680],[22192, 24656],[22184, 24656],[22184, 24648],[22160, 24648],[22160, 24656],[22152, 24656],[22152, 24672],[22160, 24672],[22160, 24712],[22152, 24712],[22152, 24728],[22144, 24728],[22144, 24816],[22136, 24816],[22136, 24832],[22128, 24832],[22128, 24848],[22120, 24848],[22120, 24856],[22112, 24856],[22112, 24872],[22104, 24872]]]},"properties":{"objectType":"annotation","classification":{"name":"Ignore*","color":[180, 180, 180]},"isLocked":true}},{"type":"Feature","id":"a1306a39-09c7-4109-af35-334e1c27cc2b","geometry":{"type":"Polygon","coordinates":[[[21408, 25080],[21416, 25224],[21440, 25272],[21480, 25304],[21504, 25360],[21592, 25448],[21656, 25448],[21664, 25424],[21768, 25344],[21808, 25336],[21824, 25352],[21904, 25352],[21928, 25336],[21928, 25184],[21984, 25144],[21968, 25104],[21880, 25104],[21896, 25048],[21944, 25040],[21944, 24952],[21920, 24928],[21896, 24864],[21840, 24864],[21792, 24896],[21776, 24936],[21776, 25008],[21744, 24992],[21648, 25016],[21616, 25144],[21568, 25224],[21528, 25208],[21528, 25128],[21568, 25080],[21568, 25000],[21496, 24960],[21496, 24944],[21448, 24928],[21416, 24976],[21424, 25064],[21408, 25080]]]},"properties":{"objectType":"annotation","classification":{"name":"Tumor","color":[102, 77, 179]}}},{"type":"Feature","id":"94a836bc-5e42-44f9-8410-df6375c3e4a2","geometry":{"type":"Polygon","coordinates":[[[22512, 24968],[22512, 25000],[22536, 25016],[22536, 25112],[22560, 25136],[22584, 25224],[22616, 25248],[22624, 25280],[22600, 25304],[22600, 25352],[22608, 25368],[22704, 25456],[22736, 25464],[22776, 25512],[22800, 25520],[22840, 25520],[22848, 25544],[22864, 25552],[22896, 25632],[22904, 25632],[22904, 25712],[22872, 25744],[22832, 25776],[22776, 25784],[22704, 25848],[22704, 25864],[22664, 25920],[22664, 26024],[22680, 26048],[22672, 26080],[22672, 26152],[22688, 26208],[22704, 26224],[22712, 26272],[22736, 26296],[22792, 26296],[22824, 26344],[22872, 26368],[22904, 26368],[22904, 26376],[22944, 26376],[22944, 26384],[23064, 26384],[23064, 26392],[23104, 26392],[23120, 26408],[23136, 26408],[23152, 26424],[23152, 26440],[23176, 26464],[23184, 26488],[23184, 26520],[23176, 26520],[23176, 26552],[23200, 26584],[23200, 26616],[23224, 26624],[23232, 26608],[23232, 26576],[23248, 26560],[23248, 26528],[23224, 26504],[23216, 26464],[23200, 26440],[23200, 26408],[23192, 26408],[23176, 26360],[23152, 26344],[23024, 26344],[23016, 26336],[23016, 26272],[22992, 26240],[22992, 26200],[22984, 26176],[22952, 26152],[22952, 26096],[22960, 26096],[22960, 26040],[22992, 25992],[23000, 25968],[23000, 25920],[23008, 25920],[23008, 25888],[23024, 25872],[23032, 25832],[23056, 25816],[23064, 25800],[23056, 25776],[23056, 25736],[23072, 25712],[23064, 25688],[23064, 25552],[23056, 25552],[23056, 25496],[23040, 25472],[23040, 25440],[23048, 25416],[22984, 25360],[22984, 25344],[22968, 25344],[22960, 25328],[22944, 25328],[22928, 25304],[22912, 25304],[22896, 25280],[22880, 25280],[22872, 25264],[22856, 25264],[22840, 25240],[22824, 25240],[22808, 25216],[22792, 25216],[22760, 25192],[22736, 25184],[22664, 25120],[22648, 25096],[22648, 25024],[22640, 24992],[22616, 24960],[22616, 24928],[22688, 24912],[22704, 24896],[22768, 24904],[22792, 24936],[22832, 24952],[22848, 24976],[22864, 24976],[22864, 24992],[22912, 25024],[22928, 25024],[22976, 25080],[23008, 25088],[23008, 25096],[23056, 25096],[23056, 25104],[23128, 25104],[23136, 25120],[23152, 25120],[23176, 25144],[23216, 25144],[23288, 25088],[23320, 25088],[23360, 25056],[23360, 25040],[23408, 25000],[23416, 24984],[23416, 24936],[23424, 24936],[23424, 24896],[23432, 24896],[23432, 24864],[23440, 24864],[23440, 24824],[23488, 24784],[23576, 24744],[23608, 24704],[23608, 24648],[23624, 24624],[23648, 24616],[23680, 24616],[23688, 24584],[23672, 24568],[23656, 24568],[23640, 24552],[23640, 24496],[23624, 24488],[23584, 24504],[23584, 24568],[23552, 24592],[23512, 24592],[23488, 24600],[23432, 24656],[23384, 24688],[23368, 24688],[23360, 24704],[23344, 24704],[23336, 24720],[23320, 24720],[23312, 24736],[23312, 24784],[23288, 24816],[23288, 24856],[23280, 24856],[23280, 24896],[23240, 24928],[23200, 24928],[23184, 24936],[23176, 24968],[23144, 25000],[23104, 25008],[23088, 24984],[23088, 24960],[23072, 24944],[23048, 24944],[23024, 24928],[23016, 24896],[22984, 24872],[22984, 24816],[22992, 24816],[22992, 24768],[23000, 24768],[23008, 24728],[23024, 24720],[23024, 24680],[23032, 24680],[23040, 24640],[23072, 24616],[23072, 24600],[23088, 24592],[23080, 24576],[23096, 24528],[23144, 24536],[23152, 24528],[23152, 24488],[23136, 24472],[23136, 24408],[23144, 24408],[23144, 24352],[23160, 24328],[23160, 24224],[23168, 24200],[23184, 24184],[23184, 24152],[23192, 24152],[23192, 24120],[23200, 24120],[23200, 24080],[23192, 24056],[23168, 24024],[23168, 23992],[23160, 23992],[23160, 23952],[23152, 23944],[23104, 23968],[23104, 23984],[23072, 24008],[23056, 24008],[23048, 24024],[22992, 24056],[22992, 24112],[23000, 24112],[23000, 24200],[23008, 24200],[23008, 24232],[22992, 24264],[23008, 24272],[23008, 24288],[23024, 24296],[23024, 24336],[23016, 24360],[22976, 24424],[22976, 24448],[22936, 24512],[22928, 24536],[22928, 24568],[22920, 24584],[22872, 24624],[22864, 24648],[22832, 24648],[22816, 24632],[22792, 24648],[22784, 24680],[22752, 24672],[22688, 24672],[22664, 24680],[22656, 24704],[22632, 24736],[22584, 24760],[22576, 24800],[22552, 24808],[22536, 24832],[22536, 24928],[22512, 24968]]]},"properties":{"objectType":"annotation","classification":{"name":"Tumor","color":[102, 77, 179]}}},{"type":"Feature","id":"936d96af-cd56-465d-a4d2-a46e9e8195d1","geometry":{"type":"Polygon","coordinates":[[[22944, 25240],[22944, 25248],[22952, 25248],[22952, 25264],[22960, 25264],[22960, 25272],[22968, 25272],[22968, 25280],[22976, 25280],[22976, 25296],[22984, 25296],[22984, 25304],[22992, 25304],[22992, 25312],[23000, 25312],[23000, 25320],[23008, 25320],[23008, 25328],[23016, 25328],[23016, 25336],[23024, 25336],[23024, 25344],[23032, 25344],[23032, 25352],[23040, 25352],[23040, 25360],[23072, 25360],[23072, 25352],[23080, 25352],[23080, 25344],[23096, 25344],[23096, 25336],[23112, 25336],[23112, 25328],[23120, 25328],[23120, 25320],[23128, 25320],[23128, 25312],[23136, 25312],[23136, 25304],[23144, 25304],[23144, 25296],[23152, 25296],[23152, 25280],[23160, 25280],[23160, 25272],[23152, 25272],[23152, 25264],[23144, 25264],[23144, 25256],[23136, 25256],[23136, 25248],[23128, 25248],[23128, 25240],[23120, 25240],[23120, 25232],[23112, 25232],[23112, 25224],[23088, 25224],[23088, 25232],[23056, 25232],[23056, 25224],[23048, 25224],[23048, 25216],[23040, 25216],[23040, 25200],[23032, 25200],[23032, 25192],[23024, 25192],[23024, 25184],[22992, 25184],[22992, 25192],[22976, 25192],[22976, 25200],[22968, 25200],[22968, 25208],[22960, 25208],[22960, 25224],[22952, 25224],[22952, 25240],[22944, 25240]]]},"properties":{"objectType":"annotation","classification":{"name":"Ignore*","color":[180, 180, 180]},"isLocked":true}},{"type":"Feature","id":"70062b8b-5823-436f-8f55-3d38883cee66","geometry":{"type":"Polygon","coordinates":[[[19704, 25272],[19704, 25312],[19712, 25312],[19712, 25336],[19720, 25336],[19720, 25352],[19728, 25352],[19728, 25368],[19736, 25368],[19736, 25376],[19744, 25376],[19744, 25384],[19776, 25384],[19776, 25368],[19784, 25368],[19784, 25352],[19792, 25352],[19792, 25320],[19800, 25320],[19800, 25272],[19792, 25272],[19792, 25248],[19784, 25248],[19784, 25240],[19768, 25240],[19768, 25232],[19728, 25232],[19728, 25240],[19720, 25240],[19720, 25264],[19712, 25264],[19712, 25272],[19704, 25272]]]},"properties":{"objectType":"annotation","classification":{"name":"Ignore*","color":[180, 180, 180]},"isLocked":true}},{"type":"Feature","id":"ad0416ef-4008-4abc-9941-09cd5195015c","geometry":{"type":"Polygon","coordinates":[[[22936, 26648],[22936, 26680],[22944, 26680],[22944, 26688],[22960, 26688],[22960, 26696],[22968, 26696],[22968, 26704],[22976, 26704],[22976, 26712],[22992, 26712],[22992, 26704],[23000, 26704],[23000, 26672],[23008, 26672],[23008, 26648],[23016, 26648],[23016, 26624],[23024, 26624],[23024, 26600],[23016, 26600],[23016, 26592],[23008, 26592],[23008, 26584],[23000, 26584],[23000, 26592],[22992, 26592],[22992, 26608],[22984, 26608],[22984, 26616],[22976, 26616],[22976, 26624],[22968, 26624],[22968, 26632],[22960, 26632],[22960, 26640],[22952, 26640],[22952, 26648],[22936, 26648]]]},"properties":{"objectType":"annotation","classification":{"name":"Ignore*","color":[180, 180, 180]},"isLocked":true}},{"type":"Feature","id":"607dd361-e3f5-4901-a834-d216c906ecc4","geometry":{"type":"Polygon","coordinates":[[[22352, 26624],[22352, 26672],[22360, 26672],[22360, 26696],[22368, 26696],[22368, 26712],[22376, 26712],[22376, 26728],[22392, 26728],[22392, 26736],[22400, 26736],[22400, 26744],[22424, 26744],[22424, 26728],[22432, 26728],[22432, 26704],[22440, 26704],[22440, 26688],[22448, 26688],[22448, 26664],[22456, 26664],[22456, 26648],[22464, 26648],[22464, 26624],[22472, 26624],[22472, 26616],[22480, 26616],[22480, 26608],[22488, 26608],[22488, 26600],[22496, 26600],[22496, 26592],[22520, 26592],[22520, 26584],[22552, 26584],[22552, 26592],[22568, 26592],[22568, 26600],[22576, 26600],[22576, 26616],[22584, 26616],[22584, 26624],[22576, 26624],[22576, 26640],[22568, 26640],[22568, 26648],[22552, 26648],[22552, 26656],[22544, 26656],[22544, 26744],[22536, 26744],[22536, 26760],[22520, 26760],[22520, 26768],[22512, 26768],[22512, 26776],[22496, 26776],[22496, 26784],[22488, 26784],[22488, 26792],[22480, 26792],[22480, 26800],[22472, 26800],[22472, 26808],[22464, 26808],[22464, 26824],[22456, 26824],[22456, 26864],[22464, 26864],[22464, 26888],[22472, 26888],[22472, 26896],[22480, 26896],[22480, 26904],[22496, 26904],[22496, 26912],[22584, 26912],[22584, 26920],[22616, 26920],[22616, 26928],[22624, 26928],[22624, 26936],[22632, 26936],[22632, 26952],[22640, 26952],[22640, 26968],[22648, 26968],[22648, 27000],[22656, 27000],[22656, 27008],[22664, 27008],[22664, 27016],[22680, 27016],[22680, 27008],[22696, 27008],[22696, 27000],[22712, 27000],[22712, 26992],[22728, 26992],[22728, 26976],[22736, 26976],[22736, 26904],[22728, 26904],[22728, 26896],[22720, 26896],[22720, 26888],[22704, 26888],[22704, 26872],[22696, 26872],[22696, 26816],[22704, 26816],[22704, 26800],[22712, 26800],[22712, 26792],[22704, 26792],[22704, 26784],[22696, 26784],[22696, 26776],[22688, 26776],[22688, 26760],[22680, 26760],[22680, 26752],[22672, 26752],[22672, 26736],[22664, 26736],[22664, 26720],[22656, 26720],[22656, 26712],[22648, 26712],[22648, 26704],[22640, 26704],[22640, 26648],[22632, 26648],[22632, 26632],[22624, 26632],[22624, 26624],[22616, 26624],[22616, 26584],[22624, 26584],[22624, 26568],[22632, 26568],[22632, 26536],[22640, 26536],[22640, 26528],[22672, 26528],[22672, 26520],[22680, 26520],[22680, 26512],[22688, 26512],[22688, 26496],[22696, 26496],[22696, 26456],[22688, 26456],[22688, 26432],[22680, 26432],[22680, 26416],[22672, 26416],[22672, 26376],[22656, 26376],[22656, 26368],[22640, 26368],[22640, 26360],[22632, 26360],[22632, 26328],[22624, 26328],[22624, 26320],[22608, 26320],[22608, 26328],[22592, 26328],[22592, 26344],[22584, 26344],[22584, 26384],[22576, 26384],[22576, 26392],[22560, 26392],[22560, 26400],[22544, 26400],[22544, 26408],[22528, 26408],[22528, 26416],[22520, 26416],[22520, 26424],[22504, 26424],[22504, 26416],[22496, 26416],[22496, 26408],[22488, 26408],[22488, 26400],[22440, 26400],[22440, 26408],[22416, 26408],[22416, 26416],[22408, 26416],[22408, 26440],[22416, 26440],[22416, 26448],[22424, 26448],[22424, 26456],[22432, 26456],[22432, 26472],[22440, 26472],[22440, 26520],[22432, 26520],[22432, 26544],[22424, 26544],[22424, 26560],[22408, 26560],[22408, 26568],[22392, 26568],[22392, 26576],[22384, 26576],[22384, 26592],[22376, 26592],[22376, 26600],[22368, 26600],[22368, 26608],[22360, 26608],[22360, 26624],[22352, 26624]]]},"properties":{"objectType":"annotation","classification":{"name":"Ignore*","color":[180, 180, 180]},"isLocked":true}},{"type":"Feature","id":"c7d09716-e757-415c-a4b0-d3dd58d36782","geometry":{"type":"Polygon","coordinates":[[[22848, 27032],[22848, 27064],[22856, 27064],[22856, 27072],[22864, 27072],[22864, 27080],[22904, 27080],[22904, 27072],[22928, 27072],[22928, 27064],[22944, 27064],[22944, 27056],[22952, 27056],[22952, 27048],[22960, 27048],[22960, 27032],[22968, 27032],[22968, 27016],[22976, 27016],[22976, 27000],[22984, 27000],[22984, 26992],[22992, 26992],[22992, 26984],[23000, 26984],[23000, 26968],[23008, 26968],[23008, 26960],[23016, 26960],[23016, 26952],[23024, 26952],[23024, 26944],[23032, 26944],[23032, 26936],[23040, 26936],[23040, 26904],[23032, 26904],[23032, 26896],[23024, 26896],[23024, 26888],[23016, 26888],[23016, 26880],[22968, 26880],[22968, 26888],[22944, 26888],[22944, 26896],[22936, 26896],[22936, 26904],[22928, 26904],[22928, 26928],[22920, 26928],[22920, 26944],[22912, 26944],[22912, 26952],[22904, 26952],[22904, 26960],[22896, 26960],[22896, 26968],[22888, 26968],[22888, 26984],[22880, 26984],[22880, 26992],[22872, 26992],[22872, 27008],[22864, 27008],[22864, 27016],[22856, 27016],[22856, 27032],[22848, 27032]]]},"properties":{"objectType":"annotation","classification":{"name":"Ignore*","color":[180, 180, 180]},"isLocked":true}},{"type":"Feature","id":"07baa225-af41-42ac-b98f-c4fd9b0be313","geometry":{"type":"Polygon","coordinates":[[[21568, 20736],[21568, 21120],[21632, 21120],[21632, 21184],[21696, 21184],[21696, 21312],[21760, 21312],[21760, 21376],[21824, 21376],[21824, 21440],[21888, 21440],[21888, 21568],[21952, 21568],[21952, 21632],[22016, 21632],[22016, 21696],[22208, 21696],[22208, 21632],[22336, 21632],[22336, 21568],[22400, 21568],[22400, 20992],[22336, 20992],[22336, 20672],[22272, 20672],[22272, 20352],[22208, 20352],[22208, 20416],[22016, 20416],[22016, 20480],[21888, 20480],[21888, 20544],[21760, 20544],[21760, 20608],[21696, 20608],[21696, 20672],[21632, 20672],[21632, 20736],[21568, 20736]]]},"properties":{"objectType":"annotation","classification":{"name":"Ignore*","color":[180, 180, 180]},"isLocked":true}},{"type":"Feature","id":"dbfe06d7-f208-46d2-9c8f-b77cacc4f7d2","geometry":{"type":"Polygon","coordinates":[[[32249, 42240],[32249, 40512],[32128, 40512],[32128, 40576],[31936, 40576],[31936, 40512],[31808, 40512],[31808, 40448],[31616, 40448],[31616, 40512],[31424, 40512],[31424, 40576],[30976, 40576],[30976, 40512],[30784, 40512],[30784, 40448],[30656, 40448],[30656, 40384],[30592, 40384],[30592, 40320],[30528, 40320],[30528, 40256],[30464, 40256],[30464, 40192],[30400, 40192],[30400, 40128],[30336, 40128],[30336, 40064],[30272, 40064],[30272, 40000],[30208, 40000],[30208, 39936],[30144, 39936],[30144, 39872],[30016, 39872],[30016, 39808],[29888, 39808],[29888, 39744],[29824, 39744],[29824, 39680],[29760, 39680],[29760, 39616],[29696, 39616],[29696, 39488],[29632, 39488],[29632, 39424],[29568, 39424],[29568, 39232],[29504, 39232],[29504, 39104],[29440, 39104],[29440, 38976],[29376, 38976],[29376, 38912],[29312, 38912],[29312, 38848],[29248, 38848],[29248, 38784],[29184, 38784],[29184, 38720],[29120, 38720],[29120, 38592],[29056, 38592],[29056, 38528],[28992, 38528],[28992, 38400],[28928, 38400],[28928, 38208],[28864, 38208],[28864, 37312],[28800, 37312],[28800, 36992],[28736, 36992],[28736, 36800],[28672, 36800],[28672, 36736],[28608, 36736],[28608, 36672],[28544, 36672],[28544, 36608],[28480, 36608],[28480, 36544],[28416, 36544],[28416, 36480],[28224, 36480],[28224, 36544],[28160, 36544],[28160, 36608],[28096, 36608],[28096, 36736],[28032, 36736],[28032, 36800],[27904, 36800],[27904, 36864],[27776, 36864],[27776, 36928],[27648, 36928],[27648, 36992],[27584, 36992],[27584, 37056],[27456, 37056],[27456, 37120],[27328, 37120],[27328, 37184],[27264, 37184],[27264, 37248],[27200, 37248],[27200, 38144],[27264, 38144],[27264, 38336],[27328, 38336],[27328, 38464],[27392, 38464],[27392, 38528],[27456, 38528],[27456, 38592],[27520, 38592],[27520, 38720],[27584, 38720],[27584, 38848],[27648, 38848],[27648, 39168],[27712, 39168],[27712, 39808],[27648, 39808],[27648, 40064],[27584, 40064],[27584, 40128],[27392, 40128],[27392, 40064],[27264, 40064],[27264, 40000],[27200, 40000],[27200, 39872],[27136, 39872],[27136, 39808],[27072, 39808],[27072, 39680],[27008, 39680],[27008, 39552],[26944, 39552],[26944, 39424],[26880, 39424],[26880, 39232],[26816, 39232],[26816, 39104],[26752, 39104],[26752, 38912],[26688, 38912],[26688, 38720],[26624, 38720],[26624, 38528],[26560, 38528],[26560, 38400],[26496, 38400],[26496, 38272],[26432, 38272],[26432, 38144],[26368, 38144],[26368, 38080],[26304, 38080],[26304, 38016],[26240, 38016],[26240, 37952],[26112, 37952],[26112, 37888],[25344, 37888],[25344, 37952],[24960, 37952],[24960, 38016],[24768, 38016],[24768, 38080],[24576, 38080],[24576, 38144],[24448, 38144],[24448, 38208],[24256, 38208],[24256, 38272],[24064, 38272],[24064, 38336],[23936, 38336],[23936, 38400],[23808, 38400],[23808, 38464],[23680, 38464],[23680, 38528],[23552, 38528],[23552, 38592],[23424, 38592],[23424, 38656],[23232, 38656],[23232, 38720],[22912, 38720],[22912, 38656],[22784, 38656],[22784, 38592],[22720, 38592],[22720, 38528],[22656, 38528],[22656, 38464],[22592, 38464],[22592, 38400],[22528, 38400],[22528, 38272],[22464, 38272],[22464, 38144],[22400, 38144],[22400, 38016],[22336, 38016],[22336, 37952],[22272, 37952],[22272, 37824],[22208, 37824],[22208, 37760],[22144, 37760],[22144, 37632],[22080, 37632],[22080, 37504],[22016, 37504],[22016, 37376],[21952, 37376],[21952, 37312],[21824, 37312],[21824, 37248],[21696, 37248],[21696, 37184],[21568, 37184],[21568, 37120],[21504, 37120],[21504, 37056],[21440, 37056],[21440, 36928],[21376, 36928],[21376, 36032],[21440, 36032],[21440, 35904],[21504, 35904],[21504, 35840],[21568, 35840],[21568, 35712],[21632, 35712],[21632, 35648],[21696, 35648],[21696, 35584],[21760, 35584],[21760, 35520],[21824, 35520],[21824, 35456],[21952, 35456],[21952, 35392],[22016, 35392],[22016, 35328],[22208, 35328],[22208, 35264],[22336, 35264],[22336, 35200],[22464, 35200],[22464, 35136],[22656, 35136],[22656, 35072],[22784, 35072],[22784, 35008],[23040, 35008],[23040, 34944],[23232, 34944],[23232, 34880],[23424, 34880],[23424, 34816],[23488, 34816],[23488, 34752],[23552, 34752],[23552, 34624],[23616, 34624],[23616, 34560],[23680, 34560],[23680, 34432],[23808, 34432],[23808, 34368],[23872, 34368],[23872, 34304],[24000, 34304],[24000, 34240],[24128, 34240],[24128, 34176],[24256, 34176],[24256, 34112],[24320, 34112],[24320, 34048],[24448, 34048],[24448, 33984],[24896, 33984],[24896, 34048],[24960, 34048],[24960, 34112],[25088, 34112],[25088, 34176],[25216, 34176],[25216, 34240],[25664, 34240],[25664, 34176],[25728, 34176],[25728, 33344],[25792, 33344],[25792, 33280],[25856, 33280],[25856, 33216],[26048, 33216],[26048, 33152],[26368, 33152],[26368, 33216],[26688, 33216],[26688, 33280],[26816, 33280],[26816, 33344],[27008, 33344],[27008, 33408],[27136, 33408],[27136, 33472],[27264, 33472],[27264, 33536],[27328, 33536],[27328, 33600],[27392, 33600],[27392, 33664],[27520, 33664],[27520, 33728],[27584, 33728],[27584, 33792],[27648, 33792],[27648, 33856],[27776, 33856],[27776, 33920],[27840, 33920],[27840, 33984],[27904, 33984],[27904, 34048],[27968, 34048],[27968, 34176],[28032, 34176],[28032, 34240],[28096, 34240],[28096, 34368],[28160, 34368],[28160, 34496],[28224, 34496],[28224, 34624],[28288, 34624],[28288, 34752],[28352, 34752],[28352, 34880],[28416, 34880],[28416, 35136],[28480, 35136],[28480, 35648],[28416, 35648],[28416, 35840],[28352, 35840],[28352, 35904],[28416, 35904],[28416, 36032],[28608, 36032],[28608, 36096],[28800, 36096],[28800, 36160],[28928, 36160],[28928, 36224],[29056, 36224],[29056, 36288],[29120, 36288],[29120, 36352],[29184, 36352],[29184, 36416],[29440, 36416],[29440, 36352],[29568, 36352],[29568, 36288],[29696, 36288],[29696, 36224],[29888, 36224],[29888, 36288],[29952, 36288],[29952, 36352],[30016, 36352],[30016, 36416],[30080, 36416],[30080, 37184],[30016, 37184],[30016, 37888],[30080, 37888],[30080, 38016],[30144, 38016],[30144, 38080],[30272, 38080],[30272, 38144],[30336, 38144],[30336, 38208],[30400, 38208],[30400, 38336],[30464, 38336],[30464, 38400],[30528, 38400],[30528, 38464],[30592, 38464],[30592, 38592],[30656, 38592],[30656, 38656],[30720, 38656],[30720, 38784],[30784, 38784],[30784, 38848],[30848, 38848],[30848, 38912],[30976, 38912],[30976, 38976],[31104, 38976],[31104, 39040],[31296, 39040],[31296, 39104],[31424, 39104],[31424, 39168],[31488, 39168],[31488, 39232],[31552, 39232],[31552, 39296],[31616, 39296],[31616, 39360],[31680, 39360],[31680, 39488],[31744, 39488],[31744, 39680],[31808, 39680],[31808, 39872],[31936, 39872],[31936, 39936],[32249, 39936],[32249, 10805],[15232, 10805],[15232, 10880],[15168, 10880],[15168, 11520],[15232, 11520],[15232, 11776],[15296, 11776],[15296, 11968],[15360, 11968],[15360, 12096],[15424, 12096],[15424, 12224],[15488, 12224],[15488, 12416],[15552, 12416],[15552, 12544],[15616, 12544],[15616, 12608],[15680, 12608],[15680, 12736],[15744, 12736],[15744, 12864],[15808, 12864],[15808, 12928],[15872, 12928],[15872, 13056],[15936, 13056],[15936, 13120],[16064, 13120],[16064, 13184],[16576, 13184],[16576, 13120],[16768, 13120],[16768, 13056],[16960, 13056],[16960, 12992],[17088, 12992],[17088, 12928],[17152, 12928],[17152, 12992],[17216, 12992],[17216, 13120],[17280, 13120],[17280, 13248],[17344, 13248],[17344, 13312],[17408, 13312],[17408, 13376],[17600, 13376],[17600, 13440],[17664, 13440],[17664, 13376],[17728, 13376],[17728, 13312],[17792, 13312],[17792, 13248],[17856, 13248],[17856, 13184],[17920, 13184],[17920, 13120],[18112, 13120],[18112, 13184],[18176, 13184],[18176, 13248],[18240, 13248],[18240, 13376],[18176, 13376],[18176, 13504],[18112, 13504],[18112, 13568],[18048, 13568],[18048, 13696],[17984, 13696],[17984, 13824],[18048, 13824],[18048, 14272],[17984, 14272],[17984, 14464],[17920, 14464],[17920, 15040],[17984, 15040],[17984, 15104],[18048, 15104],[18048, 15168],[18176, 15168],[18176, 15232],[18304, 15232],[18304, 15296],[18432, 15296],[18432, 15360],[18624, 15360],[18624, 15424],[18688, 15424],[18688, 15488],[18816, 15488],[18816, 15552],[18880, 15552],[18880, 15616],[18944, 15616],[18944, 15680],[19008, 15680],[19008, 15808],[19072, 15808],[19072, 15872],[19136, 15872],[19136, 16000],[19200, 16000],[19200, 16256],[19264, 16256],[19264, 16704],[19328, 16704],[19328, 16768],[19392, 16768],[19392, 16832],[19456, 16832],[19456, 16896],[19584, 16896],[19584, 16960],[19648, 16960],[19648, 17024],[19712, 17024],[19712, 17088],[19776, 17088],[19776, 17152],[19840, 17152],[19840, 17280],[19904, 17280],[19904, 17408],[19968, 17408],[19968, 17472],[20160, 17472],[20160, 17536],[20416, 17536],[20416, 17472],[20544, 17472],[20544, 17408],[20608, 17408],[20608, 17344],[21056, 17344],[21056, 17408],[21120, 17408],[21120, 17472],[21184, 17472],[21184, 17536],[21248, 17536],[21248, 17600],[21312, 17600],[21312, 17728],[21376, 17728],[21376, 18368],[21568, 18368],[21568, 18304],[21952, 18304],[21952, 18368],[22080, 18368],[22080, 18432],[22144, 18432],[22144, 18496],[22208, 18496],[22208, 18624],[22272, 18624],[22272, 18752],[22336, 18752],[22336, 19072],[22272, 19072],[22272, 19264],[22208, 19264],[22208, 19392],[22144, 19392],[22144, 19584],[22208, 19584],[22208, 19776],[22272, 19776],[22272, 20160],[22336, 20160],[22336, 20288],[22400, 20288],[22400, 20224],[22848, 20224],[22848, 20288],[22976, 20288],[22976, 20416],[23040, 20416],[23040, 20480],[23104, 20480],[23104, 20736],[23168, 20736],[23168, 20992],[23232, 20992],[23232, 21440],[23168, 21440],[23168, 21568],[23104, 21568],[23104, 21632],[22976, 21632],[22976, 21696],[22912, 21696],[22912, 21760],[22848, 21760],[22848, 22016],[22912, 22016],[22912, 22144],[22976, 22144],[22976, 22272],[23040, 22272],[23040, 22528],[23104, 22528],[23104, 22848],[23040, 22848],[23040, 23040],[22976, 23040],[22976, 23296],[23040, 23296],[23040, 23360],[23168, 23360],[23168, 23424],[23232, 23424],[23232, 23488],[23296, 23488],[23296, 23552],[23360, 23552],[23360, 23680],[23424, 23680],[23424, 23872],[23488, 23872],[23488, 24064],[23552, 24064],[23552, 24192],[23616, 24192],[23616, 24256],[23680, 24256],[23680, 24320],[23744, 24320],[23744, 24384],[23808, 24384],[23808, 24512],[23872, 24512],[23872, 24832],[23808, 24832],[23808, 24960],[23744, 24960],[23744, 25088],[23680, 25088],[23680, 25152],[23616, 25152],[23616, 25280],[23552, 25280],[23552, 25344],[23488, 25344],[23488, 25472],[23424, 25472],[23424, 26176],[23488, 26176],[23488, 26688],[23424, 26688],[23424, 26880],[23360, 26880],[23360, 27008],[23296, 27008],[23296, 27136],[23232, 27136],[23232, 27200],[23168, 27200],[23168, 27264],[23104, 27264],[23104, 27328],[22912, 27328],[22912, 27392],[22720, 27392],[22720, 27328],[22528, 27328],[22528, 27264],[22400, 27264],[22400, 27200],[22272, 27200],[22272, 27136],[22144, 27136],[22144, 27072],[22080, 27072],[22080, 27008],[22016, 27008],[22016, 26816],[21952, 26816],[21952, 26304],[22016, 26304],[22016, 25856],[21824, 25856],[21824, 25792],[21440, 25792],[21440, 25728],[21312, 25728],[21312, 25664],[21248, 25664],[21248, 25600],[21120, 25600],[21120, 25536],[21056, 25536],[21056, 25472],[20992, 25472],[20992, 25408],[20928, 25408],[20928, 25344],[20864, 25344],[20864, 25280],[20608, 25280],[20608, 25344],[20480, 25344],[20480, 25408],[20352, 25408],[20352, 25472],[20224, 25472],[20224, 25536],[19968, 25536],[19968, 25600],[19840, 25600],[19840, 25536],[19584, 25536],[19584, 25472],[19520, 25472],[19520, 25408],[19456, 25408],[19456, 25280],[19392, 25280],[19392, 25152],[19328, 25152],[19328, 24832],[19264, 24832],[19264, 24704],[19200, 24704],[19200, 24576],[19136, 24576],[19136, 24512],[19072, 24512],[19072, 24384],[19008, 24384],[19008, 24320],[18944, 24320],[18944, 24256],[18752, 24256],[18752, 24320],[18688, 24320],[18688, 24384],[18624, 24384],[18624, 24448],[18560, 24448],[18560, 24512],[18496, 24512],[18496, 24576],[18432, 24576],[18432, 24704],[18368, 24704],[18368, 24832],[18304, 24832],[18304, 24960],[18240, 24960],[18240, 25024],[18176, 25024],[18176, 25088],[18112, 25088],[18112, 25152],[17600, 25152],[17600, 25088],[17280, 25088],[17280, 25152],[17088, 25152],[17088, 25216],[16896, 25216],[16896, 25152],[16384, 25152],[16384, 25216],[15872, 25216],[15872, 25152],[15744, 25152],[15744, 25088],[15680, 25088],[15680, 24960],[15616, 24960],[15616, 24896],[15552, 24896],[15552, 24832],[15424, 24832],[15424, 24768],[15360, 24768],[15360, 24704],[15232, 24704],[15232, 24640],[15168, 24640],[15168, 24576],[15104, 24576],[15104, 24512],[14976, 24512],[14976, 24448],[14912, 24448],[14912, 24384],[14784, 24384],[14784, 24320],[14720, 24320],[14720, 24256],[14656, 24256],[14656, 24192],[14592, 24192],[14592, 24128],[14528, 24128],[14528, 23936],[14464, 23936],[14464, 23872],[14400, 23872],[14400, 23808],[14336, 23808],[14336, 23744],[14272, 23744],[14272, 23680],[14144, 23680],[14144, 23616],[14080, 23616],[14080, 23552],[14016, 23552],[14016, 23488],[13952, 23488],[13952, 23424],[13888, 23424],[13888, 23360],[13696, 23360],[13696, 23296],[13568, 23296],[13568, 23360],[13376, 23360],[13376, 23424],[12864, 23424],[12864, 23360],[12480, 23360],[12480, 23296],[11968, 23296],[11968, 23360],[11776, 23360],[11776, 23424],[11072, 23424],[11072, 23360],[10624, 23360],[10624, 23424],[10496, 23424],[10496, 23552],[10432, 23552],[10432, 24000],[10368, 24000],[10368, 24128],[10304, 24128],[10304, 24256],[10240, 24256],[10240, 24320],[10176, 24320],[10176, 24384],[10112, 24384],[10112, 24320],[10048, 24320],[10048, 24064],[9984, 24064],[9984, 23872],[9920, 23872],[9920, 23744],[9856, 23744],[9856, 23424],[9920, 23424],[9920, 23296],[9984, 23296],[9984, 23232],[10048, 23232],[10048, 23168],[10176, 23168],[10176, 23104],[10368, 23104],[10368, 23040],[10624, 23040],[10624, 22976],[10880, 22976],[10880, 22912],[11264, 22912],[11264, 22848],[12096, 22848],[12096, 22784],[12544, 22784],[12544, 22720],[12800, 22720],[12800, 22656],[13056, 22656],[13056, 22592],[13376, 22592],[13376, 22528],[13696, 22528],[13696, 22592],[14592, 22592],[14592, 22528],[14912, 22528],[14912, 22464],[15104, 22464],[15104, 22400],[15232, 22400],[15232, 22336],[15296, 22336],[15296, 22272],[15360, 22272],[15360, 22208],[15424, 22208],[15424, 22144],[15488, 22144],[15488, 22016],[15552, 22016],[15552, 21952],[15616, 21952],[15616, 21888],[15680, 21888],[15680, 21824],[15808, 21824],[15808, 21760],[16256, 21760],[16256, 21824],[16448, 21824],[16448, 21760],[16512, 21760],[16512, 21568],[16448, 21568],[16448, 21504],[16384, 21504],[16384, 21440],[16320, 21440],[16320, 21376],[16256, 21376],[16256, 21312],[16192, 21312],[16192, 21248],[16128, 21248],[16128, 21184],[16064, 21184],[16064, 21120],[16000, 21120],[16000, 20992],[15936, 20992],[15936, 20928],[15872, 20928],[15872, 20864],[15808, 20864],[15808, 20800],[15680, 20800],[15680, 20736],[15616, 20736],[15616, 20672],[15552, 20672],[15552, 20608],[15488, 20608],[15488, 20480],[15424, 20480],[15424, 20416],[15360, 20416],[15360, 20288],[15296, 20288],[15296, 20224],[15232, 20224],[15232, 20096],[15168, 20096],[15168, 19968],[15104, 19968],[15104, 19904],[15040, 19904],[15040, 19840],[14976, 19840],[14976, 19712],[14912, 19712],[14912, 19648],[14848, 19648],[14848, 19584],[14720, 19584],[14720, 19520],[14656, 19520],[14656, 19456],[14592, 19456],[14592, 19392],[14528, 19392],[14528, 19328],[14464, 19328],[14464, 19200],[14400, 19200],[14400, 19072],[14336, 19072],[14336, 18944],[14272, 18944],[14272, 18880],[14208, 18880],[14208, 18752],[14144, 18752],[14144, 18688],[14016, 18688],[14016, 18624],[13696, 18624],[13696, 18560],[13376, 18560],[13376, 18496],[13248, 18496],[13248, 18432],[13120, 18432],[13120, 18368],[13056, 18368],[13056, 18304],[12928, 18304],[12928, 18240],[12864, 18240],[12864, 18176],[12736, 18176],[12736, 18112],[12608, 18112],[12608, 18048],[12544, 18048],[12544, 17984],[12416, 17984],[12416, 17920],[12032, 17920],[12032, 17856],[11904, 17856],[11904, 17920],[11584, 17920],[11584, 17984],[11520, 17984],[11520, 18048],[11456, 18048],[11456, 18112],[11392, 18112],[11392, 18240],[11328, 18240],[11328, 18432],[11264, 18432],[11264, 19392],[11200, 19392],[11200, 19776],[11136, 19776],[11136, 19968],[11072, 19968],[11072, 20096],[11008, 20096],[11008, 20224],[10944, 20224],[10944, 20288],[10880, 20288],[10880, 20416],[10816, 20416],[10816, 20544],[10752, 20544],[10752, 20672],[10688, 20672],[10688, 20800],[10624, 20800],[10624, 20928],[10560, 20928],[10560, 21056],[10496, 21056],[10496, 21120],[10432, 21120],[10432, 21184],[10368, 21184],[10368, 21248],[10304, 21248],[10304, 21312],[10240, 21312],[10240, 21376],[10112, 21376],[10112, 21440],[9984, 21440],[9984, 21504],[9792, 21504],[9792, 21568],[9664, 21568],[9664, 21632],[9536, 21632],[9536, 21696],[9344, 21696],[9344, 21760],[9088, 21760],[9088, 21824],[8512, 21824],[8512, 21888],[8320, 21888],[8320, 21952],[8000, 21952],[8000, 21824],[8064, 21824],[8064, 21760],[8192, 21760],[8192, 21696],[8256, 21696],[8256, 21632],[8384, 21632],[8384, 21568],[8448, 21568],[8448, 21504],[8512, 21504],[8512, 21440],[8576, 21440],[8576, 21376],[8704, 21376],[8704, 21312],[8768, 21312],[8768, 21248],[8896, 21248],[8896, 21184],[8960, 21184],[8960, 21120],[9024, 21120],[9024, 20864],[8960, 20864],[8960, 20608],[8896, 20608],[8896, 20224],[8960, 20224],[8960, 19712],[9024, 19712],[9024, 19520],[9088, 19520],[9088, 19392],[9152, 19392],[9152, 19328],[9216, 19328],[9216, 19264],[9280, 19264],[9280, 19200],[9344, 19200],[9344, 19136],[9472, 19136],[9472, 19072],[9536, 19072],[9536, 19008],[9664, 19008],[9664, 18944],[9792, 18944],[9792, 18816],[9856, 18816],[9856, 18688],[9792, 18688],[9792, 18560],[9728, 18560],[9728, 18496],[9664, 18496],[9664, 18432],[9600, 18432],[9600, 18368],[9536, 18368],[9536, 18304],[9472, 18304],[9472, 18176],[9408, 18176],[9408, 18048],[9344, 18048],[9344, 17664],[9280, 17664],[9280, 17536],[9152, 17536],[9152, 17472],[8576, 17472],[8576, 17408],[8256, 17408],[8256, 17344],[7936, 17344],[7936, 17408],[7744, 17408],[7744, 17472],[7616, 17472],[7616, 17536],[7360, 17536],[7360, 17600],[7168, 17600],[7168, 17664],[6976, 17664],[6976, 17728],[6784, 17728],[6784, 17792],[6400, 17792],[6400, 17856],[6272, 17856],[6272, 17792],[6080, 17792],[6080, 17728],[5952, 17728],[5952, 17664],[5888, 17664],[5888, 17600],[5824, 17600],[5824, 17472],[5760, 17472],[5760, 17344],[5696, 17344],[5696, 17088],[5632, 17088],[5632, 16896],[5568, 16896],[5568, 16768],[5504, 16768],[5504, 16640],[5440, 16640],[5440, 16512],[5376, 16512],[5376, 16384],[5312, 16384],[5312, 16256],[5248, 16256],[5248, 16128],[5184, 16128],[5184, 16000],[5120, 16000],[5120, 15936],[5056, 15936],[5056, 15808],[4992, 15808],[4992, 15680],[4928, 15680],[4928, 15552],[4864, 15552],[4864, 15488],[4800, 15488],[4800, 15424],[4736, 15424],[4736, 15360],[4544, 15360],[4544, 15424],[4480, 15424],[4480, 15488],[4416, 15488],[4416, 15552],[4352, 15552],[4352, 15616],[4288, 15616],[4288, 15744],[4224, 15744],[4224, 15872],[4160, 15872],[4160, 16064],[4096, 16064],[4096, 16256],[4032, 16256],[4032, 16384],[3968, 16384],[3968, 16448],[3904, 16448],[3904, 16576],[3840, 16576],[3840, 16704],[3776, 16704],[3776, 16960],[3840, 16960],[3840, 17152],[3904, 17152],[3904, 17280],[3968, 17280],[3968, 17536],[4032, 17536],[4032, 17664],[4096, 17664],[4096, 17792],[4160, 17792],[4160, 17920],[4224, 17920],[4224, 17984],[4288, 17984],[4288, 18112],[4352, 18112],[4352, 18176],[4416, 18176],[4416, 18240],[4544, 18240],[4544, 18304],[4608, 18304],[4608, 18368],[4672, 18368],[4672, 18432],[4736, 18432],[4736, 18496],[4800, 18496],[4800, 18560],[4864, 18560],[4864, 18624],[4928, 18624],[4928, 18752],[4992, 18752],[4992, 18816],[5056, 18816],[5056, 18880],[5120, 18880],[5120, 19008],[5184, 19008],[5184, 19072],[5248, 19072],[5248, 19136],[5376, 19136],[5376, 19200],[5440, 19200],[5440, 19264],[5504, 19264],[5504, 19328],[5632, 19328],[5632, 19392],[5696, 19392],[5696, 19456],[5824, 19456],[5824, 19520],[5952, 19520],[5952, 19584],[6144, 19584],[6144, 19648],[6272, 19648],[6272, 19712],[6400, 19712],[6400, 19776],[6528, 19776],[6528, 19840],[6656, 19840],[6656, 19904],[6784, 19904],[6784, 19968],[7232, 19968],[7232, 19904],[7424, 19904],[7424, 19840],[7616, 19840],[7616, 19776],[7808, 19776],[7808, 19840],[8000, 19840],[8000, 19904],[8064, 19904],[8064, 19968],[8128, 19968],[8128, 20032],[8192, 20032],[8192, 20096],[8256, 20096],[8256, 20288],[8320, 20288],[8320, 20480],[8256, 20480],[8256, 20672],[8192, 20672],[8192, 20736],[8128, 20736],[8128, 20800],[8064, 20800],[8064, 20864],[8000, 20864],[8000, 20928],[7616, 20928],[7616, 20800],[7552, 20800],[7552, 20672],[7488, 20672],[7488, 20608],[7424, 20608],[7424, 20544],[7360, 20544],[7360, 20480],[6592, 20480],[6592, 20544],[6528, 20544],[6528, 20608],[6464, 20608],[6464, 20672],[6400, 20672],[6400, 20864],[6336, 20864],[6336, 20928],[6464, 20928],[6464, 20992],[6656, 20992],[6656, 21056],[6848, 21056],[6848, 21120],[6976, 21120],[6976, 21184],[7040, 21184],[7040, 21248],[7168, 21248],[7168, 21376],[7232, 21376],[7232, 21504],[7296, 21504],[7296, 21760],[7360, 21760],[7360, 22016],[7424, 22016],[7424, 22208],[7360, 22208],[7360, 22336],[7296, 22336],[7296, 22400],[7168, 22400],[7168, 22464],[7040, 22464],[7040, 22528],[6848, 22528],[6848, 22464],[6528, 22464],[6528, 22400],[6336, 22400],[6336, 22336],[6208, 22336],[6208, 22272],[6144, 22272],[6144, 22208],[6080, 22208],[6080, 22080],[6016, 22080],[6016, 21952],[5952, 21952],[5952, 21376],[6016, 21376],[6016, 21184],[6080, 21184],[6080, 21120],[6144, 21120],[6144, 20928],[6080, 20928],[6080, 20864],[6016, 20864],[6016, 20736],[5952, 20736],[5952, 20288],[5888, 20288],[5888, 20224],[5824, 20224],[5824, 20096],[5760, 20096],[5760, 20032],[5696, 20032],[5696, 19968],[5632, 19968],[5632, 19904],[5568, 19904],[5568, 19776],[5504, 19776],[5504, 19712],[5440, 19712],[5440, 19648],[5376, 19648],[5376, 19584],[5312, 19584],[5312, 19520],[5248, 19520],[5248, 19456],[5184, 19456],[5184, 19392],[5056, 19392],[5056, 19328],[4992, 19328],[4992, 19264],[4928, 19264],[4928, 19200],[4864, 19200],[4864, 19136],[4800, 19136],[4800, 19008],[4736, 19008],[4736, 18880],[4672, 18880],[4672, 18816],[4608, 18816],[4608, 18752],[4480, 18752],[4480, 18688],[4224, 18688],[4224, 18624],[4096, 18624],[4096, 18560],[4032, 18560],[4032, 18496],[3968, 18496],[3968, 18368],[3904, 18368],[3904, 18048],[3840, 18048],[3840, 17920],[3776, 17920],[3776, 17792],[3712, 17792],[3712, 17728],[3584, 17728],[3584, 17664],[3520, 17664],[3520, 17600],[3456, 17600],[3456, 17536],[3328, 17536],[3328, 17408],[3264, 17408],[3264, 17344],[3200, 17344],[3200, 16704],[3264, 16704],[3264, 16320],[3328, 16320],[3328, 16000],[3392, 16000],[3392, 15808],[3456, 15808],[3456, 15680],[3520, 15680],[3520, 15488],[3584, 15488],[3584, 15296],[3648, 15296],[3648, 15168],[3712, 15168],[3712, 15040],[3776, 15040],[3776, 14912],[3840, 14912],[3840, 14784],[3904, 14784],[3904, 14656],[3968, 14656],[3968, 14592],[4032, 14592],[4032, 14464],[4096, 14464],[4096, 14336],[4160, 14336],[4160, 14208],[4224, 14208],[4224, 13888],[4288, 13888],[4288, 13504],[4352, 13504],[4352, 13248],[4416, 13248],[4416, 12672],[4352, 12672],[4352, 12544],[4288, 12544],[4288, 12480],[4224, 12480],[4224, 12416],[4160, 12416],[4160, 12288],[4096, 12288],[4096, 12224],[4032, 12224],[4032, 12160],[3968, 12160],[3968, 12032],[3904, 12032],[3904, 11904],[3840, 11904],[3840, 11776],[3776, 11776],[3776, 11584],[3712, 11584],[3712, 11264],[3648, 11264],[3648, 10880],[3584, 10880],[3584, 10816],[3648, 10816],[3648, 10805],[2383, 10805],[2383, 42240],[32249, 42240]],[[6656, 29952],[6656, 29824],[6720, 29824],[6720, 29696],[6784, 29696],[6784, 29568],[6848, 29568],[6848, 29440],[6912, 29440],[6912, 29312],[6976, 29312],[6976, 29184],[7040, 29184],[7040, 29120],[7104, 29120],[7104, 28992],[7168, 28992],[7168, 28928],[7232, 28928],[7232, 28864],[7296, 28864],[7296, 28736],[7360, 28736],[7360, 28672],[7424, 28672],[7424, 28608],[7488, 28608],[7488, 28480],[7552, 28480],[7552, 28416],[7616, 28416],[7616, 28352],[7680, 28352],[7680, 28224],[7744, 28224],[7744, 28160],[7872, 28160],[7872, 28096],[7936, 28096],[7936, 28032],[8000, 28032],[8000, 27968],[8064, 27968],[8064, 27904],[8128, 27904],[8128, 27840],[8256, 27840],[8256, 27776],[8320, 27776],[8320, 27712],[8384, 27712],[8384, 27648],[8448, 27648],[8448, 27584],[8512, 27584],[8512, 27520],[8576, 27520],[8576, 27456],[8640, 27456],[8640, 27328],[8704, 27328],[8704, 27200],[8768, 27200],[8768, 27072],[8832, 27072],[8832, 26880],[8896, 26880],[8896, 26688],[8960, 26688],[8960, 26752],[9024, 26752],[9024, 27200],[8960, 27200],[8960, 27328],[8896, 27328],[8896, 27456],[8832, 27456],[8832, 27520],[8768, 27520],[8768, 27584],[8704, 27584],[8704, 27648],[8640, 27648],[8640, 27712],[8576, 27712],[8576, 27776],[8512, 27776],[8512, 27840],[8448, 27840],[8448, 27904],[8384, 27904],[8384, 27968],[8320, 27968],[8320, 28096],[8256, 28096],[8256, 28160],[8192, 28160],[8192, 28224],[8128, 28224],[8128, 28352],[8064, 28352],[8064, 28416],[8000, 28416],[8000, 28544],[7936, 28544],[7936, 28608],[7872, 28608],[7872, 28672],[7808, 28672],[7808, 28736],[7744, 28736],[7744, 28800],[7680, 28800],[7680, 28928],[7616, 28928],[7616, 28992],[7552, 28992],[7552, 29056],[7488, 29056],[7488, 29184],[7424, 29184],[7424, 29248],[7360, 29248],[7360, 29376],[7296, 29376],[7296, 29504],[7232, 29504],[7232, 29632],[7168, 29632],[7168, 30016],[7232, 30016],[7232, 30144],[7296, 30144],[7296, 30208],[7424, 30208],[7424, 30272],[7680, 30272],[7680, 30336],[7744, 30336],[7744, 30400],[7808, 30400],[7808, 30720],[7744, 30720],[7744, 30784],[7680, 30784],[7680, 30848],[7616, 30848],[7616, 30912],[7552, 30912],[7552, 30976],[7360, 30976],[7360, 31040],[7232, 31040],[7232, 30976],[7040, 30976],[7040, 30912],[6976, 30912],[6976, 30848],[6912, 30848],[6912, 30784],[6848, 30784],[6848, 30656],[6784, 30656],[6784, 30592],[6720, 30592],[6720, 30464],[6656, 30464],[6656, 30272],[6592, 30272],[6592, 29952],[6656, 29952]],[[8832, 25856],[8832, 25664],[8896, 25664],[8896, 25600],[8960, 25600],[8960, 25472],[9088, 25472],[9088, 25408],[9152, 25408],[9152, 25536],[9088, 25536],[9088, 25664],[9024, 25664],[9024, 25856],[8960, 25856],[8960, 26048],[8896, 26048],[8896, 26240],[8768, 26240],[8768, 25856],[8832, 25856]],[[17408, 11520],[17408, 11456],[17472, 11456],[17472, 11392],[17664, 11392],[17664, 11456],[17728, 11456],[17728, 11520],[17792, 11520],[17792, 11584],[17728, 11584],[17728, 11648],[17664, 11648],[17664, 11712],[17536, 11712],[17536, 11776],[17408, 11776],[17408, 11712],[17344, 11712],[17344, 11520],[17408, 11520]],[[21440, 16128],[21440, 16192],[21504, 16192],[21504, 16576],[21440, 16576],[21440, 16640],[21312, 16640],[21312, 16576],[21184, 16576],[21184, 16448],[21120, 16448],[21120, 16128],[21440, 16128]],[[23232, 16768],[23232, 16704],[23360, 16704],[23360, 16768],[23424, 16768],[23424, 17024],[23360, 17024],[23360, 17088],[23296, 17088],[23296, 17024],[23232, 17024],[23232, 16896],[23168, 16896],[23168, 16768],[23232, 16768]],[[26240, 32256],[26240, 32192],[26304, 32192],[26304, 32256],[26368, 32256],[26368, 32448],[26176, 32448],[26176, 32256],[26240, 32256]]]},"properties":{"objectType":"annotation","classification":{"name":"Ignore*","color":[180, 180, 180]},"isLocked":true}},{"type":"Feature","id":"a2bf0bf6-07e5-4c32-aac4-4d5850616fbb","geometry":{"type":"Polygon","coordinates":[[[21376, 36032],[21376, 36928],[21440, 36928],[21440, 37056],[21504, 37056],[21504, 37120],[21568, 37120],[21568, 37184],[21696, 37184],[21696, 37248],[21824, 37248],[21824, 37312],[21952, 37312],[21952, 37376],[22016, 37376],[22016, 37504],[22080, 37504],[22080, 37632],[22144, 37632],[22144, 37760],[22208, 37760],[22208, 37824],[22272, 37824],[22272, 37952],[22336, 37952],[22336, 38016],[22400, 38016],[22400, 38144],[22464, 38144],[22464, 38272],[22528, 38272],[22528, 38400],[22592, 38400],[22592, 38464],[22656, 38464],[22656, 38528],[22720, 38528],[22720, 38592],[22784, 38592],[22784, 38656],[22912, 38656],[22912, 38720],[23232, 38720],[23232, 38656],[23424, 38656],[23424, 38592],[23552, 38592],[23552, 38528],[23680, 38528],[23680, 38464],[23808, 38464],[23808, 38400],[23936, 38400],[23936, 38336],[24064, 38336],[24064, 38272],[24256, 38272],[24256, 38208],[24448, 38208],[24448, 38144],[24576, 38144],[24576, 38080],[24768, 38080],[24768, 38016],[24960, 38016],[24960, 37952],[25344, 37952],[25344, 37888],[26112, 37888],[26112, 37952],[26240, 37952],[26240, 38016],[26304, 38016],[26304, 38080],[26368, 38080],[26368, 38144],[26432, 38144],[26432, 38272],[26496, 38272],[26496, 38400],[26560, 38400],[26560, 38528],[26624, 38528],[26624, 38720],[26688, 38720],[26688, 38912],[26752, 38912],[26752, 39104],[26816, 39104],[26816, 39232],[26880, 39232],[26880, 39424],[26944, 39424],[26944, 39552],[27008, 39552],[27008, 39680],[27072, 39680],[27072, 39808],[27136, 39808],[27136, 39872],[27200, 39872],[27200, 40000],[27264, 40000],[27264, 40064],[27392, 40064],[27392, 40128],[27584, 40128],[27584, 40064],[27648, 40064],[27648, 39808],[27712, 39808],[27712, 39168],[27648, 39168],[27648, 38848],[27584, 38848],[27584, 38720],[27520, 38720],[27520, 38592],[27456, 38592],[27456, 38528],[27392, 38528],[27392, 38464],[27328, 38464],[27328, 38336],[27264, 38336],[27264, 38144],[27200, 38144],[27200, 37248],[27264, 37248],[27264, 37184],[27328, 37184],[27328, 37120],[27456, 37120],[27456, 37056],[27584, 37056],[27584, 36992],[27648, 36992],[27648, 36928],[27776, 36928],[27776, 36864],[27904, 36864],[27904, 36800],[28032, 36800],[28032, 36736],[28096, 36736],[28096, 36608],[28160, 36608],[28160, 36544],[28224, 36544],[28224, 36480],[28416, 36480],[28416, 36544],[28480, 36544],[28480, 36608],[28544, 36608],[28544, 36672],[28608, 36672],[28608, 36736],[28672, 36736],[28672, 36800],[28736, 36800],[28736, 36992],[28800, 36992],[28800, 37312],[28864, 37312],[28864, 38208],[28928, 38208],[28928, 38400],[28992, 38400],[28992, 38528],[29056, 38528],[29056, 38592],[29120, 38592],[29120, 38720],[29184, 38720],[29184, 38784],[29248, 38784],[29248, 38848],[29312, 38848],[29312, 38912],[29376, 38912],[29376, 38976],[29440, 38976],[29440, 39104],[29504, 39104],[29504, 39232],[29568, 39232],[29568, 39424],[29632, 39424],[29632, 39488],[29696, 39488],[29696, 39616],[29760, 39616],[29760, 39680],[29824, 39680],[29824, 39744],[29888, 39744],[29888, 39808],[30016, 39808],[30016, 39872],[30144, 39872],[30144, 39936],[30208, 39936],[30208, 40000],[30272, 40000],[30272, 40064],[30336, 40064],[30336, 40128],[30400, 40128],[30400, 40192],[30464, 40192],[30464, 40256],[30528, 40256],[30528, 40320],[30592, 40320],[30592, 40384],[30656, 40384],[30656, 40448],[30784, 40448],[30784, 40512],[30976, 40512],[30976, 40576],[31424, 40576],[31424, 40512],[31616, 40512],[31616, 40448],[31808, 40448],[31808, 40512],[31936, 40512],[31936, 40576],[32128, 40576],[32128, 40512],[32249, 40512],[32249, 39936],[31936, 39936],[31936, 39872],[31808, 39872],[31808, 39680],[31744, 39680],[31744, 39488],[31680, 39488],[31680, 39360],[31616, 39360],[31616, 39296],[31552, 39296],[31552, 39232],[31488, 39232],[31488, 39168],[31424, 39168],[31424, 39104],[31296, 39104],[31296, 39040],[31104, 39040],[31104, 38976],[30976, 38976],[30976, 38912],[30848, 38912],[30848, 38848],[30784, 38848],[30784, 38784],[30720, 38784],[30720, 38656],[30656, 38656],[30656, 38592],[30592, 38592],[30592, 38464],[30528, 38464],[30528, 38400],[30464, 38400],[30464, 38336],[30400, 38336],[30400, 38208],[30336, 38208],[30336, 38144],[30272, 38144],[30272, 38080],[30144, 38080],[30144, 38016],[30080, 38016],[30080, 37888],[30016, 37888],[30016, 37184],[30080, 37184],[30080, 36416],[30016, 36416],[30016, 36352],[29952, 36352],[29952, 36288],[29888, 36288],[29888, 36224],[29696, 36224],[29696, 36288],[29568, 36288],[29568, 36352],[29440, 36352],[29440, 36416],[29184, 36416],[29184, 36352],[29120, 36352],[29120, 36288],[29056, 36288],[29056, 36224],[28928, 36224],[28928, 36160],[28800, 36160],[28800, 36096],[28608, 36096],[28608, 36032],[28416, 36032],[28416, 35904],[28352, 35904],[28352, 35840],[28416, 35840],[28416, 35648],[28480, 35648],[28480, 35136],[28416, 35136],[28416, 34880],[28352, 34880],[28352, 34752],[28288, 34752],[28288, 34624],[28224, 34624],[28224, 34496],[28160, 34496],[28160, 34368],[28096, 34368],[28096, 34240],[28032, 34240],[28032, 34176],[27968, 34176],[27968, 34048],[27904, 34048],[27904, 33984],[27840, 33984],[27840, 33920],[27776, 33920],[27776, 33856],[27648, 33856],[27648, 33792],[27584, 33792],[27584, 33728],[27520, 33728],[27520, 33664],[27392, 33664],[27392, 33600],[27328, 33600],[27328, 33536],[27264, 33536],[27264, 33472],[27136, 33472],[27136, 33408],[27008, 33408],[27008, 33344],[26816, 33344],[26816, 33280],[26688, 33280],[26688, 33216],[26368, 33216],[26368, 33152],[26048, 33152],[26048, 33216],[25856, 33216],[25856, 33280],[25792, 33280],[25792, 33344],[25728, 33344],[25728, 34176],[25664, 34176],[25664, 34240],[25216, 34240],[25216, 34176],[25088, 34176],[25088, 34112],[24960, 34112],[24960, 34048],[24896, 34048],[24896, 33984],[24448, 33984],[24448, 34048],[24320, 34048],[24320, 34112],[24256, 34112],[24256, 34176],[24128, 34176],[24128, 34240],[24000, 34240],[24000, 34304],[23872, 34304],[23872, 34368],[23808, 34368],[23808, 34432],[23680, 34432],[23680, 34560],[23616, 34560],[23616, 34624],[23552, 34624],[23552, 34752],[23488, 34752],[23488, 34816],[23424, 34816],[23424, 34880],[23232, 34880],[23232, 34944],[23040, 34944],[23040, 35008],[22784, 35008],[22784, 35072],[22656, 35072],[22656, 35136],[22464, 35136],[22464, 35200],[22336, 35200],[22336, 35264],[22208, 35264],[22208, 35328],[22016, 35328],[22016, 35392],[21952, 35392],[21952, 35456],[21824, 35456],[21824, 35520],[21760, 35520],[21760, 35584],[21696, 35584],[21696, 35648],[21632, 35648],[21632, 35712],[21568, 35712],[21568, 35840],[21504, 35840],[21504, 35904],[21440, 35904],[21440, 36032],[21376, 36032]]]},"properties":{"objectType":"annotation","classification":{"name":"Region*","color":[0, 0, 180]},"isLocked":true}},{"type":"Feature","id":"c1ca4bdb-01e8-4940-b1e6-0f2165fe0f7f","geometry":{"type":"Polygon","coordinates":[[[26344, 33664],[26344, 33688],[26352, 33688],[26352, 33696],[26360, 33696],[26360, 33712],[26368, 33712],[26368, 33720],[26376, 33720],[26376, 33728],[26384, 33728],[26384, 33736],[26392, 33736],[26392, 33752],[26400, 33752],[26400, 33760],[26408, 33760],[26408, 33776],[26416, 33776],[26416, 33784],[26440, 33784],[26440, 33792],[26480, 33792],[26480, 33744],[26488, 33744],[26488, 33760],[26496, 33760],[26496, 33768],[26504, 33768],[26504, 33784],[26512, 33784],[26512, 33792],[26520, 33792],[26520, 33800],[26528, 33800],[26528, 33816],[26536, 33816],[26536, 33832],[26584, 33832],[26584, 33824],[26600, 33824],[26600, 33816],[26616, 33816],[26616, 33808],[26632, 33808],[26632, 33800],[26640, 33800],[26640, 33792],[26648, 33792],[26648, 33744],[26640, 33744],[26640, 33736],[26632, 33736],[26632, 33728],[26624, 33728],[26624, 33720],[26616, 33720],[26616, 33712],[26608, 33712],[26608, 33704],[26600, 33704],[26600, 33672],[26608, 33672],[26608, 33632],[26576, 33632],[26576, 33640],[26560, 33640],[26560, 33632],[26544, 33632],[26544, 33624],[26536, 33624],[26536, 33616],[26528, 33616],[26528, 33608],[26520, 33608],[26520, 33600],[26512, 33600],[26512, 33592],[26504, 33592],[26504, 33584],[26488, 33584],[26488, 33568],[26480, 33568],[26480, 33544],[26472, 33544],[26472, 33536],[26464, 33536],[26464, 33528],[26448, 33528],[26448, 33536],[26440, 33536],[26440, 33584],[26448, 33584],[26448, 33616],[26456, 33616],[26456, 33632],[26448, 33632],[26448, 33640],[26424, 33640],[26424, 33632],[26408, 33632],[26408, 33624],[26392, 33624],[26392, 33616],[26360, 33616],[26360, 33632],[26352, 33632],[26352, 33664],[26344, 33664]]]},"properties":{"objectType":"annotation","classification":{"name":"Ignore*","color":[180, 180, 180]},"isLocked":true}},{"type":"Feature","id":"004a23ce-125a-44c7-8bcb-7ab5724dc5ab","geometry":{"type":"Polygon","coordinates":[[[26152, 34024],[26152, 34072],[26160, 34072],[26160, 34104],[26152, 34104],[26152, 34128],[26160, 34128],[26160, 34144],[26168, 34144],[26168, 34160],[26176, 34160],[26176, 34168],[26184, 34168],[26184, 34184],[26192, 34184],[26192, 34192],[26200, 34192],[26200, 34200],[26208, 34200],[26208, 34208],[26224, 34208],[26224, 34216],[26248, 34216],[26248, 34224],[26264, 34224],[26264, 34216],[26272, 34216],[26272, 34208],[26280, 34208],[26280, 34200],[26288, 34200],[26288, 34192],[26296, 34192],[26296, 34184],[26304, 34184],[26304, 34176],[26296, 34176],[26296, 34160],[26288, 34160],[26288, 34144],[26280, 34144],[26280, 34120],[26272, 34120],[26272, 34072],[26280, 34072],[26280, 34064],[26288, 34064],[26288, 34048],[26280, 34048],[26280, 34040],[26256, 34040],[26256, 34032],[26248, 34032],[26248, 34024],[26240, 34024],[26240, 34016],[26232, 34016],[26232, 34000],[26224, 34000],[26224, 33992],[26216, 33992],[26216, 33984],[26176, 33984],[26176, 33992],[26168, 33992],[26168, 34008],[26160, 34008],[26160, 34024],[26152, 34024]]]},"properties":{"objectType":"annotation","classification":{"name":"Ignore*","color":[180, 180, 180]},"isLocked":true}},{"type":"Feature","id":"a55ec90d-6644-4481-8806-1d3976c377a9","geometry":{"type":"Polygon","coordinates":[[[26160, 34336],[26160, 34368],[26168, 34368],[26168, 34384],[26176, 34384],[26176, 34392],[26184, 34392],[26184, 34400],[26240, 34400],[26240, 34408],[26256, 34408],[26256, 34416],[26336, 34416],[26336, 34424],[26360, 34424],[26360, 34432],[26368, 34432],[26368, 34440],[26384, 34440],[26384, 34456],[26392, 34456],[26392, 34472],[26400, 34472],[26400, 34496],[26408, 34496],[26408, 34512],[26416, 34512],[26416, 34520],[26424, 34520],[26424, 34536],[26432, 34536],[26432, 34544],[26440, 34544],[26440, 34552],[26456, 34552],[26456, 34560],[26464, 34560],[26464, 34568],[26472, 34568],[26472, 34576],[26480, 34576],[26480, 34584],[26496, 34584],[26496, 34592],[26512, 34592],[26512, 34600],[26544, 34600],[26544, 34592],[26552, 34592],[26552, 34560],[26544, 34560],[26544, 34544],[26536, 34544],[26536, 34536],[26520, 34536],[26520, 34528],[26512, 34528],[26512, 34520],[26504, 34520],[26504, 34512],[26496, 34512],[26496, 34504],[26488, 34504],[26488, 34488],[26480, 34488],[26480, 34464],[26472, 34464],[26472, 34448],[26464, 34448],[26464, 34440],[26448, 34440],[26448, 34432],[26440, 34432],[26440, 34424],[26432, 34424],[26432, 34408],[26424, 34408],[26424, 34392],[26416, 34392],[26416, 34384],[26408, 34384],[26408, 34376],[26376, 34376],[26376, 34368],[26368, 34368],[26368, 34360],[26360, 34360],[26360, 34336],[26352, 34336],[26352, 34328],[26344, 34328],[26344, 34320],[26336, 34320],[26336, 34312],[26328, 34312],[26328, 34304],[26216, 34304],[26216, 34312],[26192, 34312],[26192, 34320],[26176, 34320],[26176, 34328],[26168, 34328],[26168, 34336],[26160, 34336]]]},"properties":{"objectType":"annotation","classification":{"name":"Ignore*","color":[180, 180, 180]},"isLocked":true}},{"type":"Feature","id":"11c62d60-ffe4-4117-b758-686e2a96b101","geometry":{"type":"Polygon","coordinates":[[[24688, 34608],[24688, 34632],[24696, 34632],[24696, 34648],[24720, 34648],[24720, 34656],[24728, 34656],[24728, 34648],[24752, 34648],[24752, 34640],[24768, 34640],[24768, 34632],[24792, 34632],[24792, 34640],[24800, 34640],[24800, 34648],[24808, 34648],[24808, 34672],[24816, 34672],[24816, 34688],[24824, 34688],[24824, 34696],[24832, 34696],[24832, 34704],[24840, 34704],[24840, 34712],[24872, 34712],[24872, 34704],[24880, 34704],[24880, 34664],[24872, 34664],[24872, 34648],[24864, 34648],[24864, 34640],[24856, 34640],[24856, 34632],[24848, 34632],[24848, 34608],[24888, 34608],[24888, 34600],[24904, 34600],[24904, 34584],[24896, 34584],[24896, 34576],[24872, 34576],[24872, 34584],[24864, 34584],[24864, 34592],[24848, 34592],[24848, 34600],[24840, 34600],[24840, 34592],[24824, 34592],[24824, 34584],[24816, 34584],[24816, 34576],[24808, 34576],[24808, 34568],[24792, 34568],[24792, 34560],[24776, 34560],[24776, 34552],[24760, 34552],[24760, 34560],[24744, 34560],[24744, 34568],[24736, 34568],[24736, 34576],[24728, 34576],[24728, 34584],[24712, 34584],[24712, 34592],[24704, 34592],[24704, 34600],[24696, 34600],[24696, 34608],[24688, 34608]]]},"properties":{"objectType":"annotation","classification":{"name":"Ignore*","color":[180, 180, 180]},"isLocked":true}},{"type":"Feature","id":"0f758b0f-58c6-4c13-b16d-68c8697071cc","geometry":{"type":"Polygon","coordinates":[[[26504, 34032],[26504, 34120],[26512, 34144],[26536, 34176],[26544, 34232],[26560, 34248],[26568, 34288],[26600, 34312],[26616, 34336],[26632, 34384],[26680, 34424],[26680, 34440],[26744, 34496],[26760, 34504],[26784, 34544],[26808, 34560],[26808, 34576],[26824, 34584],[26888, 34584],[26904, 34592],[26920, 34616],[26936, 34624],[27104, 34624],[27120, 34648],[27168, 34648],[27192, 34640],[27224, 34664],[27264, 34664],[27272, 34672],[27272, 34712],[27264, 34720],[27136, 34720],[27112, 34696],[27072, 34688],[27024, 34664],[26992, 34664],[26992, 34672],[26960, 34688],[26960, 34736],[26968, 34752],[26992, 34768],[27000, 34808],[26984, 34840],[27000, 34848],[27040, 34848],[27064, 34872],[27096, 34872],[27136, 34840],[27144, 34800],[27160, 34784],[27184, 34784],[27224, 34880],[27240, 34888],[27240, 34904],[27280, 34928],[27304, 34952],[27304, 34984],[27328, 35016],[27344, 35024],[27392, 35024],[27416, 35032],[27440, 35024],[27456, 35008],[27520, 35008],[27552, 34992],[27560, 35008],[27560, 35040],[27552, 35040],[27552, 35072],[27560, 35072],[27560, 35184],[27576, 35200],[27576, 35248],[27584, 35248],[27584, 35336],[27592, 35336],[27592, 35408],[27616, 35432],[27616, 35456],[27640, 35480],[27704, 35480],[27736, 35456],[27736, 35440],[27752, 35432],[27752, 35416],[27768, 35408],[27768, 35336],[27776, 35336],[27776, 35304],[27792, 35280],[27792, 35192],[27784, 35168],[27752, 35120],[27752, 35088],[27744, 35088],[27720, 35056],[27704, 35056],[27688, 35032],[27680, 35000],[27656, 34984],[27648, 34968],[27648, 34904],[27664, 34896],[27712, 34976],[27720, 35024],[27728, 35040],[27752, 35056],[27760, 35096],[27808, 35128],[27832, 35128],[27856, 35144],[27856, 35160],[27896, 35184],[27944, 35240],[27960, 35240],[27984, 35264],[28032, 35272],[28072, 35336],[28080, 35336],[28080, 35368],[28096, 35408],[28120, 35432],[28144, 35440],[28192, 35440],[28200, 35464],[28224, 35464],[28224, 35408],[28152, 35344],[28144, 35312],[28120, 35296],[28080, 35288],[28080, 35264],[28096, 35256],[28096, 35168],[28104, 35168],[28104, 35064],[28096, 35040],[28072, 35008],[28072, 34968],[28064, 34968],[28032, 34888],[28016, 34880],[28016, 34848],[28000, 34824],[27928, 34744],[27912, 34744],[27896, 34728],[27856, 34728],[27856, 34736],[27808, 34768],[27784, 34760],[27744, 34760],[27744, 34680],[27720, 34648],[27720, 34608],[27712, 34584],[27744, 34568],[27768, 34592],[27784, 34592],[27792, 34608],[27816, 34608],[27840, 34584],[27840, 34544],[27824, 34528],[27824, 34496],[27816, 34472],[27792, 34448],[27752, 34448],[27752, 34456],[27720, 34488],[27688, 34488],[27672, 34472],[27672, 34456],[27648, 34448],[27640, 34432],[27640, 34376],[27680, 34344],[27680, 34272],[27672, 34272],[27648, 34200],[27632, 34192],[27632, 34176],[27608, 34160],[27584, 34160],[27560, 34184],[27536, 34176],[27488, 34176],[27488, 34184],[27448, 34184],[27432, 34168],[27408, 34168],[27384, 34152],[27328, 34152],[27312, 34176],[27312, 34208],[27304, 34208],[27304, 34248],[27320, 34272],[27320, 34320],[27328, 34344],[27344, 34360],[27352, 34384],[27352, 34416],[27368, 34440],[27408, 34456],[27408, 34488],[27448, 34512],[27456, 34544],[27464, 34544],[27464, 34584],[27480, 34600],[27488, 34640],[27512, 34664],[27512, 34744],[27528, 34784],[27560, 34808],[27568, 34832],[27568, 34864],[27560, 34888],[27584, 34904],[27584, 34920],[27568, 34928],[27560, 34968],[27536, 34976],[27528, 34952],[27528, 34896],[27536, 34880],[27520, 34864],[27520, 34808],[27512, 34808],[27504, 34768],[27480, 34752],[27464, 34712],[27464, 34664],[27456, 34648],[27424, 34624],[27424, 34608],[27400, 34592],[27400, 34568],[27360, 34536],[27360, 34520],[27344, 34512],[27344, 34496],[27328, 34488],[27328, 34472],[27312, 34464],[27312, 34432],[27304, 34432],[27264, 34336],[27248, 34328],[27232, 34264],[27120, 34160],[27120, 34144],[27104, 34136],[27104, 34120],[27080, 34112],[27064, 34096],[27040, 34096],[27024, 34080],[27000, 34080],[26976, 34104],[26944, 34104],[26928, 34112],[26920, 34144],[26904, 34152],[26896, 34176],[26856, 34144],[26856, 34128],[26816, 34104],[26784, 34048],[26768, 34048],[26768, 34032],[26720, 34000],[26696, 34000],[26664, 33976],[26640, 33976],[26624, 33960],[26576, 33960],[26552, 33976],[26544, 34000],[26504, 34032]]]},"properties":{"objectType":"annotation","classification":{"name":"Tumor","color":[102, 77, 179]}}},{"type":"Feature","id":"e479c3da-8d56-430d-8cc8-ed385e233ec8","geometry":{"type":"Polygon","coordinates":[[[25720, 34656],[25720, 34680],[25728, 34680],[25728, 34688],[25736, 34688],[25736, 34696],[25744, 34696],[25744, 34704],[25760, 34704],[25760, 34712],[25776, 34712],[25776, 34720],[25792, 34720],[25792, 34728],[25808, 34728],[25808, 34736],[25824, 34736],[25824, 34744],[25856, 34744],[25856, 34736],[25864, 34736],[25864, 34712],[25856, 34712],[25856, 34696],[25848, 34696],[25848, 34688],[25840, 34688],[25840, 34680],[25832, 34680],[25832, 34672],[25824, 34672],[25824, 34664],[25808, 34664],[25808, 34656],[25800, 34656],[25800, 34648],[25776, 34648],[25776, 34640],[25744, 34640],[25744, 34648],[25728, 34648],[25728, 34656],[25720, 34656]]]},"properties":{"objectType":"annotation","classification":{"name":"Ignore*","color":[180, 180, 180]},"isLocked":true}},{"type":"Feature","id":"25668d19-5fb6-47fa-a841-5fd3eb94601b","geometry":{"type":"Polygon","coordinates":[[[26720, 34912],[26720, 34968],[26728, 34968],[26728, 34976],[26768, 34976],[26768, 34984],[26816, 34984],[26816, 34992],[26832, 34992],[26832, 35016],[26840, 35016],[26840, 35024],[26864, 35024],[26864, 35008],[26856, 35008],[26856, 35000],[26848, 35000],[26848, 34992],[26840, 34992],[26840, 34944],[26832, 34944],[26832, 34920],[26824, 34920],[26824, 34912],[26816, 34912],[26816, 34904],[26808, 34904],[26808, 34896],[26800, 34896],[26800, 34888],[26776, 34888],[26776, 34880],[26760, 34880],[26760, 34888],[26744, 34888],[26744, 34896],[26736, 34896],[26736, 34904],[26728, 34904],[26728, 34912],[26720, 34912]]]},"properties":{"objectType":"annotation","classification":{"name":"Ignore*","color":[180, 180, 180]},"isLocked":true}},{"type":"Feature","id":"79a0ea92-96d1-4b4c-81b9-9af1b206724c","geometry":{"type":"Polygon","coordinates":[[[26912, 35024],[26912, 35056],[26920, 35056],[26920, 35064],[26928, 35064],[26928, 35072],[26944, 35072],[26944, 35080],[26984, 35080],[26984, 35064],[26992, 35064],[26992, 35040],[26984, 35040],[26984, 35024],[26976, 35024],[26976, 35016],[26960, 35016],[26960, 35008],[26928, 35008],[26928, 35016],[26920, 35016],[26920, 35024],[26912, 35024]]]},"properties":{"objectType":"annotation","classification":{"name":"Ignore*","color":[180, 180, 180]},"isLocked":true}},{"type":"Feature","id":"ee0996db-d959-4a45-9055-459328c68ce3","geometry":{"type":"Polygon","coordinates":[[[24456, 35184],[24464, 35248],[24488, 35280],[24504, 35280],[24536, 35320],[24656, 35336],[24656, 35328],[24752, 35328],[24752, 35320],[24832, 35320],[24856, 35312],[24872, 35272],[24888, 35264],[24976, 35264],[25016, 35304],[25056, 35328],[25096, 35328],[25120, 35344],[25352, 35344],[25352, 35336],[25408, 35336],[25448, 35328],[25496, 35304],[25560, 35304],[25592, 35280],[25624, 35272],[25632, 35296],[25704, 35296],[25728, 35256],[25768, 35248],[25800, 35224],[25888, 35224],[25920, 35232],[25976, 35208],[26056, 35208],[26080, 35224],[26152, 35232],[26184, 35208],[26240, 35208],[26256, 35200],[26256, 35176],[26216, 35144],[26208, 35120],[26144, 35112],[26080, 35072],[26056, 35064],[26000, 35064],[25976, 35040],[25912, 35032],[25880, 35008],[25856, 35008],[25840, 34976],[25792, 34968],[25776, 34936],[25704, 34904],[25648, 34904],[25616, 34888],[25568, 34896],[25448, 34896],[25448, 34888],[25272, 34888],[25272, 34880],[25208, 34880],[25168, 34912],[25120, 34920],[25040, 34952],[24968, 34952],[24968, 34960],[24912, 35000],[24880, 35008],[24880, 35024],[24848, 35056],[24800, 35088],[24744, 35144],[24688, 35168],[24640, 35168],[24576, 35144],[24536, 35152],[24456, 35184]]]},"properties":{"objectType":"annotation","classification":{"name":"Tumor","color":[102, 77, 179]}}},{"type":"Feature","id":"2793df21-4fc1-4003-8bcc-fb5e0b97ad77","geometry":{"type":"Polygon","coordinates":[[[24088, 35184],[24096, 35248],[24120, 35304],[24176, 35352],[24232, 35352],[24288, 35408],[24352, 35392],[24392, 35360],[24392, 35280],[24320, 35208],[24320, 35184],[24280, 35160],[24104, 35168],[24088, 35184]]]},"properties":{"objectType":"annotation","classification":{"name":"Tumor","color":[102, 77, 179]}}},{"type":"Feature","id":"8f21f6ea-2455-4c46-b370-27f4f0bb9b7f","geometry":{"type":"Polygon","coordinates":[[[27280, 35336],[27280, 35408],[27288, 35408],[27288, 35424],[27296, 35424],[27296, 35432],[27304, 35432],[27304, 35440],[27344, 35440],[27344, 35432],[27352, 35432],[27352, 35424],[27360, 35424],[27360, 35408],[27368, 35408],[27368, 35400],[27376, 35400],[27376, 35384],[27384, 35384],[27384, 35376],[27400, 35376],[27400, 35368],[27408, 35368],[27408, 35352],[27416, 35352],[27416, 35336],[27408, 35336],[27408, 35328],[27400, 35328],[27400, 35320],[27392, 35320],[27392, 35312],[27384, 35312],[27384, 35304],[27376, 35304],[27376, 35296],[27360, 35296],[27360, 35288],[27352, 35288],[27352, 35280],[27344, 35280],[27344, 35256],[27336, 35256],[27336, 35248],[27312, 35248],[27312, 35264],[27320, 35264],[27320, 35304],[27312, 35304],[27312, 35312],[27304, 35312],[27304, 35320],[27296, 35320],[27296, 35328],[27288, 35328],[27288, 35336],[27280, 35336]]]},"properties":{"objectType":"annotation","classification":{"name":"Ignore*","color":[180, 180, 180]},"isLocked":true}},{"type":"Feature","id":"fe72e676-6b8f-4cc0-b106-f56d6ad04b3d","geometry":{"type":"Polygon","coordinates":[[[26568, 35072],[26568, 35120],[26584, 35160],[26616, 35184],[26640, 35232],[26640, 35264],[26664, 35312],[26664, 35408],[26680, 35432],[26688, 35472],[26720, 35504],[26720, 35520],[26744, 35536],[26760, 35584],[26768, 35584],[26768, 35656],[26800, 35696],[26856, 35696],[26912, 35672],[26928, 35728],[26952, 35744],[27000, 35744],[27008, 35728],[27024, 35728],[27056, 35688],[27056, 35624],[27048, 35600],[27024, 35576],[26992, 35576],[26992, 35584],[26960, 35600],[26960, 35616],[26944, 35616],[26952, 35600],[26952, 35552],[26960, 35552],[26960, 35456],[26952, 35456],[26952, 35400],[26944, 35400],[26936, 35336],[26880, 35288],[26832, 35200],[26792, 35184],[26760, 35136],[26728, 35128],[26696, 35080],[26664, 35064],[26576, 35064],[26568, 35072]]]},"properties":{"objectType":"annotation","classification":{"name":"Tumor","color":[102, 77, 179]}}},{"type":"Feature","id":"7b1f94e3-7964-482c-ab68-2a20c25580ee","geometry":{"type":"Polygon","coordinates":[[[25272, 35448],[25280, 35536],[25320, 35568],[25344, 35568],[25384, 35616],[25472, 35640],[25504, 35624],[25512, 35576],[25600, 35576],[25640, 35592],[25744, 35592],[25768, 35584],[25792, 35624],[25856, 35624],[25896, 35656],[26016, 35648],[26064, 35672],[26176, 35672],[26208, 35656],[26280, 35656],[26312, 35632],[26376, 35632],[26424, 35608],[26464, 35568],[26480, 35528],[26528, 35504],[26560, 35448],[26544, 35408],[26480, 35336],[26456, 35328],[26352, 35328],[26264, 35304],[26160, 35336],[26096, 35336],[26008, 35304],[25912, 35304],[25840, 35320],[25808, 35352],[25776, 35360],[25728, 35432],[25712, 35488],[25592, 35472],[25488, 35472],[25400, 35448],[25272, 35448]]]},"properties":{"objectType":"annotation","classification":{"name":"Tumor","color":[102, 77, 179]}}},{"type":"Feature","id":"2fd418fc-392e-4cc4-88e5-42d31af5050c","geometry":{"type":"Polygon","coordinates":[[[24408, 35536],[24408, 35560],[24424, 35560],[24424, 35568],[24496, 35568],[24496, 35560],[24528, 35560],[24528, 35552],[24568, 35552],[24568, 35544],[24624, 35544],[24624, 35536],[24648, 35536],[24648, 35528],[24688, 35528],[24688, 35520],[24776, 35520],[24776, 35512],[24800, 35512],[24800, 35504],[24808, 35504],[24808, 35488],[24800, 35488],[24800, 35480],[24776, 35480],[24776, 35472],[24704, 35472],[24704, 35464],[24680, 35464],[24680, 35472],[24600, 35472],[24600, 35464],[24584, 35464],[24584, 35472],[24536, 35472],[24536, 35480],[24488, 35480],[24488, 35488],[24464, 35488],[24464, 35496],[24448, 35496],[24448, 35504],[24432, 35504],[24432, 35512],[24424, 35512],[24424, 35520],[24416, 35520],[24416, 35536],[24408, 35536]]]},"properties":{"objectType":"annotation","classification":{"name":"Ignore*","color":[180, 180, 180]},"isLocked":true}},{"type":"Feature","id":"27d08995-0228-4e60-9ab2-0001efec71cb","geometry":{"type":"Polygon","coordinates":[[[24968, 35472],[24968, 35488],[24976, 35488],[24976, 35496],[24992, 35496],[24992, 35504],[25008, 35504],[25008, 35512],[25024, 35512],[25024, 35520],[25032, 35520],[25032, 35536],[25024, 35536],[25024, 35544],[25016, 35544],[25016, 35560],[25008, 35560],[25008, 35584],[25016, 35584],[25016, 35592],[25024, 35592],[25024, 35600],[25032, 35600],[25032, 35608],[25048, 35608],[25048, 35616],[25088, 35616],[25088, 35608],[25104, 35608],[25104, 35600],[25152, 35600],[25152, 35608],[25168, 35608],[25168, 35616],[25184, 35616],[25184, 35624],[25192, 35624],[25192, 35648],[25200, 35648],[25200, 35656],[25216, 35656],[25216, 35640],[25208, 35640],[25208, 35616],[25216, 35616],[25216, 35608],[25224, 35608],[25224, 35600],[25232, 35600],[25232, 35592],[25240, 35592],[25240, 35560],[25232, 35560],[25232, 35552],[25224, 35552],[25224, 35544],[25216, 35544],[25216, 35536],[25208, 35536],[25208, 35520],[25216, 35520],[25216, 35504],[25208, 35504],[25208, 35496],[25192, 35496],[25192, 35488],[25184, 35488],[25184, 35448],[25176, 35448],[25176, 35440],[25136, 35440],[25136, 35448],[25040, 35448],[25040, 35456],[24992, 35456],[24992, 35464],[24976, 35464],[24976, 35472],[24968, 35472]]]},"properties":{"objectType":"annotation","classification":{"name":"Ignore*","color":[180, 180, 180]},"isLocked":true}},{"type":"Feature","id":"97ea7ffa-fc1c-4afd-9ca8-973ae5ff2922","geometry":{"type":"Polygon","coordinates":[[[23824, 35536],[23824, 35576],[23832, 35576],[23832, 35680],[23840, 35680],[23840, 35688],[23872, 35688],[23872, 35680],[23888, 35680],[23888, 35672],[23904, 35672],[23904, 35664],[23920, 35664],[23920, 35656],[23928, 35656],[23928, 35640],[23936, 35640],[23936, 35568],[23928, 35568],[23928, 35560],[23904, 35560],[23904, 35552],[23864, 35552],[23864, 35544],[23856, 35544],[23856, 35536],[23848, 35536],[23848, 35528],[23832, 35528],[23832, 35536],[23824, 35536]]]},"properties":{"objectType":"annotation","classification":{"name":"Ignore*","color":[180, 180, 180]},"isLocked":true}},{"type":"Feature","id":"effc1f91-48e7-4ab1-a98a-324f14ab9316","geometry":{"type":"Polygon","coordinates":[[[21880, 35992],[21880, 36016],[21888, 36016],[21888, 36024],[21904, 36024],[21904, 36032],[21912, 36032],[21912, 36024],[21944, 36024],[21944, 36016],[21968, 36016],[21968, 36008],[21984, 36008],[21984, 36000],[22000, 36000],[22000, 35992],[22016, 35992],[22016, 35984],[22032, 35984],[22032, 35976],[22048, 35976],[22048, 35968],[22056, 35968],[22056, 35960],[22072, 35960],[22072, 35952],[22088, 35952],[22088, 35944],[22104, 35944],[22104, 35936],[22120, 35936],[22120, 35928],[22128, 35928],[22128, 35920],[22144, 35920],[22144, 35912],[22160, 35912],[22160, 35904],[22176, 35904],[22176, 35896],[22200, 35896],[22200, 35888],[22216, 35888],[22216, 35880],[22232, 35880],[22232, 35872],[22240, 35872],[22240, 35864],[22248, 35864],[22248, 35856],[22256, 35856],[22256, 35848],[22264, 35848],[22264, 35832],[22280, 35832],[22280, 35824],[22288, 35824],[22288, 35816],[22304, 35816],[22304, 35808],[22328, 35808],[22328, 35800],[22352, 35800],[22352, 35792],[22360, 35792],[22360, 35784],[22376, 35784],[22376, 35776],[22384, 35776],[22384, 35768],[22392, 35768],[22392, 35760],[22400, 35760],[22400, 35744],[22408, 35744],[22408, 35736],[22416, 35736],[22416, 35728],[22424, 35728],[22424, 35720],[22440, 35720],[22440, 35712],[22448, 35712],[22448, 35720],[22544, 35720],[22544, 35712],[22568, 35712],[22568, 35704],[22584, 35704],[22584, 35696],[22600, 35696],[22600, 35688],[22616, 35688],[22616, 35680],[22632, 35680],[22632, 35672],[22680, 35672],[22680, 35680],[22704, 35680],[22704, 35688],[22720, 35688],[22720, 35680],[22752, 35680],[22752, 35672],[22800, 35672],[22800, 35664],[22832, 35664],[22832, 35656],[22848, 35656],[22848, 35648],[22864, 35648],[22864, 35640],[22928, 35640],[22928, 35648],[22992, 35648],[22992, 35640],[23040, 35640],[23040, 35648],[23096, 35648],[23096, 35656],[23120, 35656],[23120, 35664],[23144, 35664],[23144, 35672],[23160, 35672],[23160, 35664],[23184, 35664],[23184, 35656],[23192, 35656],[23192, 35648],[23200, 35648],[23200, 35632],[23208, 35632],[23208, 35624],[23216, 35624],[23216, 35608],[23224, 35608],[23224, 35592],[23232, 35592],[23232, 35568],[23240, 35568],[23240, 35552],[23248, 35552],[23248, 35536],[23256, 35536],[23256, 35464],[23264, 35464],[23264, 35448],[23272, 35448],[23272, 35440],[23280, 35440],[23280, 35400],[23272, 35400],[23272, 35392],[23248, 35392],[23248, 35384],[23208, 35384],[23208, 35392],[23200, 35392],[23200, 35416],[23184, 35416],[23184, 35424],[23176, 35424],[23176, 35416],[23144, 35416],[23144, 35424],[23136, 35424],[23136, 35432],[23128, 35432],[23128, 35440],[23120, 35440],[23120, 35448],[23112, 35448],[23112, 35464],[23104, 35464],[23104, 35496],[23096, 35496],[23096, 35512],[23088, 35512],[23088, 35520],[23056, 35520],[23056, 35528],[23032, 35528],[23032, 35536],[23008, 35536],[23008, 35528],[22952, 35528],[22952, 35520],[22928, 35520],[22928, 35512],[22904, 35512],[22904, 35504],[22888, 35504],[22888, 35496],[22880, 35496],[22880, 35488],[22840, 35488],[22840, 35496],[22816, 35496],[22816, 35504],[22800, 35504],[22800, 35512],[22768, 35512],[22768, 35520],[22736, 35520],[22736, 35528],[22712, 35528],[22712, 35536],[22680, 35536],[22680, 35544],[22656, 35544],[22656, 35552],[22640, 35552],[22640, 35568],[22632, 35568],[22632, 35576],[22624, 35576],[22624, 35584],[22616, 35584],[22616, 35592],[22600, 35592],[22600, 35600],[22584, 35600],[22584, 35608],[22552, 35608],[22552, 35616],[22512, 35616],[22512, 35624],[22488, 35624],[22488, 35632],[22456, 35632],[22456, 35640],[22440, 35640],[22440, 35648],[22432, 35648],[22432, 35656],[22424, 35656],[22424, 35664],[22416, 35664],[22416, 35672],[22408, 35672],[22408, 35680],[22392, 35680],[22392, 35688],[22376, 35688],[22376, 35696],[22352, 35696],[22352, 35704],[22336, 35704],[22336, 35712],[22320, 35712],[22320, 35720],[22304, 35720],[22304, 35728],[22288, 35728],[22288, 35736],[22280, 35736],[22280, 35744],[22264, 35744],[22264, 35752],[22240, 35752],[22240, 35760],[22224, 35760],[22224, 35768],[22216, 35768],[22216, 35784],[22208, 35784],[22208, 35792],[22192, 35792],[22192, 35800],[22184, 35800],[22184, 35808],[22168, 35808],[22168, 35816],[22152, 35816],[22152, 35824],[22136, 35824],[22136, 35832],[22120, 35832],[22120, 35840],[22104, 35840],[22104, 35848],[22080, 35848],[22080, 35856],[22064, 35856],[22064, 35864],[22056, 35864],[22056, 35872],[22016, 35872],[22016, 35880],[21992, 35880],[21992, 35888],[21976, 35888],[21976, 35896],[21968, 35896],[21968, 35904],[21960, 35904],[21960, 35912],[21952, 35912],[21952, 35920],[21944, 35920],[21944, 35928],[21936, 35928],[21936, 35936],[21928, 35936],[21928, 35944],[21912, 35944],[21912, 35952],[21904, 35952],[21904, 35960],[21896, 35960],[21896, 35976],[21888, 35976],[21888, 35992],[21880, 35992]]]},"properties":{"objectType":"annotation","classification":{"name":"Ignore*","color":[180, 180, 180]},"isLocked":true}},{"type":"Feature","id":"f613b856-05af-4954-82e2-a013dbbf060c","geometry":{"type":"Polygon","coordinates":[[[27192, 35608],[27192, 35640],[27200, 35640],[27200, 35656],[27208, 35656],[27208, 35664],[27216, 35664],[27216, 35672],[27232, 35672],[27232, 35680],[27240, 35680],[27240, 35688],[27264, 35688],[27264, 35696],[27296, 35696],[27296, 35688],[27304, 35688],[27304, 35680],[27312, 35680],[27312, 35688],[27320, 35688],[27320, 35720],[27328, 35720],[27328, 35728],[27336, 35728],[27336, 35736],[27344, 35736],[27344, 35744],[27360, 35744],[27360, 35752],[27368, 35752],[27368, 35816],[27376, 35816],[27376, 35824],[27392, 35824],[27392, 35808],[27400, 35808],[27400, 35784],[27408, 35784],[27408, 35776],[27416, 35776],[27416, 35768],[27424, 35768],[27424, 35760],[27432, 35760],[27432, 35752],[27440, 35752],[27440, 35744],[27448, 35744],[27448, 35736],[27456, 35736],[27456, 35720],[27464, 35720],[27464, 35688],[27456, 35688],[27456, 35680],[27448, 35680],[27448, 35672],[27440, 35672],[27440, 35664],[27432, 35664],[27432, 35656],[27416, 35656],[27416, 35648],[27408, 35648],[27408, 35640],[27392, 35640],[27392, 35632],[27376, 35632],[27376, 35624],[27336, 35624],[27336, 35616],[27320, 35616],[27320, 35608],[27304, 35608],[27304, 35600],[27296, 35600],[27296, 35592],[27288, 35592],[27288, 35584],[27280, 35584],[27280, 35576],[27272, 35576],[27272, 35568],[27240, 35568],[27240, 35576],[27232, 35576],[27232, 35584],[27224, 35584],[27224, 35592],[27208, 35592],[27208, 35600],[27200, 35600],[27200, 35608],[27192, 35608]]]},"properties":{"objectType":"annotation","classification":{"name":"Ignore*","color":[180, 180, 180]},"isLocked":true}},{"type":"Feature","id":"60507344-f581-440b-b2bb-31eaa5c1ac3d","geometry":{"type":"Polygon","coordinates":[[[26544, 35672],[26544, 35696],[26560, 35696],[26560, 35704],[26576, 35704],[26576, 35696],[26608, 35696],[26608, 35704],[26616, 35704],[26616, 35736],[26624, 35736],[26624, 35752],[26632, 35752],[26632, 35760],[26640, 35760],[26640, 35776],[26656, 35776],[26656, 35784],[26672, 35784],[26672, 35792],[26696, 35792],[26696, 35800],[26720, 35800],[26720, 35808],[26744, 35808],[26744, 35800],[26808, 35800],[26808, 35792],[26816, 35792],[26816, 35776],[26808, 35776],[26808, 35768],[26800, 35768],[26800, 35760],[26792, 35760],[26792, 35752],[26768, 35752],[26768, 35744],[26744, 35744],[26744, 35736],[26728, 35736],[26728, 35728],[26712, 35728],[26712, 35720],[26696, 35720],[26696, 35712],[26664, 35712],[26664, 35704],[26648, 35704],[26648, 35696],[26624, 35696],[26624, 35688],[26616, 35688],[26616, 35664],[26608, 35664],[26608, 35656],[26600, 35656],[26600, 35648],[26568, 35648],[26568, 35656],[26560, 35656],[26560, 35664],[26552, 35664],[26552, 35672],[26544, 35672]]]},"properties":{"objectType":"annotation","classification":{"name":"Ignore*","color":[180, 180, 180]},"isLocked":true}},{"type":"Feature","id":"adf07518-8b08-4e4e-a429-8785e0775975","geometry":{"type":"Polygon","coordinates":[[[26280, 35768],[26280, 35800],[26288, 35800],[26288, 35824],[26296, 35824],[26296, 35832],[26304, 35832],[26304, 35840],[26320, 35840],[26320, 35848],[26344, 35848],[26344, 35840],[26360, 35840],[26360, 35832],[26376, 35832],[26376, 35824],[26392, 35824],[26392, 35816],[26408, 35816],[26408, 35808],[26424, 35808],[26424, 35800],[26432, 35800],[26432, 35792],[26440, 35792],[26440, 35784],[26448, 35784],[26448, 35776],[26456, 35776],[26456, 35768],[26464, 35768],[26464, 35736],[26456, 35736],[26456, 35728],[26432, 35728],[26432, 35720],[26416, 35720],[26416, 35728],[26384, 35728],[26384, 35736],[26368, 35736],[26368, 35744],[26336, 35744],[26336, 35752],[26296, 35752],[26296, 35760],[26288, 35760],[26288, 35768],[26280, 35768]]]},"properties":{"objectType":"annotation","classification":{"name":"Ignore*","color":[180, 180, 180]},"isLocked":true}},{"type":"Feature","id":"0b4d2d75-3026-4ea9-a938-c59d77877fbc","geometry":{"type":"Polygon","coordinates":[[[25480, 35816],[25480, 35824],[25488, 35824],[25488, 35848],[25496, 35848],[25496, 35864],[25504, 35864],[25504, 35872],[25512, 35872],[25512, 35880],[25520, 35880],[25520, 35888],[25528, 35888],[25528, 35896],[25536, 35896],[25536, 35904],[25544, 35904],[25544, 35912],[25552, 35912],[25552, 35920],[25560, 35920],[25560, 35936],[25568, 35936],[25568, 35952],[25576, 35952],[25576, 35968],[25608, 35968],[25608, 35960],[25616, 35960],[25616, 35944],[25624, 35944],[25624, 35928],[25616, 35928],[25616, 35912],[25608, 35912],[25608, 35904],[25600, 35904],[25600, 35888],[25592, 35888],[25592, 35824],[25584, 35824],[25584, 35816],[25576, 35816],[25576, 35808],[25560, 35808],[25560, 35800],[25552, 35800],[25552, 35792],[25536, 35792],[25536, 35784],[25512, 35784],[25512, 35792],[25496, 35792],[25496, 35800],[25488, 35800],[25488, 35816],[25480, 35816]]]},"properties":{"objectType":"annotation","classification":{"name":"Ignore*","color":[180, 180, 180]},"isLocked":true}},{"type":"Feature","id":"6c673d06-7cbf-467b-9f1d-af6a39aee525","geometry":{"type":"Polygon","coordinates":[[[27664, 35808],[27664, 35832],[27672, 35832],[27672, 35840],[27680, 35840],[27680, 35848],[27688, 35848],[27688, 35856],[27696, 35856],[27696, 35888],[27704, 35888],[27704, 35896],[27696, 35896],[27696, 35912],[27704, 35912],[27704, 35920],[27712, 35920],[27712, 35928],[27728, 35928],[27728, 35936],[27736, 35936],[27736, 35944],[27752, 35944],[27752, 35952],[27760, 35952],[27760, 35960],[27768, 35960],[27768, 35968],[27808, 35968],[27808, 35976],[27816, 35976],[27816, 35984],[27824, 35984],[27824, 36008],[27832, 36008],[27832, 36016],[27848, 36016],[27848, 36008],[27864, 36008],[27864, 35992],[27872, 35992],[27872, 35928],[27880, 35928],[27880, 35912],[27888, 35912],[27888, 35880],[27896, 35880],[27896, 35864],[27904, 35864],[27904, 35848],[27912, 35848],[27912, 35808],[27888, 35808],[27888, 35816],[27880, 35816],[27880, 35832],[27872, 35832],[27872, 35848],[27864, 35848],[27864, 35856],[27856, 35856],[27856, 35864],[27832, 35864],[27832, 35856],[27824, 35856],[27824, 35848],[27808, 35848],[27808, 35840],[27792, 35840],[27792, 35848],[27712, 35848],[27712, 35840],[27704, 35840],[27704, 35832],[27696, 35832],[27696, 35816],[27688, 35816],[27688, 35808],[27664, 35808]]]},"properties":{"objectType":"annotation","classification":{"name":"Ignore*","color":[180, 180, 180]},"isLocked":true}},{"type":"Feature","id":"cca20ca2-2a7e-4892-ac5c-2253e321afa6","geometry":{"type":"Polygon","coordinates":[[[26600, 35912],[26600, 35936],[26608, 35936],[26608, 35952],[26624, 35952],[26624, 35960],[26672, 35960],[26672, 35952],[26680, 35952],[26680, 35920],[26672, 35920],[26672, 35904],[26664, 35904],[26664, 35896],[26616, 35896],[26616, 35904],[26608, 35904],[26608, 35912],[26600, 35912]]]},"properties":{"objectType":"annotation","classification":{"name":"Ignore*","color":[180, 180, 180]},"isLocked":true}},{"type":"Feature","id":"4f458914-7470-4927-87bd-6ea4b80b531e","geometry":{"type":"Polygon","coordinates":[[[27536, 35792],[27536, 35848],[27544, 35848],[27544, 35872],[27552, 35872],[27552, 35888],[27560, 35888],[27560, 35904],[27568, 35904],[27568, 35912],[27576, 35912],[27576, 35920],[27584, 35920],[27584, 35936],[27576, 35936],[27576, 35944],[27568, 35944],[27568, 35952],[27560, 35952],[27560, 35960],[27552, 35960],[27552, 35968],[27544, 35968],[27544, 36032],[27536, 36032],[27536, 36080],[27544, 36080],[27544, 36096],[27552, 36096],[27552, 36104],[27560, 36104],[27560, 36112],[27576, 36112],[27576, 36120],[27584, 36120],[27584, 36112],[27600, 36112],[27600, 36104],[27608, 36104],[27608, 36088],[27616, 36088],[27616, 36080],[27632, 36080],[27632, 36072],[27648, 36072],[27648, 36080],[27656, 36080],[27656, 36096],[27664, 36096],[27664, 36112],[27672, 36112],[27672, 36128],[27688, 36128],[27688, 36136],[27720, 36136],[27720, 36144],[27736, 36144],[27736, 36152],[27752, 36152],[27752, 36160],[27824, 36160],[27824, 36152],[27832, 36152],[27832, 36144],[27840, 36144],[27840, 36128],[27848, 36128],[27848, 36120],[27856, 36120],[27856, 36112],[27864, 36112],[27864, 36104],[27872, 36104],[27872, 36088],[27864, 36088],[27864, 36080],[27840, 36080],[27840, 36072],[27824, 36072],[27824, 36064],[27816, 36064],[27816, 36056],[27808, 36056],[27808, 36048],[27800, 36048],[27800, 36040],[27792, 36040],[27792, 36032],[27744, 36032],[27744, 36024],[27728, 36024],[27728, 36016],[27712, 36016],[27712, 36008],[27696, 36008],[27696, 36000],[27688, 36000],[27688, 35992],[27680, 35992],[27680, 35984],[27664, 35984],[27664, 35976],[27656, 35976],[27656, 35968],[27640, 35968],[27640, 35960],[27632, 35960],[27632, 35952],[27616, 35952],[27616, 35944],[27608, 35944],[27608, 35936],[27592, 35936],[27592, 35920],[27600, 35920],[27600, 35904],[27608, 35904],[27608, 35832],[27616, 35832],[27616, 35824],[27624, 35824],[27624, 35808],[27632, 35808],[27632, 35800],[27640, 35800],[27640, 35776],[27632, 35776],[27632, 35760],[27624, 35760],[27624, 35752],[27576, 35752],[27576, 35760],[27568, 35760],[27568, 35768],[27560, 35768],[27560, 35776],[27552, 35776],[27552, 35784],[27544, 35784],[27544, 35792],[27536, 35792]]]},"properties":{"objectType":"annotation","classification":{"name":"Ignore*","color":[180, 180, 180]},"isLocked":true}},{"type":"Feature","id":"d41d6920-e353-447c-b893-eec329aa2896","geometry":{"type":"Polygon","coordinates":[[[26336, 36024],[26336, 36072],[26344, 36072],[26344, 36080],[26352, 36080],[26352, 36088],[26360, 36088],[26360, 36096],[26368, 36096],[26368, 36104],[26376, 36104],[26376, 36112],[26384, 36112],[26384, 36120],[26392, 36120],[26392, 36128],[26400, 36128],[26400, 36136],[26408, 36136],[26408, 36144],[26416, 36144],[26416, 36152],[26424, 36152],[26424, 36160],[26448, 36160],[26448, 36168],[26456, 36168],[26456, 36160],[26472, 36160],[26472, 36152],[26480, 36152],[26480, 36136],[26488, 36136],[26488, 36120],[26496, 36120],[26496, 36104],[26504, 36104],[26504, 36096],[26512, 36096],[26512, 36080],[26520, 36080],[26520, 36064],[26528, 36064],[26528, 36048],[26576, 36048],[26576, 36056],[26584, 36056],[26584, 36072],[26592, 36072],[26592, 36080],[26632, 36080],[26632, 36072],[26640, 36072],[26640, 36040],[26624, 36040],[26624, 36032],[26616, 36032],[26616, 36024],[26608, 36024],[26608, 36016],[26600, 36016],[26600, 36008],[26584, 36008],[26584, 36000],[26576, 36000],[26576, 35992],[26560, 35992],[26560, 35984],[26544, 35984],[26544, 35976],[26432, 35976],[26432, 35968],[26384, 35968],[26384, 35976],[26376, 35976],[26376, 35984],[26368, 35984],[26368, 35992],[26360, 35992],[26360, 36000],[26352, 36000],[26352, 36008],[26344, 36008],[26344, 36024],[26336, 36024]]]},"properties":{"objectType":"annotation","classification":{"name":"Ignore*","color":[180, 180, 180]},"isLocked":true}},{"type":"Feature","id":"5112cd1b-1c18-42fd-9e56-ff9a117dc6c5","geometry":{"type":"Polygon","coordinates":[[[27288, 36064],[27288, 36096],[27296, 36096],[27296, 36128],[27288, 36128],[27288, 36176],[27296, 36176],[27296, 36184],[27304, 36184],[27304, 36192],[27312, 36192],[27312, 36200],[27320, 36200],[27320, 36208],[27336, 36208],[27336, 36216],[27352, 36216],[27352, 36224],[27368, 36224],[27368, 36232],[27376, 36232],[27376, 36240],[27416, 36240],[27416, 36232],[27424, 36232],[27424, 36208],[27432, 36208],[27432, 36176],[27440, 36176],[27440, 36160],[27472, 36160],[27472, 36128],[27464, 36128],[27464, 36120],[27456, 36120],[27456, 36112],[27448, 36112],[27448, 36104],[27440, 36104],[27440, 36096],[27416, 36096],[27416, 36104],[27400, 36104],[27400, 36096],[27384, 36096],[27384, 36088],[27376, 36088],[27376, 36080],[27368, 36080],[27368, 36064],[27360, 36064],[27360, 36056],[27352, 36056],[27352, 36048],[27344, 36048],[27344, 36040],[27328, 36040],[27328, 36032],[27312, 36032],[27312, 36040],[27304, 36040],[27304, 36048],[27296, 36048],[27296, 36064],[27288, 36064]]]},"properties":{"objectType":"annotation","classification":{"name":"Ignore*","color":[180, 180, 180]},"isLocked":true}},{"type":"Feature","id":"e79921f7-d03f-4c23-9152-54c9d017c4b6","geometry":{"type":"Polygon","coordinates":[[[25152, 36232],[25152, 36248],[25160, 36248],[25160, 36264],[25176, 36264],[25176, 36272],[25216, 36272],[25216, 36280],[25224, 36280],[25224, 36296],[25240, 36296],[25240, 36304],[25296, 36304],[25296, 36296],[25312, 36296],[25312, 36272],[25304, 36272],[25304, 36264],[25288, 36264],[25288, 36256],[25256, 36256],[25256, 36248],[25216, 36248],[25216, 36240],[25208, 36240],[25208, 36232],[25192, 36232],[25192, 36224],[25160, 36224],[25160, 36232],[25152, 36232]]]},"properties":{"objectType":"annotation","classification":{"name":"Ignore*","color":[180, 180, 180]},"isLocked":true}},{"type":"Feature","id":"5c5cc81c-2970-40cd-8775-df4bf8d69af3","geometry":{"type":"Polygon","coordinates":[[[21728, 36680],[21728, 36760],[21752, 36792],[21760, 36864],[21744, 36880],[21752, 36928],[21792, 36944],[21848, 36864],[21888, 36864],[21920, 36832],[22000, 36832],[22056, 36808],[22120, 36744],[22120, 36728],[22176, 36696],[22224, 36648],[22248, 36592],[22248, 36520],[22240, 36496],[22264, 36488],[22280, 36504],[22280, 36528],[22304, 36544],[22304, 36560],[22376, 36624],[22408, 36632],[22416, 36648],[22464, 36664],[22472, 36680],[22552, 36704],[22600, 36728],[22704, 36728],[22728, 36720],[22744, 36736],[22832, 36736],[22832, 36728],[22904, 36728],[22920, 36712],[22976, 36704],[23032, 36648],[23048, 36600],[23048, 36544],[23072, 36504],[23072, 36488],[23104, 36464],[23128, 36408],[23112, 36352],[23096, 36344],[23088, 36304],[23064, 36280],[23064, 36264],[22984, 36176],[22936, 36160],[22912, 36128],[22856, 36112],[22808, 36112],[22776, 36104],[22736, 36072],[22688, 36072],[22664, 36056],[22544, 36056],[22520, 36072],[22448, 36072],[22448, 36080],[22352, 36080],[22320, 36096],[22280, 36104],[22200, 36104],[22200, 36096],[22144, 36096],[22144, 36104],[22072, 36104],[22064, 36120],[22016, 36152],[21992, 36176],[21944, 36208],[21944, 36224],[21920, 36240],[21904, 36280],[21864, 36312],[21856, 36328],[21856, 36376],[21824, 36424],[21800, 36440],[21800, 36456],[21776, 36488],[21776, 36512],[21760, 36520],[21752, 36560],[21736, 36584],[21736, 36680],[21728, 36680]]]},"properties":{"objectType":"annotation","classification":{"name":"Tumor","color":[102, 77, 179]}}},{"type":"Feature","id":"cfc201ed-34cf-4ad1-a35c-ae20842ea1af","geometry":{"type":"Polygon","coordinates":[[[25472, 36448],[25472, 36480],[25480, 36480],[25480, 36496],[25528, 36496],[25528, 36504],[25536, 36504],[25536, 36512],[25544, 36512],[25544, 36520],[25552, 36520],[25552, 36536],[25544, 36536],[25544, 36544],[25536, 36544],[25536, 36552],[25528, 36552],[25528, 36568],[25544, 36568],[25544, 36560],[25552, 36560],[25552, 36552],[25576, 36552],[25576, 36544],[25584, 36544],[25584, 36528],[25592, 36528],[25592, 36520],[25600, 36520],[25600, 36512],[25624, 36512],[25624, 36520],[25632, 36520],[25632, 36528],[25672, 36528],[25672, 36512],[25664, 36512],[25664, 36504],[25656, 36504],[25656, 36496],[25648, 36496],[25648, 36488],[25624, 36488],[25624, 36480],[25616, 36480],[25616, 36464],[25608, 36464],[25608, 36440],[25600, 36440],[25600, 36432],[25592, 36432],[25592, 36424],[25576, 36424],[25576, 36432],[25488, 36432],[25488, 36440],[25480, 36440],[25480, 36448],[25472, 36448]]]},"properties":{"objectType":"annotation","classification":{"name":"Ignore*","color":[180, 180, 180]},"isLocked":true}},{"type":"Feature","id":"684b2d01-d5e7-4416-a673-1ac1a7b3b5a5","geometry":{"type":"Polygon","coordinates":[[[29696, 36568],[29696, 36600],[29704, 36600],[29704, 36616],[29712, 36616],[29712, 36624],[29744, 36624],[29744, 36632],[29752, 36632],[29752, 36640],[29760, 36640],[29760, 36648],[29768, 36648],[29768, 36656],[29808, 36656],[29808, 36648],[29816, 36648],[29816, 36640],[29824, 36640],[29824, 36616],[29832, 36616],[29832, 36552],[29824, 36552],[29824, 36544],[29816, 36544],[29816, 36528],[29808, 36528],[29808, 36512],[29816, 36512],[29816, 36488],[29824, 36488],[29824, 36400],[29816, 36400],[29816, 36392],[29792, 36392],[29792, 36400],[29784, 36400],[29784, 36408],[29776, 36408],[29776, 36416],[29768, 36416],[29768, 36424],[29760, 36424],[29760, 36440],[29752, 36440],[29752, 36448],[29744, 36448],[29744, 36456],[29736, 36456],[29736, 36472],[29728, 36472],[29728, 36504],[29720, 36504],[29720, 36528],[29712, 36528],[29712, 36552],[29704, 36552],[29704, 36568],[29696, 36568]]]},"properties":{"objectType":"annotation","classification":{"name":"Ignore*","color":[180, 180, 180]},"isLocked":true}},{"type":"Feature","id":"f5df5c3f-5cf5-4bb6-bc6f-ee4e0f6be157","geometry":{"type":"Polygon","coordinates":[[[27712, 36576],[27712, 36624],[27720, 36624],[27720, 36640],[27744, 36640],[27744, 36648],[27784, 36648],[27784, 36656],[27864, 36656],[27864, 36648],[27872, 36648],[27872, 36600],[27864, 36600],[27864, 36576],[27856, 36576],[27856, 36512],[27848, 36512],[27848, 36496],[27840, 36496],[27840, 36488],[27832, 36488],[27832, 36480],[27824, 36480],[27824, 36472],[27816, 36472],[27816, 36464],[27808, 36464],[27808, 36456],[27776, 36456],[27776, 36472],[27768, 36472],[27768, 36480],[27760, 36480],[27760, 36496],[27752, 36496],[27752, 36504],[27744, 36504],[27744, 36512],[27736, 36512],[27736, 36520],[27728, 36520],[27728, 36560],[27720, 36560],[27720, 36576],[27712, 36576]]]},"properties":{"objectType":"annotation","classification":{"name":"Ignore*","color":[180, 180, 180]},"isLocked":true}},{"type":"Feature","id":"6b94b963-5374-47b7-9236-7ab94bfc6974","geometry":{"type":"Polygon","coordinates":[[[26192, 36544],[26192, 36584],[26200, 36584],[26200, 36592],[26208, 36592],[26208, 36600],[26216, 36600],[26216, 36608],[26232, 36608],[26232, 36616],[26240, 36616],[26240, 36632],[26248, 36632],[26248, 36656],[26240, 36656],[26240, 36664],[26232, 36664],[26232, 36672],[26216, 36672],[26216, 36680],[26200, 36680],[26200, 36688],[26192, 36688],[26192, 36712],[26208, 36712],[26208, 36720],[26224, 36720],[26224, 36712],[26248, 36712],[26248, 36704],[26264, 36704],[26264, 36696],[26272, 36696],[26272, 36688],[26280, 36688],[26280, 36680],[26328, 36680],[26328, 36688],[26376, 36688],[26376, 36704],[26368, 36704],[26368, 36728],[26376, 36728],[26376, 36752],[26384, 36752],[26384, 36760],[26392, 36760],[26392, 36768],[26440, 36768],[26440, 36760],[26464, 36760],[26464, 36752],[26472, 36752],[26472, 36736],[26480, 36736],[26480, 36712],[26448, 36712],[26448, 36720],[26432, 36720],[26432, 36712],[26416, 36712],[26416, 36704],[26408, 36704],[26408, 36696],[26400, 36696],[26400, 36688],[26392, 36688],[26392, 36680],[26408, 36680],[26408, 36672],[26416, 36672],[26416, 36664],[26424, 36664],[26424, 36640],[26432, 36640],[26432, 36632],[26440, 36632],[26440, 36624],[26456, 36624],[26456, 36616],[26464, 36616],[26464, 36608],[26472, 36608],[26472, 36592],[26464, 36592],[26464, 36584],[26448, 36584],[26448, 36592],[26416, 36592],[26416, 36584],[26408, 36584],[26408, 36576],[26400, 36576],[26400, 36560],[26384, 36560],[26384, 36552],[26376, 36552],[26376, 36544],[26368, 36544],[26368, 36536],[26360, 36536],[26360, 36520],[26344, 36520],[26344, 36512],[26328, 36512],[26328, 36520],[26320, 36520],[26320, 36536],[26328, 36536],[26328, 36544],[26336, 36544],[26336, 36552],[26344, 36552],[26344, 36568],[26336, 36568],[26336, 36576],[26328, 36576],[26328, 36584],[26312, 36584],[26312, 36592],[26296, 36592],[26296, 36600],[26288, 36600],[26288, 36592],[26272, 36592],[26272, 36584],[26264, 36584],[26264, 36576],[26256, 36576],[26256, 36520],[26248, 36520],[26248, 36512],[26200, 36512],[26200, 36544],[26192, 36544]]]},"properties":{"objectType":"annotation","classification":{"name":"Ignore*","color":[180, 180, 180]},"isLocked":true}},{"type":"Feature","id":"19648258-4dba-4afe-946f-52a355a1747f","geometry":{"type":"Polygon","coordinates":[[[26808, 36632],[26808, 36664],[26816, 36664],[26816, 36680],[26824, 36680],[26824, 36688],[26832, 36688],[26832, 36696],[26864, 36696],[26864, 36688],[26888, 36688],[26888, 36680],[26896, 36680],[26896, 36672],[26936, 36672],[26936, 36632],[26928, 36632],[26928, 36624],[26920, 36624],[26920, 36616],[26904, 36616],[26904, 36624],[26880, 36624],[26880, 36616],[26832, 36616],[26832, 36624],[26816, 36624],[26816, 36632],[26808, 36632]]]},"properties":{"objectType":"annotation","classification":{"name":"Ignore*","color":[180, 180, 180]},"isLocked":true}},{"type":"Feature","id":"692534e6-3a11-485e-a1ff-e51bd06b4422","geometry":{"type":"Polygon","coordinates":[[[26016, 36672],[26016, 36712],[26024, 36712],[26024, 36728],[26032, 36728],[26032, 36736],[26040, 36736],[26040, 36744],[26048, 36744],[26048, 36752],[26088, 36752],[26088, 36760],[26104, 36760],[26104, 36752],[26112, 36752],[26112, 36728],[26104, 36728],[26104, 36712],[26096, 36712],[26096, 36696],[26088, 36696],[26088, 36680],[26080, 36680],[26080, 36664],[26072, 36664],[26072, 36656],[26056, 36656],[26056, 36648],[26040, 36648],[26040, 36656],[26032, 36656],[26032, 36664],[26024, 36664],[26024, 36672],[26016, 36672]]]},"properties":{"objectType":"annotation","classification":{"name":"Ignore*","color":[180, 180, 180]},"isLocked":true}},{"type":"Feature","id":"299ab0b3-5872-41ac-9804-61684eb5ae57","geometry":{"type":"Polygon","coordinates":[[[26848, 36800],[26848, 36824],[26856, 36824],[26856, 36840],[26864, 36840],[26864, 36848],[26872, 36848],[26872, 36856],[26880, 36856],[26880, 36864],[26896, 36864],[26896, 36856],[26912, 36856],[26912, 36840],[26920, 36840],[26920, 36832],[26928, 36832],[26928, 36816],[26936, 36816],[26936, 36792],[26928, 36792],[26928, 36728],[26920, 36728],[26920, 36720],[26912, 36720],[26912, 36712],[26888, 36712],[26888, 36720],[26880, 36720],[26880, 36728],[26872, 36728],[26872, 36776],[26864, 36776],[26864, 36784],[26856, 36784],[26856, 36800],[26848, 36800]]]},"properties":{"objectType":"annotation","classification":{"name":"Ignore*","color":[180, 180, 180]},"isLocked":true}},{"type":"Feature","id":"f5d0f8b9-a06b-4c1d-8299-b05b80676f0f","geometry":{"type":"Polygon","coordinates":[[[29552, 36792],[29552, 36832],[29560, 36832],[29560, 36848],[29576, 36848],[29576, 36856],[29584, 36856],[29584, 36864],[29592, 36864],[29592, 36880],[29600, 36880],[29600, 36912],[29608, 36912],[29608, 36928],[29616, 36928],[29616, 36936],[29632, 36936],[29632, 36944],[29640, 36944],[29640, 36952],[29648, 36952],[29648, 36960],[29656, 36960],[29656, 36968],[29696, 36968],[29696, 36960],[29704, 36960],[29704, 36952],[29712, 36952],[29712, 36928],[29720, 36928],[29720, 36880],[29712, 36880],[29712, 36872],[29688, 36872],[29688, 36864],[29672, 36864],[29672, 36856],[29656, 36856],[29656, 36848],[29640, 36848],[29640, 36840],[29632, 36840],[29632, 36816],[29624, 36816],[29624, 36800],[29608, 36800],[29608, 36792],[29600, 36792],[29600, 36784],[29560, 36784],[29560, 36792],[29552, 36792]]]},"properties":{"objectType":"annotation","classification":{"name":"Ignore*","color":[180, 180, 180]},"isLocked":true}},{"type":"Feature","id":"3ed2def0-80c4-4e9e-8238-4f11281dc742","geometry":{"type":"Polygon","coordinates":[[[26440, 36872],[26440, 36920],[26448, 36920],[26448, 36928],[26464, 36928],[26464, 36936],[26472, 36936],[26472, 36928],[26496, 36928],[26496, 36936],[26504, 36936],[26504, 36944],[26520, 36944],[26520, 36952],[26568, 36952],[26568, 36944],[26576, 36944],[26576, 36904],[26568, 36904],[26568, 36880],[26560, 36880],[26560, 36872],[26520, 36872],[26520, 36880],[26512, 36880],[26512, 36888],[26496, 36888],[26496, 36856],[26456, 36856],[26456, 36864],[26448, 36864],[26448, 36872],[26440, 36872]]]},"properties":{"objectType":"annotation","classification":{"name":"Ignore*","color":[180, 180, 180]},"isLocked":true}},{"type":"Feature","id":"2281cdcf-cf70-44f2-a9a7-06d5811702b9","geometry":{"type":"Polygon","coordinates":[[[26600, 36840],[26600, 36856],[26608, 36856],[26608, 36864],[26616, 36864],[26616, 36872],[26632, 36872],[26632, 36880],[26640, 36880],[26640, 36912],[26648, 36912],[26648, 36936],[26656, 36936],[26656, 36952],[26672, 36952],[26672, 36960],[26680, 36960],[26680, 36952],[26704, 36952],[26704, 37008],[26712, 37008],[26712, 37016],[26720, 37016],[26720, 37024],[26728, 37024],[26728, 37040],[26736, 37040],[26736, 37072],[26744, 37072],[26744, 37080],[26752, 37080],[26752, 37096],[26760, 37096],[26760, 37136],[26768, 37136],[26768, 37168],[26776, 37168],[26776, 37192],[26784, 37192],[26784, 37200],[26800, 37200],[26800, 37192],[26808, 37192],[26808, 37184],[26816, 37184],[26816, 37152],[26808, 37152],[26808, 37136],[26800, 37136],[26800, 37128],[26792, 37128],[26792, 37120],[26784, 37120],[26784, 37104],[26776, 37104],[26776, 37088],[26784, 37088],[26784, 37080],[26792, 37080],[26792, 37072],[26800, 37072],[26800, 37024],[26792, 37024],[26792, 37000],[26784, 37000],[26784, 36992],[26776, 36992],[26776, 36984],[26768, 36984],[26768, 36976],[26760, 36976],[26760, 36952],[26752, 36952],[26752, 36936],[26744, 36936],[26744, 36928],[26736, 36928],[26736, 36920],[26728, 36920],[26728, 36896],[26720, 36896],[26720, 36880],[26712, 36880],[26712, 36872],[26688, 36872],[26688, 36864],[26648, 36864],[26648, 36824],[26656, 36824],[26656, 36816],[26664, 36816],[26664, 36800],[26672, 36800],[26672, 36792],[26664, 36792],[26664, 36784],[26640, 36784],[26640, 36792],[26632, 36792],[26632, 36808],[26624, 36808],[26624, 36824],[26616, 36824],[26616, 36832],[26608, 36832],[26608, 36840],[26600, 36840]]]},"properties":{"objectType":"annotation","classification":{"name":"Ignore*","color":[180, 180, 180]},"isLocked":true}},{"type":"Feature","id":"91982e3c-98b8-4959-af58-95aa20cbfebe","geometry":{"type":"Polygon","coordinates":[[[22472, 36960],[22472, 37016],[22480, 37016],[22480, 37040],[22496, 37056],[22496, 37072],[22512, 37088],[22544, 37088],[22544, 37080],[22640, 37080],[22648, 37088],[22648, 37112],[22608, 37136],[22608, 37168],[22600, 37168],[22600, 37232],[22624, 37264],[22624, 37296],[22664, 37320],[22664, 37328],[22680, 37328],[22680, 37320],[22704, 37320],[22704, 37312],[22728, 37312],[22728, 37304],[22760, 37304],[22776, 37288],[22776, 37272],[22792, 37264],[22792, 37248],[22800, 37248],[22800, 37224],[22816, 37216],[22816, 37200],[22824, 37200],[22824, 37176],[22832, 37176],[22832, 37128],[22840, 37128],[22840, 37112],[22864, 37112],[22872, 37120],[22872, 37136],[22888, 37144],[22888, 37160],[22928, 37192],[22928, 37200],[22944, 37200],[22952, 37216],[23000, 37216],[23000, 37224],[23016, 37224],[23016, 37232],[23080, 37232],[23080, 37224],[23096, 37224],[23096, 37216],[23120, 37216],[23120, 37208],[23144, 37208],[23144, 37200],[23160, 37200],[23184, 37176],[23184, 37160],[23192, 37160],[23192, 37096],[23200, 37096],[23200, 37080],[23208, 37080],[23208, 37056],[23200, 37056],[23200, 37040],[23192, 37040],[23192, 37024],[23176, 37024],[23168, 37008],[23144, 37008],[23136, 36992],[23120, 36992],[23120, 36984],[23104, 36984],[23104, 36976],[23080, 36976],[23080, 36968],[23064, 36968],[23064, 36960],[23040, 36960],[23040, 36952],[23024, 36952],[23024, 36944],[23000, 36944],[23000, 36936],[22976, 36936],[22976, 36944],[22936, 36944],[22936, 36952],[22912, 36952],[22912, 36960],[22896, 36960],[22888, 36976],[22872, 36976],[22872, 36984],[22856, 37000],[22824, 37000],[22824, 36992],[22784, 36992],[22784, 37000],[22768, 37000],[22768, 37008],[22744, 37008],[22744, 37016],[22720, 37016],[22720, 37024],[22696, 37040],[22696, 37056],[22680, 37056],[22680, 37048],[22664, 37048],[22672, 37040],[22672, 37024],[22720, 36984],[22720, 36968],[22752, 36944],[22752, 36936],[22768, 36936],[22768, 36928],[22784, 36928],[22800, 36912],[22800, 36872],[22792, 36872],[22776, 36848],[22752, 36848],[22752, 36840],[22728, 36840],[22728, 36832],[22704, 36832],[22704, 36824],[22648, 36824],[22648, 36832],[22616, 36840],[22608, 36856],[22592, 36856],[22584, 36872],[22552, 36880],[22544, 36896],[22512, 36912],[22512, 36928],[22472, 36960]]]},"properties":{"objectType":"annotation","classification":{"name":"Tumor","color":[102, 77, 179]}}},{"type":"Feature","id":"74001dc6-f4c1-4a34-a857-09751065311d","geometry":{"type":"Polygon","coordinates":[[[23536, 37208],[23568, 37240],[23568, 37288],[23536, 37320],[23536, 37352],[23608, 37384],[23624, 37416],[23664, 37408],[23736, 37408],[23760, 37392],[23768, 37352],[23864, 37360],[23888, 37328],[23960, 37336],[23968, 37320],[24072, 37288],[24120, 37264],[24144, 37240],[24136, 37176],[24160, 37160],[24144, 37112],[24104, 37088],[24104, 37048],[24056, 37032],[24008, 37000],[23952, 37000],[23936, 37016],[23888, 37016],[23856, 36992],[23800, 36984],[23752, 36992],[23680, 37024],[23648, 37024],[23640, 37040],[23600, 37040],[23568, 37072],[23568, 37120],[23584, 37144],[23608, 37144],[23624, 37112],[23704, 37104],[23712, 37136],[23664, 37152],[23632, 37152],[23640, 37200],[23616, 37208],[23584, 37160],[23552, 37160],[23536, 37208]]]},"properties":{"objectType":"annotation","classification":{"name":"Tumor","color":[102, 77, 179]}}},{"type":"Feature","id":"396658e3-a415-4839-b20a-5f8002930319","geometry":{"type":"Polygon","coordinates":[[[23208, 37136],[23216, 37240],[23296, 37312],[23344, 37312],[23408, 37248],[23416, 37152],[23360, 37088],[23272, 37072],[23232, 37096],[23208, 37136]]]},"properties":{"objectType":"annotation","classification":{"name":"Tumor","color":[102, 77, 179]}}},{"type":"Feature","id":"5f2cc7ab-1b84-4393-8d25-12d82eee7d98","geometry":{"type":"Polygon","coordinates":[[[29416, 37288],[29416, 37336],[29424, 37336],[29424, 37344],[29432, 37344],[29432, 37352],[29448, 37352],[29448, 37360],[29456, 37360],[29456, 37368],[29472, 37368],[29472, 37376],[29496, 37376],[29496, 37368],[29512, 37368],[29512, 37360],[29544, 37360],[29544, 37352],[29560, 37352],[29560, 37344],[29568, 37344],[29568, 37336],[29576, 37336],[29576, 37320],[29584, 37320],[29584, 37312],[29592, 37312],[29592, 37304],[29600, 37304],[29600, 37296],[29608, 37296],[29608, 37288],[29624, 37288],[29624, 37280],[29648, 37280],[29648, 37272],[29664, 37272],[29664, 37264],[29672, 37264],[29672, 37272],[29696, 37272],[29696, 37280],[29712, 37280],[29712, 37272],[29720, 37272],[29720, 37216],[29688, 37216],[29688, 37224],[29664, 37224],[29664, 37216],[29656, 37216],[29656, 37208],[29648, 37208],[29648, 37192],[29640, 37192],[29640, 37184],[29632, 37184],[29632, 37176],[29616, 37176],[29616, 37168],[29600, 37168],[29600, 37160],[29560, 37160],[29560, 37152],[29552, 37152],[29552, 37144],[29544, 37144],[29544, 37128],[29536, 37128],[29536, 37112],[29520, 37112],[29520, 37104],[29480, 37104],[29480, 37112],[29464, 37112],[29464, 37144],[29472, 37144],[29472, 37152],[29480, 37152],[29480, 37168],[29488, 37168],[29488, 37200],[29496, 37200],[29496, 37208],[29504, 37208],[29504, 37216],[29512, 37216],[29512, 37224],[29520, 37224],[29520, 37232],[29528, 37232],[29528, 37240],[29520, 37240],[29520, 37264],[29512, 37264],[29512, 37272],[29424, 37272],[29424, 37288],[29416, 37288]]]},"properties":{"objectType":"annotation","classification":{"name":"Ignore*","color":[180, 180, 180]},"isLocked":true}},{"type":"Feature","id":"8aa19858-17dc-4080-8f9b-3daeb28989aa","geometry":{"type":"Polygon","coordinates":[[[29376, 37696],[29376, 37736],[29384, 37736],[29384, 37744],[29392, 37744],[29392, 37752],[29400, 37752],[29400, 37760],[29416, 37760],[29416, 37768],[29424, 37768],[29424, 37776],[29440, 37776],[29440, 37784],[29448, 37784],[29448, 37792],[29464, 37792],[29464, 37800],[29488, 37800],[29488, 37792],[29496, 37792],[29496, 37776],[29504, 37776],[29504, 37752],[29512, 37752],[29512, 37736],[29520, 37736],[29520, 37728],[29528, 37728],[29528, 37712],[29536, 37712],[29536, 37704],[29528, 37704],[29528, 37688],[29520, 37688],[29520, 37680],[29512, 37680],[29512, 37672],[29496, 37672],[29496, 37664],[29488, 37664],[29488, 37656],[29480, 37656],[29480, 37648],[29472, 37648],[29472, 37632],[29464, 37632],[29464, 37624],[29448, 37624],[29448, 37616],[29424, 37616],[29424, 37624],[29416, 37624],[29416, 37664],[29424, 37664],[29424, 37672],[29432, 37672],[29432, 37688],[29384, 37688],[29384, 37696],[29376, 37696]]]},"properties":{"objectType":"annotation","classification":{"name":"Ignore*","color":[180, 180, 180]},"isLocked":true}},{"type":"Feature","id":"38fc391a-56b4-40b5-8853-0b33871cb3e2","geometry":{"type":"Polygon","coordinates":[[[23328, 37976],[23328, 38000],[23336, 38000],[23336, 38016],[23344, 38016],[23344, 38032],[23360, 38032],[23360, 38040],[23376, 38040],[23376, 38048],[23392, 38048],[23392, 38040],[23408, 38040],[23408, 38032],[23416, 38032],[23416, 38016],[23424, 38016],[23424, 38008],[23416, 38008],[23416, 37984],[23408, 37984],[23408, 37976],[23392, 37976],[23392, 37968],[23376, 37968],[23376, 37960],[23344, 37960],[23344, 37968],[23336, 37968],[23336, 37976],[23328, 37976]]]},"properties":{"objectType":"annotation","classification":{"name":"Ignore*","color":[180, 180, 180]},"isLocked":true}},{"type":"Feature","id":"ac5a38bd-058c-4b0f-879e-9d8ab73cd4a4","geometry":{"type":"Polygon","coordinates":[[[29376, 38096],[29376, 38136],[29384, 38136],[29384, 38144],[29392, 38144],[29392, 38152],[29432, 38152],[29432, 38144],[29456, 38144],[29456, 38136],[29464, 38136],[29464, 38120],[29472, 38120],[29472, 38104],[29464, 38104],[29464, 38096],[29456, 38096],[29456, 38088],[29440, 38088],[29440, 38080],[29400, 38080],[29400, 38088],[29384, 38088],[29384, 38096],[29376, 38096]]]},"properties":{"objectType":"annotation","classification":{"name":"Ignore*","color":[180, 180, 180]},"isLocked":true}},{"type":"Feature","id":"b48ae354-03a4-4ef1-a3fe-52eeef64d6f7","geometry":{"type":"Polygon","coordinates":[[[29648, 38424],[29648, 38456],[29656, 38456],[29656, 38464],[29664, 38464],[29664, 38472],[29672, 38472],[29672, 38480],[29712, 38480],[29712, 38472],[29728, 38472],[29728, 38464],[29736, 38464],[29736, 38456],[29752, 38456],[29752, 38448],[29760, 38448],[29760, 38440],[29768, 38440],[29768, 38432],[29800, 38432],[29800, 38424],[29816, 38424],[29816, 38408],[29824, 38408],[29824, 38376],[29816, 38376],[29816, 38352],[29808, 38352],[29808, 38336],[29800, 38336],[29800, 38328],[29784, 38328],[29784, 38320],[29728, 38320],[29728, 38328],[29720, 38328],[29720, 38336],[29712, 38336],[29712, 38376],[29720, 38376],[29720, 38384],[29728, 38384],[29728, 38392],[29720, 38392],[29720, 38400],[29680, 38400],[29680, 38408],[29664, 38408],[29664, 38416],[29656, 38416],[29656, 38424],[29648, 38424]]]},"properties":{"objectType":"annotation","classification":{"name":"Ignore*","color":[180, 180, 180]},"isLocked":true}},{"type":"Feature","id":"bc83e808-1607-4e39-823e-8440401547b3","geometry":{"type":"Polygon","coordinates":[[[29504, 38424],[29504, 38472],[29512, 38472],[29512, 38480],[29520, 38480],[29520, 38488],[29552, 38488],[29552, 38480],[29592, 38480],[29592, 38472],[29616, 38472],[29616, 38464],[29624, 38464],[29624, 38432],[29616, 38432],[29616, 38424],[29608, 38424],[29608, 38416],[29584, 38416],[29584, 38408],[29560, 38408],[29560, 38400],[29528, 38400],[29528, 38408],[29512, 38408],[29512, 38424],[29504, 38424]]]},"properties":{"objectType":"annotation","classification":{"name":"Ignore*","color":[180, 180, 180]},"isLocked":true}},{"type":"Feature","id":"25a99177-c225-4283-914a-a5c2bff63f13","geometry":{"type":"Polygon","coordinates":[[[30208, 38880],[30208, 38896],[30216, 38896],[30216, 38936],[30224, 38936],[30224, 38952],[30232, 38952],[30232, 38968],[30248, 38968],[30248, 38976],[30304, 38976],[30304, 38968],[30312, 38968],[30312, 38928],[30304, 38928],[30304, 38912],[30296, 38912],[30296, 38904],[30288, 38904],[30288, 38888],[30280, 38888],[30280, 38872],[30272, 38872],[30272, 38840],[30264, 38840],[30264, 38832],[30256, 38832],[30256, 38824],[30240, 38824],[30240, 38832],[30232, 38832],[30232, 38840],[30224, 38840],[30224, 38848],[30216, 38848],[30216, 38880],[30208, 38880]]]},"properties":{"objectType":"annotation","classification":{"name":"Ignore*","color":[180, 180, 180]},"isLocked":true}},{"type":"Feature","id":"bd245c66-a02a-4e30-a539-a271c8f871af","geometry":{"type":"Polygon","coordinates":[[[30416, 38920],[30416, 38976],[30424, 38976],[30424, 39000],[30432, 39000],[30432, 39016],[30448, 39016],[30448, 39024],[30464, 39024],[30464, 39016],[30472, 39016],[30472, 38968],[30464, 38968],[30464, 38952],[30456, 38952],[30456, 38928],[30448, 38928],[30448, 38920],[30440, 38920],[30440, 38912],[30424, 38912],[30424, 38920],[30416, 38920]]]},"properties":{"objectType":"annotation","classification":{"name":"Ignore*","color":[180, 180, 180]},"isLocked":true}},{"type":"Feature","id":"b0107ae7-77fc-4251-9b8b-0db2a5c3bba7","geometry":{"type":"Polygon","coordinates":[[[30032, 39128],[30032, 39144],[30040, 39144],[30040, 39160],[30048, 39160],[30048, 39168],[30064, 39168],[30064, 39176],[30072, 39176],[30072, 39184],[30080, 39184],[30080, 39192],[30096, 39192],[30096, 39200],[30136, 39200],[30136, 39192],[30152, 39192],[30152, 39176],[30160, 39176],[30160, 39160],[30152, 39160],[30152, 39152],[30144, 39152],[30144, 39144],[30128, 39144],[30128, 39136],[30112, 39136],[30112, 39128],[30104, 39128],[30104, 39120],[30096, 39120],[30096, 39112],[30048, 39112],[30048, 39120],[30040, 39120],[30040, 39128],[30032, 39128]]]},"properties":{"objectType":"annotation","classification":{"name":"Ignore*","color":[180, 180, 180]},"isLocked":true}},{"type":"Feature","id":"d28da8f2-3d29-478d-b4f5-93bdc678d711","geometry":{"type":"Polygon","coordinates":[[[30720, 39200],[30720, 39224],[30728, 39224],[30728, 39232],[30736, 39232],[30736, 39240],[30744, 39240],[30744, 39248],[30760, 39248],[30760, 39256],[30776, 39256],[30776, 39264],[30800, 39264],[30800, 39272],[30816, 39272],[30816, 39280],[30832, 39280],[30832, 39288],[30848, 39288],[30848, 39296],[30864, 39296],[30864, 39304],[30888, 39304],[30888, 39312],[30896, 39312],[30896, 39320],[30920, 39320],[30920, 39328],[30936, 39328],[30936, 39320],[30944, 39320],[30944, 39312],[30952, 39312],[30952, 39280],[30944, 39280],[30944, 39264],[30928, 39264],[30928, 39256],[30912, 39256],[30912, 39248],[30896, 39248],[30896, 39240],[30864, 39240],[30864, 39232],[30848, 39232],[30848, 39224],[30816, 39224],[30816, 39216],[30792, 39216],[30792, 39208],[30776, 39208],[30776, 39200],[30720, 39200]]]},"properties":{"objectType":"annotation","classification":{"name":"Ignore*","color":[180, 180, 180]},"isLocked":true}},{"type":"Feature","id":"7f631a34-87f7-4041-98cf-066878627688","geometry":{"type":"Polygon","coordinates":[[[30904, 39608],[30904, 39640],[30912, 39640],[30912, 39648],[30920, 39648],[30920, 39656],[30928, 39656],[30928, 39672],[30936, 39672],[30936, 39680],[30944, 39680],[30944, 39688],[30952, 39688],[30952, 39696],[30960, 39696],[30960, 39704],[30968, 39704],[30968, 39720],[30976, 39720],[30976, 39736],[30984, 39736],[30984, 39744],[30992, 39744],[30992, 39752],[31008, 39752],[31008, 39760],[31016, 39760],[31016, 39768],[31024, 39768],[31024, 39776],[31040, 39776],[31040, 39784],[31056, 39784],[31056, 39792],[31096, 39792],[31096, 39744],[31088, 39744],[31088, 39728],[31080, 39728],[31080, 39720],[31072, 39720],[31072, 39712],[31064, 39712],[31064, 39696],[31056, 39696],[31056, 39688],[31040, 39688],[31040, 39680],[30992, 39680],[30992, 39672],[30984, 39672],[30984, 39656],[30976, 39656],[30976, 39648],[30968, 39648],[30968, 39640],[30960, 39640],[30960, 39632],[30952, 39632],[30952, 39624],[30944, 39624],[30944, 39616],[30936, 39616],[30936, 39608],[30904, 39608]]]},"properties":{"objectType":"annotation","classification":{"name":"Ignore*","color":[180, 180, 180]},"isLocked":true}},{"type":"Feature","id":"e3742c03-2c82-4365-b29f-fdc39bcca012","geometry":{"type":"Polygon","coordinates":[[[30904, 39832],[30904, 39864],[30912, 39864],[30912, 39880],[30920, 39880],[30920, 39888],[30928, 39888],[30928, 39896],[30944, 39896],[30944, 39904],[30952, 39904],[30952, 39912],[30960, 39912],[30960, 39920],[30968, 39920],[30968, 39928],[30976, 39928],[30976, 39944],[30984, 39944],[30984, 39968],[30992, 39968],[30992, 39992],[31000, 39992],[31000, 40000],[31008, 40000],[31008, 40008],[31016, 40008],[31016, 40016],[31032, 40016],[31032, 40024],[31056, 40024],[31056, 40016],[31064, 40016],[31064, 40008],[31072, 40008],[31072, 39984],[31064, 39984],[31064, 39976],[31056, 39976],[31056, 39968],[31040, 39968],[31040, 39960],[31032, 39960],[31032, 39944],[31024, 39944],[31024, 39936],[31016, 39936],[31016, 39920],[31008, 39920],[31008, 39912],[30992, 39912],[30992, 39904],[30984, 39904],[30984, 39896],[30976, 39896],[30976, 39888],[30968, 39888],[30968, 39880],[30960, 39880],[30960, 39864],[30952, 39864],[30952, 39848],[30944, 39848],[30944, 39840],[30936, 39840],[30936, 39832],[30904, 39832]]]},"properties":{"objectType":"annotation","classification":{"name":"Ignore*","color":[180, 180, 180]},"isLocked":true}},{"type":"Feature","id":"48281fb9-c2f3-4f9e-818e-bbcf493c6ace","geometry":{"type":"Polygon","coordinates":[[[31144, 39944],[31144, 39960],[31152, 39960],[31152, 39968],[31160, 39968],[31160, 39976],[31168, 39976],[31168, 39984],[31224, 39984],[31224, 39992],[31232, 39992],[31232, 40000],[31240, 40000],[31240, 40008],[31288, 40008],[31288, 40000],[31304, 40000],[31304, 39992],[31312, 39992],[31312, 39984],[31328, 39984],[31328, 39976],[31336, 39976],[31336, 39968],[31368, 39968],[31368, 39960],[31384, 39960],[31384, 39952],[31392, 39952],[31392, 39936],[31400, 39936],[31400, 39904],[31392, 39904],[31392, 39896],[31328, 39896],[31328, 39904],[31304, 39904],[31304, 39912],[31288, 39912],[31288, 39920],[31280, 39920],[31280, 39928],[31264, 39928],[31264, 39936],[31248, 39936],[31248, 39928],[31240, 39928],[31240, 39920],[31208, 39920],[31208, 39928],[31200, 39928],[31200, 39936],[31176, 39936],[31176, 39944],[31144, 39944]]]},"properties":{"objectType":"annotation","classification":{"name":"Ignore*","color":[180, 180, 180]},"isLocked":true}},{"type":"Feature","id":"c36f2f6e-cb7f-4118-9503-9c5405e05ccf","geometry":{"type":"Polygon","coordinates":[[[30768, 39952],[30768, 39992],[30776, 39992],[30776, 40016],[30784, 40016],[30784, 40024],[30792, 40024],[30792, 40032],[30808, 40032],[30808, 40040],[30832, 40040],[30832, 40048],[30872, 40048],[30872, 40040],[30880, 40040],[30880, 39984],[30872, 39984],[30872, 39968],[30864, 39968],[30864, 39960],[30856, 39960],[30856, 39952],[30824, 39952],[30824, 39944],[30784, 39944],[30784, 39952],[30768, 39952]]]},"properties":{"objectType":"annotation","classification":{"name":"Ignore*","color":[180, 180, 180]},"isLocked":true}},{"type":"Feature","id":"e27359cc-23a9-4501-9883-539e572e2528","geometry":{"type":"Polygon","coordinates":[[[31128, 40184],[31128, 40200],[31136, 40200],[31136, 40216],[31144, 40216],[31144, 40224],[31152, 40224],[31152, 40232],[31184, 40232],[31184, 40240],[31216, 40240],[31216, 40248],[31232, 40248],[31232, 40256],[31240, 40256],[31240, 40264],[31256, 40264],[31256, 40272],[31264, 40272],[31264, 40280],[31280, 40280],[31280, 40288],[31296, 40288],[31296, 40296],[31304, 40296],[31304, 40304],[31320, 40304],[31320, 40312],[31328, 40312],[31328, 40320],[31336, 40320],[31336, 40328],[31352, 40328],[31352, 40336],[31368, 40336],[31368, 40344],[31392, 40344],[31392, 40352],[31424, 40352],[31424, 40344],[31432, 40344],[31432, 40320],[31424, 40320],[31424, 40304],[31416, 40304],[31416, 40296],[31408, 40296],[31408, 40288],[31400, 40288],[31400, 40280],[31392, 40280],[31392, 40272],[31384, 40272],[31384, 40264],[31368, 40264],[31368, 40256],[31360, 40256],[31360, 40248],[31352, 40248],[31352, 40240],[31344, 40240],[31344, 40232],[31328, 40232],[31328, 40224],[31312, 40224],[31312, 40216],[31280, 40216],[31280, 40208],[31256, 40208],[31256, 40200],[31240, 40200],[31240, 40192],[31232, 40192],[31232, 40184],[31224, 40184],[31224, 40176],[31216, 40176],[31216, 40168],[31208, 40168],[31208, 40160],[31192, 40160],[31192, 40152],[31168, 40152],[31168, 40160],[31144, 40160],[31144, 40168],[31136, 40168],[31136, 40184],[31128, 40184]]]},"properties":{"objectType":"annotation","classification":{"name":"Ignore*","color":[180, 180, 180]},"isLocked":true}},{"type":"Feature","id":"9fbe76d1-1220-43c2-b997-111cd9118b2e","geometry":{"type":"Polygon","coordinates":[[[16424, 17848],[16424, 17912],[16432, 17912],[16432, 17952],[16448, 17992],[16464, 18000],[16472, 18024],[16488, 18032],[16544, 18032],[16632, 17992],[16648, 17960],[16680, 17928],[16744, 17928],[16744, 17920],[16776, 17920],[16792, 17904],[16792, 17888],[16816, 17872],[16832, 17832],[16832, 17784],[16840, 17784],[16840, 17744],[16832, 17744],[16800, 17696],[16776, 17688],[16736, 17688],[16728, 17680],[16728, 17632],[16744, 17608],[16744, 17576],[16728, 17560],[16712, 17560],[16712, 17544],[16664, 17504],[16648, 17480],[16616, 17488],[16576, 17488],[16552, 17496],[16528, 17520],[16496, 17536],[16488, 17552],[16488, 17592],[16504, 17640],[16536, 17664],[16536, 17680],[16568, 17704],[16576, 17736],[16552, 17760],[16512, 17760],[16456, 17808],[16456, 17824],[16424, 17848]]]},"properties":{"objectType":"annotation","classification":{"name":"Tumor","color":[102, 77, 179]}}},{"type":"Feature","id":"694b5bb0-9b91-45b5-9ffd-5708a15cf884","geometry":{"type":"Polygon","coordinates":[[[22528, 35848],[22528, 35920],[22576, 35984],[22616, 35992],[22696, 35992],[22728, 36008],[22768, 36008],[22808, 36040],[22856, 36040],[22880, 36064],[22928, 36072],[22960, 36112],[23016, 36128],[23032, 36152],[23096, 36168],[23144, 36208],[23184, 36208],[23192, 36240],[23360, 36336],[23416, 36320],[23480, 36320],[23512, 36336],[23512, 36368],[23464, 36376],[23448, 36400],[23416, 36400],[23392, 36376],[23352, 36376],[23312, 36352],[23264, 36352],[23224, 36368],[23208, 36432],[23176, 36464],[23176, 36528],[23136, 36544],[23144, 36584],[23160, 36592],[23168, 36648],[23216, 36680],[23240, 36720],[23328, 36776],[23368, 36776],[23392, 36800],[23496, 36800],[23544, 36792],[23584, 36760],[23616, 36760],[23656, 36728],[23744, 36696],[23760, 36640],[23784, 36608],[23792, 36568],[23784, 36496],[23808, 36472],[23856, 36472],[23856, 36512],[23832, 36536],[23816, 36600],[23816, 36728],[23840, 36760],[23936, 36784],[23976, 36808],[24128, 36808],[24176, 36776],[24192, 36736],[24192, 36648],[24200, 36648],[24200, 36576],[24192, 36576],[24192, 36504],[24240, 36472],[24256, 36512],[24256, 36640],[24280, 36696],[24280, 36752],[24328, 36808],[24400, 36808],[24416, 36824],[24456, 36824],[24496, 36792],[24536, 36784],[24536, 36768],[24640, 36712],[24672, 36680],[24672, 36664],[24720, 36648],[24736, 36608],[24776, 36576],[24808, 36568],[24848, 36608],[24848, 36648],[24832, 36664],[24768, 36664],[24760, 36680],[24672, 36720],[24648, 36744],[24608, 36760],[24584, 36784],[24536, 36808],[24480, 36856],[24480, 36920],[24544, 36960],[24632, 36992],[24672, 36984],[24768, 36984],[24792, 36960],[24848, 36952],[24928, 36888],[25040, 36776],[25056, 36728],[25080, 36712],[25112, 36632],[25120, 36568],[25136, 36552],[25136, 36472],[25128, 36472],[25120, 36392],[25096, 36368],[25088, 36328],[25112, 36320],[25112, 36288],[25000, 36216],[24936, 36208],[24912, 36232],[24912, 36272],[24936, 36304],[24888, 36336],[24880, 36368],[24848, 36392],[24848, 36352],[24864, 36328],[24872, 36232],[24856, 36208],[24856, 36152],[24824, 36064],[24824, 35976],[24872, 35984],[24872, 36000],[24912, 36024],[24952, 36072],[25072, 36104],[25104, 36128],[25152, 36128],[25192, 36152],[25304, 36144],[25344, 36104],[25368, 36064],[25368, 35968],[25360, 35944],[25320, 35920],[25288, 35872],[25272, 35872],[25240, 35832],[25200, 35824],[25184, 35792],[25120, 35800],[25112, 35768],[25048, 35744],[25008, 35744],[24968, 35728],[24880, 35728],[24864, 35712],[24832, 35712],[24784, 35688],[24736, 35680],[24672, 35680],[24672, 35672],[24600, 35672],[24544, 35680],[24528, 35696],[24480, 35712],[24432, 35712],[24368, 35768],[24368, 35792],[24312, 35840],[24296, 35872],[24280, 35976],[24256, 36016],[24256, 36112],[24248, 36112],[24248, 36208],[24240, 36232],[24216, 36240],[24176, 36184],[24144, 36104],[24096, 36056],[24096, 36040],[24056, 36016],[24016, 36016],[23984, 35984],[23928, 35968],[23904, 35928],[23872, 35904],[23824, 35896],[23784, 35872],[23752, 35832],[23736, 35792],[23672, 35720],[23632, 35704],[23536, 35712],[23512, 35744],[23472, 35768],[23472, 35832],[23488, 35880],[23544, 35912],[23568, 35944],[23528, 35936],[23456, 35936],[23408, 35904],[23384, 35904],[23344, 35864],[23328, 35864],[23264, 35824],[23240, 35824],[23136, 35760],[23088, 35744],[23048, 35744],[23024, 35728],[22928, 35728],[22928, 35720],[22824, 35720],[22824, 35728],[22704, 35728],[22704, 35736],[22616, 35736],[22616, 35744],[22544, 35792],[22528, 35848]]]},"properties":{"objectType":"annotation","classification":{"name":"Tumor","color":[102, 77, 179]}}},{"type":"Feature","id":"69c31cfd-e238-45a7-bfed-5c47970dcb5c","geometry":{"type":"Polygon","coordinates":[[[19728, 24960],[19728, 25024],[19752, 25064],[19776, 25072],[19896, 25072],[19920, 25048],[19944, 25048],[19952, 25120],[19968, 25144],[20080, 25248],[20104, 25256],[20120, 25224],[20144, 25224],[20184, 25200],[20216, 25144],[20216, 25104],[20168, 25024],[20120, 25000],[20080, 25000],[20048, 24976],[20048, 24952],[20096, 24944],[20160, 24920],[20216, 24880],[20216, 24928],[20248, 24976],[20248, 25008],[20264, 25024],[20320, 25024],[20352, 25008],[20392, 24968],[20408, 24928],[20416, 24872],[20432, 24856],[20440, 24784],[20424, 24768],[20424, 24728],[20384, 24688],[20384, 24640],[20416, 24608],[20416, 24592],[20456, 24560],[20472, 24528],[20464, 24472],[20440, 24432],[20400, 24400],[20376, 24352],[20344, 24344],[20328, 24320],[20280, 24344],[20264, 24432],[20208, 24480],[20208, 24552],[20184, 24576],[20176, 24616],[20128, 24664],[20064, 24688],[20000, 24752],[19896, 24808],[19856, 24848],[19768, 24904],[19768, 24920],[19728, 24960]]]},"properties":{"objectType":"annotation","classification":{"name":"Tumor","color":[102, 77, 179]}}},{"type":"Feature","id":"d14b7a75-4e99-4e7c-a24b-d9fc944697b0","geometry":{"type":"Polygon","coordinates":[[[14040, 17840],[14040, 17936],[14072, 18000],[14136, 18056],[14176, 18064],[14224, 18096],[14272, 18096],[14296, 18128],[14352, 18144],[14400, 18184],[14472, 18184],[14504, 18248],[14504, 18296],[14536, 18352],[14536, 18376],[14576, 18408],[14584, 18432],[14560, 18456],[14536, 18456],[14544, 18528],[14528, 18552],[14528, 18592],[14608, 18648],[14640, 18696],[14704, 18704],[14768, 18656],[14792, 18584],[14808, 18576],[14832, 18520],[14832, 18488],[14856, 18440],[14856, 18392],[14872, 18352],[14856, 18336],[14856, 18280],[14840, 18248],[14840, 18192],[14784, 18120],[14760, 18064],[14752, 18008],[14728, 17984],[14704, 17936],[14664, 17904],[14536, 17848],[14472, 17808],[14424, 17808],[14360, 17776],[14312, 17768],[14248, 17728],[14136, 17728],[14096, 17760],[14096, 17776],[14056, 17808],[14040, 17840]]]},"properties":{"objectType":"annotation","classification":{"name":"Tumor","color":[102, 77, 179]}}},{"type":"Feature","id":"e9970141-7cc2-477f-b946-181859888a01","geometry":{"type":"Polygon","coordinates":[[[15576, 18952],[15576, 19000],[15584, 19032],[15608, 19064],[15616, 19096],[15616, 19136],[15632, 19176],[15672, 19176],[15696, 19144],[15696, 19096],[15752, 19080],[15784, 19104],[15792, 19136],[15808, 19152],[15880, 19152],[15904, 19128],[16000, 19128],[16032, 19096],[16056, 19032],[16056, 19000],[16048, 18984],[16024, 18968],[16000, 18928],[15976, 18928],[15960, 18912],[15936, 18904],[15904, 18904],[15880, 18896],[15864, 18880],[15872, 18840],[15904, 18832],[15904, 18824],[15936, 18824],[15944, 18808],[15960, 18808],[15968, 18792],[16000, 18784],[16048, 18816],[16096, 18816],[16112, 18832],[16112, 18864],[16120, 18880],[16160, 18904],[16176, 18928],[16192, 18936],[16224, 18936],[16248, 18944],[16288, 18928],[16328, 18888],[16336, 18872],[16336, 18816],[16328, 18816],[16328, 18784],[16320, 18784],[16280, 18712],[16264, 18712],[16232, 18688],[16208, 18680],[16176, 18680],[16176, 18672],[16056, 18672],[16024, 18648],[15920, 18648],[15920, 18640],[15872, 18656],[15864, 18672],[15832, 18672],[15832, 18680],[15800, 18696],[15752, 18688],[15736, 18672],[15712, 18664],[15672, 18664],[15640, 18696],[15640, 18736],[15664, 18752],[15680, 18776],[15696, 18776],[15696, 18792],[15712, 18800],[15712, 18864],[15688, 18896],[15664, 18896],[15640, 18920],[15576, 18952]]]},"properties":{"objectType":"annotation","classification":{"name":"Tumor","color":[102, 77, 179]}}},{"type":"Feature","id":"15cc7593-53c7-459b-afcf-29f74d9e7564","geometry":{"type":"Polygon","coordinates":[[[15944, 24800],[15952, 24864],[16016, 24896],[16056, 24936],[16096, 24936],[16104, 24920],[16168, 24904],[16192, 24888],[16264, 24888],[16304, 24856],[16448, 24808],[16472, 24768],[16552, 24720],[16592, 24672],[16592, 24632],[16520, 24608],[16416, 24608],[16360, 24648],[16264, 24648],[16216, 24656],[16152, 24712],[16096, 24712],[16056, 24768],[16000, 24776],[15944, 24800]]]},"properties":{"objectType":"annotation","classification":{"name":"Tumor","color":[102, 77, 179]}}},{"type":"Feature","id":"1a4c71b8-7192-419a-8c43-bdbb7bac4b15","geometry":{"type":"Polygon","coordinates":[[[9272, 20312],[9272, 20424],[9288, 20440],[9296, 20480],[9328, 20512],[9328, 20544],[9312, 20560],[9312, 20624],[9328, 20664],[9352, 20688],[9360, 20728],[9384, 20744],[9384, 20760],[9440, 20792],[9472, 20840],[9528, 20848],[9560, 20872],[9584, 20872],[9608, 20856],[9656, 20808],[9664, 20776],[9696, 20752],[9696, 20704],[9704, 20704],[9704, 20624],[9688, 20600],[9688, 20528],[9664, 20504],[9656, 20456],[9640, 20440],[9632, 20384],[9616, 20368],[9616, 20320],[9640, 20296],[9664, 20232],[9664, 20152],[9656, 20152],[9632, 20112],[9616, 20112],[9616, 20056],[9624, 20048],[9720, 20048],[9752, 20024],[9768, 19992],[9768, 19960],[9760, 19960],[9760, 19928],[9768, 19928],[9768, 19872],[9720, 19808],[9704, 19808],[9696, 19792],[9680, 19792],[9664, 19776],[9656, 19720],[9672, 19704],[9672, 19688],[9688, 19688],[9712, 19664],[9696, 19648],[9664, 19648],[9640, 19624],[9648, 19592],[9696, 19592],[9712, 19608],[9720, 19632],[9736, 19640],[9776, 19640],[9808, 19608],[9816, 19576],[9832, 19560],[9872, 19560],[9880, 19576],[9896, 19576],[9920, 19600],[9952, 19600],[9976, 19608],[9984, 19632],[10008, 19656],[10032, 19656],[10056, 19680],[10096, 19680],[10096, 19672],[10128, 19672],[10152, 19656],[10200, 19656],[10200, 19648],[10288, 19648],[10312, 19640],[10352, 19600],[10376, 19592],[10384, 19576],[10416, 19568],[10416, 19560],[10480, 19560],[10504, 19568],[10544, 19544],[10552, 19528],[10552, 19488],[10544, 19488],[10544, 19456],[10528, 19432],[10488, 19432],[10464, 19408],[10448, 19408],[10432, 19392],[10384, 19392],[10384, 19384],[10352, 19384],[10352, 19376],[10232, 19376],[10232, 19368],[10200, 19368],[10200, 19360],[10160, 19360],[10160, 19368],[10128, 19376],[10120, 19392],[10096, 19400],[10032, 19400],[10032, 19352],[10048, 19328],[10048, 19296],[10032, 19280],[10032, 19256],[9992, 19224],[9960, 19224],[9960, 19232],[9928, 19232],[9928, 19240],[9864, 19272],[9856, 19304],[9824, 19336],[9776, 19336],[9752, 19360],[9680, 19376],[9664, 19392],[9608, 19408],[9568, 19408],[9536, 19448],[9536, 19480],[9504, 19496],[9464, 19528],[9432, 19528],[9424, 19544],[9400, 19552],[9400, 19600],[9392, 19624],[9360, 19664],[9360, 19696],[9344, 19720],[9344, 19752],[9312, 19784],[9312, 19864],[9304, 19864],[9304, 19944],[9312, 19960],[9376, 19992],[9400, 20024],[9392, 20048],[9336, 20080],[9328, 20104],[9328, 20176],[9352, 20216],[9288, 20264],[9280, 20312],[9272, 20312]]]},"properties":{"objectType":"annotation","classification":{"name":"Tumor","color":[102, 77, 179]}}},{"type":"Feature","id":"e13fced9-9667-48ea-ae8e-4add5a10c731","geometry":{"type":"Polygon","coordinates":[[[18360, 19944],[18360, 19976],[18376, 20000],[18376, 20064],[18400, 20088],[18424, 20088],[18432, 20104],[18464, 20104],[18504, 20064],[18576, 20064],[18600, 20056],[18608, 20080],[18648, 20112],[18656, 20136],[18704, 20144],[18752, 20200],[18768, 20288],[18776, 20304],[18760, 20336],[18736, 20352],[18736, 20408],[18776, 20432],[18824, 20432],[18824, 20440],[18992, 20440],[19032, 20416],[19144, 20416],[19176, 20384],[19216, 20312],[19232, 20272],[19256, 20264],[19256, 20208],[19216, 20184],[19160, 20184],[19120, 20192],[19104, 20208],[19040, 20200],[19008, 20168],[18992, 20168],[18960, 20144],[18960, 20128],[18904, 20096],[18912, 20048],[18936, 20032],[18936, 19944],[18920, 19920],[18872, 19920],[18872, 19928],[18824, 19936],[18776, 19976],[18728, 19976],[18704, 19952],[18608, 19912],[18600, 19896],[18560, 19904],[18480, 19904],[18480, 19912],[18408, 19912],[18360, 19944]]]},"properties":{"objectType":"annotation","classification":{"name":"Tumor","color":[102, 77, 179]}}},{"type":"Feature","id":"bff4966a-b184-451f-86fb-10fc8b47ed9c","geometry":{"type":"Polygon","coordinates":[[[20536, 19392],[20536, 19448],[20552, 19496],[20600, 19528],[20664, 19528],[20696, 19560],[20760, 19560],[20776, 19584],[20824, 19576],[20848, 19592],[20920, 19576],[20960, 19560],[21024, 19496],[21032, 19472],[21048, 19472],[21064, 19496],[21080, 19496],[21104, 19520],[21144, 19520],[21192, 19544],[21264, 19544],[21296, 19528],[21352, 19528],[21416, 19512],[21496, 19472],[21504, 19456],[21560, 19432],[21576, 19408],[21624, 19400],[21632, 19384],[21680, 19368],[21704, 19344],[21736, 19328],[21744, 19288],[21768, 19264],[21768, 19232],[21752, 19224],[21736, 19184],[21696, 19152],[21696, 19136],[21672, 19104],[21648, 19096],[21552, 19096],[21552, 19104],[21488, 19120],[21416, 19192],[21368, 19208],[21360, 19224],[21328, 19240],[21264, 19240],[21224, 19208],[21224, 19136],[21248, 19112],[21256, 19056],[21368, 19024],[21392, 19008],[21392, 18992],[21432, 18952],[21432, 18784],[21416, 18768],[21384, 18760],[21360, 18736],[21248, 18736],[21240, 18752],[21176, 18800],[21152, 18808],[21104, 18840],[21040, 18840],[20936, 18904],[20912, 18944],[20912, 19008],[20888, 19048],[20888, 19072],[20864, 19096],[20856, 19128],[20824, 19160],[20832, 19208],[20832, 19264],[20808, 19320],[20736, 19304],[20640, 19304],[20592, 19328],[20584, 19344],[20544, 19368],[20536, 19392]]]},"properties":{"objectType":"annotation","classification":{"name":"Tumor","color":[102, 77, 179]}}},{"type":"Feature","id":"d8214411-fbf4-4272-83dd-c9fea37a7707","geometry":{"type":"Polygon","coordinates":[[[16808, 17920],[16832, 18000],[16936, 18096],[16968, 18104],[17072, 18104],[17112, 18072],[17096, 17984],[17064, 17968],[17072, 17904],[17096, 17896],[17112, 17944],[17168, 17976],[17208, 17960],[17208, 17904],[17248, 17856],[17256, 17816],[17272, 17816],[17264, 17840],[17264, 17912],[17288, 17960],[17312, 17984],[17312, 18008],[17288, 18000],[17256, 17968],[17208, 17968],[17192, 18040],[17216, 18064],[17232, 18112],[17272, 18128],[17296, 18152],[17336, 18152],[17376, 18168],[17408, 18208],[17488, 18232],[17496, 18248],[17576, 18248],[17608, 18232],[17648, 18232],[17704, 18296],[17720, 18304],[17776, 18304],[17856, 18272],[17856, 18264],[17984, 18264],[18016, 18256],[18040, 18232],[18072, 18224],[18144, 18152],[18192, 18112],[18216, 18048],[18208, 18000],[18176, 17976],[18152, 17928],[18088, 17912],[18072, 17888],[18040, 17872],[18072, 17808],[18104, 17824],[18128, 17872],[18152, 17888],[18200, 17888],[18216, 17872],[18248, 17872],[18280, 17856],[18280, 17840],[18304, 17816],[18304, 17728],[18264, 17672],[18232, 17656],[18208, 17656],[18192, 17640],[18152, 17640],[18120, 17656],[18112, 17672],[18072, 17704],[18048, 17688],[18040, 17664],[17984, 17600],[17936, 17576],[17872, 17592],[17864, 17616],[17840, 17632],[17824, 17672],[17824, 17720],[17832, 17752],[17888, 17800],[17912, 17800],[17928, 17816],[17920, 17840],[17888, 17840],[17872, 17856],[17872, 17920],[17896, 17952],[17920, 17960],[17920, 17976],[17968, 18016],[17968, 18040],[17952, 18056],[17888, 18056],[17848, 18096],[17800, 18096],[17784, 18080],[17752, 18080],[17704, 18024],[17672, 18008],[17640, 18008],[17616, 18056],[17584, 18056],[17544, 18032],[17544, 18008],[17568, 17976],[17552, 17864],[17520, 17816],[17504, 17816],[17480, 17784],[17424, 17752],[17328, 17752],[17328, 17696],[17320, 17696],[17312, 17640],[17248, 17600],[17152, 17632],[17144, 17672],[17096, 17720],[17096, 17736],[17056, 17760],[17048, 17712],[17016, 17688],[16992, 17640],[16936, 17640],[16912, 17648],[16888, 17680],[16888, 17776],[16920, 17808],[16936, 17848],[16936, 17880],[16880, 17880],[16848, 17904],[16808, 17920]]]},"properties":{"objectType":"annotation","classification":{"name":"Tumor","color":[102, 77, 179]}}},{"type":"Feature","id":"2b09985f-a2eb-4d6f-bdbf-39c41db0546e","geometry":{"type":"Polygon","coordinates":[[[19264, 19352],[19264, 19520],[19288, 19544],[19312, 19600],[19392, 19664],[19440, 19688],[19504, 19704],[19640, 19696],[19680, 19704],[19768, 19664],[19840, 19664],[19912, 19624],[19936, 19600],[20008, 19568],[20088, 19512],[20104, 19480],[20176, 19440],[20192, 19352],[20176, 19328],[20184, 19272],[20264, 19272],[20288, 19280],[20320, 19240],[20328, 19144],[20312, 19104],[20280, 19088],[20216, 19088],[20184, 19112],[20152, 19112],[20128, 19136],[20128, 19160],[20104, 19184],[20112, 19232],[20096, 19248],[20096, 19296],[20136, 19320],[20136, 19352],[20112, 19376],[20080, 19376],[20048, 19336],[20016, 19320],[19976, 19320],[19936, 19296],[19888, 19296],[19832, 19344],[19752, 19336],[19696, 19360],[19696, 19408],[19672, 19456],[19640, 19456],[19616, 19432],[19528, 19424],[19488, 19440],[19440, 19400],[19384, 19400],[19376, 19336],[19336, 19288],[19288, 19320],[19264, 19352]]]},"properties":{"objectType":"annotation","classification":{"name":"Tumor","color":[102, 77, 179]}}},{"type":"Feature","id":"921e5f04-fd78-4b67-924a-15d1ac723a5b","geometry":{"type":"Polygon","coordinates":[[[21088, 19952],[21088, 20016],[21208, 20016],[21248, 20032],[21256, 20048],[21296, 20048],[21328, 20016],[21352, 19968],[21384, 19968],[21408, 19944],[21408, 19880],[21400, 19848],[21464, 19840],[21464, 19944],[21424, 19968],[21424, 20000],[21448, 20024],[21480, 20024],[21512, 20008],[21544, 20032],[21544, 20080],[21528, 20120],[21560, 20144],[21568, 20192],[21592, 20208],[21600, 20240],[21664, 20240],[21712, 20216],[21712, 20208],[21784, 20208],[21816, 20184],[21824, 20144],[21864, 20120],[21880, 20136],[21888, 20200],[21928, 20200],[21936, 20184],[21936, 20136],[21944, 20136],[21944, 20056],[21920, 20048],[21920, 20088],[21904, 20104],[21864, 20104],[21864, 20048],[21904, 20032],[21904, 19968],[21896, 19944],[21928, 19920],[21928, 19904],[21976, 19872],[22000, 19864],[22032, 19888],[22032, 19840],[22048, 19816],[22048, 19736],[22024, 19744],[21960, 19808],[21920, 19816],[21896, 19840],[21856, 19856],[21776, 19856],[21752, 19840],[21752, 19808],[21736, 19784],[21736, 19736],[21744, 19696],[21760, 19680],[21760, 19632],[21720, 19656],[21720, 19672],[21656, 19720],[21656, 19736],[21608, 19768],[21560, 19768],[21536, 19720],[21504, 19736],[21480, 19736],[21472, 19752],[21448, 19752],[21416, 19728],[21376, 19728],[21368, 19776],[21352, 19800],[21320, 19792],[21304, 19768],[21296, 19720],[21248, 19720],[21232, 19736],[21224, 19784],[21168, 19832],[21136, 19848],[21136, 19888],[21088, 19952]]]},"properties":{"objectType":"annotation","classification":{"name":"Tumor","color":[102, 77, 179]}}},{"type":"Feature","id":"9cccca67-30cc-4fd8-abf2-ac7af8b00701","geometry":{"type":"Polygon","coordinates":[[[14736, 23216],[14744, 23272],[14784, 23320],[14784, 23344],[14832, 23352],[14888, 23400],[14936, 23400],[14952, 23384],[14960, 23344],[15016, 23336],[15072, 23264],[15072, 23208],[15032, 23160],[14992, 23136],[14904, 23128],[14888, 23144],[14776, 23144],[14752, 23168],[14752, 23200],[14736, 23216]]]},"properties":{"objectType":"annotation","classification":{"name":"Tumor","color":[102, 77, 179]}}},{"type":"Feature","id":"206ef603-7551-4c80-84e1-b78042bde9a1","geometry":{"type":"Polygon","coordinates":[[[14416, 17136],[14416, 17216],[14440, 17264],[14520, 17280],[14560, 17256],[14616, 17264],[14680, 17240],[14728, 17280],[14800, 17288],[14856, 17368],[14920, 17416],[14960, 17464],[15008, 17488],[15080, 17496],[15112, 17480],[15192, 17400],[15192, 17312],[15136, 17224],[15040, 17184],[15032, 17168],[14968, 17160],[14896, 17096],[14880, 17064],[14840, 17048],[14752, 16976],[14672, 16976],[14592, 17008],[14584, 17024],[14496, 17048],[14432, 17096],[14416, 17136]]]},"properties":{"objectType":"annotation","classification":{"name":"Tumor","color":[102, 77, 179]}}},{"type":"Feature","id":"2d31f12f-148f-4b0b-8279-cd2f868a6bb9","geometry":{"type":"MultiPolygon","coordinates":[[[[18456, 17768],[18472, 17800],[18472, 17848],[18504, 17904],[18504, 17928],[18520, 17944],[18528, 17992],[18576, 18032],[18600, 18064],[18616, 18064],[18648, 18104],[18712, 18120],[18744, 18144],[18800, 18144],[18840, 18184],[18864, 18184],[18880, 18200],[18944, 18200],[18944, 18208],[19024, 18208],[19080, 18176],[19088, 18152],[19128, 18144],[19120, 18176],[19120, 18240],[19152, 18264],[19200, 18272],[19200, 18288],[19152, 18304],[19144, 18344],[19168, 18368],[19176, 18392],[19208, 18392],[19240, 18344],[19248, 18320],[19288, 18304],[19288, 18232],[19312, 18208],[19312, 18176],[19336, 18176],[19368, 18208],[19400, 18208],[19424, 18224],[19424, 18288],[19456, 18312],[19464, 18344],[19480, 18360],[19528, 18360],[19544, 18368],[19584, 18416],[19600, 18424],[19648, 18424],[19648, 18416],[19728, 18416],[19752, 18432],[19752, 18520],[19800, 18552],[19824, 18584],[19856, 18592],[19872, 18576],[19912, 18576],[19944, 18624],[19992, 18656],[20016, 18656],[20064, 18688],[20128, 18688],[20168, 18696],[20192, 18680],[20200, 18656],[20200, 18600],[20216, 18568],[20216, 18520],[20192, 18496],[20192, 18480],[20144, 18424],[20136, 18384],[20112, 18376],[20032, 18328],[20008, 18328],[19968, 18296],[19920, 18296],[19888, 18288],[19864, 18264],[19856, 18232],[19840, 18224],[19808, 18160],[19760, 18136],[19728, 18096],[19680, 18072],[19640, 18080],[19624, 18064],[19600, 18000],[19568, 17976],[19536, 17968],[19504, 17928],[19456, 17912],[19456, 17832],[19472, 17808],[19472, 17720],[19464, 17720],[19456, 17672],[19424, 17656],[19392, 17599],[19407, 17574],[19432, 17576],[19467, 17563],[19509, 17537],[19536, 17528],[19556, 17367],[19540, 17323],[19392, 17304],[19392, 17312],[19296, 17312],[19296, 17320],[19248, 17352],[19232, 17376],[19232, 17400],[19216, 17408],[19191, 17450],[19182, 17484],[19195, 17539],[19268, 17657],[19304, 17797],[19184, 17552],[19176, 17528],[19112, 17456],[19056, 17440],[19032, 17416],[19032, 17400],[19011, 17392],[18954, 17336],[18952, 17320],[18912, 17288],[18895, 17254],[18824, 17187],[18801, 17160],[18669, 17158],[18611, 17163],[18589, 17171],[18538, 17164],[18517, 17171],[18490, 17202],[18472, 17254],[18468, 17343],[18494, 17387],[18558, 17448],[18630, 17471],[18646, 17490],[18698, 17520],[18735, 17520],[18753, 17537],[18757, 17560],[18804, 17584],[18818, 17602],[18921, 17706],[18966, 17758],[19008, 17816],[19048, 17824],[19104, 17888],[19112, 17904],[19160, 17904],[19192, 17960],[19208, 17960],[19216, 18000],[19232, 18016],[19232, 18040],[19168, 18072],[19144, 18072],[19136, 18056],[19136, 18008],[19104, 17984],[19088, 17936],[19040, 17880],[19024, 17880],[18992, 17832],[18944, 17816],[18920, 17784],[18896, 17768],[18832, 17744],[18816, 17720],[18744, 17680],[18704, 17672],[18648, 17672],[18648, 17664],[18600, 17664],[18600, 17656],[18552, 17656],[18488, 17696],[18488, 17712],[18464, 17728],[18456, 17768]]],[[[19376, 17168],[19376, 17224],[19408, 17256],[19408, 17288],[19540, 17323],[19563, 17358],[19552, 17512],[19576, 17464],[19576, 17400],[19584, 17368],[19568, 17344],[19504, 17224],[19432, 17200],[19392, 17160],[19376, 17168]]],[[[19488, 17576],[19512, 17616],[19544, 17608],[19544, 17568],[19509, 17537],[19488, 17576]]]]},"properties":{"objectType":"annotation","classification":{"name":"Tumor","color":[102, 77, 179]}}},{"type":"Feature","id":"6753a0ea-0998-4bf3-a9d4-a3647b816847","geometry":{"type":"Polygon","coordinates":[[[20552, 18280],[20584, 18336],[20648, 18344],[20695, 18308],[20728, 18168],[20688, 18144],[20576, 18192],[20552, 18280]]]},"properties":{"objectType":"annotation","classification":{"name":"Tumor","color":[102, 77, 179]}}},{"type":"Feature","id":"0807bf43-3c75-4b30-868e-faca44159ec4","geometry":{"type":"Polygon","coordinates":[[[20672, 18344],[20696, 18416],[20744, 18424],[20808, 18464],[20840, 18464],[20872, 18424],[20856, 18336],[20808, 18264],[20752, 18248],[20727, 18260],[20672, 18344]]]},"properties":{"objectType":"annotation","classification":{"name":"Tumor","color":[102, 77, 179]}}},{"type":"Feature","id":"6048f798-b4cf-4a54-a020-09deed43f770","geometry":{"type":"Polygon","coordinates":[[[19213, 22714],[19234, 22785],[19280, 22837],[19392, 22892],[19554, 22897],[19578, 22867],[19584, 22802],[19547, 22745],[19448, 22690],[19348, 22660],[19233, 22668],[19213, 22714]]]},"properties":{"objectType":"annotation","classification":{"name":"Tumor","color":[102, 77, 179]}}},{"type":"Feature","id":"dad2b4c0-51bb-48f9-a24d-36e651176079","geometry":{"type":"Polygon","coordinates":[[[17720, 22064],[17672, 22088],[17672, 22112],[17648, 22128],[17640, 22168],[17600, 22176],[17600, 22232],[17544, 22320],[17544, 22368],[17528, 22400],[17528, 22448],[17560, 22464],[17568, 22504],[17616, 22544],[17624, 22576],[17640, 22584],[17640, 22608],[17664, 22640],[17704, 22648],[17728, 22616],[17728, 22550.83],[17742, 22523],[17758, 22461],[17752, 22392],[17768, 22376],[17776, 22336],[17768, 22256],[17752, 22248],[17760, 22216],[17760, 22136],[17752, 22112],[17720, 22064]],[[17656, 22547.33],[17680, 22563.67],[17656, 22576],[17656, 22547.33]],[[17661.4, 22459.2],[17648, 22496],[17640, 22464],[17661.4, 22459.2]]]},"properties":{"objectType":"annotation","classification":{"name":"Tumor","color":[102, 77, 179]}}},{"type":"Feature","id":"4631bf4d-8a72-4b59-b83e-fd4fcc4e0d7a","geometry":{"type":"Polygon","coordinates":[[[18192, 22464],[18152, 22488],[18144, 22552],[18152, 22552],[18154, 22616],[18208, 22712],[18264, 22704],[18336, 22704],[18368, 22696],[18400, 22728],[18456, 22728],[18472, 22688],[18536, 22688],[18592, 22680],[18608, 22688],[18632, 22672],[18616, 22616],[18592, 22600],[18568, 22560],[18520, 22584],[18496, 22632],[18456, 22632],[18440, 22616],[18368, 22624],[18352, 22608],[18365, 22573],[18361, 22537],[18323, 22482],[18272, 22464],[18192, 22464]],[[18208, 22520],[18208, 22524.89],[18200, 22524],[18208, 22520]]]},"properties":{"objectType":"annotation","classification":{"name":"Tumor","color":[102, 77, 179]}}},{"type":"Feature","id":"cde48b23-cc29-4081-b70b-68f18c6264e6","geometry":{"type":"Polygon","coordinates":[[[19304, 23104],[19319, 23175],[19376, 23216],[19376, 23232],[19432, 23280],[19456, 23280],[19512, 23312],[19576, 23312],[19616, 23384],[19648, 23392],[19728, 23456],[19768, 23456],[19800, 23472],[19832, 23512],[19856, 23512],[19896, 23560],[19896, 23600],[19912, 23608],[19920, 23656],[19944, 23648],[19952, 23608],[19928, 23584],[19928, 23560],[19960, 23536],[19960, 23448],[19952, 23416],[19928, 23400],[19920, 23352],[19896, 23312],[19896, 23256],[19880, 23216],[19824, 23160],[19800, 23160],[19776, 23136],[19656, 23136],[19600, 23128],[19560, 23096],[19456, 23091.6],[19448, 23080],[19368, 23080],[19304, 23104]]]},"properties":{"objectType":"annotation","classification":{"name":"Tumor","color":[102, 77, 179]}}},{"type":"Feature","id":"9d893b51-5a5b-402f-b79d-1345220b4106","geometry":{"type":"Polygon","coordinates":[[[16296, 15237],[16320, 15267],[16352, 15288],[16392, 15288],[16446.5, 15256],[16488, 15248],[16504, 15216],[16504, 15176],[16544, 15112],[16544, 15072],[16520, 15040],[16456, 15040],[16456, 15047],[16384, 15056],[16356, 15083],[16352, 15104],[16336, 15107],[16328, 15139],[16310, 15149],[16306, 15187],[16312, 15217],[16296, 15237]]]},"properties":{"objectType":"annotation","classification":{"name":"Tumor","color":[102, 77, 179]}}},{"type":"Feature","id":"1b083ecf-80fb-466e-b349-1c29b3e323d4","geometry":{"type":"Polygon","coordinates":[[[15816, 15480],[15816, 15576],[15864, 15608],[15888, 15616],[15920, 15640],[15936, 15640],[15968, 15672],[16000, 15680],[16048, 15680],[16072, 15672],[16111, 15626],[16103, 15583],[16119, 15572],[16113, 15536],[16139, 15532],[16145, 15506],[16120, 15500],[16112, 15460.5],[16123, 15450],[16101, 15425],[16109, 15410],[16077.75, 15432],[16035, 15407],[16027, 15394],[15992, 15400],[15969, 15394],[15942, 15408],[15919, 15408],[15888, 15432],[15864, 15432],[15840, 15448],[15832, 15472],[15816, 15480]]]},"properties":{"objectType":"annotation","classification":{"name":"Tumor","color":[102, 77, 179]}}},{"type":"Feature","id":"7ade7fab-580d-4afa-bd64-d774edb9c617","geometry":{"type":"Polygon","coordinates":[[[17786, 15586],[17754, 15594],[17746, 15610],[17690, 15650],[17690, 15666],[17618, 15722],[17602, 15722],[17586, 15762],[17538, 15802],[17514, 15846],[17509, 15926],[17551, 15968],[17639, 15996],[17714, 15978],[17823, 15900],[17876, 15809],[17881, 15855],[17848, 15958],[17855, 16042],[17813, 16003],[17724, 15979],[17642, 16026],[17634, 16042],[17594, 16049],[17593, 16038],[17546, 16057],[17504, 16085],[17474, 16097],[17418, 16154],[17391, 16197],[17394, 16242],[17378, 16266],[17378, 16298],[17394, 16322],[17402, 16362],[17434, 16394],[17522, 16394],[17522, 16402],[17586, 16402],[17610, 16378],[17658, 16370],[17690, 16346],[17698, 16330],[17698, 16282],[17706, 16258],[17730, 16242],[17778, 16242],[17786, 16250],[17786, 16418],[17818, 16442],[17818, 16458],[17850, 16490],[17906, 16490],[17978, 16458],[18002, 16442],[18018, 16418],[18042, 16418],[18050, 16442],[18018, 16498],[17986, 16522],[17970, 16546],[17970, 16570],[17938, 16618],[17938, 16642],[17918, 16652],[17906, 16688],[17906, 16730],[17922, 16770],[17946, 16794],[17978, 16794],[18018, 16818],[18050, 16786],[18050, 16770],[18066, 16770],[18066, 16802],[18090, 16834],[18090, 16850],[18106, 16858],[18106, 16874],[18122, 16874],[18130, 16890],[18274, 16890],[18290, 16874],[18330, 16866],[18370, 16834],[18378, 16818],[18394, 16818],[18418, 16794],[18418, 16778],[18490, 16714],[18554, 16690],[18586, 16666],[18594, 16650],[18626, 16642],[18650, 16610],[18650, 16594],[18674, 16570],[18674, 16538],[18682, 16538],[18682, 16474],[18690, 16450],[18666, 16434],[18658, 16394],[18674, 16386],[18706, 16386],[18730, 16370],[18730, 16346],[18754, 16314],[18754, 16194],[18746, 16194],[18746, 16162],[18738, 16154],[18690, 16154],[18682, 16138],[18634, 16122],[18618, 16098],[18618, 16050],[18570, 16050],[18570, 16042],[18538, 16042],[18490, 16010],[18490, 15994],[18474, 15978],[18418, 15978],[18362, 15914],[18346, 15906],[18282, 15906],[18266, 15850],[18242, 15834],[18218, 15850],[18218, 15898],[18226, 15898],[18226, 15994],[18242, 16010],[18266, 16018],[18274, 16034],[18274, 16082],[18314, 16114],[18314, 16130],[18330, 16138],[18330, 16154],[18354, 16170],[18354, 16186],[18370, 16194],[18378, 16226],[18394, 16250],[18498, 16290],[18530, 16314],[18554, 16314],[18562, 16330],[18578, 16330],[18594, 16354],[18618, 16362],[18610, 16394],[18554, 16394],[18554, 16402],[18522, 16402],[18522, 16410],[18466, 16410],[18466, 16418],[18394, 16442],[18386, 16458],[18338, 16490],[18338, 16506],[18322, 16522],[18306, 16522],[18298, 16538],[18250, 16570],[18194, 16626],[18154, 16634],[18138, 16674],[18074, 16730],[18074, 16698],[18098, 16666],[18106, 16642],[18138, 16634],[18138, 16602],[18146, 16578],[18186, 16554],[18242, 16498],[18250, 16482],[18250, 16434],[18242, 16410],[18218, 16386],[18210, 16346],[18250, 16314],[18266, 16274],[18258, 16250],[18258, 16202],[18250, 16178],[18226, 16170],[18178, 16138],[18146, 16138],[18146, 16130],[18114, 16130],[18114, 16122],[18082, 16114],[18082, 16066],[18106, 16050],[18122, 16002],[18122, 15978],[18138, 15962],[18138, 15842],[18130, 15842],[18130, 15810],[18106, 15778],[18106, 15738],[18074, 15690],[18058, 15690],[18050, 15650],[18026, 15634],[18002, 15634],[17970, 15610],[17938, 15610],[17922, 15594],[17842, 15594],[17842, 15586],[17786, 15586]],[[17538, 15938],[17538, 15940],[17537, 15939],[17538, 15938]],[[17578, 16053],[17578, 16054],[17575, 16054],[17578, 16053]]]},"properties":{"objectType":"annotation","classification":{"name":"Tumor","color":[102, 77, 179]}}},{"type":"Feature","id":"65309a73-5e96-4dd3-8147-107aac48e6c7","geometry":{"type":"Polygon","coordinates":[[[15096, 13856],[15112, 13896],[15186, 13941],[15205, 13942],[15222, 13967],[15257, 13970],[15268, 13989],[15288, 13978],[15285, 14013],[15315, 14066],[15363, 14088],[15351, 14109],[15384, 14109],[15377, 14140],[15408, 14168],[15424, 14216],[15464, 14232],[15464, 14248],[15528, 14288],[15552, 14288],[15564, 14311],[15616, 14350],[15680, 14345],[15692, 14357],[15704, 14330],[15738, 14333],[15730, 14309],[15736, 14254],[15720, 14251],[15719, 14212],[15664, 14104],[15616, 14080],[15568, 14072],[15576, 14032],[15608, 14000],[15624, 13952],[15624, 13880],[15608, 13840],[15584, 13832],[15512, 13784],[15488, 13752],[15440, 13776],[15440, 13904],[15424, 13944],[15397.33, 13928],[15344, 13863.2],[15337, 13831],[15283, 13774],[15256, 13768],[15224, 13728],[15168, 13728],[15152, 13768],[15112, 13776],[15096, 13856]]]},"properties":{"objectType":"annotation","classification":{"name":"Tumor","color":[102, 77, 179]}}},{"type":"Feature","id":"a1d9f92c-5b52-485f-aea0-11b363e58d4e","geometry":{"type":"Polygon","coordinates":[[[14865, 13710],[14861, 13726],[14841, 13727],[14800, 13785],[14783, 13800],[14780, 13895],[14775, 13928],[14797, 13952.13],[14796, 13982],[14854, 14023],[14906, 14035],[14920, 14009],[14941, 14012],[14991, 13956],[14995, 13889],[14985, 13865],[14981, 13808],[14956, 13763],[14945, 13726],[14928, 13733],[14919, 13719],[14865, 13710]],[[14833, 14001],[14833, 14002],[14832, 14001],[14833, 14001]],[[14887, 14023],[14886, 14024],[14885, 14023],[14887, 14023]],[[14889.5, 14022],[14889, 14023],[14888, 14023],[14889.5, 14022]]]},"properties":{"objectType":"annotation","classification":{"name":"Tumor","color":[102, 77, 179]}}},{"type":"Feature","id":"ce715204-b935-42de-916e-b406276979fc","geometry":{"type":"Polygon","coordinates":[[[17088, 15040],[17088, 15144],[17152, 15216],[17200, 15224],[17240, 15208],[17288, 15160],[17304, 15120],[17304, 15048],[17272, 15000],[17217, 14969],[17160, 14960],[17104, 15000],[17088, 15040]]]},"properties":{"objectType":"annotation","classification":{"name":"Tumor","color":[102, 77, 179]}}},{"type":"Feature","id":"b0c16529-c4e3-43fe-8718-65f5c5d825e8","geometry":{"type":"Polygon","coordinates":[[[17096, 14792],[17104, 14872],[17152, 14904],[17176, 14936],[17264, 14968],[17352, 14968],[17384, 14936],[17408, 14880],[17384, 14800],[17336, 14776],[17304, 14744],[17256, 14744],[17232, 14760],[17152, 14776],[17136, 14792],[17096, 14792]]]},"properties":{"objectType":"annotation","classification":{"name":"Tumor","color":[102, 77, 179]}}},{"type":"Feature","id":"fe47fc5b-32c1-41a5-8f52-c57d29d3cac1","geometry":{"type":"Polygon","coordinates":[[[16432, 19376],[16432, 19592],[16456, 19656],[16488, 19688],[16512, 19752],[16560, 19800],[16624, 19800],[16680, 19768],[16728, 19680],[16728, 19600],[16624, 19352],[16592, 19312],[16504, 19312],[16432, 19376]]]},"properties":{"objectType":"annotation","classification":{"name":"Tumor","color":[102, 77, 179]}}},{"type":"Feature","id":"d8d9120b-823d-4348-9f36-abcc15607172","geometry":{"type":"MultiPolygon","coordinates":[[[[16867, 19378],[16866, 19390],[16768, 19392],[16716, 19417],[16702, 19480],[16720, 19584],[16784, 19616],[16798, 19638],[16835, 19645],[16897, 19631],[16913, 19640],[16992, 19528],[16992, 19456],[16957, 19407],[16913, 19384],[16867, 19378]],[[16904, 19624],[16903, 19625],[16898, 19624],[16904, 19624]]],[[[16785, 19627],[16786, 19629],[16789, 19628],[16785, 19627]]],[[[16790, 19629],[16789, 19630],[16791, 19630],[16790, 19629]]]]},"properties":{"objectType":"annotation","classification":{"name":"Tumor","color":[102, 77, 179]}}},{"type":"Feature","id":"dd02f0aa-b25e-4533-b802-a0f5646e272b","geometry":{"type":"Polygon","coordinates":[[[16906, 19666],[16910, 19728],[16974, 19776],[17056, 19752],[17094, 19682],[17080, 19600],[17024, 19552],[16933, 19613],[16906, 19666]]]},"properties":{"objectType":"annotation","classification":{"name":"Tumor","color":[102, 77, 179]}}},{"type":"Feature","id":"c5fef95d-2125-4ebe-83fc-b631fc467733","geometry":{"type":"Polygon","coordinates":[[[16845, 20838],[16845, 20859],[16855, 20886],[16867.67, 20903],[16879, 20938],[16888, 20952],[16923, 20985],[16944, 21000],[16944, 21016],[16960, 21016],[16960, 21024],[16976, 21024],[16976, 21032],[17024, 21032],[17024, 21024],[17040, 21024],[17056, 21008],[17056, 21000],[17096, 21000],[17096, 20992],[17112, 20992],[17112, 20984],[17128, 20984],[17128, 20976],[17144, 20976],[17152, 20968],[17152, 20952],[17168, 20944],[17168, 20928],[17176, 20928],[17176, 20912],[17216, 20880],[17216, 20864],[17224, 20864],[17224, 20832],[17232, 20832],[17232, 20792],[17240, 20792],[17240, 20752],[17248, 20752],[17248, 20688],[17240, 20688],[17240, 20672],[17248, 20672],[17248, 20568],[17240, 20568],[17240, 20544],[17208, 20520],[17208, 20504],[17216, 20504],[17216, 20432],[17224, 20432],[17224, 20416],[17232, 20416],[17232, 20400],[17240, 20400],[17240, 20360],[17248, 20360],[17248, 20344],[17272, 20328],[17272, 20312],[17280, 20312],[17280, 20296],[17296, 20288],[17296, 20272],[17312, 20272],[17320, 20288],[17336, 20288],[17352, 20312],[17360, 20312],[17367, 20334],[17380, 20347],[17415, 20354],[17432, 20347],[17445, 20334],[17456, 20312],[17472, 20312],[17472, 20296],[17480, 20296],[17480, 20280],[17488, 20280],[17488, 20256],[17496, 20256],[17496, 20240],[17504, 20240],[17504, 20208],[17512, 20208],[17512, 20120],[17504, 20120],[17504, 20104],[17478, 20070],[17457.75, 20057.5],[17424.11, 20022.08],[17434, 19983],[17429.24, 19955.18],[17438, 19908],[17455, 19851],[17452, 19821.25],[17458, 19787],[17460, 19719],[17473, 19688],[17472, 19657],[17465, 19657],[17424, 19621],[17409, 19601],[17392, 19594],[17384, 19573],[17361, 19567],[17360, 19560],[17336, 19557],[17318, 19571],[17312, 19592],[17262, 19597],[17233, 19619],[17223, 19643],[17189, 19652],[17165.86, 19679],[17155, 19675],[17161.43, 19689],[17141, 19707],[17130, 19727],[17130, 19751],[17123, 19792],[17109, 19788],[17113, 19772],[17106, 19758],[17107, 19740],[17086, 19758],[17088, 19765],[17062, 19775],[17058, 19784],[17083, 19787],[17081, 19800],[17054, 19828],[17041, 19828],[17030, 19844],[17034, 19862],[17057.67, 19859.33],[17022, 19906],[16996, 19955],[16995, 19970.17],[16973, 20015],[16956, 20077],[16956, 20098.5],[16943, 20131],[16937, 20174],[16925, 20211],[16923, 20269],[16925, 20309],[16922, 20352],[16936, 20385],[16952, 20397],[16952, 20424],[16960, 20424],[16960, 20448],[16968, 20448],[16968, 20464],[17000, 20488],[17000, 20504],[17016, 20512],[17016, 20528],[17008, 20536],[16976, 20536],[16952, 20544],[16944, 20558],[16888, 20593],[16859, 20640],[16849, 20706],[16849, 20731],[16861, 20754],[16869.68, 20759.96],[16863, 20791],[16845, 20838]]]},"properties":{"objectType":"annotation","classification":{"name":"Tumor","color":[102, 77, 179]}}},{"type":"Feature","id":"e513e1ca-b7fb-42e7-b4a1-87bf1d66d5c8","geometry":{"type":"Polygon","coordinates":[[[17608, 20992],[17624, 21072],[17622, 21156],[17656, 21232],[17704, 21272],[17720, 21336],[17760, 21368],[17800, 21368],[17848, 21312],[17848, 21208],[17864, 21200],[17864, 21056],[17832, 20952],[17768, 20880],[17696, 20864],[17632, 20920],[17632, 20960],[17608, 20992]]]},"properties":{"objectType":"annotation","classification":{"name":"Tumor","color":[102, 77, 179]}}},{"type":"Feature","id":"9e1f067d-7ede-4076-b974-db715ad2e40c","geometry":{"type":"Polygon","coordinates":[[[18904, 21008],[18904, 21064],[18928, 21120],[18984, 21168],[19040, 21168],[19064, 21144],[19144, 21144],[19184, 21112],[19248, 21104],[19320, 21064],[19416, 21040],[19488, 20984],[19496, 20960],[19496, 20880],[19440, 20800],[19416, 20792],[19168, 20792],[19168, 20800],[19080, 20824],[19008, 20856],[18952, 20904],[18920, 20952],[18920, 20992],[18904, 21008]]]},"properties":{"objectType":"annotation","classification":{"name":"Tumor","color":[102, 77, 179]}}},{"type":"Feature","id":"1980318b-2f09-4375-a9e1-13e3fba086c0","geometry":{"type":"Polygon","coordinates":[[[18690, 21207],[18675, 21221],[18663, 21213],[18622, 21228],[18629, 21243],[18616, 21240],[18560, 21240],[18560, 21248],[18541, 21245],[18523, 21249],[18492, 21267],[18446, 21313],[18432, 21322],[18448, 21298],[18438, 21295],[18437, 21309],[18417, 21321],[18395, 21361],[18400, 21365],[18408, 21345],[18419, 21333],[18429, 21349],[18401, 21376],[18393, 21398],[18381, 21409],[18382, 21418],[18368, 21423],[18376, 21432],[18352, 21448],[18352, 21472],[18336, 21488],[18320, 21488],[18320, 21496],[18296, 21496],[18296, 21504],[18280, 21512],[18280, 21560],[18288, 21560],[18288, 21592],[18280, 21592],[18280, 21648],[18296, 21656],[18296, 21672],[18304, 21680],[18320, 21680],[18336, 21704],[18352, 21704],[18352, 21712],[18400, 21712],[18400, 21704],[18416, 21704],[18416, 21696],[18432, 21696],[18440, 21688],[18440, 21672],[18448, 21672],[18448, 21648],[18456, 21648],[18456, 21576],[18480, 21576],[18512, 21600],[18528, 21600],[18532, 21617],[18544, 21609],[18551, 21624],[18561, 21619],[18569, 21632],[18600, 21640],[18704, 21640],[18720, 21624],[18720, 21616],[18736, 21616],[18736, 21608],[18752, 21608],[18752, 21600],[18784, 21600],[18787, 21592],[18808, 21592],[18848, 21552],[18848, 21538],[18859, 21531],[18860, 21515],[18884, 21494],[18885, 21506],[18895, 21495],[18897, 21476],[18890, 21464],[18903, 21460],[18902, 21430],[18891, 21417],[18896, 21410],[18892, 21383],[18886, 21377],[18905, 21352],[18899, 21344],[18887, 21347],[18889, 21358],[18878, 21352],[18885, 21331],[18883, 21321],[18864, 21298],[18871, 21291],[18854, 21273],[18829, 21260],[18811, 21257],[18799, 21245],[18772, 21246],[18756, 21235],[18719, 21233],[18703, 21225],[18690, 21207]],[[18817, 21261],[18819, 21262],[18818, 21264],[18817, 21261]],[[18397, 21406],[18401, 21416],[18392, 21416],[18397, 21406]]]},"properties":{"objectType":"annotation","classification":{"name":"Tumor","color":[102, 77, 179]}}},{"type":"Feature","id":"ea0c7034-9f78-4057-a908-759706c38423","geometry":{"type":"Polygon","coordinates":[[[19440, 21080],[19392, 21088],[19376, 21104],[19344, 21104],[19344, 21112],[19264, 21160],[19256, 21176],[19256, 21216],[19296, 21232],[19304, 21248],[19320, 21248],[19320, 21264],[19288, 21272],[19272, 21296],[19272, 21344],[19256, 21360],[19232, 21360],[19224, 21384],[19176, 21392],[19152, 21368],[19152, 21312],[19168, 21296],[19216, 21288],[19232, 21264],[19232, 21208],[19216, 21208],[19216, 21192],[19136, 21144],[19088, 21168],[19072, 21170],[19022, 21209],[19024, 21224],[18999, 21244],[18988, 21269],[18984, 21304],[18952, 21328],[18960, 21344],[18940, 21409],[18959, 21470],[19018, 21544],[19095, 21591],[18976, 21536],[18904, 21568],[18888, 21600],[18854, 21604],[18824, 21632],[18800, 21664],[18728, 21664],[18728, 21656],[18688, 21648],[18680, 21659.5],[18657, 21659],[18632, 21696],[18616, 21704],[18608, 21744],[18624, 21760],[18632, 21808],[18645, 21834],[18672, 21840],[18680, 21856],[18704, 21869],[18720, 21856],[18752, 21856],[18784, 21880],[18816, 21882],[18932, 21872],[18968, 21872],[18968, 21864],[19063, 21863],[19153, 21850],[19192, 21832],[19217, 21832],[19317, 21813],[19344, 21792],[19360, 21792],[19368, 21776],[19384, 21776],[19416, 21744],[19416, 21728],[19440, 21712],[19448, 21696],[19448, 21648],[19416, 21600],[19400, 21600],[19384, 21584],[19378.62, 21545.49],[19392, 21480],[19392, 21456],[19325, 21425],[19362, 21412],[19432, 21448],[19511, 21457],[19574, 21449],[19624, 21416],[19624, 21400],[19640, 21392],[19648, 21368],[19648, 21304],[19640, 21288],[19608, 21280],[19600, 21264],[19600, 21232],[19592, 21232],[19592, 21168],[19568, 21144],[19552, 21144],[19544, 21104],[19528, 21080],[19472, 21080],[19472, 21088],[19440, 21088],[19440, 21080]],[[19488, 21400],[19488, 21406.2],[19480.5, 21400],[19488, 21400]]]},"properties":{"objectType":"annotation","classification":{"name":"Tumor","color":[102, 77, 179]}}},{"type":"Feature","id":"ac49c504-07b9-4c65-a7e3-a6c94d0340c4","geometry":{"type":"Polygon","coordinates":[[[18000, 23928],[18000, 23976],[18008, 23976],[18008, 23984],[18016, 23984],[18016, 23976],[18024, 23976],[18024, 23968],[18032, 23968],[18032, 23904],[18072, 23904],[18072, 23896],[18096, 23896],[18096, 23888],[18104, 23888],[18104, 23880],[18112, 23880],[18112, 23816],[18120, 23816],[18120, 23808],[18160, 23808],[18160, 23816],[18168, 23816],[18168, 23832],[18176, 23832],[18176, 23848],[18184, 23848],[18184, 23856],[18192, 23856],[18192, 23968],[18200, 23968],[18200, 23976],[18208, 23976],[18208, 23984],[18224, 23984],[18224, 23992],[18248, 23992],[18248, 23984],[18264, 23984],[18264, 23976],[18272, 23976],[18272, 23968],[18280, 23968],[18280, 23944],[18288, 23944],[18288, 23928],[18296, 23928],[18296, 23912],[18304, 23912],[18304, 23904],[18312, 23904],[18312, 23896],[18320, 23896],[18320, 23888],[18328, 23888],[18328, 23880],[18344, 23872],[18328, 23872],[18328, 23864],[18320, 23864],[18320, 23856],[18312, 23856],[18312, 23848],[18304, 23848],[18304, 23840],[18296, 23840],[18296, 23832],[18288, 23832],[18288, 23824],[18280, 23824],[18280, 23816],[18272, 23816],[18272, 23808],[18264, 23808],[18264, 23800],[18256, 23800],[18256, 23792],[18248, 23792],[18248, 23784],[18240, 23784],[18240, 23776],[18232, 23776],[18232, 23760],[18224, 23760],[18224, 23752],[18216, 23752],[18216, 23728],[18208, 23728],[18208, 23704],[18224, 23704],[18224, 23712],[18240, 23712],[18240, 23720],[18280, 23720],[18280, 23712],[18288, 23712],[18288, 23704],[18296, 23704],[18296, 23696],[18304, 23696],[18304, 23656],[18296, 23656],[18296, 23640],[18280, 23640],[18280, 23632],[18272, 23632],[18272, 23624],[18240, 23624],[18240, 23632],[18224, 23632],[18224, 23640],[18216, 23640],[18216, 23648],[18208, 23648],[18208, 23664],[18200, 23664],[18200, 23672],[18176, 23672],[18176, 23664],[18168, 23664],[18168, 23656],[18160, 23656],[18160, 23648],[18152, 23648],[18152, 23640],[18128, 23640],[18128, 23648],[18120, 23648],[18120, 23656],[18112, 23656],[18112, 23664],[18104, 23664],[18104, 23672],[18096, 23672],[18096, 23696],[18088, 23696],[18088, 23720],[18080, 23720],[18080, 23728],[18072, 23728],[18072, 23744],[18064, 23744],[18064, 23752],[18056, 23752],[18056, 23824],[18048, 23824],[18048, 23832],[18040, 23832],[18040, 23840],[18032, 23840],[18032, 23872],[18024, 23872],[18024, 23888],[18032, 23888],[18032, 23896],[18024, 23896],[18024, 23904],[18016, 23904],[18016, 23912],[18008, 23912],[18008, 23928],[18000, 23928]]]},"properties":{"objectType":"annotation","classification":{"name":"Ignore*","color":[180, 180, 180]}}},{"type":"Feature","id":"b72d2688-b044-4edf-b1cc-fed9dab518e0","geometry":{"type":"Polygon","coordinates":[[[18344, 23856],[18352, 23936],[18384, 23992],[18472, 23992],[18528, 23936],[18552, 23832],[18520, 23792],[18440, 23768],[18344, 23856]]]},"properties":{"objectType":"annotation","classification":{"name":"Tumor","color":[102, 77, 179]}}},{"type":"Feature","id":"8f1725a0-cbb4-4137-92f9-bddcc99573a8","geometry":{"type":"Polygon","coordinates":[[[16856, 24526],[16856, 24574],[16880, 24614],[16914, 24623],[16968, 24598],[16998, 24560],[16990, 24510],[16896, 24494],[16856, 24526]]]},"properties":{"objectType":"annotation","classification":{"name":"Tumor","color":[102, 77, 179]}}},{"type":"Feature","id":"820c9659-b1bb-4c2b-a5a3-e6d0132606e8","geometry":{"type":"Polygon","coordinates":[[[16968, 24726],[16968, 24814],[16992, 24862],[17040, 24894],[17096, 24894],[17128, 24870],[17136, 24830],[17160, 24798],[17224, 24750],[17216, 24670],[17232, 24654],[17216, 24614],[17184, 24606],[17184, 24574],[17232, 24542],[17256, 24502],[17256, 24478],[17288, 24454],[17304, 24406],[17296, 24358],[17280, 24342],[17232, 24358],[17200, 24358],[17144, 24414],[17112, 24414],[17096, 24398],[17104, 24374],[17144, 24374],[17184, 24326],[17192, 24270],[17168, 24246],[17112, 24254],[17106, 24289],[17072, 24382],[17080, 24398],[17040, 24470],[17024, 24470],[17018, 24517],[16984, 24606],[16992, 24606],[16992, 24686],[16968, 24726]]]},"properties":{"objectType":"annotation","classification":{"name":"Tumor","color":[102, 77, 179]}}},{"type":"Feature","id":"28f1804f-e197-4ad5-9459-85a7ac7d1f89","geometry":{"type":"Polygon","coordinates":[[[16726, 24283],[16730, 24319],[16760, 24352],[16856, 24424],[16904, 24424],[17016, 24384],[17040, 24360],[17040, 24328],[17096, 24264],[17096, 24224],[17163, 24116],[17232, 24072],[17280, 24072],[17280, 24120],[17328, 24160],[17336, 24224],[17376, 24264],[17392, 24304],[17488, 24336],[17544, 24288],[17576, 24240],[17576, 24200],[17560, 24184],[17576, 24136],[17568, 24064],[17536, 24000],[17490, 23984],[17432, 23920],[17400, 23928.75],[17351, 23911],[17248, 23920],[17192, 23968],[17098, 23950],[17026, 23993],[16974, 24053],[16965, 24081],[16912, 24136],[16856, 24152],[16767, 24233],[16726, 24283]]]},"properties":{"objectType":"annotation","classification":{"name":"Tumor","color":[102, 77, 179]}}},{"type":"Feature","id":"0754731d-3575-4ac9-97ed-efe5565821f2","geometry":{"type":"Polygon","coordinates":[[[16424, 23304],[16424, 23344],[16448, 23368],[16456, 23432],[16520, 23472],[16544, 23504],[16640, 23504],[16640, 23488],[16680, 23464],[16728, 23408],[16720, 23360],[16688, 23304],[16640, 23280],[16568, 23256],[16560, 23240],[16496, 23232],[16442, 23276],[16440, 23304],[16424, 23304]]]},"properties":{"objectType":"annotation","classification":{"name":"Tumor","color":[102, 77, 179]}}},{"type":"Feature","id":"8c098330-2c46-4e45-8abc-79cc61d5a0f3","geometry":{"type":"Polygon","coordinates":[[[16758, 23529],[16814, 23569],[16838, 23569],[16878, 23505],[16870, 23449],[16846, 23425],[16774, 23457],[16758, 23529]]]},"properties":{"objectType":"annotation","classification":{"name":"Tumor","color":[102, 77, 179]}}},{"type":"Feature","id":"7c4aafec-0f2f-4351-93b9-dc685695af5d","geometry":{"type":"Polygon","coordinates":[[[16305, 23971],[16309, 24000],[16340, 24044],[16356, 24044],[16380, 24076],[16444, 24092],[16476, 24140],[16500, 24156],[16500, 24172],[16564, 24212],[16564, 24220],[16612, 24220],[16653, 24178],[16659, 24117],[16624, 24053],[16580, 24011],[16581, 23960],[16540, 23865],[16537, 23835],[16560, 23846],[16577, 23885],[16589, 23954],[16611, 24025],[16683, 24081],[16738, 24088],[16812, 24044],[16876, 23980],[16876, 23932],[16884, 23932],[16884, 23884],[16876, 23884],[16868, 23836],[16852, 23828],[16812, 23764],[16780, 23748],[16724, 23772],[16700, 23764],[16700, 23692],[16684, 23660],[16650, 23650],[16684, 23612],[16692, 23556],[16676, 23532],[16644, 23524],[16636, 23508],[16556, 23532],[16508, 23564],[16500, 23612],[16468, 23652],[16460, 23692],[16470, 23769],[16452, 23764],[16436, 23780],[16372, 23820],[16372, 23836],[16340, 23876],[16305, 23971]]]},"properties":{"objectType":"annotation","classification":{"name":"Tumor","color":[102, 77, 179]}}},{"type":"Feature","id":"ca3d302a-5fd6-4ec5-a9aa-25873fb8b0b9","geometry":{"type":"MultiPolygon","coordinates":[[[[16340, 22717],[16344, 22740],[16308, 22737],[16302, 22732],[16278, 22739],[16250, 22735],[16253, 22719],[16225, 22735],[16206, 22764],[16198, 22752],[16186, 22767],[16168, 22778],[16157, 22819],[16144, 22847],[16155, 22854],[16149, 22865],[16149, 22893],[16140, 22894],[16129, 22916],[16128, 22932],[16147, 22936],[16149, 22959],[16159, 22945.5],[16161, 22960],[16189, 22967],[16176, 22983],[16216, 22984],[16216, 23000],[16280, 23040],[16280, 23032],[16304, 23032],[16376, 22960],[16384, 22936],[16408, 22936],[16408, 22928],[16448, 22928],[16464, 22920],[16472, 22904],[16488, 22904],[16496, 22888],[16512, 22888],[16520, 22872],[16536, 22872],[16560, 22848],[16560, 22824],[16552, 22808],[16528, 22800],[16512, 22784],[16440, 22784],[16424, 22768],[16400, 22768],[16400, 22760],[16369.5, 22760],[16376, 22750],[16352, 22753],[16360, 22746],[16348, 22735],[16340, 22717]],[[16192, 22816],[16192, 22822],[16188, 22819],[16192, 22816]],[[16176, 22834.67],[16176, 22839],[16175, 22838],[16176, 22834.67]],[[16212, 22906],[16210, 22920],[16202, 22914],[16212, 22906]],[[16167, 22892],[16168, 22900],[16167, 22900],[16167, 22892]],[[16152, 22848],[16151, 22849],[16151, 22848],[16152, 22848]],[[16195, 22758],[16192, 22762],[16192, 22760],[16195, 22758]],[[16179, 22814],[16186, 22820],[16180, 22820],[16179, 22814]],[[16178, 22808],[16178, 22809],[16177, 22810],[16178, 22808]],[[16179, 22830],[16179, 22831],[16178, 22832],[16179, 22830]],[[16179, 22824],[16179, 22826],[16178, 22825],[16179, 22824]],[[16238, 22896],[16248, 22914],[16234, 22921],[16238, 22896]],[[16341, 22760],[16345, 22768],[16334, 22768],[16341, 22760]],[[16237, 22896],[16233, 22902],[16232, 22896],[16237, 22896]],[[16196, 22756],[16196, 22757],[16195, 22757],[16196, 22756]],[[16178, 22812],[16178, 22814],[16177, 22813],[16178, 22812]],[[16168, 22859],[16162, 22878],[16160, 22864],[16168, 22859]],[[16187, 22822],[16187, 22823],[16186, 22822],[16187, 22822]]],[[[16176, 22985],[16174, 22988],[16176, 22989],[16176, 22985]]]]},"properties":{"objectType":"annotation","classification":{"name":"Tumor","color":[102, 77, 179]}}},{"type":"Feature","id":"0bfa5c40-8b55-4211-87d8-e0f1e29f7c0d","geometry":{"type":"Polygon","coordinates":[[[17632, 23112],[17632, 23176],[17648, 23200],[17697, 23191],[17726, 23152],[17720, 23096],[17656, 23088],[17632, 23112]]]},"properties":{"objectType":"annotation","classification":{"name":"Tumor","color":[102, 77, 179]}}},{"type":"Feature","id":"1773772b-36ac-4834-baf1-18a24c7ce03d","geometry":{"type":"Polygon","coordinates":[[[17800, 22920],[17760, 22944],[17717, 23037],[17763, 23154],[17744, 23181],[17640, 23232],[17600, 23328],[17608, 23424],[17624, 23440],[17704, 23432],[17728, 23464],[17792, 23480],[17824, 23408],[17816, 23280],[17840, 23200],[17888, 23160],[17880, 23016],[17856, 22960],[17800, 22920]],[[17742, 22986],[17741, 22986.5],[17741, 22986],[17742, 22986]]]},"properties":{"objectType":"annotation","classification":{"name":"Tumor","color":[102, 77, 179]}}},{"type":"Feature","id":"143b8b17-e729-43b7-ad12-d6af2db9d9c1","geometry":{"type":"MultiPolygon","coordinates":[[[[17322, 23316],[17301, 23328],[17292, 23348],[17280, 23344],[17253, 23383],[17248, 23436],[17264, 23450],[17270.86, 23466.29],[17272, 23464],[17272, 23469],[17280, 23488],[17312, 23488],[17368, 23448],[17384, 23416],[17384, 23384],[17363, 23352],[17362, 23330],[17322, 23316]],[[17334, 23323],[17334, 23326],[17333, 23325],[17334, 23323]],[[17378, 23383],[17378, 23384],[17377, 23384],[17378, 23383]],[[17353, 23333],[17358, 23340],[17352, 23339],[17353, 23333]]],[[[17272, 23469],[17270.86, 23466.29],[17269, 23470],[17272, 23474],[17272, 23469]]]]},"properties":{"objectType":"annotation","classification":{"name":"Tumor","color":[102, 77, 179]}}},{"type":"Feature","id":"92707300-e64e-46d5-b642-43f58d4be1d9","geometry":{"type":"Polygon","coordinates":[[[18312, 22776],[18280, 22787],[18260, 22790],[18234, 22810.5],[18216, 22820.4],[18162, 22864],[18130, 22884.25],[18114, 22901],[18106.2, 22928],[18094, 22936],[18086, 22929],[18088, 22944],[18080, 22944],[18080, 22960.67],[18057, 22984],[18043, 23008],[18040, 23048],[18048, 23048],[18048, 23064],[18056, 23072],[18072, 23072],[18072, 23080],[18088, 23080],[18088, 23088],[18120, 23088],[18120, 23080],[18168, 23080],[18184, 23108],[18163, 23124],[18161, 23136],[18144, 23144],[18144, 23173.67],[18131, 23197],[18116, 23245],[18116, 23263],[18129, 23315],[18141.78, 23328.66],[18141, 23355],[18150, 23386],[18165, 23410],[18200, 23441],[18228, 23457],[18255, 23465],[18272, 23464],[18280, 23480],[18296, 23480],[18304, 23496],[18408, 23496],[18432, 23472],[18432, 23456],[18440, 23456],[18440, 23440],[18456, 23432],[18456, 23416],[18472, 23408],[18472, 23392],[18496, 23376],[18496, 23352],[18504, 23352],[18504, 23336],[18512, 23336],[18512, 23320],[18544, 23296],[18544, 23264],[18576, 23240],[18576, 23224],[18584, 23224],[18584, 23200],[18592, 23200],[18592, 23128],[18584, 23128],[18584, 23112],[18544, 23080],[18544, 23064],[18536, 23064],[18536, 23008],[18528, 23008],[18528, 22992],[18512, 22992],[18504, 22976],[18480, 22976],[18472, 22960],[18456, 22960],[18456, 22952],[18440, 22952],[18440, 22944],[18408, 22944],[18408, 22952],[18392, 22952],[18392, 22960],[18364, 22961],[18336, 22957],[18338.5, 22938],[18349.5, 22915.5],[18372, 22894],[18410, 22849],[18414, 22840],[18410, 22816],[18399, 22807],[18349.77, 22791.69],[18327, 22776],[18312, 22776]],[[18182, 23006],[18183, 23007],[18181, 23007],[18182, 23006]],[[18192, 23008],[18192, 23009],[18190, 23008],[18192, 23008]],[[18153, 22971],[18155, 22972],[18155, 22977],[18153, 22971]],[[18149, 22983],[18148, 22984],[18144, 22983],[18149, 22983]],[[18290, 22928],[18288, 22945],[18288, 22928],[18290, 22928]],[[18153, 22979],[18153, 22980],[18149, 22983],[18153, 22979]],[[18187, 23007],[18188, 23008],[18185, 23008],[18187, 23007]],[[18170, 23005],[18192, 23010],[18179, 23018],[18170, 23005]],[[18192, 23020],[18192, 23023],[18182, 23023],[18192, 23020]]]},"properties":{"objectType":"annotation","classification":{"name":"Tumor","color":[102, 77, 179]}}},{"type":"Feature","id":"a9c8920e-eb77-4fee-b8ec-aabb72205f69","geometry":{"type":"Polygon","coordinates":[[[19423, 20296],[19479, 20328],[19511, 20296],[19511, 20272],[19480, 20230],[19439, 20232],[19423, 20296]]]},"properties":{"objectType":"annotation","classification":{"name":"Tumor","color":[102, 77, 179]}}},{"type":"Feature","id":"7a359539-c1e2-4137-b895-0b7da0290ae7","geometry":{"type":"Polygon","coordinates":[[[19411, 20136],[19438, 20187],[19470, 20206],[19543, 20202],[19566, 20164],[19552, 20131],[19480, 20076],[19415, 20098],[19411, 20136]]]},"properties":{"objectType":"annotation","classification":{"name":"Tumor","color":[102, 77, 179]}}},{"type":"Feature","id":"0092fed1-327d-450a-b7b7-430b44725700","geometry":{"type":"Polygon","coordinates":[[[20336, 20144],[20336, 20216],[20392, 20264],[20432, 20264],[20480, 20232],[20488, 20208],[20504, 20208],[20536, 20168],[20528, 20104],[20504, 20080],[20504, 20064],[20468, 20056],[20416, 20064],[20352, 20104],[20336, 20144]]]},"properties":{"objectType":"annotation","classification":{"name":"Tumor","color":[102, 77, 179]}}},{"type":"Feature","id":"e6d5431d-5e78-446a-8234-3429c21242eb","geometry":{"type":"Polygon","coordinates":[[[19960, 19768],[19960, 19816],[19984, 19856],[20120, 19840],[20160, 19872],[20160, 19912],[20104, 20000],[20096, 20056],[20080, 20072],[20080, 20120],[20136, 20160],[20192, 20152],[20185, 20174],[20136, 20184],[20096, 20216],[20096, 20272],[20112, 20304],[20144, 20320],[20192, 20320],[20296, 20280],[20320, 20232],[20312, 20192],[20288, 20176],[20272, 20072],[20296, 20032],[20296, 19964],[20309, 19935],[20344, 19919],[20352, 20008],[20400, 20048],[20468, 20056],[20504, 20048],[20544, 20008],[20544, 19944],[20496, 19896],[20424, 19864],[20424, 19832],[20504, 19832],[20544, 19808],[20584, 19808],[20640, 19784],[20672, 19728],[20664, 19616],[20592, 19544],[20552, 19520],[20464, 19520],[20392, 19432],[20312, 19432],[20288, 19464],[20288, 19520],[20312, 19576],[20352, 19608],[20352, 19656],[20312, 19680],[20264, 19688],[20216, 19680],[20216, 19568],[20192, 19528],[20104, 19568],[20096, 19624],[20056, 19664],[20024, 19664],[19960, 19768]]]},"properties":{"objectType":"annotation","classification":{"name":"Tumor","color":[102, 77, 179]}}},{"type":"Feature","id":"e0bef9b7-f67d-4d0a-81c8-83f7a634db2d","geometry":{"type":"Polygon","coordinates":[[[19056, 22144],[19056, 22160],[19080, 22160],[19080, 22152],[19104, 22152],[19120, 22120],[19104, 22120],[19104, 22128],[19088, 22128],[19088, 22136],[19080, 22136],[19080, 22144],[19056, 22144]]]},"properties":{"objectType":"annotation"}},{"type":"Feature","id":"027e58d2-25aa-4d79-9dd8-473e5fd9309c","geometry":{"type":"Polygon","coordinates":[[[20064, 20960],[20000, 20976],[19968, 21000],[19920, 21024],[19920, 21048],[19896, 21080],[19896, 21103],[19861, 21146],[19869, 21171],[19863, 21210],[19853, 21226],[19878, 21229],[19873, 21240],[19839, 21239],[19840, 21264],[19853, 21281],[19884, 21288],[19876, 21273],[19904, 21283],[19904, 21328],[19888, 21344],[19880, 21392],[19848, 21432],[19832, 21432],[19768, 21496],[19728, 21520],[19712, 21544],[19712, 21568],[19688, 21592],[19688, 21656],[19704, 21680],[19792, 21728],[19888, 21728],[19936, 21704],[19984, 21656],[19984, 21640],[20024, 21608],[20032, 21552],[20048, 21536],[20048, 21424],[20056, 21424],[20056, 21360],[20040, 21336],[20040, 21304],[20088, 21304],[20112, 21288],[20112, 21272],[20152, 21240],[20184, 21136],[20184, 21056],[20176, 21056],[20152, 21016],[20136, 21016],[20104, 20976],[20064, 20960]],[[19904, 21270],[19904, 21272],[19903, 21271],[19904, 21270]],[[19853, 21258],[19857, 21279],[19844, 21268],[19853, 21258]]]},"properties":{"objectType":"annotation","classification":{"name":"Tumor","color":[102, 77, 179]}}},{"type":"Feature","id":"3c2148a1-648f-40ca-b4ec-b0d0dc1078f9","geometry":{"type":"Polygon","coordinates":[[[19584, 21000],[19584, 21048],[19616, 21120],[19664, 21160],[19752, 21176],[19816, 21152],[19872, 21072],[19880, 20992],[19824, 20912],[19760, 20880],[19688, 20880],[19608, 20936],[19584, 21000]]]},"properties":{"objectType":"annotation","classification":{"name":"Tumor","color":[102, 77, 179]}}},{"type":"Feature","id":"bc87d936-9f6b-4b1f-b385-222e681569f3","geometry":{"type":"Polygon","coordinates":[[[19080, 22248],[19088, 22256],[19112, 22256],[19112, 22272],[19128, 22288],[19155, 22288],[19181.5, 22312],[19283, 22362],[19296, 22380.67],[19288, 22392],[19288, 22416],[19280, 22416],[19280, 22456],[19286, 22456],[19288, 22482],[19281, 22495],[19282, 22514],[19295.5, 22511],[19294, 22525],[19302, 22552],[19298, 22558],[19313, 22573],[19327, 22600],[19346, 22612],[19355.5, 22653.5],[19343, 22661],[19346, 22672],[19359, 22669],[19354, 22684],[19365, 22695],[19364, 22678],[19380, 22683],[19397, 22708],[19396, 22693],[19411, 22688],[19432, 22693],[19435, 22706],[19465, 22727],[19477, 22711],[19500, 22710],[19600, 22745],[19624.75, 22763],[19652, 22794],[19683, 22810],[19696, 22812],[19710, 22827],[19741, 22841],[19746, 22861],[19763, 22872],[19755, 22859],[19758, 22836],[19776, 22838],[19778, 22860],[19827, 22905],[19847, 22927],[19852, 22954],[19877, 22970],[19883, 22963],[19905, 22986],[19922, 22977],[19927, 22992],[19966, 23044],[19993, 23048],[19986, 23063],[20001, 23055],[20020, 23056],[19999, 23074],[20014, 23089],[20028, 23092],[20045, 23109],[20076, 23122],[20075, 23110.4],[20109, 23112],[20114, 23120],[20131, 23117],[20147, 23104],[20158, 23080],[20184, 23080],[20200, 23072],[20248, 23024],[20248, 22984],[20240, 22968],[20208, 22944],[20208, 22888],[20200, 22888],[20176, 22848],[20152, 22848],[20136, 22832],[20128, 22800],[20072, 22800],[20056, 22808],[20056, 22784],[20048, 22768],[20016, 22744],[19987, 22744],[19959, 22715],[19959, 22696],[19977, 22698],[19978, 22677],[19969, 22672],[19949.2, 22678],[19943, 22662],[19926, 22655],[19923, 22671],[19907, 22662],[19910, 22648],[19896, 22614],[19873.25, 22620],[19849, 22585],[19849, 22577],[19824, 22578],[19824, 22568],[19856, 22560],[19856, 22520],[19840, 22520],[19816, 22488],[19816, 22464],[19800, 22448],[19768, 22448],[19768, 22456],[19728, 22456],[19712, 22440],[19664, 22440],[19589.25, 22410.5],[19544, 22384],[19544, 22368],[19512, 22344],[19504, 22328],[19524, 22292],[19553, 22268],[19575, 22224],[19600, 22224],[19601, 22192],[19624, 22192],[19640, 22200],[19648, 22192],[19648, 22160],[19656, 22160],[19656, 22112],[19664, 22112],[19664, 22080],[19680, 22064],[19704, 22064],[19744, 22024],[19752, 22008],[19752, 21984],[19760, 21984],[19760, 21960],[19768, 21960],[19768, 21904],[19776, 21904],[19776, 21880],[19736, 21880],[19736, 21896],[19720, 21912],[19688, 21904],[19680, 21928],[19672, 21928],[19672, 22000],[19656, 22032],[19632, 22056],[19616, 22064],[19592, 22064],[19592, 22088],[19600, 22104],[19568, 22120],[19544, 22120],[19544, 22128],[19488, 22128],[19488, 22120],[19440, 22120],[19440, 22128],[19416, 22128],[19416, 22136],[19384, 22136],[19384, 22144],[19360, 22128],[19344, 22080],[19328, 22088],[19304, 22056],[19288, 22064],[19280, 22040],[19256, 22048],[19256, 22072],[19208, 22072],[19200, 22064],[19200, 22040],[19192, 22040],[19192, 22064],[19184, 22072],[19144, 22072],[19136, 22088],[19120, 22088],[19121, 22138],[19094, 22174],[19092, 22208],[19080, 22248]]]},"properties":{"objectType":"annotation","classification":{"name":"Tumor","color":[102, 77, 179]}}},{"type":"Feature","id":"06e1072e-8432-432b-b59b-d359cadb4308","geometry":{"type":"Polygon","coordinates":[[[21952, 23408],[21952, 23488],[21968, 23512],[22032, 23512],[22080, 23552],[22120, 23552],[22128, 23576],[22088, 23600],[22088, 23632],[22136, 23672],[22144, 23704],[22168, 23728],[22168, 23776],[22200, 23824],[22224, 23824],[22248, 23784],[22248, 23712],[22256, 23696],[22296, 23672],[22296, 23816],[22288, 23856],[22304, 23880],[22352, 23880],[22408, 23856],[22424, 23840],[22448, 23768],[22448, 23744],[22432, 23728],[22448, 23656],[22448, 23568],[22440, 23568],[22424, 23512],[22384, 23520],[22336, 23552],[22336, 23568],[22312, 23576],[22304, 23560],[22304, 23496],[22312, 23496],[22312, 23440],[22320, 23400],[22296, 23384],[22224, 23384],[22192, 23392],[22168, 23376],[22088, 23376],[22064, 23360],[22016, 23360],[21968, 23384],[21952, 23408]]]},"properties":{"objectType":"annotation","classification":{"name":"Tumor","color":[102, 77, 179]}}}]}