{"type":"FeatureCollection","features":[{"type":"Feature","id":"12e639b9-1912-47fd-a006-33c8762f6016","geometry":{"type":"Polygon","coordinates":[[[9449, 22900],[9449, 24354],[11515, 25790],[11515, 25809],[11554, 25828],[12644, 26574],[13697, 27856],[15859, 29292],[17103, 30421],[17888, 30191],[18251, 30382],[18768, 30880],[18787, 30880],[18806, 30899],[18825, 30918],[18921, 30957],[20682, 31837],[20701, 31837],[20739, 31856],[20777, 31875],[22921, 32698],[23380, 33291],[23131, 33655],[23055, 34420],[23074, 34420],[23074, 34439],[23093, 34459],[23169, 34535],[24184, 35301],[24203, 35301],[25600, 35741],[25619, 35741],[25657, 35760],[25695, 35779],[27016, 35894],[27054, 35894],[27073, 35875],[27628, 35167],[27647, 35167],[27647, 35147],[27992, 34669],[29163, 33885],[30423, 33757],[30809, 33230],[30809, 33217],[30924, 32369],[30924, 32356],[30937, 32356],[30950, 32343],[31323, 31919],[31683, 32060],[31451, 32433],[31451, 32947],[31451, 32960],[31451, 32973],[31336, 33423],[31181, 33963],[31361, 34130],[31387, 34130],[31901, 34181],[32351, 34322],[32364, 34322],[32647, 34091],[32647, 34078],[32659, 34078],[32659, 34065],[32724, 33795],[32826, 33795],[33109, 33783],[33173, 33783],[33521, 33873],[33546, 33873],[33546, 33847],[33559, 33834],[33572, 33808],[33816, 33204],[33700, 32600],[33315, 31957],[33315, 31945],[33315, 31932],[33341, 31932],[33353, 31919],[33379, 31919],[33893, 31713],[33958, 30801],[33302, 29927],[32904, 28886],[32891, 28860],[31914, 27883],[31901, 27870],[31901, 27857],[31888, 27857],[31901, 28217],[31554, 28371],[31528, 28371],[31528, 28346],[31168, 28050],[31156, 28050],[31156, 28037],[31156, 28024],[30950, 27317],[30500, 27009],[27030, 25351],[23971, 23924],[23958, 23911],[23932, 23911],[23932, 23899],[23906, 23886],[21657, 23050],[21104, 23757],[19819, 23063],[19189, 22151],[17263, 21190],[14929, 19907],[13780, 19295],[12919, 19314],[11955, 19647],[11075, 20202],[10597, 20680],[9449, 22900]]]},"properties":{"objectType":"annotation","isLocked":true}},{"type":"Feature","id":"15851a79-2a2d-4849-b59a-6305f84bdded","geometry":{"type":"Polygon","coordinates":[[[23136, 24176],[23184, 24256],[23216, 24216],[23288, 24224],[23296, 24128],[23264, 24088],[23144, 24096],[23136, 24176]]]},"properties":{"objectType":"annotation","classification":{"name":"Tumor","color":[102, 77, 179]}}},{"type":"Feature","id":"5897b75a-ef61-4b96-bab4-5e11af303d8c","geometry":{"type":"Polygon","coordinates":[[[13216, 26632],[13256, 26632],[13280, 26672],[13400, 26672],[13416, 26624],[13400, 26536],[13360, 26536],[13352, 26504],[13264, 26504],[13240, 26536],[13248, 26584],[13216, 26632]]]},"properties":{"objectType":"annotation","classification":{"name":"Tumor","color":[102, 77, 179]}}},{"type":"Feature","id":"233813c9-850c-48b7-9ca8-a27bc1cd74df","geometry":{"type":"Polygon","coordinates":[[[28776, 26672],[28776, 26704],[28824, 26784],[28872, 26816],[28880, 26840],[28904, 26832],[28912, 26808],[28944, 26792],[28944, 26704],[28920, 26656],[28880, 26632],[28856, 26632],[28848, 26656],[28832, 26640],[28776, 26672]]]},"properties":{"objectType":"annotation","classification":{"name":"Tumor","color":[102, 77, 179]}}},{"type":"Feature","id":"a3d455ef-e948-4666-9ee3-7a4564ec195f","geometry":{"type":"Polygon","coordinates":[[[28192, 29088],[28192, 29136],[28232, 29160],[28232, 29184],[28248, 29208],[28272, 29208],[28256, 29184],[28296, 29192],[28312, 29216],[28336, 29208],[28344, 29184],[28368, 29192],[28360, 29224],[28376, 29208],[28384, 29176],[28368, 29168],[28360, 29088],[28272, 29088],[28232, 29096],[28232, 29120],[28216, 29096],[28192, 29088]]]},"properties":{"objectType":"annotation","classification":{"name":"Tumor","color":[102, 77, 179]}}},{"type":"Feature","id":"6f6e642d-2bc1-4762-8a39-9ed2ef09c56c","geometry":{"type":"Polygon","coordinates":[[[25864, 29448],[25928, 29552],[26056, 29488],[26000, 29392],[25864, 29448]]]},"properties":{"objectType":"annotation","classification":{"name":"Tumor","color":[102, 77, 179]}}},{"type":"Feature","id":"7ce74627-4ad6-400e-b65a-576b4fa0818f","geometry":{"type":"Polygon","coordinates":[[[23656, 29888],[23656, 29976],[23680, 30008],[23704, 29992],[23784, 30000],[23784, 29960],[23832, 29968],[23792, 29944],[23800, 29888],[23752, 29864],[23672, 29864],[23656, 29888]]]},"properties":{"objectType":"annotation","classification":{"name":"Tumor","color":[102, 77, 179]}}},{"type":"Feature","id":"119832fb-2a18-432f-94e1-148075baa6b2","geometry":{"type":"Polygon","coordinates":[[[32496, 30856],[32536, 30856],[32552, 30880],[32520, 30880],[32528, 30936],[32552, 30968],[32544, 31024],[32568, 31032],[32560, 31064],[32640, 31048],[32640, 31032],[32680, 30992],[32680, 30904],[32632, 30896],[32616, 30848],[32552, 30856],[32536, 30840],[32496, 30856]]]},"properties":{"objectType":"annotation","classification":{"name":"Tumor","color":[102, 77, 179]}}},{"type":"Feature","id":"425095f6-69f2-4a0b-89aa-bd199ad6745a","geometry":{"type":"Polygon","coordinates":[[[27840, 33096],[27904, 33120],[27968, 33176],[28056, 33208],[28152, 33208],[28208, 33232],[28216, 33200],[28168, 33208],[28168, 33184],[28096, 33144],[28040, 33160],[27992, 33120],[27984, 33088],[27928, 33048],[27888, 33048],[27840, 33096]]]},"properties":{"objectType":"annotation","classification":{"name":"Tumor","color":[102, 77, 179]}}},{"type":"Feature","id":"c195e013-7235-4fbb-8e14-9e82cdf8fc20","geometry":{"type":"Polygon","coordinates":[[[25504, 35296],[25552, 35360],[25632, 35368],[25664, 35304],[25736, 35304],[25736, 35280],[25672, 35288],[25632, 35264],[25584, 35184],[25536, 35224],[25512, 35208],[25504, 35296]]]},"properties":{"objectType":"annotation","classification":{"name":"Tumor","color":[102, 77, 179]}}},{"type":"Feature","id":"f3759161-8d44-4b5f-a8bd-fc73e2324b91","geometry":{"type":"Polygon","coordinates":[[[24008, 26216],[24008, 26288],[24032, 26296],[24024, 26336],[24064, 26352],[24064, 26384],[24120, 26400],[24264, 26400],[24296, 26352],[24360, 26296],[24360, 26248],[24384, 26208],[24352, 26184],[24336, 26112],[24304, 26112],[24264, 26072],[24152, 26056],[24048, 26120],[24024, 26112],[24024, 26192],[24008, 26216]]]},"properties":{"objectType":"annotation","classification":{"name":"Tumor","color":[102, 77, 179]}}},{"type":"Feature","id":"9b21b5ed-274f-4ece-b7d5-c04dad423f40","geometry":{"type":"Polygon","coordinates":[[[18016, 22216],[18040, 22224],[18040, 22312],[18064, 22320],[18064, 22336],[18088, 22344],[18088, 22360],[18160, 22360],[18176, 22344],[18208, 22344],[18240, 22328],[18256, 22344],[18280, 22344],[18280, 22312],[18304, 22320],[18320, 22304],[18328, 22320],[18344, 22320],[18344, 22296],[18360, 22296],[18384, 22264],[18384, 22232],[18376, 22232],[18376, 22200],[18336, 22200],[18344, 22160],[18296, 22160],[18288, 22144],[18208, 22144],[18184, 22136],[18152, 22152],[18104, 22152],[18080, 22176],[18080, 22192],[18048, 22216],[18016, 22216]]]},"properties":{"objectType":"annotation","classification":{"name":"Tumor","color":[102, 77, 179]}}},{"type":"Feature","id":"5a7174df-67da-421b-a533-7e208b670478","geometry":{"type":"Polygon","coordinates":[[[28024, 30184],[28040, 30296],[28120, 30344],[28232, 30328],[28264, 30264],[28256, 30144],[28184, 30104],[28120, 30128],[28112, 30088],[28040, 30136],[28064, 30160],[28024, 30184]]]},"properties":{"objectType":"annotation","classification":{"name":"Tumor","color":[102, 77, 179]}}},{"type":"Feature","id":"fdc2c36d-9143-4ae1-b1d9-2ec807e46b89","geometry":{"type":"Polygon","coordinates":[[[13464, 21800],[13480, 21840],[13464, 21864],[13512, 21896],[13512, 21920],[13560, 21976],[13608, 21976],[13608, 22008],[13672, 22000],[13688, 22024],[13712, 22032],[13712, 22064],[13752, 22072],[13752, 22096],[13728, 22104],[13728, 22128],[13752, 22136],[13768, 22176],[13808, 22168],[13808, 22192],[13848, 22176],[13848, 22216],[13872, 22232],[13928, 22240],[13944, 22232],[13960, 22256],[14040, 22272],[14072, 22248],[14088, 22256],[14112, 22296],[14104, 22320],[14120, 22352],[14104, 22360],[14088, 22400],[14088, 22472],[14080, 22472],[14080, 22552],[14096, 22584],[14096, 22632],[14112, 22656],[14112, 22712],[14136, 22784],[14184, 22816],[14208, 22888],[14208, 22944],[14240, 22968],[14240, 23000],[14224, 23016],[14256, 23008],[14264, 23040],[14280, 23048],[14280, 23072],[14304, 23096],[14336, 23096],[14320, 23112],[14320, 23136],[14368, 23176],[14376, 23208],[14408, 23240],[14408, 23272],[14432, 23272],[14448, 23296],[14448, 23344],[14464, 23344],[14504, 23408],[14536, 23424],[14536, 23448],[14552, 23448],[14560, 23480],[14552, 23504],[14576, 23512],[14600, 23608],[14616, 23616],[14616, 23640],[14640, 23656],[14648, 23680],[14688, 23696],[14704, 23728],[14736, 23728],[14744, 23744],[14776, 23744],[14792, 23720],[14824, 23720],[14840, 23680],[14880, 23656],[14880, 23624],[14896, 23616],[14888, 23592],[14896, 23560],[14896, 23496],[14912, 23496],[14912, 23440],[14888, 23456],[14880, 23440],[14880, 23384],[14912, 23344],[14912, 23312],[14896, 23304],[14904, 23264],[14872, 23248],[14864, 23184],[14840, 23160],[14840, 23104],[14832, 23064],[14848, 23056],[14824, 23040],[14832, 23024],[14832, 22936],[14824, 22936],[14824, 22888],[14792, 22896],[14784, 22856],[14760, 22840],[14760, 22816],[14728, 22768],[14728, 22744],[14664, 22640],[14656, 22600],[14624, 22600],[14624, 22544],[14640, 22544],[14664, 22520],[14664, 22552],[14680, 22560],[14680, 22512],[14656, 22512],[14648, 22480],[14608, 22480],[14584, 22408],[14576, 22336],[14552, 22336],[14552, 22296],[14488, 22288],[14480, 22232],[14456, 22224],[14440, 22152],[14400, 22152],[14400, 22136],[14368, 22120],[14360, 22080],[14328, 22080],[14296, 22056],[14304, 22024],[14248, 22024],[14248, 22016],[14200, 22032],[14192, 22000],[14216, 21968],[14200, 21968],[14184, 21936],[14120, 21928],[14104, 21904],[14080, 21904],[14064, 21872],[14040, 21872],[14024, 21824],[13984, 21816],[13984, 21800],[13952, 21816],[13920, 21816],[13896, 21792],[13864, 21784],[13792, 21792],[13784, 21752],[13728, 21752],[13680, 21744],[13656, 21760],[13648, 21736],[13536, 21736],[13520, 21752],[13536, 21824],[13504, 21824],[13488, 21800],[13464, 21800]]]},"properties":{"objectType":"annotation","classification":{"name":"Tumor","color":[102, 77, 179]}}},{"type":"Feature","id":"4eb4f926-82a3-4195-8625-018438c792fa","geometry":{"type":"Polygon","coordinates":[[[17800, 24096],[17808, 24136],[17824, 24144],[17832, 24176],[17864, 24176],[17872, 24216],[18008, 24192],[18064, 24144],[18080, 24120],[18080, 24016],[18064, 24016],[18064, 23984],[18080, 23984],[18088, 23952],[18112, 23952],[18088, 23936],[18088, 23912],[18056, 23944],[18000, 23936],[17992, 23920],[17952, 23936],[17912, 23936],[17904, 23952],[17856, 23976],[17856, 23992],[17808, 24040],[17800, 24096]]]},"properties":{"objectType":"annotation","classification":{"name":"Tumor","color":[102, 77, 179]}}},{"type":"Feature","id":"61e7362f-2628-4230-8ac2-03e27e5187f0","geometry":{"type":"Polygon","coordinates":[[[18952, 28632],[18968, 28712],[18992, 28736],[18984, 28792],[18992, 28816],[19024, 28840],[19024, 28856],[19064, 28856],[19080, 28880],[19064, 28904],[19088, 28904],[19104, 28888],[19112, 28904],[19152, 28904],[19152, 28920],[19176, 28936],[19176, 28960],[19208, 28952],[19232, 28968],[19256, 29000],[19280, 29016],[19408, 29016],[19408, 29000],[19384, 28992],[19384, 28968],[19400, 28952],[19400, 28848],[19368, 28824],[19368, 28800],[19344, 28768],[19304, 28752],[19304, 28712],[19320, 28696],[19360, 28696],[19384, 28656],[19384, 28624],[19408, 28624],[19408, 28592],[19376, 28584],[19360, 28568],[19360, 28536],[19288, 28536],[19280, 28504],[19240, 28504],[19240, 28520],[19160, 28520],[19136, 28528],[19080, 28528],[19080, 28536],[19016, 28560],[18960, 28616],[18976, 28632],[18952, 28632]]]},"properties":{"objectType":"annotation","classification":{"name":"Tumor","color":[102, 77, 179]}}},{"type":"Feature","id":"05468ea5-0f4d-48fa-8d2d-178884b51689","geometry":{"type":"Polygon","coordinates":[[[26024, 25488],[26024, 25576],[26056, 25568],[26048, 25608],[26072, 25640],[26144, 25664],[26208, 25664],[26248, 25648],[26288, 25664],[26264, 25616],[26296, 25592],[26312, 25544],[26304, 25472],[26200, 25400],[26128, 25408],[26144, 25384],[26112, 25384],[26120, 25408],[26072, 25424],[26024, 25488]]]},"properties":{"objectType":"annotation","classification":{"name":"Tumor","color":[102, 77, 179]}}},{"type":"Feature","id":"058652c2-6481-4de8-bb5f-eacefd542e71","geometry":{"type":"Polygon","coordinates":[[[13360, 20056],[13376, 20144],[13408, 20184],[13456, 20176],[13488, 20144],[13488, 20112],[13504, 20104],[13512, 20184],[13536, 20200],[13536, 20232],[13552, 20240],[13648, 20240],[13680, 20232],[13728, 20184],[13760, 20192],[13760, 20128],[13776, 20072],[13776, 20008],[13744, 19904],[13728, 19896],[13728, 19856],[13712, 19848],[13720, 19760],[13696, 19728],[13688, 19696],[13616, 19696],[13584, 19704],[13568, 19728],[13528, 19752],[13528, 19848],[13496, 19856],[13504, 19832],[13464, 19824],[13480, 19840],[13456, 19896],[13528, 19888],[13512, 19968],[13488, 20000],[13424, 19992],[13360, 20056]]]},"properties":{"objectType":"annotation","classification":{"name":"Tumor","color":[102, 77, 179]}}},{"type":"Feature","id":"c0213b8c-514d-49ca-af42-d0e310db1069","geometry":{"type":"Polygon","coordinates":[[[16144, 24456],[16144, 24568],[16176, 24640],[16192, 24696],[16248, 24712],[16280, 24736],[16320, 24736],[16368, 24704],[16400, 24704],[16432, 24664],[16448, 24672],[16448, 24632],[16488, 24640],[16528, 24616],[16544, 24560],[16584, 24552],[16560, 24536],[16552, 24496],[16592, 24512],[16600, 24536],[16648, 24568],[16728, 24568],[16784, 24552],[16752, 24480],[16720, 24480],[16664, 24432],[16656, 24384],[16632, 24360],[16632, 24336],[16608, 24360],[16528, 24352],[16496, 24376],[16480, 24344],[16424, 24312],[16328, 24312],[16248, 24344],[16184, 24392],[16184, 24440],[16144, 24456]]]},"properties":{"objectType":"annotation","classification":{"name":"Tumor","color":[102, 77, 179]}}},{"type":"Feature","id":"47605e6e-bb45-46a3-a6ea-e1aaa15384a5","geometry":{"type":"Polygon","coordinates":[[[26344, 28192],[26400, 28240],[26408, 28272],[26496, 28272],[26544, 28264],[26584, 28224],[26576, 28192],[26624, 28192],[26624, 28168],[26640, 28160],[26640, 28080],[26608, 28040],[26576, 28040],[26576, 28064],[26560, 28040],[26504, 28040],[26464, 28048],[26448, 28064],[26448, 28104],[26432, 28088],[26400, 28096],[26400, 28112],[26368, 28136],[26376, 28160],[26352, 28168],[26344, 28192]]]},"properties":{"objectType":"annotation","classification":{"name":"Tumor","color":[102, 77, 179]}}},{"type":"Feature","id":"178b4843-e116-43a4-807c-c91eaebc5af3","geometry":{"type":"Polygon","coordinates":[[[12088, 23016],[12096, 23088],[12120, 23088],[12120, 23120],[12136, 23128],[12136, 23160],[12120, 23160],[12120, 23200],[12144, 23200],[12168, 23232],[12176, 23256],[12200, 23256],[12240, 23280],[12288, 23280],[12296, 23264],[12320, 23272],[12336, 23320],[12360, 23320],[12360, 23280],[12336, 23272],[12336, 23256],[12376, 23264],[12376, 23344],[12432, 23352],[12440, 23392],[12456, 23392],[12480, 23424],[12528, 23424],[12544, 23440],[12576, 23432],[12624, 23432],[12640, 23416],[12696, 23408],[12728, 23384],[12728, 23368],[12752, 23368],[12760, 23344],[12792, 23312],[12792, 23264],[12808, 23240],[12832, 23224],[12832, 23176],[12848, 23168],[12848, 23136],[12864, 23120],[12864, 23064],[12904, 23072],[12888, 23088],[12888, 23112],[12936, 23112],[12944, 23088],[12920, 23088],[12936, 23056],[12904, 23064],[12920, 23016],[12920, 22992],[12936, 22960],[12904, 22952],[12904, 22968],[12848, 22976],[12848, 22944],[12792, 22944],[12776, 22920],[12744, 22920],[12752, 22872],[12736, 22864],[12736, 22896],[12632, 22896],[12600, 22912],[12608, 22952],[12584, 22928],[12560, 22944],[12560, 22968],[12520, 22984],[12512, 23008],[12488, 23032],[12464, 23032],[12464, 23056],[12440, 23048],[12416, 23008],[12320, 23008],[12312, 23024],[12288, 23032],[12248, 23032],[12232, 23048],[12208, 23048],[12200, 23064],[12160, 23080],[12152, 23040],[12120, 23040],[12112, 23072],[12112, 23032],[12088, 23016]]]},"properties":{"objectType":"annotation","classification":{"name":"Tumor","color":[102, 77, 179]}}},{"type":"Feature","id":"e451c562-c25f-44b9-9595-2f4dc0772c89","geometry":{"type":"Polygon","coordinates":[[[22000, 30032],[22032, 30048],[22032, 30096],[22136, 30112],[22192, 30088],[22208, 30040],[22184, 30064],[22160, 30056],[22160, 29992],[22112, 29944],[22072, 29944],[22088, 29968],[22064, 29976],[22064, 29944],[22024, 29944],[22008, 29968],[22000, 30032]]]},"properties":{"objectType":"annotation","classification":{"name":"Tumor","color":[102, 77, 179]}}},{"type":"Feature","id":"a4fd83d8-43d0-45f5-bffe-2ad705a564ac","geometry":{"type":"Polygon","coordinates":[[[17536, 27272],[17560, 27288],[17560, 27368],[17568, 27400],[17624, 27448],[17696, 27464],[17752, 27424],[17760, 27384],[17744, 27368],[17744, 27312],[17720, 27296],[17712, 27256],[17672, 27224],[17632, 27208],[17592, 27224],[17592, 27248],[17568, 27280],[17536, 27272]]]},"properties":{"objectType":"annotation","classification":{"name":"Tumor","color":[102, 77, 179]}}},{"type":"Feature","id":"23bd2bdb-f725-4c3e-bd02-7bc0a42347a7","geometry":{"type":"Polygon","coordinates":[[[24520, 32280],[24520, 32328],[24536, 32360],[24616, 32376],[24648, 32352],[24648, 32376],[24688, 32352],[24712, 32360],[24696, 32384],[24752, 32384],[24840, 32368],[24888, 32328],[24896, 32272],[24848, 32224],[24856, 32176],[24872, 32168],[24872, 32120],[24888, 32104],[24848, 32064],[24768, 32056],[24744, 32072],[24688, 32080],[24672, 32112],[24608, 32136],[24584, 32160],[24576, 32232],[24552, 32256],[24584, 32280],[24520, 32280]]]},"properties":{"objectType":"annotation","classification":{"name":"Tumor","color":[102, 77, 179]}}},{"type":"Feature","id":"ac59c5a8-cd46-4648-97a8-ebb08b12c823","geometry":{"type":"Polygon","coordinates":[[[17528, 22480],[17528, 22616],[17552, 22640],[17552, 22688],[17616, 22704],[17672, 22704],[17736, 22664],[17744, 22608],[17776, 22560],[17784, 22424],[17768, 22368],[17744, 22360],[17752, 22328],[17720, 22336],[17752, 22296],[17696, 22304],[17696, 22336],[17672, 22336],[17696, 22368],[17656, 22368],[17640, 22400],[17592, 22424],[17560, 22472],[17528, 22480]]]},"properties":{"objectType":"annotation","classification":{"name":"Tumor","color":[102, 77, 179]}}},{"type":"Feature","id":"338d1ae7-0d39-4608-a3a1-cf6fe2b87e8f","geometry":{"type":"Polygon","coordinates":[[[13528, 22784],[13600, 22920],[13744, 22904],[13784, 22784],[13736, 22720],[13624, 22696],[13528, 22784]]]},"properties":{"objectType":"annotation","classification":{"name":"Tumor","color":[102, 77, 179]}}},{"type":"Feature","id":"5c9ee5a9-11c9-4223-9f5c-89b5cc94b8a5","geometry":{"type":"Polygon","coordinates":[[[28328, 27096],[28328, 27144],[28368, 27176],[28360, 27224],[28368, 27240],[28352, 27240],[28336, 27224],[28344, 27248],[28368, 27256],[28368, 27272],[28392, 27296],[28416, 27296],[28424, 27328],[28440, 27336],[28496, 27336],[28520, 27352],[28672, 27352],[28680, 27336],[28712, 27336],[28712, 27344],[28776, 27344],[28800, 27328],[28856, 27328],[28856, 27320],[28904, 27320],[28904, 27312],[28968, 27312],[28960, 27328],[28928, 27328],[28936, 27344],[28960, 27344],[28968, 27328],[28992, 27328],[29000, 27304],[29016, 27304],[29016, 27320],[29032, 27312],[29040, 27280],[29064, 27280],[29096, 27256],[29096, 27240],[29112, 27232],[29080, 27184],[29056, 27184],[29056, 27160],[29040, 27152],[29008, 27168],[29008, 27120],[28960, 27128],[28944, 27112],[28944, 27048],[28896, 27048],[28872, 27024],[28832, 27024],[28808, 27008],[28776, 27008],[28760, 27024],[28744, 27016],[28712, 27016],[28712, 27008],[28648, 27008],[28648, 26984],[28584, 26960],[28576, 26944],[28504, 26944],[28504, 26952],[28472, 26960],[28464, 26976],[28448, 26976],[28448, 27000],[28424, 27016],[28400, 27016],[28392, 27040],[28376, 27048],[28376, 27064],[28360, 27064],[28352, 27104],[28328, 27096]]]},"properties":{"objectType":"annotation","classification":{"name":"Tumor","color":[102, 77, 179]}}},{"type":"Feature","id":"f773e1dc-00a7-4f61-a696-2702a22f08bd","geometry":{"type":"Polygon","coordinates":[[[21720, 31016],[21800, 31088],[21840, 31096],[21840, 31048],[21880, 31040],[21880, 30976],[21816, 30944],[21728, 30952],[21720, 31016]]]},"properties":{"objectType":"annotation","classification":{"name":"Tumor","color":[102, 77, 179]}}},{"type":"Feature","id":"c1da38d7-85ca-4e69-baf5-edef90b132f8","geometry":{"type":"Polygon","coordinates":[[[22224, 23632],[22224, 23664],[22264, 23704],[22248, 23744],[22304, 23776],[22312, 23824],[22344, 23840],[22344, 23888],[22368, 23888],[22400, 23952],[22424, 23952],[22464, 23984],[22464, 24016],[22496, 24032],[22488, 24008],[22616, 24000],[22664, 23984],[22688, 23944],[22704, 23944],[22736, 23872],[22736, 23832],[22712, 23776],[22728, 23768],[22712, 23736],[22688, 23736],[22680, 23712],[22656, 23736],[22680, 23760],[22648, 23752],[22632, 23728],[22624, 23672],[22512, 23672],[22472, 23664],[22432, 23616],[22360, 23608],[22272, 23656],[22256, 23632],[22224, 23632]]]},"properties":{"objectType":"annotation","classification":{"name":"Tumor","color":[102, 77, 179]}}},{"type":"Feature","id":"6057df8c-6fa5-4276-9722-ee0d1ddcfaa8","geometry":{"type":"Polygon","coordinates":[[[32104, 33448],[32104, 33488],[32136, 33456],[32168, 33456],[32168, 33496],[32224, 33504],[32248, 33488],[32224, 33536],[32232, 33592],[32264, 33632],[32336, 33632],[32336, 33600],[32360, 33568],[32344, 33536],[32336, 33472],[32368, 33440],[32368, 33392],[32336, 33400],[32320, 33368],[32328, 33328],[32296, 33344],[32272, 33328],[32152, 33336],[32120, 33376],[32120, 33408],[32152, 33416],[32104, 33448]]]},"properties":{"objectType":"annotation","classification":{"name":"Tumor","color":[102, 77, 179]}}},{"type":"Feature","id":"9a1bea01-2db9-4073-9ee2-a90675a59c61","geometry":{"type":"Polygon","coordinates":[[[28160, 30720],[28168, 30776],[28240, 30808],[28240, 30840],[28264, 30832],[28336, 30768],[28336, 30648],[28320, 30616],[28248, 30616],[28248, 30640],[28216, 30640],[28200, 30688],[28160, 30720]]]},"properties":{"objectType":"annotation","classification":{"name":"Tumor","color":[102, 77, 179]}}},{"type":"Feature","id":"03c4c9f9-7b37-4c18-89b0-73a6c58b3261","geometry":{"type":"Polygon","coordinates":[[[21352, 30960],[21376, 31016],[21432, 31016],[21464, 31056],[21552, 31080],[21584, 31104],[21616, 31056],[21600, 31000],[21488, 30888],[21400, 30888],[21376, 30936],[21384, 30976],[21352, 30960]]]},"properties":{"objectType":"annotation","classification":{"name":"Tumor","color":[102, 77, 179]}}},{"type":"Feature","id":"2c1c7393-5844-40bb-9ab0-6c904dbfe0e4","geometry":{"type":"Polygon","coordinates":[[[31024, 31272],[31088, 31368],[31144, 31384],[31240, 31296],[31208, 31184],[31136, 31160],[31048, 31216],[31024, 31272]]]},"properties":{"objectType":"annotation","classification":{"name":"Tumor","color":[102, 77, 179]}}},{"type":"Feature","id":"d8592fc6-469f-4c1f-b703-9b2ccb032343","geometry":{"type":"Polygon","coordinates":[[[19640, 28776],[19640, 28912],[19768, 28984],[19792, 28928],[19824, 28936],[19832, 28880],[19800, 28808],[19720, 28760],[19640, 28776]]]},"properties":{"objectType":"annotation","classification":{"name":"Tumor","color":[102, 77, 179]}}},{"type":"Feature","id":"91b9551c-8513-4770-a1e2-de1a1b61b7e9","geometry":{"type":"Polygon","coordinates":[[[10704, 24840],[10744, 24888],[10744, 24912],[10784, 24928],[10792, 24960],[10816, 24960],[10824, 24992],[10856, 24992],[10872, 25024],[10872, 25072],[10896, 25112],[10936, 25112],[10976, 25136],[11008, 25112],[11016, 25168],[11096, 25168],[11104, 25192],[11136, 25176],[11160, 25184],[11288, 25184],[11328, 25200],[11336, 25224],[11416, 25232],[11472, 25200],[11472, 25168],[11496, 25160],[11496, 25096],[11480, 25088],[11480, 24960],[11432, 24944],[11432, 24888],[11392, 24840],[11368, 24776],[11336, 24768],[11288, 24704],[11256, 24720],[11256, 24680],[11224, 24680],[11208, 24632],[11176, 24640],[11176, 24672],[11128, 24648],[11128, 24672],[11088, 24696],[11072, 24752],[11104, 24752],[11136, 24800],[11120, 24816],[11144, 24832],[11112, 24944],[11056, 24936],[11048, 24912],[11032, 24944],[11048, 24968],[11008, 24944],[10992, 24896],[11024, 24912],[11008, 24872],[10984, 24872],[10976, 24840],[10984, 24792],[10968, 24776],[10968, 24736],[10952, 24712],[10928, 24720],[10912, 24696],[10864, 24680],[10776, 24688],[10736, 24712],[10744, 24792],[10712, 24792],[10704, 24840]]]},"properties":{"objectType":"annotation","classification":{"name":"Tumor","color":[102, 77, 179]}}},{"type":"Feature","id":"ef5e3475-396c-470a-8f7a-cee075decda4","geometry":{"type":"Polygon","coordinates":[[[30472, 30512],[30488, 30560],[30520, 30552],[30584, 30616],[30664, 30616],[30672, 30584],[30712, 30600],[30704, 30560],[30736, 30520],[30736, 30456],[30696, 30392],[30624, 30320],[30536, 30320],[30512, 30376],[30488, 30360],[30472, 30512]]]},"properties":{"objectType":"annotation","classification":{"name":"Tumor","color":[102, 77, 179]}}},{"type":"Feature","id":"8e0c33c7-34a0-478d-8666-05b59d7a3f87","geometry":{"type":"Polygon","coordinates":[[[13512, 23264],[13568, 23376],[13608, 23384],[13624, 23360],[13696, 23360],[13696, 23312],[13744, 23272],[13784, 23272],[13776, 23232],[13800, 23224],[13816, 23152],[13792, 23152],[13800, 23096],[13744, 23112],[13728, 23088],[13672, 23088],[13584, 23120],[13576, 23152],[13528, 23160],[13536, 23248],[13512, 23264]]]},"properties":{"objectType":"annotation","classification":{"name":"Tumor","color":[102, 77, 179]}}},{"type":"Feature","id":"8f588e30-636d-449e-af56-cd589bed1c7e","geometry":{"type":"Polygon","coordinates":[[[16760, 26056],[16768, 26136],[16800, 26184],[16904, 26176],[16952, 26128],[16936, 26040],[16872, 26032],[16888, 25992],[16800, 25992],[16792, 26056],[16760, 26056]]]},"properties":{"objectType":"annotation","classification":{"name":"Tumor","color":[102, 77, 179]}}},{"type":"Feature","id":"2a67a66f-bf03-4345-ab8f-cb3f1bf050f4","geometry":{"type":"Polygon","coordinates":[[[14920, 25000],[14928, 25024],[14928, 25112],[14944, 25144],[14992, 25176],[14968, 25208],[14968, 25232],[14984, 25216],[15008, 25216],[15008, 25272],[15000, 25296],[15024, 25320],[15016, 25368],[15040, 25408],[15072, 25416],[15112, 25488],[15144, 25488],[15160, 25512],[15144, 25520],[15144, 25544],[15160, 25560],[15160, 25584],[15184, 25616],[15224, 25624],[15248, 25656],[15248, 25680],[15288, 25680],[15288, 25704],[15312, 25712],[15296, 25736],[15304, 25760],[15320, 25760],[15320, 25736],[15360, 25736],[15360, 25800],[15440, 25800],[15448, 25824],[15472, 25848],[15472, 25872],[15488, 25856],[15528, 25864],[15552, 25880],[15592, 25848],[15600, 25824],[15616, 25824],[15616, 25800],[15648, 25776],[15648, 25760],[15616, 25744],[15616, 25664],[15632, 25648],[15608, 25648],[15608, 25624],[15576, 25600],[15560, 25544],[15560, 25496],[15536, 25488],[15544, 25472],[15536, 25440],[15536, 25384],[15480, 25368],[15480, 25320],[15464, 25288],[15440, 25272],[15432, 25232],[15416, 25224],[15416, 25200],[15392, 25176],[15384, 25128],[15336, 25056],[15304, 25048],[15296, 25008],[15272, 24976],[15256, 24976],[15240, 24952],[15208, 24952],[15144, 24928],[15136, 24912],[15088, 24920],[15056, 24896],[15056, 24864],[15072, 24864],[15072, 24832],[15032, 24832],[15024, 24792],[14976, 24800],[14968, 24864],[14928, 24896],[14928, 24952],[14920, 25000]]]},"properties":{"objectType":"annotation","classification":{"name":"Tumor","color":[102, 77, 179]}}},{"type":"Feature","id":"08b19fe9-11d5-417f-b0a2-7aae18b542b6","geometry":{"type":"Polygon","coordinates":[[[26872, 31064],[26872, 31112],[26904, 31136],[26904, 31160],[26960, 31208],[26952, 31232],[26976, 31216],[27016, 31216],[27056, 31240],[27136, 31200],[27120, 31232],[27160, 31200],[27128, 31072],[27072, 31040],[27048, 31000],[27000, 31016],[26992, 30992],[26976, 31016],[26888, 31040],[26872, 31064]]]},"properties":{"objectType":"annotation","classification":{"name":"Tumor","color":[102, 77, 179]}}},{"type":"Feature","id":"345cd98a-bbcb-40d3-a166-269b98c2356c","geometry":{"type":"Polygon","coordinates":[[[18744, 30152],[18744, 30184],[18752, 30184],[18752, 30216],[18760, 30240],[18784, 30248],[18800, 30272],[18824, 30272],[18840, 30296],[18912, 30296],[18912, 30288],[18976, 30288],[18976, 30280],[19024, 30280],[19024, 30272],[19072, 30272],[19072, 30264],[19096, 30264],[19144, 30232],[19160, 30216],[19160, 30200],[19176, 30184],[19208, 30184],[19224, 30176],[19224, 30160],[19248, 30144],[19248, 30136],[19280, 30136],[19328, 30088],[19328, 30048],[19352, 30056],[19352, 30024],[19368, 30016],[19368, 29992],[19344, 29976],[19344, 29952],[19336, 29952],[19328, 29920],[19312, 29920],[19304, 29896],[19280, 29896],[19280, 29912],[19256, 29920],[19248, 29944],[19208, 29984],[19192, 29992],[19160, 30024],[19112, 30048],[19088, 30048],[19088, 30056],[19048, 30056],[19048, 30064],[19016, 30064],[19000, 30080],[18960, 30080],[18944, 30096],[18912, 30096],[18912, 30104],[18880, 30104],[18880, 30112],[18848, 30104],[18848, 30088],[18800, 30088],[18784, 30096],[18792, 30080],[18792, 30056],[18776, 30056],[18760, 30080],[18760, 30120],[18752, 30120],[18752, 30152],[18744, 30152]]]},"properties":{"objectType":"annotation","classification":{"name":"Ignore*","color":[180, 180, 180]}}},{"type":"Feature","id":"d92c4a1d-71d5-4ac5-be34-2ecfca77f21a","geometry":{"type":"Polygon","coordinates":[[[28128, 26760],[28136, 26816],[28184, 26848],[28224, 26896],[28320, 26896],[28344, 26872],[28440, 26872],[28456, 26848],[28416, 26848],[28456, 26760],[28480, 26752],[28456, 26624],[28392, 26552],[28336, 26512],[28264, 26512],[28216, 26552],[28216, 26584],[28184, 26576],[28136, 26688],[28152, 26760],[28128, 26760]]]},"properties":{"objectType":"annotation","classification":{"name":"Tumor","color":[102, 77, 179]}}},{"type":"Feature","id":"b913aaac-8afe-48e1-9e08-9a9a183d74fa","geometry":{"type":"Polygon","coordinates":[[[21488, 25680],[21504, 25712],[21520, 25696],[21520, 25720],[21504, 25720],[21504, 25760],[21520, 25736],[21552, 25744],[21560, 25792],[21584, 25824],[21608, 25832],[21608, 25848],[21640, 25856],[21664, 25880],[21712, 25880],[21712, 25888],[21848, 25888],[21848, 25864],[21832, 25880],[21808, 25880],[21808, 25864],[21832, 25840],[21864, 25840],[21872, 25824],[21960, 25824],[21968, 25792],[22008, 25776],[22016, 25736],[22048, 25736],[22040, 25720],[22040, 25608],[22048, 25608],[22040, 25528],[22016, 25504],[22000, 25504],[22000, 25456],[21992, 25440],[21968, 25440],[21968, 25424],[21944, 25416],[21928, 25392],[21872, 25392],[21872, 25384],[21824, 25384],[21808, 25400],[21792, 25392],[21744, 25392],[21744, 25384],[21696, 25384],[21696, 25392],[21648, 25392],[21640, 25440],[21624, 25416],[21584, 25424],[21584, 25488],[21552, 25504],[21560, 25544],[21544, 25552],[21544, 25576],[21528, 25584],[21536, 25608],[21560, 25624],[21536, 25624],[21528, 25680],[21488, 25680]]]},"properties":{"objectType":"annotation","classification":{"name":"Tumor","color":[102, 77, 179]}}},{"type":"Feature","id":"69fe7805-f0f0-4729-875b-fcfedd4f809b","geometry":{"type":"Polygon","coordinates":[[[15576, 27880],[15576, 27928],[15592, 27968],[15648, 28008],[15648, 28040],[15672, 28040],[15688, 28016],[15696, 28040],[15760, 28040],[15760, 28072],[15800, 28048],[15816, 28072],[15856, 28072],[15872, 28096],[15872, 28072],[15904, 28064],[15904, 28032],[15872, 28040],[15872, 28000],[15896, 28000],[15864, 27952],[15832, 27952],[15816, 27920],[15776, 27912],[15736, 27848],[15720, 27856],[15656, 27856],[15608, 27848],[15608, 27864],[15576, 27880]]]},"properties":{"objectType":"annotation","classification":{"name":"Tumor","color":[102, 77, 179]}}},{"type":"Feature","id":"5b556ffe-f347-4420-9f6f-3f62c99f2341","geometry":{"type":"Polygon","coordinates":[[[24936, 31784],[24960, 31776],[24960, 31824],[25024, 31872],[25088, 31864],[25128, 31840],[25168, 31784],[25152, 31680],[25088, 31664],[25088, 31640],[25032, 31672],[24952, 31736],[24936, 31784]]]},"properties":{"objectType":"annotation","classification":{"name":"Tumor","color":[102, 77, 179]}}},{"type":"Feature","id":"300df7d2-ed7a-4c75-bfcc-4c812beb9bf2","geometry":{"type":"Polygon","coordinates":[[[11600, 22272],[11632, 22304],[11624, 22344],[11688, 22424],[11728, 22424],[11744, 22448],[11800, 22448],[11808, 22424],[11840, 22440],[11936, 22368],[11960, 22328],[11968, 22248],[11944, 22224],[11888, 22120],[11824, 22072],[11744, 22072],[11720, 22104],[11680, 22104],[11648, 22128],[11648, 22168],[11624, 22184],[11600, 22272]]]},"properties":{"objectType":"annotation","classification":{"name":"Tumor","color":[102, 77, 179]}}},{"type":"Feature","id":"4d7fb6e1-7bab-4bad-86c4-189232550e9c","geometry":{"type":"Polygon","coordinates":[[[19568, 28248],[19568, 28352],[19608, 28416],[19800, 28560],[19904, 28584],[19920, 28616],[20072, 28608],[20208, 28656],[20384, 28656],[20496, 28616],[20584, 28520],[20576, 28424],[20504, 28296],[20352, 28240],[20224, 28168],[19992, 28096],[19760, 28120],[19624, 28176],[19568, 28248]]]},"properties":{"objectType":"annotation","classification":{"name":"Tumor","color":[102, 77, 179]}}},{"type":"Feature","id":"c0058570-d162-4c75-9603-b86753502d49","geometry":{"type":"Polygon","coordinates":[[[12872, 25008],[12872, 25064],[12904, 25112],[12928, 25112],[12960, 25136],[13120, 25152],[13208, 25104],[13256, 25056],[13328, 25016],[13352, 24992],[13368, 25016],[13368, 24984],[13392, 24944],[13416, 24944],[13424, 24864],[13448, 24824],[13448, 24792],[13424, 24720],[13424, 24688],[13400, 24680],[13376, 24632],[13352, 24624],[13304, 24632],[13288, 24664],[13256, 24656],[13272, 24632],[13240, 24632],[13192, 24696],[13192, 24736],[13136, 24776],[13136, 24824],[13024, 24864],[13016, 24880],[12944, 24904],[12936, 24928],[12888, 24968],[12872, 25008]]]},"properties":{"objectType":"annotation","classification":{"name":"Tumor","color":[102, 77, 179]}}},{"type":"Feature","id":"8ecb6223-719b-4622-9c41-36e0f9fdffba","geometry":{"type":"Polygon","coordinates":[[[22944, 28616],[22952, 28720],[23040, 28744],[23088, 28744],[23080, 28776],[23112, 28784],[23144, 28648],[23088, 28552],[23056, 28536],[22976, 28568],[22944, 28616]]]},"properties":{"objectType":"annotation","classification":{"name":"Tumor","color":[102, 77, 179]}}},{"type":"Feature","id":"c750226c-dd12-4533-ae41-f42ca6edf8f7","geometry":{"type":"Polygon","coordinates":[[[19144, 23400],[19152, 23488],[19168, 23496],[19152, 23544],[19160, 23584],[19200, 23608],[19200, 23656],[19232, 23632],[19240, 23648],[19280, 23648],[19280, 23664],[19384, 23656],[19400, 23640],[19448, 23632],[19472, 23616],[19472, 23592],[19496, 23584],[19496, 23544],[19528, 23568],[19528, 23512],[19512, 23536],[19456, 23528],[19464, 23504],[19440, 23480],[19440, 23384],[19464, 23352],[19464, 23264],[19456, 23216],[19440, 23208],[19448, 23152],[19424, 23128],[19408, 23080],[19392, 23080],[19344, 23016],[19296, 23016],[19264, 22984],[19264, 23016],[19296, 23040],[19336, 23032],[19320, 23056],[19264, 23048],[19240, 23072],[19240, 23048],[19208, 23072],[19184, 23064],[19184, 23176],[19176, 23176],[19176, 23392],[19144, 23400]]]},"properties":{"objectType":"annotation","classification":{"name":"Tumor","color":[102, 77, 179]}}},{"type":"Feature","id":"febda585-aa20-4e61-b4d2-de3df609f434","geometry":{"type":"Polygon","coordinates":[[[12672, 26056],[12688, 26040],[12680, 26096],[12712, 26144],[12744, 26176],[12768, 26176],[12816, 26208],[12928, 26208],[12944, 26192],[12976, 26192],[13000, 26208],[12984, 26184],[13032, 26136],[13040, 26072],[13056, 26064],[13056, 26008],[13040, 25976],[13040, 25896],[13000, 25888],[12984, 25864],[12936, 25856],[12920, 25840],[12920, 25768],[12968, 25784],[13056, 25784],[13056, 25768],[13096, 25736],[13104, 25720],[13104, 25656],[13136, 25632],[13136, 25592],[13120, 25576],[13120, 25544],[13104, 25552],[13072, 25544],[13048, 25520],[12960, 25520],[12912, 25544],[12904, 25608],[12880, 25624],[12880, 25680],[12840, 25640],[12792, 25640],[12792, 25656],[12752, 25656],[12720, 25672],[12720, 25792],[12760, 25808],[12832, 25808],[12848, 25840],[12832, 25840],[12776, 25880],[12744, 25888],[12736, 25928],[12680, 25976],[12672, 26056]]]},"properties":{"objectType":"annotation","classification":{"name":"Tumor","color":[102, 77, 179]}}},{"type":"Feature","id":"150defba-9973-47fb-b9e6-d88f69fd2c0d","geometry":{"type":"Polygon","coordinates":[[[24520, 32520],[24528, 32568],[24624, 32584],[24688, 32544],[24656, 32488],[24648, 32528],[24624, 32472],[24656, 32480],[24632, 32432],[24568, 32440],[24520, 32520]]]},"properties":{"objectType":"annotation","classification":{"name":"Tumor","color":[102, 77, 179]}}},{"type":"Feature","id":"8c8fa17e-6e99-4d45-b7be-3d8a636fd424","geometry":{"type":"Polygon","coordinates":[[[18792, 22336],[18800, 22448],[18896, 22528],[18920, 22608],[18984, 22688],[18992, 22752],[19112, 22864],[19184, 22768],[19160, 22552],[19216, 22536],[19176, 22432],[19088, 22448],[19080, 22288],[19016, 22216],[18912, 22216],[18864, 22264],[18816, 22264],[18792, 22336]]]},"properties":{"objectType":"annotation","classification":{"name":"Tumor","color":[102, 77, 179]}}},{"type":"Feature","id":"3ff12afb-2688-40be-a9e7-e14f998a9687","geometry":{"type":"Polygon","coordinates":[[[30248, 28008],[30256, 28096],[30296, 28160],[30424, 28152],[30504, 28088],[30504, 28000],[30528, 28000],[30448, 27896],[30288, 27896],[30248, 28008]]]},"properties":{"objectType":"annotation","classification":{"name":"Tumor","color":[102, 77, 179]}}},{"type":"Feature","id":"a281c3c3-145b-4bde-a8f0-a66cc6fe8e3c","geometry":{"type":"Polygon","coordinates":[[[16352, 25616],[16352, 25664],[16376, 25688],[16376, 25720],[16400, 25728],[16416, 25752],[16528, 25752],[16536, 25784],[16568, 25768],[16568, 25752],[16600, 25760],[16608, 25776],[16680, 25784],[16680, 25808],[16728, 25800],[16760, 25768],[16776, 25792],[16816, 25800],[16816, 25784],[16848, 25760],[16912, 25760],[16920, 25776],[16968, 25768],[16984, 25808],[17024, 25800],[17040, 25816],[17048, 25784],[17064, 25792],[17136, 25792],[17136, 25816],[17160, 25824],[17184, 25808],[17216, 25824],[17224, 25848],[17256, 25848],[17296, 25888],[17336, 25888],[17368, 25904],[17392, 25936],[17472, 25952],[17472, 25976],[17496, 25960],[17600, 25960],[17616, 25952],[17616, 25928],[17672, 25920],[17680, 25880],[17696, 25856],[17696, 25808],[17688, 25768],[17664, 25768],[17656, 25792],[17648, 25768],[17664, 25752],[17664, 25728],[17680, 25712],[17656, 25712],[17656, 25696],[17624, 25672],[17600, 25672],[17584, 25688],[17592, 25656],[17616, 25656],[17608, 25640],[17560, 25640],[17552, 25616],[17504, 25624],[17496, 25592],[17448, 25600],[17472, 25616],[17464, 25632],[17424, 25640],[17416, 25624],[17384, 25656],[17264, 25656],[17232, 25640],[17232, 25608],[17208, 25608],[17200, 25632],[17176, 25632],[17160, 25608],[17112, 25600],[17096, 25576],[17064, 25584],[17056, 25568],[17024, 25576],[17016, 25552],[16992, 25552],[16976, 25576],[16952, 25584],[16888, 25584],[16880, 25568],[16840, 25568],[16824, 25544],[16768, 25544],[16760, 25528],[16728, 25536],[16688, 25528],[16592, 25528],[16552, 25544],[16400, 25544],[16384, 25600],[16352, 25616]]]},"properties":{"objectType":"annotation","classification":{"name":"Tumor","color":[102, 77, 179]}}},{"type":"Feature","id":"2832a777-1f07-46ac-a98f-f3667967c4a0","geometry":{"type":"Polygon","coordinates":[[[14624, 21976],[14632, 22072],[14680, 22176],[14720, 22208],[14744, 22176],[14808, 22168],[14848, 22192],[14824, 22152],[14848, 22144],[14856, 22096],[14840, 22056],[14704, 21992],[14624, 21976]]]},"properties":{"objectType":"annotation","classification":{"name":"Tumor","color":[102, 77, 179]}}},{"type":"Feature","id":"7a7ce3f5-4e7f-483c-8b8f-90370c02e9d8","geometry":{"type":"Polygon","coordinates":[[[28040, 30544],[28072, 30544],[28096, 30584],[28176, 30608],[28232, 30608],[28264, 30584],[28280, 30472],[28256, 30432],[28192, 30432],[28168, 30376],[28096, 30384],[28096, 30432],[28120, 30440],[28112, 30480],[28056, 30504],[28040, 30544]]]},"properties":{"objectType":"annotation","classification":{"name":"Tumor","color":[102, 77, 179]}}},{"type":"Feature","id":"4d5f233f-8a8a-4a52-a261-a0826e6b67c6","geometry":{"type":"Polygon","coordinates":[[[13136, 25592],[13168, 25592],[13176, 25624],[13216, 25632],[13216, 25672],[13240, 25672],[13232, 25720],[13288, 25720],[13256, 25736],[13264, 25784],[13296, 25784],[13320, 25808],[13384, 25840],[13424, 25840],[13496, 25784],[13496, 25760],[13528, 25744],[13528, 25712],[13552, 25680],[13552, 25544],[13536, 25504],[13496, 25456],[13464, 25456],[13440, 25424],[13392, 25408],[13368, 25424],[13360, 25400],[13312, 25408],[13312, 25432],[13192, 25440],[13200, 25496],[13160, 25520],[13136, 25592]]]},"properties":{"objectType":"annotation","classification":{"name":"Tumor","color":[102, 77, 179]}}},{"type":"Feature","id":"2b9d0502-7099-4546-b44b-7a57c5787ae8","geometry":{"type":"Polygon","coordinates":[[[23920, 26920],[23984, 26992],[24072, 26976],[24136, 26920],[24136, 26864],[24088, 26800],[23944, 26800],[23920, 26920]]]},"properties":{"objectType":"annotation","classification":{"name":"Tumor","color":[102, 77, 179]}}},{"type":"Feature","id":"d818b61f-2934-4b1c-befc-c86de6d2dcc4","geometry":{"type":"Polygon","coordinates":[[[25248, 30448],[25272, 30480],[25272, 30552],[25320, 30576],[25472, 30584],[25472, 30608],[25528, 30576],[25528, 30552],[25560, 30552],[25552, 30464],[25584, 30456],[25536, 30408],[25488, 30336],[25496, 30288],[25480, 30336],[25400, 30320],[25384, 30344],[25336, 30344],[25256, 30408],[25248, 30448]]]},"properties":{"objectType":"annotation","classification":{"name":"Tumor","color":[102, 77, 179]}}},{"type":"Feature","id":"3ab6acd5-8ed2-4789-a1cc-9d0defd9c095","geometry":{"type":"Polygon","coordinates":[[[21736, 23680],[21792, 23696],[21824, 23752],[21992, 23752],[22056, 23664],[22048, 23568],[21992, 23472],[21912, 23416],[21816, 23456],[21768, 23552],[21736, 23680]]]},"properties":{"objectType":"annotation","classification":{"name":"Tumor","color":[102, 77, 179]}}},{"type":"Feature","id":"8c5d743a-bd72-4dfd-aa7f-819cd4c3514a","geometry":{"type":"Polygon","coordinates":[[[16624, 29104],[16632, 29176],[16688, 29240],[16816, 29240],[16888, 29184],[16888, 29064],[16768, 29016],[16656, 29040],[16624, 29104]]]},"properties":{"objectType":"annotation","classification":{"name":"Tumor","color":[102, 77, 179]}}},{"type":"Feature","id":"63a9158e-10cf-4080-8315-6742d1a283d7","geometry":{"type":"Polygon","coordinates":[[[29808, 27992],[29832, 28008],[29840, 28056],[29880, 28096],[29872, 28064],[29952, 28080],[29960, 28104],[29992, 28072],[30072, 28032],[30072, 27904],[30000, 27896],[29960, 27840],[29888, 27872],[29816, 27928],[29808, 27992]]]},"properties":{"objectType":"annotation","classification":{"name":"Tumor","color":[102, 77, 179]}}},{"type":"Feature","id":"4845a58e-2484-41c3-8940-9cb4d1450dac","geometry":{"type":"Polygon","coordinates":[[[21056, 25480],[21080, 25616],[21240, 25696],[21360, 25696],[21432, 25616],[21416, 25480],[21336, 25392],[21272, 25368],[21160, 25384],[21056, 25480]]]},"properties":{"objectType":"annotation","classification":{"name":"Tumor","color":[102, 77, 179]}}},{"type":"Feature","id":"21bff9e6-5f15-4e44-9d59-a4941813931f","geometry":{"type":"Polygon","coordinates":[[[32360, 33728],[32400, 33864],[32520, 33856],[32536, 33720],[32496, 33656],[32400, 33656],[32360, 33728]]]},"properties":{"objectType":"annotation","classification":{"name":"Tumor","color":[102, 77, 179]}}},{"type":"Feature","id":"6b554918-2464-4059-b1eb-29b7fe74076a","geometry":{"type":"Polygon","coordinates":[[[25584, 34608],[25584, 34688],[25632, 34712],[25632, 34688],[25704, 34680],[25744, 34696],[25720, 34672],[25752, 34648],[25744, 34624],[25752, 34560],[25728, 34552],[25728, 34512],[25712, 34496],[25680, 34504],[25688, 34456],[25664, 34456],[25648, 34504],[25656, 34536],[25624, 34536],[25648, 34568],[25640, 34600],[25584, 34608]]]},"properties":{"objectType":"annotation","classification":{"name":"Tumor","color":[102, 77, 179]}}},{"type":"Feature","id":"6be88592-2aae-43ba-a154-fd84c30d4215","geometry":{"type":"Polygon","coordinates":[[[15512, 23208],[15576, 23344],[15648, 23328],[15608, 23432],[15760, 23440],[15880, 23360],[15880, 23264],[15840, 23240],[15872, 23040],[15832, 23000],[15664, 22992],[15576, 23016],[15520, 23120],[15512, 23208]]]},"properties":{"objectType":"annotation","classification":{"name":"Tumor","color":[102, 77, 179]}}},{"type":"Feature","id":"b83c5d15-2fe9-4fab-af6d-2590d786fcf0","geometry":{"type":"Polygon","coordinates":[[[17880, 29712],[17936, 29712],[17936, 29760],[18048, 29736],[18040, 29600],[17888, 29624],[17880, 29712]]]},"properties":{"objectType":"annotation","classification":{"name":"Tumor","color":[102, 77, 179]}}},{"type":"Feature","id":"e02aa6de-64dd-4ab1-8e72-e161284062aa","geometry":{"type":"Polygon","coordinates":[[[26392, 35504],[26400, 35544],[26448, 35544],[26424, 35592],[26472, 35552],[26528, 35584],[26592, 35560],[26600, 35512],[26656, 35480],[26592, 35488],[26568, 35456],[26520, 35464],[26432, 35448],[26392, 35504]]]},"properties":{"objectType":"annotation","classification":{"name":"Tumor","color":[102, 77, 179]}}},{"type":"Feature","id":"52a0651d-b02c-48e4-965b-6df60509d6b9","geometry":{"type":"Polygon","coordinates":[[[11288, 24544],[11344, 24608],[11400, 24616],[11424, 24600],[11576, 24576],[11592, 24592],[11696, 24600],[11720, 24592],[11808, 24528],[11824, 24504],[11832, 24448],[11816, 24440],[11792, 24376],[11752, 24344],[11728, 24288],[11696, 24264],[11648, 24256],[11632, 24224],[11600, 24232],[11608, 24208],[11544, 24208],[11536, 24232],[11472, 24232],[11472, 24280],[11432, 24304],[11432, 24336],[11456, 24336],[11424, 24360],[11424, 24384],[11360, 24392],[11320, 24416],[11296, 24456],[11288, 24544]]]},"properties":{"objectType":"annotation","classification":{"name":"Tumor","color":[102, 77, 179]}}},{"type":"Feature","id":"7ac5662d-5c87-4701-bcce-0114392515b4","geometry":{"type":"Polygon","coordinates":[[[11328, 20192],[11352, 20296],[11584, 20432],[11672, 20424],[11688, 20280],[11568, 20136],[11504, 20096],[11408, 20104],[11328, 20192]]]},"properties":{"objectType":"annotation","classification":{"name":"Tumor","color":[102, 77, 179]}}},{"type":"Feature","id":"8aa0a319-b530-436f-949b-e59dc1ce93c9","geometry":{"type":"Polygon","coordinates":[[[13288, 20704],[13288, 20776],[13304, 20808],[13328, 20824],[13328, 20856],[13360, 20872],[13384, 20904],[13408, 20904],[13424, 20928],[13464, 20928],[13488, 20952],[13560, 20952],[13592, 20928],[13656, 20920],[13704, 20888],[13712, 20872],[13752, 20872],[13752, 20832],[13792, 20840],[13824, 20824],[13824, 20808],[13856, 20792],[13856, 20824],[13896, 20856],[13920, 20904],[13968, 20904],[13992, 20928],[14016, 20928],[14024, 20952],[14104, 20944],[14160, 20960],[14168, 20944],[14256, 20944],[14288, 20936],[14368, 20880],[14384, 20856],[14384, 20824],[14400, 20800],[14392, 20752],[14408, 20672],[14440, 20656],[14440, 20736],[14464, 20776],[14464, 20800],[14512, 20856],[14552, 20880],[14584, 20880],[14584, 20896],[14640, 20888],[14632, 20864],[14680, 20832],[14680, 20728],[14704, 20696],[14720, 20696],[14728, 20648],[14768, 20640],[14768, 20616],[14792, 20584],[14824, 20576],[14824, 20552],[14848, 20536],[14872, 20496],[14872, 20464],[14888, 20432],[14912, 20416],[14928, 20360],[14896, 20336],[14896, 20280],[14888, 20240],[14856, 20232],[14848, 20216],[14816, 20216],[14792, 20240],[14744, 20264],[14688, 20312],[14672, 20304],[14648, 20336],[14608, 20368],[14600, 20408],[14552, 20456],[14488, 20504],[14448, 20488],[14424, 20464],[14416, 20432],[14376, 20424],[14368, 20400],[14320, 20408],[14296, 20448],[14272, 20440],[14288, 20464],[14280, 20552],[14264, 20568],[14256, 20640],[14208, 20640],[14200, 20624],[14168, 20624],[14088, 20600],[14040, 20600],[13984, 20568],[13952, 20568],[13928, 20552],[13872, 20552],[13824, 20584],[13792, 20576],[13776, 20624],[13752, 20640],[13752, 20608],[13696, 20608],[13688, 20592],[13656, 20592],[13616, 20568],[13560, 20560],[13400, 20560],[13376, 20568],[13336, 20632],[13304, 20632],[13312, 20672],[13288, 20704]]]},"properties":{"objectType":"annotation","classification":{"name":"Tumor","color":[102, 77, 179]}}},{"type":"Feature","id":"44ec5b90-03b7-4f41-9c95-af0a935c4b85","geometry":{"type":"Polygon","coordinates":[[[18856, 29312],[18896, 29312],[18912, 29352],[18944, 29368],[18936, 29400],[18976, 29400],[19008, 29440],[19016, 29464],[19040, 29472],[19040, 29512],[19056, 29512],[19072, 29568],[19056, 29568],[19056, 29592],[19080, 29584],[19080, 29568],[19104, 29568],[19112, 29592],[19160, 29632],[19160, 29648],[19192, 29656],[19216, 29672],[19208, 29720],[19248, 29728],[19272, 29760],[19272, 29792],[19296, 29800],[19312, 29784],[19320, 29800],[19528, 29800],[19544, 29784],[19568, 29784],[19584, 29768],[19632, 29768],[19648, 29736],[19664, 29736],[19664, 29720],[19688, 29712],[19688, 29696],[19704, 29688],[19704, 29656],[19728, 29632],[19728, 29536],[19720, 29536],[19720, 29464],[19712, 29464],[19712, 29432],[19696, 29416],[19680, 29416],[19672, 29400],[19624, 29384],[19616, 29368],[19584, 29376],[19568, 29344],[19544, 29328],[19576, 29336],[19576, 29312],[19488, 29312],[19464, 29320],[19448, 29296],[19384, 29296],[19384, 29288],[19344, 29288],[19312, 29296],[19296, 29280],[19256, 29272],[19256, 29232],[19264, 29232],[19256, 29184],[19232, 29200],[19200, 29160],[19152, 29152],[19120, 29112],[19104, 29112],[19096, 29064],[19072, 29072],[19032, 29072],[19032, 29048],[19016, 29064],[18984, 29056],[18984, 29088],[18968, 29080],[18920, 29080],[18896, 29104],[18896, 29120],[18920, 29120],[18920, 29144],[18896, 29152],[18888, 29184],[18888, 29296],[18856, 29312]]]},"properties":{"objectType":"annotation","classification":{"name":"Ignore*","color":[180, 180, 180]}}},{"type":"Feature","id":"9466d8cd-c087-4365-aeb5-31af812fd3e7","geometry":{"type":"Polygon","coordinates":[[[25952, 34256],[26000, 34256],[26032, 34296],[26080, 34296],[26048, 34320],[26048, 34344],[26096, 34352],[26176, 34400],[26224, 34392],[26248, 34376],[26240, 34312],[26216, 34304],[26208, 34272],[26144, 34240],[26104, 34240],[26096, 34216],[26120, 34192],[26184, 34184],[26200, 34168],[26224, 34200],[26216, 34248],[26240, 34256],[26248, 34288],[26272, 34304],[26288, 34360],[26328, 34376],[26360, 34432],[26448, 34424],[26488, 34384],[26488, 34368],[26544, 34360],[26552, 34320],[26584, 34304],[26592, 34264],[26568, 34264],[26568, 34240],[26616, 34208],[26624, 34232],[26608, 34248],[26632, 34256],[26648, 34304],[26672, 34312],[26680, 34352],[26728, 34352],[26728, 34336],[26808, 34344],[26840, 34320],[26880, 34320],[26888, 34304],[26936, 34304],[26936, 34280],[26960, 34288],[26968, 34248],[27000, 34272],[27016, 34248],[27040, 34248],[27048, 34224],[27080, 34208],[27080, 34168],[27096, 34168],[27144, 34112],[27144, 34080],[27128, 34072],[27096, 34024],[27056, 34024],[27088, 34000],[27096, 33976],[27056, 33968],[27056, 33936],[27016, 33928],[27000, 33904],[26960, 33904],[26960, 33888],[26896, 33888],[26896, 33864],[26864, 33880],[26832, 33872],[26752, 33872],[26720, 33880],[26712, 33864],[26680, 33888],[26632, 33888],[26624, 33912],[26672, 33928],[26672, 33944],[26624, 33928],[26608, 33904],[26584, 33904],[26576, 33952],[26552, 33952],[26544, 33984],[26520, 33984],[26512, 34008],[26456, 34048],[26392, 34048],[26360, 34064],[26288, 34064],[26264, 34080],[26264, 34112],[26232, 34104],[26232, 34144],[26208, 34160],[26200, 34128],[26112, 34128],[26104, 34152],[26080, 34152],[26088, 34176],[26072, 34200],[26000, 34208],[25952, 34256]]]},"properties":{"objectType":"annotation","classification":{"name":"Tumor","color":[102, 77, 179]}}},{"type":"Feature","id":"2d290029-bfd7-4746-bf85-1c0ca521cf7b","geometry":{"type":"Polygon","coordinates":[[[24064, 24544],[24080, 24624],[24120, 24632],[24096, 24656],[24128, 24720],[24232, 24768],[24296, 24760],[24344, 24728],[24376, 24664],[24384, 24568],[24344, 24504],[24288, 24456],[24240, 24448],[24144, 24456],[24064, 24544]]]},"properties":{"objectType":"annotation","classification":{"name":"Tumor","color":[102, 77, 179]}}},{"type":"Feature","id":"dac6c72c-0a92-4c92-9b6d-38728387b531","geometry":{"type":"Polygon","coordinates":[[[24648, 31672],[24656, 31784],[24792, 31816],[24864, 31736],[24856, 31640],[24752, 31672],[24736, 31640],[24648, 31672]]]},"properties":{"objectType":"annotation","classification":{"name":"Tumor","color":[102, 77, 179]}}},{"type":"Feature","id":"5a692a80-38dd-4983-a784-0a8769236283","geometry":{"type":"Polygon","coordinates":[[[10840, 20800],[10944, 20888],[11000, 20840],[11048, 20840],[11072, 20792],[11088, 20848],[11112, 20848],[11112, 20792],[11144, 20784],[11184, 20832],[11232, 20832],[11296, 20816],[11296, 20800],[11344, 20776],[11392, 20720],[11384, 20592],[11344, 20536],[11304, 20528],[11288, 20504],[11232, 20488],[11144, 20504],[11144, 20472],[11120, 20480],[11120, 20528],[11088, 20552],[11056, 20552],[11064, 20592],[11088, 20592],[11080, 20624],[11056, 20616],[11056, 20648],[11096, 20680],[11056, 20672],[11016, 20640],[10904, 20624],[10896, 20656],[10864, 20672],[10856, 20752],[10840, 20800]]]},"properties":{"objectType":"annotation","classification":{"name":"Tumor","color":[102, 77, 179]}}},{"type":"Feature","id":"0dce349e-f25f-4c93-85a1-80749c8d8cf8","geometry":{"type":"Polygon","coordinates":[[[17936, 22976],[18008, 22992],[18008, 23056],[18056, 23080],[18088, 23056],[18088, 23080],[18144, 23080],[18160, 23048],[18224, 23048],[18224, 23016],[18176, 22976],[18144, 22920],[18088, 22872],[17984, 22872],[17952, 22896],[17936, 22976]]]},"properties":{"objectType":"annotation","classification":{"name":"Tumor","color":[102, 77, 179]}}},{"type":"Feature","id":"79f506a6-5cc1-4582-9885-8c06eb14e798","geometry":{"type":"Polygon","coordinates":[[[12584, 20456],[12608, 20488],[12632, 20496],[12632, 20536],[12672, 20576],[12752, 20584],[12760, 20560],[12840, 20560],[12896, 20536],[12904, 20520],[12944, 20520],[12960, 20504],[12992, 20504],[12992, 20472],[13032, 20448],[13072, 20400],[13080, 20376],[13112, 20368],[13128, 20296],[13144, 20296],[13168, 20208],[13168, 20144],[13160, 20096],[13144, 20080],[13144, 20032],[13120, 20024],[13120, 20000],[13096, 19976],[13056, 19976],[13056, 19936],[13032, 19936],[13024, 19960],[12968, 19968],[12952, 19984],[12920, 19984],[12920, 20000],[12896, 20008],[12880, 20048],[12864, 20040],[12832, 20064],[12856, 20064],[12856, 20080],[12816, 20136],[12816, 20208],[12800, 20224],[12800, 20200],[12736, 20248],[12704, 20256],[12704, 20288],[12688, 20288],[12688, 20320],[12656, 20320],[12656, 20384],[12648, 20408],[12616, 20400],[12616, 20440],[12584, 20456]]]},"properties":{"objectType":"annotation","classification":{"name":"Tumor","color":[102, 77, 179]}}},{"type":"Feature","id":"b2bae574-cc6f-4150-8ef4-c5021a0657c8","geometry":{"type":"Polygon","coordinates":[[[12360, 25240],[12360, 25336],[12384, 25352],[12408, 25400],[12536, 25424],[12568, 25408],[12600, 25424],[12648, 25392],[12704, 25392],[12712, 25376],[12776, 25376],[12840, 25320],[12832, 25248],[12848, 25224],[12816, 25232],[12792, 25200],[12744, 25200],[12704, 25184],[12704, 25160],[12608, 25160],[12584, 25144],[12560, 25160],[12488, 25160],[12488, 25144],[12440, 25176],[12408, 25168],[12448, 25152],[12400, 25128],[12400, 25184],[12360, 25240]]]},"properties":{"objectType":"annotation","classification":{"name":"Tumor","color":[102, 77, 179]}}},{"type":"Feature","id":"8890d744-0ba3-4b43-8aa1-b412f7479670","geometry":{"type":"Polygon","coordinates":[[[23600, 26944],[23624, 27128],[23728, 27144],[23832, 27048],[23824, 26904],[23784, 26872],[23664, 26880],[23600, 26944]]]},"properties":{"objectType":"annotation","classification":{"name":"Tumor","color":[102, 77, 179]}}},{"type":"Feature","id":"dc6c005c-3f32-45f0-9f29-0868a10822f6","geometry":{"type":"Polygon","coordinates":[[[9736, 23248],[9768, 23256],[9800, 23304],[9800, 23272],[9848, 23280],[9904, 23224],[9888, 23120],[9864, 23120],[9856, 23064],[9784, 23072],[9744, 23120],[9736, 23248]]]},"properties":{"objectType":"annotation","classification":{"name":"Tumor","color":[102, 77, 179]}}},{"type":"Feature","id":"f97c26d1-efe6-4a2c-a786-690c151772dd","geometry":{"type":"Polygon","coordinates":[[[15096, 21888],[15104, 21976],[15136, 21968],[15184, 22008],[15312, 22008],[15320, 21992],[15384, 21992],[15392, 22032],[15408, 22032],[15400, 21984],[15440, 21920],[15440, 21832],[15424, 21832],[15440, 21792],[15400, 21792],[15392, 21776],[15352, 21760],[15304, 21752],[15320, 21712],[15280, 21736],[15272, 21768],[15264, 21744],[15184, 21776],[15176, 21808],[15120, 21856],[15096, 21888]]]},"properties":{"objectType":"annotation","classification":{"name":"Tumor","color":[102, 77, 179]}}},{"type":"Feature","id":"eba0fa23-6b14-4f84-939e-30200a5b16ed","geometry":{"type":"Polygon","coordinates":[[[24248, 29248],[24272, 29248],[24320, 29320],[24440, 29336],[24488, 29296],[24504, 29216],[24472, 29192],[24472, 29152],[24424, 29152],[24384, 29128],[24320, 29128],[24272, 29176],[24272, 29216],[24248, 29248]]]},"properties":{"objectType":"annotation","classification":{"name":"Tumor","color":[102, 77, 179]}}},{"type":"Feature","id":"f9bccfbc-39ed-4419-a2cb-badd682109cd","geometry":{"type":"Polygon","coordinates":[[[13192, 26928],[13192, 27000],[13224, 27048],[13264, 27072],[13288, 27112],[13304, 27080],[13368, 27064],[13392, 27080],[13376, 27032],[13400, 27024],[13416, 26912],[13384, 26904],[13344, 26856],[13264, 26864],[13248, 26896],[13208, 26888],[13192, 26928]]]},"properties":{"objectType":"annotation","classification":{"name":"Tumor","color":[102, 77, 179]}}},{"type":"Feature","id":"49f097a9-9970-4d65-930e-38f0c312e810","geometry":{"type":"Polygon","coordinates":[[[18832, 29648],[18832, 29776],[18840, 29776],[18840, 29848],[18856, 29848],[18888, 29896],[18888, 29920],[18920, 29928],[18936, 29960],[18896, 29944],[18896, 29968],[18944, 29968],[18944, 29976],[19088, 29976],[19112, 29992],[19144, 29992],[19160, 29960],[19184, 29960],[19208, 29928],[19208, 29912],[19232, 29904],[19224, 29824],[19208, 29792],[19160, 29776],[19104, 29736],[19104, 29712],[19088, 29704],[19088, 29680],[19016, 29672],[19000, 29656],[19000, 29616],[19016, 29584],[18984, 29592],[18984, 29640],[18960, 29640],[18960, 29616],[18912, 29616],[18888, 29608],[18912, 29632],[18864, 29664],[18848, 29640],[18832, 29648]]]},"properties":{"objectType":"annotation","classification":{"name":"Ignore*","color":[180, 180, 180]}}},{"type":"Feature","id":"1e9e9770-1d32-4293-96b4-c784a4ab7b25","geometry":{"type":"Polygon","coordinates":[[[11992, 25680],[11992, 25768],[12024, 25808],[12024, 25848],[12048, 25872],[12080, 25872],[12088, 25904],[12192, 25920],[12216, 25936],[12216, 25912],[12240, 25936],[12312, 25944],[12368, 25920],[12376, 25928],[12448, 25864],[12496, 25848],[12552, 25800],[12568, 25760],[12552, 25688],[12512, 25664],[12448, 25664],[12392, 25712],[12376, 25776],[12352, 25792],[12352, 25816],[12320, 25824],[12224, 25816],[12224, 25800],[12296, 25760],[12272, 25728],[12272, 25680],[12248, 25624],[12208, 25600],[12160, 25608],[12144, 25592],[12112, 25608],[12072, 25600],[12064, 25616],[12008, 25640],[11992, 25680]]]},"properties":{"objectType":"annotation","classification":{"name":"Tumor","color":[102, 77, 179]}}},{"type":"Feature","id":"60afbeba-166a-4fb1-9ea0-baafdbb0e2e3","geometry":{"type":"Polygon","coordinates":[[[26048, 35384],[26048, 35456],[26072, 35512],[26104, 35528],[26144, 35528],[26176, 35552],[26216, 35552],[26232, 35536],[26288, 35536],[26280, 35552],[26224, 35560],[26216, 35584],[26248, 35584],[26280, 35568],[26304, 35576],[26320, 35552],[26320, 35576],[26368, 35576],[26392, 35568],[26384, 35536],[26368, 35552],[26328, 35560],[26328, 35544],[26352, 35536],[26352, 35480],[26344, 35440],[26304, 35408],[26280, 35408],[26256, 35384],[26224, 35376],[26176, 35384],[26120, 35368],[26120, 35400],[26072, 35400],[26048, 35384]]]},"properties":{"objectType":"annotation","classification":{"name":"Tumor","color":[102, 77, 179]}}},{"type":"Feature","id":"5b7f7a8f-be51-4165-b67d-b33d7343e75e","geometry":{"type":"Polygon","coordinates":[[[26392, 30112],[26392, 30160],[26432, 30184],[26456, 30240],[26496, 30264],[26542, 30272],[26542, 30284],[26601, 30288],[26655, 30314],[26643, 30321],[26656, 30360],[26709, 30416],[26770, 30412],[26783, 30344],[26759, 30290],[26757, 30245],[26776, 30197],[26776, 30168],[26808, 30144],[26800, 30088],[26784, 30072],[26736, 30072],[26712, 30032],[26720, 29960],[26672, 29928],[26616, 29928],[26600, 29952],[26568, 29952],[26536, 29992],[26536, 30016],[26480, 30056],[26456, 30064],[26448, 30112],[26408, 30144],[26408, 30120],[26432, 30104],[26392, 30112]]]},"properties":{"objectType":"annotation","classification":{"name":"Tumor","color":[102, 77, 179]}}},{"type":"Feature","id":"0cf2ad4e-bc80-425f-90fa-ddd8411ed051","geometry":{"type":"Polygon","coordinates":[[[25264, 29392],[25280, 29448],[25376, 29512],[25376, 29536],[25576, 29568],[25584, 29536],[25640, 29536],[25712, 29472],[25733, 29380],[25733, 29301],[25773, 29254],[25776, 29144],[25808, 29112],[25800, 29032],[25752, 28968],[25688, 28928],[25632, 28856],[25472, 28792],[25480, 28768],[25424, 28736],[25368, 28736],[25320, 28768],[25296, 28864],[25376, 28952],[25423, 28963],[25458, 29058],[25524, 29154],[25581, 29152],[25597, 29230],[25513, 29239],[25416, 29296],[25336, 29280],[25272, 29304],[25264, 29392]]]},"properties":{"objectType":"annotation","classification":{"name":"Tumor","color":[102, 77, 179]}}},{"type":"Feature","id":"98d19def-2ee0-4d40-8430-9d879d2fdba2","geometry":{"type":"Polygon","coordinates":[[[25245, 29127],[25248, 29232],[25312, 29248],[25333, 29232],[25339, 29265],[25387, 29264],[25416, 29280],[25409, 29258],[25440, 29248],[25472, 29200],[25475, 29159],[25440, 29088],[25397, 29063],[25360, 29059],[25360, 29032],[25256, 29096],[25245, 29127]]]},"properties":{"objectType":"annotation","classification":{"name":"Tumor","color":[102, 77, 179]}}},{"type":"Feature","id":"1e73d028-4b72-468a-869f-68cce31c5516","geometry":{"type":"Polygon","coordinates":[[[25995, 28787],[26013, 28863],[26063, 28907],[26112, 28904],[26169, 28855],[26162, 28791],[26133, 28752],[26171, 28749],[26168, 28720],[26007, 28735],[25995, 28787]]]},"properties":{"objectType":"annotation","classification":{"name":"Tumor","color":[102, 77, 179]}}},{"type":"Feature","id":"3d24ef17-6b92-4350-90d0-e854f1d11601","geometry":{"type":"Polygon","coordinates":[[[26440, 28824],[26440, 28896],[26496, 28952],[26592, 28960],[26636, 28867],[26608, 28728],[26532, 28722],[26440, 28824]]]},"properties":{"objectType":"annotation","classification":{"name":"Tumor","color":[102, 77, 179]}}},{"type":"Feature","id":"9a1a521f-72ad-4790-aa97-0bb4e22734bd","geometry":{"type":"MultiPolygon","coordinates":[[[[26912, 28656],[26872, 28672],[26864, 28704],[26832, 28712],[26840, 28763.5],[26807, 28819],[26813, 28848],[26772, 28871],[26728, 28864],[26664, 28896],[26592, 28971],[26584, 29045],[26608, 29095],[26662, 29111],[26872, 29112],[26912, 29104],[26984, 29040],[27000, 29000],[27000, 28944],[27016, 28920],[26992, 28912],[27008, 28880],[26992, 28816],[26960, 28784],[26936, 28784],[26936, 28752],[26960, 28736],[26944, 28672],[26984, 28688],[26984, 28744],[27000, 28704],[27056, 28704],[27048, 28672],[26984, 28680],[26960, 28656],[26912, 28656]],[[26648, 29098],[26648, 29099],[26646.5, 29098],[26648, 29098]],[[26672, 29105],[26672, 29106],[26671.5, 29105],[26672, 29105]]],[[[26755, 29113],[26760, 29115],[26760, 29113],[26755, 29113]]]]},"properties":{"objectType":"annotation","classification":{"name":"Tumor","color":[102, 77, 179]}}},{"type":"Feature","id":"eb780dd1-df09-4318-b167-587552c0b05c","geometry":{"type":"Polygon","coordinates":[[[27912, 29176],[27872, 29200],[27888, 29246],[27832, 29304],[27840, 29336],[27784, 29384],[27784, 29424],[27848, 29464],[27856, 29488],[27968, 29504],[27984, 29488],[28080, 29488],[28128, 29448],[28112, 29312],[28096, 29296],[28096, 29216],[27976, 29216],[27976, 29200],[27904, 29208],[27912, 29176]],[[27920, 29212],[27926, 29216],[27920, 29216],[27920, 29212]]]},"properties":{"objectType":"annotation","classification":{"name":"Tumor","color":[102, 77, 179]}}},{"type":"Feature","id":"7bac657f-35f8-47bf-af9e-6cee77c1d63a","geometry":{"type":"Polygon","coordinates":[[[27634, 29874],[27716, 30089],[27829, 30194],[27907, 30230],[27961, 30227],[28009, 30185],[28009, 30145],[28050, 30095],[28014, 30024],[28031, 29993],[28158, 29996],[28218, 29954],[28262, 29847],[28249, 29777],[28198.6, 29742],[28236, 29738],[28182, 29684],[28113, 29651],[28056, 29648],[27967, 29716],[27967, 29771.33],[27935, 29857],[27892, 29814],[27931, 29728],[27892, 29644],[27817, 29610],[27700, 29655],[27661, 29703],[27637, 29790],[27634, 29874]]]},"properties":{"objectType":"annotation","classification":{"name":"Tumor","color":[102, 77, 179]}}},{"type":"Feature","id":"01a44bda-1a05-4094-9e4d-082fd4fc3eb3","geometry":{"type":"Polygon","coordinates":[[[26944, 29888],[26848, 29976],[26864, 30160],[26832, 30152],[26863, 30200],[26856, 30392],[26888, 30456],[26912, 30560],[26992, 30608],[27104, 30608],[27136, 30552],[27144, 30472],[27104, 30408],[27113, 30369],[27085, 30348],[27049, 30239],[27057, 30201],[27176, 30120],[27176, 29976],[27146, 29981],[27089, 29929],[27104, 29904],[27040, 29888],[26944, 29888]],[[27083, 30350],[27083, 30352],[27080, 30352],[27083, 30350]],[[27088, 30357.17],[27089, 30360],[27088, 30360],[27088, 30357.17]],[[27096, 30367.3],[27096.78, 30368],[27096, 30368],[27096, 30367.3]]]},"properties":{"objectType":"annotation","classification":{"name":"Tumor","color":[102, 77, 179]}}},{"type":"Feature","id":"975382b9-69a5-4866-9dfe-7b8998029492","geometry":{"type":"Polygon","coordinates":[[[29398, 30309],[29283, 30346],[29232, 30424],[29232, 30464],[29200, 30472],[29192, 30544],[29224, 30568],[29200, 30584],[29208, 30656],[29232, 30680],[29320, 30704],[29416, 30664],[29440, 30680],[29440, 30637],[29472, 30632],[29504, 30552],[29536, 30536],[29568, 30456],[29552, 30360],[29504, 30320],[29398, 30309]],[[29368, 30418.67],[29368, 30424],[29354, 30424],[29368, 30418.67]]]},"properties":{"objectType":"annotation","classification":{"name":"Tumor","color":[102, 77, 179]}}},{"type":"Feature","id":"afb4603c-a7af-4877-bd8d-a2a41f2335c2","geometry":{"type":"Polygon","coordinates":[[[30304, 30341],[30367, 30436],[30430, 30386],[30409, 30294],[30342, 30291],[30304, 30341]]]},"properties":{"objectType":"annotation","classification":{"name":"Tumor","color":[102, 77, 179]}}},{"type":"Feature","id":"df1ad418-f527-410f-9715-47138af50559","geometry":{"type":"Polygon","coordinates":[[[30048, 29608],[30056, 29696],[30120, 29736],[30208, 29736],[30264, 29680],[30216, 29680],[30224, 29600],[30088, 29576],[30048, 29608]]]},"properties":{"objectType":"annotation","classification":{"name":"Tumor","color":[102, 77, 179]}}},{"type":"Feature","id":"df3dcb9d-87d3-4e45-aaff-749455edfba2","geometry":{"type":"Polygon","coordinates":[[[29554, 29528],[29512, 29530],[29462, 29548],[29450, 29574],[29381, 29622],[29387, 29641],[29378, 29689],[29392, 29779],[29406, 29819],[29427, 29849],[29446, 29844],[29459, 29859],[29481, 29856],[29544, 29872],[29576, 29864],[29656, 29800],[29664, 29760],[29688, 29736],[29688, 29648],[29634, 29572],[29607, 29547],[29628, 29579.25],[29554, 29528]],[[29431, 29594],[29431, 29595],[29430, 29595],[29431, 29594]]]},"properties":{"objectType":"annotation","classification":{"name":"Tumor","color":[102, 77, 179]}}},{"type":"Feature","id":"6af09b41-60e1-43e5-aae4-b0942130fd0e","geometry":{"type":"Polygon","coordinates":[[[30152, 29097],[30192, 29193],[30320, 29233],[30419, 29148],[30385, 29074],[30400, 29033],[30296, 28969],[30175, 29024],[30152, 29097]]]},"properties":{"objectType":"annotation","classification":{"name":"Tumor","color":[102, 77, 179]}}},{"type":"Feature","id":"4940ec5b-0757-4930-a986-4f6cd9bc2b2b","geometry":{"type":"Polygon","coordinates":[[[33626, 29508],[33642, 29550],[33713, 29595],[33761, 29605],[33759, 29646],[33814, 29607],[33814, 29561],[33831, 29590],[33869, 29559],[33894, 29438],[33848, 29396.91],[33864, 29310],[33837, 29268],[33794, 29243],[33757, 29201],[33732, 29244],[33681, 29265],[33660, 29400],[33656, 29463],[33626, 29508]]]},"properties":{"objectType":"annotation","classification":{"name":"Tumor","color":[102, 77, 179]}}},{"type":"Feature","id":"436f78d1-bf2c-4181-91d4-2c4bf297fc3f","geometry":{"type":"Polygon","coordinates":[[[32896, 29680],[32911, 29717],[32896, 29768],[32918, 29838.3],[32920, 29896],[32992, 30000],[33040, 30032],[33096, 30048],[33160, 30040],[33232, 29952],[33240, 29896],[33224, 29784],[33135, 29695],[33041, 29643],[32973, 29640],[32920, 29680],[32896, 29680]]]},"properties":{"objectType":"annotation","classification":{"name":"Tumor","color":[102, 77, 179]}}},{"type":"Feature","id":"53cb5927-ae07-43f7-9ec2-842a1136abd9","geometry":{"type":"Polygon","coordinates":[[[30024, 28856],[30024, 28896],[30040, 28898],[30040, 28936],[30048, 28952],[30080, 28984],[30096, 28992],[30152, 28984],[30176, 28976],[30201, 28938],[30232, 28928],[30262, 28885],[30292, 28873],[30314, 28888],[30321, 28908],[30337, 28892],[30327, 28915],[30376, 28940],[30376, 28950],[30343, 28973],[30344, 28984],[30407, 29039],[30408, 29056],[30433, 29083],[30432, 29095],[30462, 29122],[30456, 29142],[30483, 29157],[30491, 29172],[30488, 29212],[30472, 29224],[30472, 29200],[30448, 29200],[30456, 29224],[30440, 29232],[30440, 29264],[30456, 29256],[30456, 29232],[30472, 29232],[30472, 29264],[30464, 29264],[30464, 29328],[30448, 29336],[30464, 29392],[30472, 29400],[30456, 29416],[30504, 29432],[30512, 29480],[30528, 29480],[30560, 29520],[30600, 29528],[30624, 29512],[30616, 29504],[30616, 29464],[30624, 29464],[30624, 29496],[30696, 29496],[30696, 29520],[30712, 29520],[30704, 29472],[30736, 29448],[30752, 29416],[30744, 29392],[30744, 29360],[30736, 29336],[30752, 29336],[30760, 29312],[30760, 29272],[30800, 29280],[30784, 29243],[30752, 29216],[30720, 29222],[30714, 29203],[30723, 29180],[30766, 29161],[30766, 29177],[30781, 29192],[30800, 29192],[30801, 29177],[30822, 29185],[30814, 29205],[30838, 29191],[30835, 29181],[30856, 29152],[30848, 29105.5],[30860, 29072],[30845, 29066],[30840, 29032],[30816, 29024],[30816, 29000],[30785, 29000],[30756, 28987],[30728, 28987],[30728, 28976],[30704, 28976],[30700, 28991],[30680, 28984],[30672, 28952],[30656, 28968],[30639, 28968],[30625, 28936],[30658, 28903],[30658, 28889],[30624, 28909],[30638, 28872],[30648, 28872],[30672, 28848],[30680, 28816],[30680, 28768],[30664, 28760],[30624, 28704],[30608, 28704],[30600, 28688],[30584, 28688],[30560, 28656],[30536, 28656],[30528, 28632],[30504, 28624],[30496, 28648],[30448, 28664],[30392, 28664],[30384, 28648],[30360, 28648],[30336, 28616],[30312, 28608],[30216, 28608],[30200, 28631],[30184, 28632],[30136, 28668],[30097, 28716],[30040, 28816],[30032, 28816],[30032, 28856],[30024, 28856]]]},"properties":{"objectType":"annotation","classification":{"name":"Tumor","color":[102, 77, 179]}}},{"type":"Feature","id":"dd0377bb-0b60-414f-82b5-4854ca7690c8","geometry":{"type":"Polygon","coordinates":[[[30208, 27568],[30248, 27624],[30312, 27632],[30424, 27568],[30480, 27632],[30472, 27688],[30536, 27741],[30591, 27744],[30616, 27776],[30675, 27758],[30676, 27786],[30760, 27768],[30772, 27736],[30824, 27744],[30864, 27672],[30872, 27592],[30851, 27484],[30784, 27392],[30640, 27360],[30536, 27360],[30513, 27386],[30464, 27336],[30352, 27336],[30280, 27360],[30224, 27456],[30208, 27568]]]},"properties":{"objectType":"annotation","classification":{"name":"Tumor","color":[102, 77, 179]}}},{"type":"Feature","id":"913a1ef3-4d1a-4e3d-9e2c-f21db21500a4","geometry":{"type":"Polygon","coordinates":[[[32784, 33496],[32824, 33544],[32864, 33544],[32912, 33496],[32912, 33576],[33000, 33680],[33075, 33704],[33144, 33704],[33196, 33657],[33220, 33657],[33288, 33728],[33336, 33760],[33472, 33640],[33507, 33589],[33537, 33505],[33480, 33344],[33426, 33313],[33343, 33300],[33265, 33344],[33265, 33374],[33231, 33442],[33192, 33458],[33129, 33408],[33112, 33368],[33016, 33352],[33000, 33376],[33030.67, 33392],[32984, 33432],[32976, 33480],[32936, 33496],[32952, 33448],[32920, 33472],[32864, 33400],[32800, 33424],[32784, 33496]]]},"properties":{"objectType":"annotation","classification":{"name":"Tumor","color":[102, 77, 179]}}},{"type":"Feature","id":"43336682-a541-462e-95d1-fa93d2c0c09c","geometry":{"type":"Polygon","coordinates":[[[29560, 33328],[29616, 33376],[29727.38, 33248],[29916, 33207],[29968, 33169],[30145, 33152],[30240, 33128],[30277, 33097],[30307, 33118],[30464, 33128],[30503, 33071],[30640, 33016],[30656, 32904],[30587, 32888],[30480, 32800],[30422, 32782],[30236, 32782],[30050, 32837],[30008, 32871],[29884, 32880],[29790, 32957],[29648, 32984],[29576, 33080],[29592, 33128],[29560, 33328]]]},"properties":{"objectType":"annotation","classification":{"name":"Tumor","color":[102, 77, 179]}}},{"type":"Feature","id":"286b6e5b-e447-4b52-8b83-52a69fa3fe0d","geometry":{"type":"Polygon","coordinates":[[[31640, 31496],[31737, 31583],[31760, 31644],[31920, 31680],[31907, 31639],[31986, 31596],[32052, 31462],[32044, 31336],[31960, 31128],[31878.67, 31170.5],[31804, 31103],[31734, 31107],[31644, 31303],[31640, 31496]]]},"properties":{"objectType":"annotation","classification":{"name":"Tumor","color":[102, 77, 179]}}},{"type":"Feature","id":"382a1c8a-7549-4ca8-b2c7-8c1c3c62a5e7","geometry":{"type":"Polygon","coordinates":[[[23664, 34384],[23674, 34546],[23727, 34604],[23904, 34624],[24008, 34512],[24000, 34432],[23886, 34295],[23712, 34320],[23664, 34384]]]},"properties":{"objectType":"annotation","classification":{"name":"Tumor","color":[102, 77, 179]}}},{"type":"Feature","id":"df9fd14e-3661-43de-8aca-def8f92ee4d7","geometry":{"type":"Polygon","coordinates":[[[27984, 33856],[28008, 33936],[28072, 33992],[28144, 33976],[28152, 34000],[28216, 33992],[28208, 33952],[28264, 33944],[28288, 33912],[28296, 33840],[28272, 33832],[28296, 33792],[28232, 33760],[28200, 33696],[28120, 33704],[28008, 33768],[27984, 33856]]]},"properties":{"objectType":"annotation","classification":{"name":"Tumor","color":[102, 77, 179]}}},{"type":"Feature","id":"6c118fe0-3536-4477-b60a-1ef32d69f200","geometry":{"type":"Polygon","coordinates":[[[26645, 33034],[26704, 33112],[26756, 33118],[26818, 33228],[26840, 33368],[26880, 33384],[26964, 33296],[27000, 33296],[26992, 33256],[27040, 33256],[27087, 33192],[27136, 33168],[27113, 33029],[27128, 32976],[27040, 32944],[27032, 32880],[26968, 32832],[26872, 32829],[26775, 32863],[26707, 32859],[26720, 32944],[26773, 32960],[26776, 32994.75],[26734, 33000],[26656, 32960],[26645, 33034]]]},"properties":{"objectType":"annotation","classification":{"name":"Tumor","color":[102, 77, 179]}}},{"type":"Feature","id":"e3467a71-131b-4936-aa0c-fa71eeeaa188","geometry":{"type":"Polygon","coordinates":[[[25021, 32655],[24967, 32661],[24927, 32688],[24912, 32672],[24840, 32672],[24840, 32688],[24792, 32688],[24776, 32699],[24720, 32696],[24684, 32704],[24680, 32672],[24664, 32664],[24592, 32680],[24570, 32709],[24512, 32704],[24464, 32656],[24416, 32656],[24416, 32672],[24392, 32672],[24384, 32696],[24360, 32712],[24368, 32736],[24392, 32736],[24392, 32720],[24416, 32704],[24432, 32712],[24441, 32763],[24504, 32792],[24504, 32800],[24560, 32809],[24592, 32825],[24600, 32856],[24615, 32866.5],[24615, 32895],[24661, 32920],[24688, 32960],[24700, 32960],[24717, 33006],[24744, 33040],[24798, 33051],[24820, 33077],[24860, 33086],[24876, 33101],[24922, 33110],[24945.33, 33098.5],[24984, 33138],[25024, 33144],[25024, 33120],[25044, 33132],[25035, 33148],[25063, 33182],[25028, 33213],[24976, 33209],[24936, 33224],[24919, 33275],[24896, 33303],[24891, 33326.57],[24872, 33344],[24875, 33371],[24863, 33395],[24863, 33429],[24879, 33457],[24883, 33493],[24915, 33521],[24940, 33570],[24958, 33570],[25022, 33534],[25070, 33533],[25094, 33510],[25112, 33506],[25128, 33520],[25198, 33490],[25219.39, 33464],[25240, 33456],[25239, 33421],[25273, 33374],[25294, 33366],[25326, 33382],[25354, 33382],[25378, 33398],[25432, 33394],[25433, 33361],[25461, 33365],[25461, 33397],[25482, 33414],[25509, 33414],[25525, 33390],[25582, 33362],[25613, 33385],[25617, 33415],[25572, 33481],[25536, 33485],[25507, 33510],[25505, 33533],[25519, 33548],[25527, 33581],[25473, 33612],[25454, 33601],[25408, 33597],[25396, 33605],[25342, 33581],[25280, 33581],[25244, 33601],[25200, 33608],[25203, 33650],[25193, 33656],[25179, 33626],[25154, 33609],[25100, 33621],[25040, 33621],[24994, 33649],[24954, 33649],[24949, 33681],[24972, 33694.91],[24968, 33739],[24959, 33744],[24881, 33682],[24880, 33664],[24862, 33656],[24836, 33610],[24813, 33582],[24816, 33544],[24790, 33541],[24758, 33553],[24720, 33541],[24672, 33488],[24648, 33488],[24626, 33517],[24612, 33517],[24597, 33494],[24600, 33464],[24560, 33456],[24538, 33465],[24477, 33438],[24447, 33438],[24422, 33452],[24384, 33448],[24354, 33427],[24320, 33427],[24304, 33400],[24278, 33384],[24280, 33360],[24243, 33367],[24194, 33317],[24118, 33279],[24051, 33279],[24016, 33266],[24016, 33240],[23976, 33248],[23976, 33262],[23936, 33256],[23936, 33264],[23886.2, 33290],[23834, 33295],[23760, 33328],[23760, 33336.62],[23718, 33362],[23672, 33413.09],[23655.2, 33422],[23608, 33424],[23592.91, 33443],[23552, 33466],[23496, 33488],[23496, 33504],[23416, 33504],[23400, 33520],[23400, 33552],[23336, 33552],[23320, 33576],[23288, 33592],[23280, 33632],[23216, 33648],[23208, 33632],[23176, 33640],[23168, 33672],[23168, 33712],[23216, 33720],[23216, 33728],[23256, 33728],[23256, 33712],[23288, 33720],[23288, 33736],[23264, 33752],[23264, 33784],[23240, 33792],[23240, 33776],[23176, 33776],[23192, 33816],[23208, 33824],[23200, 33848],[23216, 33872],[23280, 33872],[23328, 33816],[23328, 33760],[23352, 33760],[23392, 33744],[23384, 33712],[23368, 33704],[23368, 33664],[23360, 33640],[23376, 33640],[23368, 33608],[23368, 33568],[23408, 33560],[23432, 33568],[23448, 33552],[23448, 33528],[23501.13, 33528],[23496, 33552],[23512, 33538.24],[23536, 33560],[23568, 33568],[23577, 33587],[23614, 33587],[23632, 33616],[23664, 33609],[23735, 33609],[23762, 33630],[23856, 33656],[23856, 33636],[23890.25, 33632],[23944, 33658],[23952, 33680],[23968, 33680],[24016, 33653],[24032, 33664],[24032, 33644],[24051, 33636],[24064, 33656],[24227, 33658],[24256, 33648],[24320, 33648],[24320, 33656],[24445, 33656],[24462, 33689],[24480, 33689],[24507, 33670],[24542, 33708],[24563, 33690],[24618, 33713],[24677, 33744],[24653, 33784],[24696, 33801],[24734, 33789],[24766, 33809],[24868, 33829],[24908, 33789],[24925, 33792],[24916, 33816],[24944, 33848],[24984, 33872],[25054, 33869],[25072, 33888],[25120, 33896],[25130.5, 33885.38],[25144, 33904],[25200, 33912],[25250, 33889],[25302, 33885],[25326, 33865],[25352, 33857],[25376, 33864],[25399, 33837],[25442, 33829],[25478, 33837],[25509, 33857],[25541, 33857],[25585, 33889],[25603, 33889],[25631, 33869],[25655, 33869],[25678, 33834],[25710, 33843],[25714, 33879],[25731, 33868],[25770, 33899],[25782, 33927],[25854, 33985],[25859, 34002],[25843, 34015],[25840, 34048],[25853, 34079],[25887, 34094],[25943, 34146],[25999, 34148],[26043, 34096],[26051, 34054],[26086, 34015],[26138, 34018],[26196, 34006],[26248, 34040],[26280, 34022],[26312, 34030],[26369, 34030],[26401, 34006],[26437, 34011],[26464, 33992],[26472, 33960],[26488, 33952],[26488, 33912],[26462, 33896],[26448, 33856],[26424, 33820],[26386, 33782],[26352, 33777],[26328, 33752],[26291.67, 33749],[26238, 33719],[26232, 33696],[26212.33, 33701],[26153, 33698],[26060, 33621],[26024, 33601],[25993, 33601],[25965, 33580],[25925, 33584],[25905, 33569],[25884, 33584],[25841, 33572],[25813, 33576],[25798, 33565],[25792, 33532],[25833, 33488],[25865, 33504],[25946, 33492],[25956, 33504],[26004, 33508],[26021, 33527],[26060, 33536],[26100, 33528],[26123, 33539],[26120, 33572],[26164, 33564],[26204, 33572],[26228, 33592],[26262.33, 33592],[26292, 33603],[26334.66, 33579],[26356, 33579],[26396, 33607],[26459, 33603],[26471, 33591],[26538, 33579],[26546, 33563],[26586, 33551],[26626, 33526],[26658, 33487],[26679, 33475],[26694, 33498],[26731, 33483],[26718, 33452.33],[26720, 33432],[26752, 33424],[26784, 33368],[26784, 33352],[26761, 33339],[26768, 33320],[26766, 33271.67],[26776, 33264],[26773, 33223],[26724, 33164],[26693, 33147],[26689, 33128],[26654, 33119],[26634, 33131],[26586, 33124],[26546, 33143],[26514, 33139],[26500, 33123],[26463, 33119],[26430, 33131],[26392, 33128],[26363, 33146],[26353, 33180],[26319, 33183],[26297, 33210],[26232, 33216],[26203, 33236],[26119, 33204],[26085, 33208],[25991, 33208],[25951, 33204],[25927, 33188],[25896, 33184],[25872.53, 33216],[25823.67, 33242],[25792, 33230],[25784, 33200],[25760, 33202],[25722, 33169],[25638, 33177],[25594, 33165],[25540, 33131.83],[25525, 33094],[25475, 33086],[25429, 33050.5],[25396, 33008],[25353, 32966],[25330, 32932],[25335, 32905],[25318, 32876],[25325, 32822],[25258, 32754],[25178, 32717],[25151, 32726],[25132, 32717],[25128, 32681],[25072, 32685],[25048, 32664],[25021, 32655]],[[25935, 33417],[25940, 33419],[25939, 33420],[25935, 33417]],[[25959, 33420],[25957, 33424],[25943, 33420],[25959, 33420]],[[25911, 33412],[25913, 33413],[25909, 33416],[25911, 33412]],[[25984, 33391],[25985, 33393],[25977, 33401],[25984, 33391]],[[25854, 33684],[25854, 33685],[25852, 33685],[25854, 33684]],[[25919, 33408],[25924, 33412],[25915, 33412],[25919, 33408]],[[25822, 33660],[25817, 33665],[25820, 33660],[25822, 33660]],[[25865, 33677],[25858, 33684],[25858, 33683],[25865, 33677]],[[23992, 33256],[23992, 33262],[23984, 33262],[23992, 33256]],[[25903, 33416],[25905, 33417],[25901, 33420],[25903, 33416]],[[25893.57, 33424],[25837, 33460],[25810, 33460],[25841, 33453],[25870, 33432],[25893.57, 33424]],[[25829, 33688],[25831, 33693],[25821, 33702],[25829, 33688]],[[25896, 33420],[25897, 33421],[25896, 33421.88],[25896, 33420]],[[25831, 33625.67],[25831, 33633],[25830, 33633.8],[25831, 33625.67]],[[25992, 33628.33],[25992, 33640],[25990, 33640],[25992, 33628.33]],[[25975, 33403],[25976, 33405],[25969, 33413],[25975, 33403]],[[25927, 33413],[25932, 33415],[25931, 33416],[25927, 33413]],[[25444, 33604],[25444.65, 33604.74],[25443.67, 33604],[25444, 33604]]]},"properties":{"objectType":"annotation","classification":{"name":"Tumor","color":[102, 77, 179]}}},{"type":"Feature","id":"18db836e-72ec-4a32-8dd5-0c3c9e327558","geometry":{"type":"Polygon","coordinates":[[[28757, 31700],[28763, 31722],[28740, 31739],[28715, 31742],[28679, 31763],[28682, 31781],[28709, 31822],[28715, 31848],[28683, 31874],[28664, 31864],[28627, 31862],[28608, 31840],[28568, 31840],[28568, 31824],[28552, 31824],[28536, 31800],[28520, 31800],[28504, 31824],[28504, 31856],[28480, 31848],[28480, 31824],[28464, 31816],[28440, 31840],[28424, 31840],[28416, 31880],[28392, 31880],[28392, 31896],[28376, 31912],[28352, 31912],[28352, 31944],[28336, 31952],[28344, 31976],[28344, 32016],[28328, 32024],[28312, 32088],[28336, 32112],[28336, 32144],[28344, 32152],[28432, 32152],[28440, 32176],[28472, 32184],[28504, 32168],[28512, 32152],[28512, 32088],[28536, 32064],[28568, 32064],[28576, 32088],[28600, 32088],[28608, 32104],[28608, 32176],[28632, 32184],[28656, 32208],[28656, 32272],[28704, 32272],[28704, 32280],[28744, 32280],[28752, 32288],[28768, 32272],[28768, 32224],[28776, 32200],[28792, 32192],[28792, 32176],[28768, 32168],[28760, 32152],[28760, 32120],[28752, 32120],[28728, 32088],[28712, 32088],[28688, 32056],[28672, 32056],[28674, 32016],[28689, 32009],[28720, 32024],[28720, 32048],[28736, 32064],[28792, 32072],[28808, 32064],[28832.67, 32032],[28864, 32032],[28864, 31992],[28838, 31991],[28818, 32009],[28776, 31987],[28763, 31951],[28771, 31946],[28808, 31976],[28840, 31976],[28849, 31952],[28878, 31958],[28920, 31979],[28920, 31992],[28936, 31992],[28936, 31977],[28952, 31968],[28976, 31912],[28976, 31879],[28984, 31868],[29018, 31871],[28991, 31857],[28994, 31817],[28976, 31797],[28967, 31776],[28970, 31745],[28961, 31773],[28932, 31799],[28909, 31799],[28872, 31760],[28856, 31763],[28856, 31794],[28832, 31765],[28848, 31752],[28848, 31736],[28801, 31736],[28781, 31722],[28778, 31700],[28757, 31700]],[[28832, 31769],[28830, 31772],[28829, 31771],[28832, 31769]]]},"properties":{"objectType":"annotation","classification":{"name":"Tumor","color":[102, 77, 179]}}},{"type":"Feature","id":"904c7365-11d9-4784-8656-a4d06a454998","geometry":{"type":"MultiPolygon","coordinates":[[[[29179, 30784],[29133, 30799],[29126, 30822],[29021, 30925],[28982, 30942],[28973, 30973],[28946, 30981],[28967, 31025],[28967, 31063],[28934, 31081],[28931, 31164],[28893, 31229],[28887, 31259],[28911, 31276],[28905, 31319],[28926, 31355],[28989, 31427],[29037, 31429],[29037, 31454],[29064, 31427],[29024.57, 31379],[29028, 31335],[28994, 31320],[28992, 31247],[29003, 31216],[29036, 31195],[29031, 31119.33],[29042, 31085],[29024, 31042],[29052, 31010],[29132, 30971],[29178, 30898],[29252, 30838],[29324, 30802],[29271, 30813],[29230, 30787],[29179, 30784]],[[29123, 30957],[29122.33, 30958],[29119, 30957],[29123, 30957]],[[29177, 30839],[29174, 30842],[29175, 30839],[29177, 30839]],[[29104, 30885],[29104, 30886],[29103, 30885],[29104, 30885]],[[29185, 30831],[29180, 30836],[29180, 30835.29],[29185, 30831]],[[29119, 30958],[29117.67, 30960],[29112, 30960],[29119, 30958]],[[29187, 30797],[29197, 30820],[29173, 30822],[29187, 30797]],[[29218, 30788],[29220, 30789],[29209, 30789],[29218, 30788]]],[[[29212, 30785],[29214, 30786],[29214, 30785],[29212, 30785]]]]},"properties":{"objectType":"annotation","classification":{"name":"Tumor","color":[102, 77, 179]}}},{"type":"Feature","id":"c6067f3a-2573-4bc0-b681-317039ec79b8","geometry":{"type":"Polygon","coordinates":[[[28944, 31368],[28912, 31376],[28912, 31416],[28888, 31416],[28872, 31392],[28792, 31384],[28816, 31416],[28872, 31416],[28884, 31471],[28905, 31486],[28910, 31464],[28935, 31474],[28930, 31493],[28963, 31512],[28960, 31603],[28997, 31627],[29020, 31605],[29006, 31584],[29040, 31600],[29040, 31656],[29072, 31720],[29096, 31720],[29104, 31768],[29080, 31760],[29056, 31720],[29024, 31704],[28992, 31712],[29008, 31680],[29008, 31648],[28960, 31656],[28976, 31680],[28976, 31800],[29000, 31816],[28992, 31864],[29056, 31888],[29072, 31912],[29104, 31888],[29128, 31888],[29136, 31912],[29272, 31912],[29320, 31920],[29392, 31888],[29392, 31872],[29432, 31840],[29416, 31816],[29424, 31776],[29384, 31744],[29384, 31712],[29360, 31680],[29336, 31680],[29320, 31648],[29344, 31648],[29336, 31616],[29272, 31608],[29264, 31576],[29216, 31568],[29216, 31552],[29184, 31536],[29128, 31544],[29104, 31504],[29071, 31504],[29080, 31472],[29070, 31435],[29046, 31467],[29040, 31424],[29024, 31413],[29000, 31430],[28944, 31368]],[[28940, 31464],[28935, 31467],[28927.22, 31464],[28940, 31464]],[[28920, 31456],[28920, 31457],[28918, 31456],[28920, 31456]]]},"properties":{"objectType":"annotation","classification":{"name":"Tumor","color":[102, 77, 179]}}},{"type":"Feature","id":"f9e48c16-8e1e-4b95-b73b-748accdba9ab","geometry":{"type":"Polygon","coordinates":[[[28562, 31220],[28616, 31276],[28734, 31271],[28776, 31216],[28698, 31092],[28584, 31160],[28562, 31220]]]},"properties":{"objectType":"annotation","classification":{"name":"Tumor","color":[102, 77, 179]}}},{"type":"Feature","id":"09e7445d-9f5c-498c-bf9b-bcf851d9517e","geometry":{"type":"Polygon","coordinates":[[[26911, 32297],[26856, 32329],[26907, 32347],[26936, 32337],[26914, 32417],[26982, 32464],[27033, 32531],[27057.6, 32520.4],[27026, 32612],[27053, 32591],[27071, 32613],[27114, 32593],[27084, 32564],[27123, 32510],[27139, 32396],[27112, 32379],[27040, 32392],[27037, 32325],[27001, 32305],[26911, 32297]],[[27112, 32394],[27112, 32416],[27101, 32416],[27112, 32394]]]},"properties":{"objectType":"annotation","classification":{"name":"Tumor","color":[102, 77, 179]}}},{"type":"Feature","id":"58342e96-c1fe-4c00-9a70-4d1827480af1","geometry":{"type":"Polygon","coordinates":[[[28625, 31381],[28591, 31397],[28568, 31421],[28540, 31408],[28540, 31437],[28496, 31469],[28472, 31477],[28439, 31458],[28416, 31456],[28402.44, 31473.56],[28355, 31477],[28336, 31507],[28358, 31515],[28349, 31530],[28361, 31568],[28358, 31620],[28394, 31630],[28394, 31661],[28405, 31672],[28456, 31672],[28472, 31648],[28560, 31648],[28624, 31632],[28624, 31608],[28640, 31600],[28656, 31624],[28721, 31601],[28759, 31625],[28732, 31602],[28740, 31589],[28762, 31601],[28784, 31595],[28801, 31607],[28798, 31561],[28828, 31535],[28807, 31503],[28801, 31474.25],[28813, 31469],[28797, 31431],[28749, 31413],[28680, 31412],[28664, 31390],[28625, 31381]],[[28786, 31528],[28786, 31530],[28783, 31532],[28786, 31528]]]},"properties":{"objectType":"annotation","classification":{"name":"Tumor","color":[102, 77, 179]}}},{"type":"Feature","id":"0ba38f42-2d45-4491-bad7-1344dd4ec229","geometry":{"type":"Polygon","coordinates":[[[26024, 34432],[25976, 34440],[25928, 34464],[25928, 34544],[25960, 34544],[25952, 34584],[25920, 34608],[25896, 34648],[25928, 34744],[25984, 34712],[25992, 34744],[26048, 34736],[26056, 34776],[26104, 34784],[26112, 34752],[26152, 34752],[26176, 34776],[26176, 34808],[26128, 34808],[26088, 34832],[26016, 34816],[25992, 34840],[25952, 34840],[25920, 34872],[25886, 34869],[25866, 34940],[25832, 34968],[25816, 34960],[25752, 34968],[25712, 34920],[25648, 34920],[25592, 34936],[25584, 34968],[25568, 34944],[25472, 35000],[25464, 35032],[25432, 35048],[25408, 35096],[25432, 35104],[25432, 35144],[25416, 35160],[25408, 35208],[25448, 35224],[25464, 35192],[25488, 35184],[25488, 35152],[25552, 35152],[25560, 35120],[25584, 35112],[25600, 35072],[25656, 35056],[25656, 35072],[25616, 35080],[25624, 35096],[25702, 35098],[25712, 35111],[25664, 35120],[25664, 35152],[25704, 35144],[25704, 35160],[25748, 35175],[25773, 35208],[25836, 35198],[25860, 35216],[25894, 35204],[25943, 35218],[25948, 35186],[26000, 35224],[26096, 35216],[26104, 35184],[26208, 35176],[26224, 35200],[26256, 35200],[26256, 35144],[26272, 35128],[26248, 35096],[26152, 35104],[26127, 35059],[26152, 35040],[26134, 35014],[26141, 34971],[26101, 34957],[26101, 34910],[26128, 34896],[26136, 34864],[26184, 34848],[26192, 34864],[26248, 34864],[26288, 34904],[26312, 34888],[26312, 34912],[26344, 34912],[26320, 34944],[26336, 35008],[26360, 35016],[26368, 34984],[26352, 34976],[26360, 34920],[26400, 34912],[26384, 34896],[26368, 34840],[26368, 34792],[26352, 34768],[26344, 34720],[26296, 34728],[26296, 34696],[26256, 34672],[26240, 34712],[26224, 34664],[26184, 34664],[26176, 34624],[26240, 34584],[26248, 34552],[26208, 34552],[26248, 34528],[26256, 34584],[26272, 34584],[26288, 34544],[26280, 34464],[26248, 34472],[26224, 34456],[26112, 34448],[26072, 34432],[26080, 34464],[26024, 34432]],[[26122, 34966],[26104, 35032],[26038, 35015],[26063, 34977],[26122, 34966]],[[25776.43, 35136],[25776, 35136.38],[25776, 35136],[25776.43, 35136]],[[25799, 35136],[25798, 35137],[25793, 35136],[25799, 35136]],[[26088, 34894],[26096, 34904],[26088, 34906],[26088, 34894]],[[25744, 35112],[25776, 35120],[25765, 35146],[25744, 35112]],[[25746, 35063],[25824, 35072],[25848, 35112],[25792, 35109],[25768, 35072],[25730, 35086],[25746, 35063]]]},"properties":{"objectType":"annotation","classification":{"name":"Tumor","color":[102, 77, 179]}}},{"type":"Feature","id":"2dfcd9cf-7f0a-4b00-849c-45d9d2547e53","geometry":{"type":"Polygon","coordinates":[[[26536, 34528],[26464, 34560],[26464, 34600],[26448, 34576],[26416, 34584],[26416, 34664],[26440, 34672],[26416, 34696],[26416, 34736],[26438, 34763],[26428, 34830],[26443, 34876],[26365, 34922],[26350, 34977],[26365, 34994],[26328, 35072],[26344, 35080],[26320, 35136],[26288, 35152],[26271, 35225],[26248, 35248],[26152, 35240],[26152, 35272],[26184, 35296],[26152, 35312],[26176, 35344],[26216, 35328],[26288, 35336],[26288, 35376],[26400, 35377],[26408, 35392],[26448, 35384],[26476, 35336],[26495, 35352],[26496, 35392],[26539, 35411],[26570, 35401],[26668, 35412],[26653, 35430],[26681, 35416],[26751, 35415],[26784, 35392],[26751, 35349],[26780, 35344],[26800, 35368],[26840, 35368],[26832, 35392],[26872, 35376],[26872, 35352],[26936, 35328],[26952, 35299],[27000, 35304],[27025, 35288],[27056, 35296],[27048, 35274],[27097, 35250],[27125, 35270],[27182, 35232],[27205, 35250],[27196, 35193],[27220, 35160],[27211, 35130],[27241, 35109],[27257, 35140],[27296.86, 35105],[27336, 35119],[27334, 35075],[27365, 35017],[27336, 35016],[27392, 34992],[27448, 34936],[27448, 34864],[27464, 34824],[27376, 34816],[27328, 34776],[27288, 34768],[27224, 34776],[27160, 34768],[27192, 34808],[27152, 34800],[27144, 34776],[27088, 34752],[27096, 34792],[27080, 34808],[27064, 34776],[26968, 34784],[26952, 34832],[26928, 34824],[26912, 34856],[26832, 34848],[26760, 34912],[26736, 34960],[26680, 34984],[26640, 34984],[26624, 35016],[26584, 35024],[26568, 35008],[26576, 34928],[26640, 34928],[26680, 34896],[26728, 34880],[26712, 34856],[26720, 34808],[26696, 34776],[26752, 34784],[26760, 34760],[26736, 34752],[26744, 34704],[26704, 34696],[26704, 34632],[26688, 34656],[26640, 34640],[26640, 34616],[26680, 34624],[26656, 34584],[26624, 34584],[26624, 34552],[26600, 34528],[26536, 34528]],[[26560, 34890],[26576, 34904],[26552, 34920],[26560, 34890]],[[26448, 34728],[26448, 34748],[26445, 34741],[26448, 34728]],[[26584, 35032],[26584, 35034],[26582, 35032],[26584, 35032]],[[26464, 34752],[26464, 34758],[26450.5, 34752],[26464, 34752]],[[27176, 35120],[27174, 35122],[27174, 35120],[27176, 35120]],[[26536, 34931.67],[26537.4, 34932.6],[26536, 34934],[26536, 34931.67]],[[26382, 34966],[26383, 34967],[26381.5, 34968],[26382, 34966]],[[26366, 35043],[26366, 35044],[26365, 35045],[26366, 35043]]]},"properties":{"objectType":"annotation","classification":{"name":"Tumor","color":[102, 77, 179]}}},{"type":"Feature","id":"1fce16b6-fef6-49b6-96eb-e14b7dfbd181","geometry":{"type":"Polygon","coordinates":[[[27371, 34357],[27354, 34365],[27354, 34414],[27374, 34434],[27360, 34460],[27324, 34460],[27315, 34485],[27337, 34467],[27346, 34498],[27314, 34527],[27322, 34545],[27307, 34580],[27316, 34652],[27354, 34670],[27379, 34669],[27370, 34635],[27391, 34631],[27403, 34656],[27440, 34638],[27419, 34609],[27446, 34592],[27463, 34632],[27468, 34668],[27505, 34650],[27538, 34602],[27558, 34607],[27564, 34566],[27585, 34540],[27608, 34552],[27623, 34542],[27602, 34520],[27617, 34503],[27609, 34474],[27575, 34501],[27566.88, 34482.3],[27584, 34459],[27574, 34430],[27535, 34439],[27501, 34404],[27466, 34412],[27471, 34433],[27446, 34429],[27451, 34410],[27420, 34381],[27371, 34357]],[[27378, 34456],[27378, 34468],[27374, 34461],[27378, 34456]],[[27365, 34375.5],[27365, 34384],[27362, 34384],[27365, 34375.5]]]},"properties":{"objectType":"annotation","classification":{"name":"Tumor","color":[102, 77, 179]}}},{"type":"Feature","id":"42c1a90b-7e91-46e3-83eb-4591fb6795e4","geometry":{"type":"Polygon","coordinates":[[[24272, 33256],[24278, 33313],[24339, 33381],[24465, 33395],[24568, 33384],[24652, 33306],[24652, 33147],[24592, 33045],[24529, 33013],[24411, 32999],[24386, 33084],[24334, 33108],[24309, 33228],[24272, 33256]]]},"properties":{"objectType":"annotation","classification":{"name":"Tumor","color":[102, 77, 179]}}},{"type":"Feature","id":"e23e32c5-aede-4efa-b41a-a22be48a447c","geometry":{"type":"Polygon","coordinates":[[[24074, 32677],[23984, 32688],[23944, 32704],[23888, 32704],[23840, 32752],[23816, 32800],[23820, 32897],[23897, 32999],[23976, 33072],[24010, 33049],[24079, 33106],[24128, 33089],[24157, 33038],[24240, 33094],[24271, 33086],[24249, 33063],[24276, 33041],[24326, 33041],[24400, 32976],[24400, 32904],[24344, 32870],[24336, 32824],[24296, 32808],[24175, 32828],[24136, 32792],[24079, 32777],[24061, 32717],[24074, 32677]],[[24330, 33024.67],[24328, 33027],[24328, 33026],[24330, 33024.67]]]},"properties":{"objectType":"annotation","classification":{"name":"Tumor","color":[102, 77, 179]}}},{"type":"Feature","id":"57dc2b0f-11ae-4131-aa71-bf308cae34f6","geometry":{"type":"Polygon","coordinates":[[[24040, 32176],[24072, 32176],[24064, 32200],[24064, 32264],[24088, 32288],[24096, 32340],[24129, 32362],[24146, 32393],[24224, 32464],[24300, 32457],[24385, 32489],[24447, 32436],[24478, 32466],[24472, 32488],[24496, 32488],[24520, 32464],[24512, 32384],[24468, 32364],[24468, 32308],[24450, 32280],[24457, 32253],[24450, 32200],[24464, 32136],[24448, 32064],[24408, 32048],[24408, 32024],[24376, 32016],[24368, 32031],[24336, 32016],[24272, 32016],[24216, 32056],[24234, 32080],[24200, 32094],[24192, 32064],[24136, 32080],[24080, 32160],[24040, 32176]]]},"properties":{"objectType":"annotation","classification":{"name":"Tumor","color":[102, 77, 179]}}},{"type":"Feature","id":"e2f0eb06-2701-42fd-b643-40269f1fb1fd","geometry":{"type":"Polygon","coordinates":[[[27208, 29872],[27232, 29904],[27232, 29928],[27208, 29936],[27208, 29960],[27232, 29976],[27240, 30040],[27264, 30066],[27264, 30096],[27304, 30104],[27312, 30136],[27329, 30136],[27351, 30159],[27403, 30171],[27368, 30219],[27308, 30232],[27307, 30298],[27384, 30392],[27421, 30409],[27486, 30419],[27512, 30416],[27559, 30361],[27610, 30331],[27623, 30295],[27659, 30279],[27655, 30245],[27680, 30233],[27688, 30152],[27666, 30140],[27656, 30064],[27640, 30048],[27640, 30024],[27616, 30016],[27600, 30056],[27568, 30048],[27552, 29968],[27504, 29968],[27504, 29952],[27528, 29952],[27528, 29936],[27504, 29928],[27504, 29888],[27488, 29880],[27464, 29840],[27488, 29840],[27488, 29824],[27440, 29832],[27440, 29792],[27408, 29768],[27384, 29784],[27408, 29784],[27416, 29808],[27384, 29808],[27368, 29792],[27280, 29792],[27248, 29808],[27248, 29856],[27216, 29848],[27208, 29872]]]},"properties":{"objectType":"annotation","classification":{"name":"Tumor","color":[102, 77, 179]}}},{"type":"Feature","id":"d598d85b-0621-4f04-8793-3937911bf654","geometry":{"type":"Polygon","coordinates":[[[25304, 29680],[25312, 29760],[25360, 29792],[25352, 29808],[25376, 29824],[25395, 29820],[25422, 29835],[25416, 29854],[25448.5, 29848],[25462, 29882],[25412, 29928],[25384, 29928],[25369, 29946],[25376, 30022],[25364, 30043],[25393, 30080],[25400, 30112],[25428, 30124],[25453, 30180],[25492, 30223],[25513, 30261],[25544, 30284.7],[25560, 30312],[25598, 30333],[25600, 30360],[25623, 30362],[25648, 30424],[25689, 30447],[25706, 30473],[25726, 30481],[25719, 30504],[25743, 30520],[25749, 30496],[25787, 30551],[25821, 30562],[25858, 30545],[25917, 30554],[25887, 30523],[25917, 30543],[25935, 30540],[25934, 30514],[25960, 30509],[25969, 30485],[25993, 30486],[25991, 30455],[26000, 30408],[26032, 30384],[26016, 30312],[25993, 30311],[26000, 30280],[25967, 30250],[25889, 30247],[25843, 30287],[25848, 30316],[25837, 30323],[25856, 30345],[25853, 30396],[25829, 30385],[25835, 30371],[25792, 30320],[25795, 30296],[25768, 30256],[25787, 30242],[25799, 30198],[25766, 30197],[25768, 30144],[25746, 30129],[25736, 30088],[25700, 30037],[25675, 29981.33],[25672, 29928],[25712, 29880],[25712, 29832],[25697, 29815.33],[25696, 29784],[25680, 29760],[25632, 29760],[25624, 29744],[25585, 29779],[25584, 29832],[25593, 29840],[25565, 29855],[25528, 29851],[25528, 29818.67],[25544, 29792],[25543, 29721],[25488, 29688],[25430, 29680],[25413, 29694],[25360, 29688],[25360, 29664],[25344, 29680],[25304, 29680]]]},"properties":{"objectType":"annotation","classification":{"name":"Tumor","color":[102, 77, 179]}}},{"type":"Feature","id":"0654f157-eb12-47dc-a766-73b670272302","geometry":{"type":"Polygon","coordinates":[[[24645, 30509],[24736, 30640],[24792, 30672],[24896, 30592],[24927, 30549],[24920, 30496],[24824, 30400],[24694, 30410],[24665, 30374],[24672, 30448],[24645, 30509]]]},"properties":{"objectType":"annotation","classification":{"name":"Tumor","color":[102, 77, 179]}}},{"type":"Feature","id":"20ad4921-118f-43fa-8e3e-baf6784b00fd","geometry":{"type":"Polygon","coordinates":[[[26376, 26040],[26352, 26056],[26367, 26133],[26360, 26159],[26320, 26192],[26344, 26192],[26312, 26264],[26312, 26320],[26328, 26328],[26328, 26360],[26352, 26384],[26384, 26392],[26408, 26424],[26448, 26432],[26456, 26456],[26487.5, 26456],[26496, 26472],[26552, 26496],[26608, 26568],[26648, 26568],[26656, 26584],[26704, 26576],[26744, 26608],[26744, 26624],[26784, 26624],[26800, 26656],[26824, 26656],[26902, 26712],[26928, 26712],[26936, 26736],[26962, 26736],[26962, 26758],[27018, 26806],[27030, 26853],[27060, 26876],[27050, 26902],[27094, 26909],[27152, 26968],[27195, 26978],[27217, 27032],[27275, 27077],[27325, 27096],[27381, 27146],[27438, 27159],[27473, 27188],[27486, 27221],[27562, 27277],[27600, 27290],[27651, 27340],[27724, 27358],[27832, 27360],[27840, 27376],[27888, 27400],[27936, 27400],[27952, 27384],[27960, 27296],[27936, 27272],[27936, 27240],[27912, 27224],[27923, 27206],[27912, 27160],[27892, 27141],[27859, 27084],[27808, 27032.09],[27765, 27014],[27728, 26971],[27667, 26922.83],[27654, 26898],[27548, 26791],[27509, 26729],[27429, 26648],[27445.5, 26628.5],[27472, 26633],[27508.17, 26609],[27556.83, 26615],[27600, 26633],[27624, 26656],[27656, 26664],[27656, 26680],[27700.33, 26666],[27784, 26665],[27880, 26648],[27896, 26608],[27928, 26608],[27960, 26632],[27992, 26616],[28048, 26616],[28048, 26600],[28096, 26600],[28112, 26544],[28088, 26496],[28008, 26488],[27960, 26512],[27912, 26504],[27904, 26528],[27864, 26496],[27856, 26472],[27824, 26456],[27752, 26368],[27704, 26360],[27688, 26336],[27616, 26336],[27544, 26328],[27543, 26343],[27512, 26336],[27415, 26343],[27400, 26382.08],[27365, 26412],[27328, 26392],[27344, 26360],[27312, 26368],[27313.12, 26405],[27272, 26408],[27252, 26449],[27204.39, 26430],[27144, 26374],[27096, 26359.73],[27064, 26320],[27040, 26324.46],[27032, 26296],[27013, 26304],[26976, 26256],[26936, 26256],[26880, 26224],[26872, 26200],[26822, 26194],[26752, 26200],[26712, 26184],[26720, 26205],[26696, 26199.2],[26696, 26168],[26664, 26144],[26609, 26144],[26608, 26128],[26503, 26125],[26432, 26069],[26432, 26040],[26376, 26040]],[[27904, 27206],[27905.86, 27208],[27904, 27208],[27904, 27206]]]},"properties":{"objectType":"annotation","classification":{"name":"Tumor","color":[102, 77, 179]}}},{"type":"Feature","id":"d1cad187-ee60-40b4-973e-5ccd46bacc6a","geometry":{"type":"Polygon","coordinates":[[[22640, 27704],[22640, 27768],[22664, 27808],[22704, 27840],[22736, 27840],[22768, 27880],[22832, 27888],[22832, 27904],[22936, 27896],[22984, 27904],[23128, 27904],[23128, 27888],[23200, 27888],[23248, 27808],[23256, 27736],[23208, 27680],[23176, 27680],[23128, 27640],[23064, 27648],[22960, 27640],[22928, 27664],[22928, 27640],[22888, 27656],[22792, 27656],[22704, 27640],[22664, 27664],[22640, 27704]]]},"properties":{"objectType":"annotation","classification":{"name":"Tumor","color":[102, 77, 179]}}},{"type":"Feature","id":"10ec95ae-721c-4061-9c12-70a3fcf20f29","geometry":{"type":"Polygon","coordinates":[[[19984, 26192],[20104, 26392],[20238, 26403],[20336, 26368],[20448, 26224],[20410, 26073],[20271, 25934],[20176, 25920],[20072, 25960],[19998, 26047],[19984, 26192]]]},"properties":{"objectType":"annotation","classification":{"name":"Tumor","color":[102, 77, 179]}}},{"type":"Feature","id":"6909d822-c31c-4917-a44d-585fb9444661","geometry":{"type":"Polygon","coordinates":[[[26680, 28232],[26760, 28287],[26975, 28294],[27054, 28177],[27018, 28116],[26963, 28109],[26946, 28071],[26736, 28056],[26696, 28128],[26680, 28232]]]},"properties":{"objectType":"annotation","classification":{"name":"Tumor","color":[102, 77, 179]}}},{"type":"Feature","id":"067c4b58-24a7-4245-bb0a-172a8fa9997e","geometry":{"type":"Polygon","coordinates":[[[27320, 27968],[27360, 27992],[27337, 28051],[27352, 28144],[27439, 28179],[27400, 28280],[27456, 28352],[27512, 28400],[27664, 28416],[27688, 28440],[27736, 28440],[27816, 28464],[27912, 28424],[27928, 28360],[27928, 28296],[27864, 28216],[27768, 28168],[27752, 28136],[27652, 28119],[27600, 27984],[27528, 27936],[27392, 27936],[27376, 27976],[27320, 27968]]]},"properties":{"objectType":"annotation","classification":{"name":"Tumor","color":[102, 77, 179]}}},{"type":"Feature","id":"2791198b-50a8-4e07-88b3-de603b898577","geometry":{"type":"Polygon","coordinates":[[[26112, 27392],[26128, 27424],[26128, 27464],[26159, 27456],[26187, 27483],[26248, 27472],[26249, 27461],[26304, 27448],[26304, 27424],[26320, 27440],[26360, 27432],[26376, 27392],[26408, 27360],[26408, 27288],[26376, 27272],[26360, 27240],[26312, 27240],[26312, 27232],[26264, 27232],[26240, 27248],[26208, 27248],[26200, 27272],[26152, 27312],[26136, 27352],[26152, 27352],[26142, 27376.5],[26112, 27392]]]},"properties":{"objectType":"annotation","classification":{"name":"Tumor","color":[102, 77, 179]}}},{"type":"Feature","id":"7ffe0461-6b61-4cc0-87da-753ad902d40b","geometry":{"type":"Polygon","coordinates":[[[25552, 26832],[25608, 26852],[25656, 26912],[25704, 26904],[25699, 26923],[25816, 26944],[25896, 26944],[25920, 26928],[25936, 26952],[25960, 26936],[25968, 26960],[26024, 27008],[26032, 27024],[26088, 27024],[26112, 27040],[26120, 27016],[26128, 27056],[26168, 27049],[26171, 27068],[26211, 27061],[26218, 27073],[26330, 27080],[26407, 27043],[26447, 27009],[26481, 26906],[26440, 26840],[26320, 26760],[26296, 26760],[26280, 26736],[26224, 26728],[26200, 26704],[26144, 26704],[26112, 26672],[26040, 26664],[26016, 26648],[25984, 26648],[25968, 26632],[25896, 26640],[25904, 26616],[25880, 26624],[25856, 26592],[25784, 26592],[25784, 26584],[25680, 26584],[25616, 26608],[25560, 26656],[25557, 26733],[25567, 26790],[25552, 26832]]]},"properties":{"objectType":"annotation","classification":{"name":"Tumor","color":[102, 77, 179]}}},{"type":"Feature","id":"5cc7b969-804a-457a-aee1-5935a303f99a","geometry":{"type":"Polygon","coordinates":[[[24736, 25896],[24672, 25904],[24680, 25944],[24648, 25968],[24616, 25936],[24616, 25976],[24592, 25992],[24600, 26014.83],[24568, 26088],[24560, 26128],[24560, 26272],[24609, 26318],[24684, 26347],[24706, 26347],[24822, 26312],[24885, 26249],[24927, 26184],[24943, 26142],[24917, 26113],[24928, 26080],[24896.85, 26032],[24912, 25992],[24870, 26016],[24848, 25992],[24880, 25984],[24880, 25960],[24856, 25960],[24856, 25936],[24808, 25904],[24752, 25904],[24736, 25928],[24736, 25896]],[[24566, 26201],[24568, 26202.33],[24568, 26203],[24566, 26201]],[[24563, 26207],[24564.5, 26208],[24563, 26208],[24563, 26207]],[[24573, 26235],[24573, 26237],[24572, 26236.33],[24573, 26235]],[[24791, 26285],[24774, 26296],[24775, 26286.17],[24791, 26285]],[[24642, 26311],[24642.67, 26312],[24639, 26311],[24642, 26311]]]},"properties":{"objectType":"annotation","classification":{"name":"Tumor","color":[102, 77, 179]}}},{"type":"Feature","id":"2f340717-ed5a-4f7f-943c-8bbe2c044084","geometry":{"type":"Polygon","coordinates":[[[23104, 25448],[23104, 25568],[23136, 25592],[23160, 25696],[23200, 25720],[23200, 25784],[23232, 25832],[23224, 25888],[23240, 25936],[23280, 26008],[23312, 26032],[23288, 26064],[23312, 26112],[23336, 26120],[23368, 26184],[23424, 26200],[23536, 26192],[23568, 26152],[23624, 26144],[23624, 26120],[23592, 26128],[23600, 26008],[23568, 25992],[23504, 25992],[23432, 26008],[23384, 26032],[23376, 25984],[23416, 25992],[23400, 25960],[23488, 25960],[23480, 25912],[23528, 25904],[23528, 25824],[23544, 25760],[23528, 25744],[23520, 25610],[23538, 25594],[23511, 25580],[23513, 25441],[23534, 25420],[23536, 25376],[23520, 25366],[23520, 25264],[23480, 25224],[23440, 25240],[23440, 25200],[23488, 25192],[23512, 25112],[23472, 25080],[23456, 25032],[23416, 25016],[23368, 25032],[23320, 25032],[23296, 25056],[23264, 25056],[23264, 25088],[23240, 25088],[23200, 25120],[23200, 25160],[23168, 25176],[23120, 25280],[23128, 25352],[23112, 25360],[23120, 25432],[23104, 25448]]]},"properties":{"objectType":"annotation","classification":{"name":"Tumor","color":[102, 77, 179]}}},{"type":"Feature","id":"0f3d3b3a-091a-4988-9318-3b6997c14afb","geometry":{"type":"Polygon","coordinates":[[[23656, 25624],[23592, 25640],[23600, 25667],[23571, 25710],[23577, 25787],[23560, 25816],[23584, 25832],[23638, 25800],[23656, 25832],[23736, 25840],[23763, 25818],[23792, 25837],[23824, 25827],[23808, 25813],[23830, 25774],[23832, 25688],[23792, 25640],[23672, 25640],[23656, 25624]],[[23763, 25809],[23763, 25810],[23762, 25811],[23763, 25809]],[[23760, 25808],[23762, 25814],[23760, 25816],[23760, 25808]],[[23810, 25784],[23804, 25812],[23798, 25807],[23810, 25784]],[[23824, 25696],[23827, 25697],[23824, 25699],[23824, 25696]]]},"properties":{"objectType":"annotation","classification":{"name":"Tumor","color":[102, 77, 179]}}},{"type":"Feature","id":"214bdf61-d29d-48f7-88ea-66d525dfe163","geometry":{"type":"Polygon","coordinates":[[[23753, 25297],[23736, 25320],[23664, 25312],[23576, 25392],[23568, 25432],[23536, 25432],[23520, 25536],[23566, 25582],[23663, 25600],[23680, 25620],[23784, 25592],[23784, 25569],[23960, 25568],[24015, 25512],[24016, 25408],[23960, 25344],[23822, 25302],[23753, 25297]],[[23584, 25579],[23584, 25581],[23577, 25579],[23584, 25579]],[[23643, 25585],[23643, 25590],[23642, 25589],[23643, 25585]],[[23672, 25601],[23672, 25604],[23671, 25603],[23672, 25601]],[[23654, 25592],[23650, 25594],[23647, 25593],[23654, 25592]]]},"properties":{"objectType":"annotation","classification":{"name":"Tumor","color":[102, 77, 179]}}},{"type":"Feature","id":"a60af97e-d8bf-4add-a6ea-491373ed0ccf","geometry":{"type":"Polygon","coordinates":[[[18648, 26200],[18640, 26232],[18592, 26224],[18592, 26256],[18568, 26256],[18568, 26320],[18544, 26312],[18544, 26272],[18464, 26320],[18456, 26360],[18488, 26328],[18488, 26360],[18512, 26384],[18472, 26368],[18488, 26424],[18464, 26432],[18472, 26472],[18496, 26472],[18520, 26504],[18552, 26520],[18592, 26512],[18592, 26528],[18632, 26528],[18632, 26552],[18680, 26560],[18656, 26528],[18696, 26520],[18696, 26544],[18720, 26560],[18777, 26556],[18956, 26554],[18995, 26526],[19018, 26530],[19030, 26506],[19024, 26464],[19056, 26424],[19056, 26336],[19040, 26304],[19008, 26280],[19008, 26256],[18960, 26256],[18904, 26240],[18860.5, 26240],[18784, 26200],[18712, 26200],[18704, 26216],[18648, 26200]],[[19000, 26368],[19000, 26376],[18994, 26370],[19000, 26368]]]},"properties":{"objectType":"annotation","classification":{"name":"Tumor","color":[102, 77, 179]}}},{"type":"Feature","id":"a73766f6-24af-4223-99ef-7b849688ed2a","geometry":{"type":"Polygon","coordinates":[[[18341, 28018],[18369, 28143],[18509, 28143],[18516, 28067],[18440, 27988],[18341, 28018]]]},"properties":{"objectType":"annotation","classification":{"name":"Tumor","color":[102, 77, 179]}}},{"type":"Feature","id":"bb81ee98-1312-4bea-a1ed-82a7b560cd2b","geometry":{"type":"MultiPolygon","coordinates":[[[[17400, 27932],[17336, 28012],[17338, 28071],[17392, 28117],[17457, 28117],[17538, 28043],[17521, 27961],[17400, 27932]],[[17467, 27964],[17470, 27967],[17469, 27967],[17467, 27964]]],[[[17441, 27941],[17442, 27942],[17443, 27941],[17441, 27941]]]]},"properties":{"objectType":"annotation","classification":{"name":"Tumor","color":[102, 77, 179]}}},{"type":"Feature","id":"15a75a3e-f59b-4657-a622-9c24e58e8055","geometry":{"type":"Polygon","coordinates":[[[17934, 30482],[17976, 30535],[18084, 30478],[18088, 30383],[18013, 30336],[17945, 30382],[17934, 30482]]]},"properties":{"objectType":"annotation","classification":{"name":"Tumor","color":[102, 77, 179]}}},{"type":"Feature","id":"a2950725-2bc3-47d8-a8ed-7dea242a341e","geometry":{"type":"Polygon","coordinates":[[[16919, 29453],[16931, 29524],[17035, 29504],[17042, 29420],[16957, 29404],[16919, 29453]]]},"properties":{"objectType":"annotation","classification":{"name":"Tumor","color":[102, 77, 179]}}},{"type":"Feature","id":"4e1454be-2420-4d9a-b0db-07e659d4a03b","geometry":{"type":"Polygon","coordinates":[[[16336, 29078],[16400, 29161],[16460, 29148],[16471, 29072],[16422, 29038],[16356, 29046],[16336, 29078]]]},"properties":{"objectType":"annotation","classification":{"name":"Tumor","color":[102, 77, 179]}}},{"type":"Feature","id":"e3892a23-70b2-4d26-adc9-a744abce33d0","geometry":{"type":"Polygon","coordinates":[[[18011, 27578],[18070, 27653],[18190, 27672],[18398, 27525],[18397, 27384],[18304, 27336],[18160, 27336],[18020, 27465],[18011, 27578]]]},"properties":{"objectType":"annotation","classification":{"name":"Tumor","color":[102, 77, 179]}}},{"type":"Feature","id":"3ffdb569-73bd-45d7-8781-6a1a1b487cdd","geometry":{"type":"Polygon","coordinates":[[[16823, 27700],[16908, 27668],[16964, 27704],[17168, 27664],[17368, 27512],[17400, 27432],[17386, 27344],[17432, 27352],[17376, 27248],[17232, 27256],[17162, 27335],[17096, 27352],[17093, 27411],[16954, 27525],[16836, 27590],[16823, 27700]]]},"properties":{"objectType":"annotation","classification":{"name":"Tumor","color":[102, 77, 179]}}},{"type":"Feature","id":"4477bf3b-5b74-4911-8afb-948835620786","geometry":{"type":"Polygon","coordinates":[[[20166, 26840],[20157, 26870],[20097, 26878],[20078, 26908],[20061, 26876],[19985, 26880],[19917, 26902],[19881, 26934],[19862, 26968],[19868, 27064],[19914, 27114],[19970, 27128],[20016, 27116],[20032, 27136],[20072, 27112],[20072, 27086],[20122, 27038],[20141, 27000],[20230, 27026],[20220, 27003],[20253, 26984],[20268, 26996],[20306, 26974],[20330.33, 26934],[20362, 26950],[20336, 26956],[20340, 26979],[20370, 26979],[20465, 26934],[20501, 26895],[20472, 26882],[20472, 26859],[20400, 26853],[20372, 26881],[20314, 26866],[20281, 26890],[20252, 26864],[20225, 26866],[20166, 26840]],[[20386, 26937],[20394, 26944],[20375, 26953],[20386, 26937]]]},"properties":{"objectType":"annotation","classification":{"name":"Tumor","color":[102, 77, 179]}}},{"type":"Feature","id":"29ce1f94-1212-4abd-9dbe-657dc6cb85ee","geometry":{"type":"Polygon","coordinates":[[[19504, 27224],[19480, 27232],[19480, 27256],[19464, 27272],[19485, 27272],[19469, 27309],[19472, 27339],[19462, 27358],[19456, 27407],[19459, 27442],[19498, 27501],[19496, 27536],[19528, 27536],[19540, 27506],[19640, 27528],[19664, 27507],[19737, 27484],[19816, 27488],[19888, 27432],[19904, 27384],[19904, 27352],[19872, 27320],[19848, 27312],[19708, 27312],[19648, 27248],[19600, 27248],[19568, 27240],[19564, 27254],[19504, 27263],[19488, 27256],[19504, 27224]],[[19850, 27319],[19851, 27320],[19848, 27320],[19850, 27319]]]},"properties":{"objectType":"annotation","classification":{"name":"Tumor","color":[102, 77, 179]}}},{"type":"Feature","id":"872a414f-287f-4509-a632-c21cd9326b72","geometry":{"type":"Polygon","coordinates":[[[18416, 24411],[18441, 24467],[18537, 24538],[18621, 24531],[18776, 24424],[18791, 24304],[18840, 24176],[18816, 24184],[18727, 24094],[18633, 24069],[18544, 24080],[18424, 24280],[18416, 24411]]]},"properties":{"objectType":"annotation","classification":{"name":"Tumor","color":[102, 77, 179]}}},{"type":"Feature","id":"d0b21de1-dc1f-4bcd-9443-3e94d8402867","geometry":{"type":"Polygon","coordinates":[[[18432, 23840],[18472, 23856],[18472, 23896],[18504, 23896],[18520, 23936],[18496, 23968],[18528, 23968],[18520, 23992],[18552, 24000],[18560, 23976],[18616, 23952],[18640, 23928],[18680, 23920],[18680, 23888],[18704, 23872],[18720, 23792],[18696, 23784],[18712, 23760],[18696, 23704],[18633, 23704],[18632, 23656],[18592, 23656],[18600, 23632],[18496, 23640],[18472, 23688],[18464, 23792],[18469, 23816],[18432, 23840]]]},"properties":{"objectType":"annotation","classification":{"name":"Tumor","color":[102, 77, 179]}}},{"type":"Feature","id":"beff3964-37a0-4f4b-8a39-22fe2fa6a503","geometry":{"type":"Polygon","coordinates":[[[13800, 25312],[13832, 25336],[13824, 25400],[13848, 25480],[13872, 25488],[13872, 25528],[13920, 25536],[13952, 25563.79],[13928, 25616],[14000, 25592],[14000, 25557],[14032, 25538],[14112, 25520],[14112, 25552],[14136, 25520],[14184, 25504],[14184, 25473.23],[14216, 25480],[14216, 25448],[14248, 25432],[14248, 25384],[14288, 25344],[14288, 25288],[14312, 25248],[14336, 25248],[14329, 25205],[14368, 25208],[14456, 25176],[14480, 25192],[14520, 25168],[14600, 25152],[14640, 25120],[14688, 25048],[14704, 25008],[14712, 24904],[14712, 24760],[14752, 24744],[14752, 24720],[14712, 24744],[14664, 24736],[14648, 24704],[14584, 24688],[14592, 24728],[14560, 24728],[14552, 24768],[14520, 24760],[14480, 24776],[14432, 24768],[14440, 24704],[14416, 24704],[14416, 24752],[14336, 24744],[14336, 24728],[14232, 24728],[14216, 24751],[14152, 24744],[14112, 24776],[14080, 24776],[14032, 24824],[14029, 24864],[13936, 24888],[13944, 24911],[13896, 24952],[13896, 24972.33],[13856, 25064],[13872, 25104],[13840, 25160],[13872, 25168],[13861, 25200],[13832, 25192],[13832, 25240],[13800, 25312]]]},"properties":{"objectType":"annotation","classification":{"name":"Tumor","color":[102, 77, 179]}}},{"type":"Feature","id":"05d0bb49-38e6-4774-98c5-a079a47d65c9","geometry":{"type":"Polygon","coordinates":[[[13256, 24288],[13280, 24296],[13280, 24352],[13312, 24384],[13312, 24424],[13336, 24448],[13336, 24472],[13368, 24488],[13376, 24512],[13432, 24528],[13448, 24552],[13480, 24560],[13584, 24536],[13664, 24472],[13672, 24416],[13712, 24424],[13704, 24456],[13736, 24464],[13744, 24488],[13776, 24488],[13784, 24512],[13832, 24512],[13872, 24528],[13920, 24528],[13992, 24512],[14016, 24496],[14056, 24496],[14080, 24472],[14096, 24472],[14200, 24368],[14200, 24359],[14243, 24341],[14262, 24322],[14305, 24303],[14340.83, 24304],[14352, 24328],[14392, 24336],[14416, 24328],[14497, 24322],[14512, 24344],[14552, 24347],[14680, 24347],[14793, 24322],[14840, 24320],[14864, 24296],[14888, 24296],[14920, 24272],[14920, 24256],[14960, 24256],[14976, 24240],[14976, 24208],[15024, 24184],[15056, 24136],[15040, 24120],[15040, 24096],[15064, 24096],[15096, 24072],[15096, 24048],[15064, 24016],[15088, 24000],[15088, 23976],[15064, 23984],[15040, 23952],[15016, 23952],[15000, 23936],[15000, 23904],[14984, 23920],[14960, 23920],[14952, 23904],[14880, 23910],[14856, 23888],[14818, 23891],[14792, 23872],[14752, 23872],[14720, 23848],[14700.12, 23848],[14664, 23811.02],[14624, 23784],[14568, 23784],[14560, 23760],[14512, 23760],[14464, 23752],[14459, 23760],[14400, 23760],[14312, 23791],[14221, 23847],[14184, 23860],[14136, 23856],[14136, 23870],[14108, 23879],[14059, 23928],[14022, 23928],[14013, 23944],[13992, 23928],[14016, 23928],[14016, 23912],[13920, 23912],[13920, 23928],[13816, 23928],[13784, 23936],[13776, 23968],[13760, 23960],[13720, 23968],[13704, 23952],[13640, 23960],[13624, 24000],[13584, 24000],[13576, 24016],[13512, 24024],[13504, 24008],[13480, 24024],[13432, 24024],[13392, 24064],[13360, 24064],[13352, 24088],[13320, 24104],[13320, 24136],[13288, 24168],[13288, 24208],[13272, 24216],[13272, 24256],[13256, 24288]]]},"properties":{"objectType":"annotation","classification":{"name":"Tumor","color":[102, 77, 179]}}},{"type":"Feature","id":"1cf8b78c-d00e-4e0f-85db-07b3b9bf1c4c","geometry":{"type":"Polygon","coordinates":[[[13448, 26456],[13472, 26464],[13456, 26496],[13464, 26536],[13496, 26544],[13520, 26568],[13528, 26600],[13568, 26592],[13584, 26608],[13664, 26616],[13704, 26584],[13720, 26600],[13728, 26632],[13728, 26600],[13760, 26560],[13736, 26560],[13736, 26528],[13760, 26504],[13760, 26456],[13744, 26456],[13728, 26408],[13704, 26376],[13640, 26344],[13552, 26336],[13480, 26376],[13448, 26456]]]},"properties":{"objectType":"annotation","classification":{"name":"Tumor","color":[102, 77, 179]}}},{"type":"Feature","id":"8fb3a2e4-4b06-48e1-baf8-d35e21d742fc","geometry":{"type":"Polygon","coordinates":[[[22160, 29640],[22160, 29680],[22180, 29702],[22176, 29752],[22200, 29776],[22224, 29776],[22224, 29761],[22272, 29808],[22280, 29840],[22296, 29848],[22392, 29848],[22389, 29835],[22432, 29832],[22447, 29814],[22472, 29816],[22504, 29792],[22512, 29752],[22536, 29752],[22528, 29726.75],[22544, 29704],[22544, 29648],[22528, 29638],[22496, 29568],[22456, 29560],[22440, 29544],[22448, 29566],[22414, 29561],[22395, 29535],[22368, 29540],[22376, 29520],[22400, 29536],[22440, 29536],[22424, 29504],[22352, 29504],[22344, 29480],[22271, 29483],[22240, 29488],[22224, 29504],[22212, 29537],[22192, 29536],[22176, 29560],[22196, 29574],[22168, 29584],[22168, 29640],[22160, 29640]]]},"properties":{"objectType":"annotation","classification":{"name":"Tumor","color":[102, 77, 179]}}},{"type":"Feature","id":"ec7bcdf9-375a-42f6-844f-613c4f1d3da9","geometry":{"type":"Polygon","coordinates":[[[19120, 26496],[19120, 26512],[19144, 26521.5],[19145, 26545],[19168, 26565],[19149, 26567],[19145, 26583],[19155, 26598],[19153, 26623],[19163, 26636],[19163, 26673],[19179, 26696],[19179, 26721],[19189, 26765],[19199, 26763],[19192, 26808],[19232, 26808],[19232, 26816],[19256, 26816],[19272, 26808],[19296, 26808],[19312, 26784],[19312, 26760],[19328, 26752],[19328, 26728],[19360, 26704],[19368, 26669],[19384, 26656],[19384, 26624],[19400, 26624],[19400, 26606],[19429.5, 26592],[19442, 26595],[19459, 26557],[19486, 26529],[19486, 26463],[19491, 26462],[19496, 26410],[19511, 26384],[19520, 26384],[19520, 26344],[19507, 26313],[19517, 26284],[19545, 26254.67],[19535, 26274],[19551, 26260],[19563, 26210],[19545, 26205],[19547, 26195],[19592, 26158],[19607, 26160],[19637, 26150],[19651, 26138],[19704, 26144],[19728, 26154],[19747, 26154],[19784, 26136],[19790, 26112],[19824, 26112],[19824, 26104],[19848, 26104],[19840, 26096],[19848, 26072],[19872, 26064],[19872, 26040],[19904, 26024],[19904, 26000],[19912, 26000],[19904, 25976],[19872, 25976],[19872, 25968],[19904, 25968],[19920, 25952],[19920, 25904],[19888, 25896],[19864, 25856],[19848, 25856],[19848, 25840],[19824, 25832],[19784, 25832],[19776, 25856],[19752, 25856],[19744, 25864],[19744, 25888],[19736, 25888],[19736, 25912],[19728, 25912],[19728, 25952],[19701, 25950],[19686, 25960],[19657, 25960],[19636, 25949],[19590, 25904],[19585, 25893],[19592, 25832],[19568, 25824],[19568, 25800],[19576, 25800],[19560, 25776],[19528, 25768],[19544, 25752],[19544, 25728],[19536, 25720],[19512, 25720],[19504, 25736],[19480, 25736],[19464, 25760],[19416, 25784],[19416, 25797],[19402, 25797],[19401, 25841],[19386, 25860],[19370, 25856],[19370, 25883],[19355, 25898],[19349, 25930],[19349, 25966],[19333, 25982],[19318, 26023],[19312, 26051],[19312, 26087],[19307, 26092],[19307, 26140],[19281, 26187],[19228, 26224],[19213, 26261],[19186, 26292],[19186, 26318],[19176, 26328],[19181, 26344],[19181, 26408],[19157, 26451],[19155, 26473],[19143, 26502],[19120, 26496]]]},"properties":{"objectType":"annotation","classification":{"name":"Tumor","color":[102, 77, 179]}}},{"type":"Feature","id":"8d7ac6d9-57b3-4023-95ad-220086566013","geometry":{"type":"Polygon","coordinates":[[[21804, 26059],[21830, 26143],[21923, 26181],[21993, 26132],[21993, 26052],[21944, 26003],[21863, 25987],[21804, 26059]]]},"properties":{"objectType":"annotation","classification":{"name":"Tumor","color":[102, 77, 179]}}},{"type":"Feature","id":"25ffa3b0-0acd-46d8-8348-4181e73e606b","geometry":{"type":"Polygon","coordinates":[[[22508, 28611],[22544, 28665],[22607, 28665],[22668, 28609],[22642, 28530],[22508, 28611]]]},"properties":{"objectType":"annotation","classification":{"name":"Tumor","color":[102, 77, 179]}}},{"type":"Feature","id":"d9846b9a-8778-49da-96e0-eb35a249ec1a","geometry":{"type":"MultiPolygon","coordinates":[[[[20926.67, 29045.43],[20939, 29056],[20930, 29057],[20925.52, 29045.34],[20909, 29044],[20865, 29024],[20858, 28997],[20828, 28944],[20765, 28949],[20740, 28960],[20714, 29000],[20711, 29044],[20744, 29088],[20749, 29120],[20672, 29192],[20656, 29216],[20679, 29208],[20684, 29303],[20699, 29333],[20709, 29388],[20770, 29478],[20761, 29518],[20801, 29518],[20861, 29577],[20921, 29588],[20961, 29603],[21024, 29603],[21059, 29588],[21129, 29573],[21160, 29542],[21155, 29502],[21180, 29482],[21185, 29449],[21156, 29444],[21133, 29462],[21104, 29432],[21054, 29428],[21044, 29408],[21070, 29392],[21059, 29344],[21072, 29352],[21072, 29280],[21064, 29238],[21072, 29192],[21059, 29165],[21048, 29104],[21029, 29104],[20946, 29047],[20926.67, 29045.43]],[[20943, 29066],[20945, 29068],[20944, 29068],[20943, 29066]],[[20936, 29062],[20937, 29063],[20934, 29063],[20936, 29062]],[[20682.4, 29192],[20680, 29195],[20680, 29192],[20682.4, 29192]]],[[[20925, 29044],[20925.52, 29045.34],[20926.67, 29045.43],[20925, 29044]]]]},"properties":{"objectType":"annotation","classification":{"name":"Tumor","color":[102, 77, 179]}}},{"type":"Feature","id":"052517f1-764b-4605-8f64-74d4afa16da2","geometry":{"type":"Polygon","coordinates":[[[17368, 28392],[17384, 28488],[17429, 28528],[17582, 28523],[17656, 28464],[17708, 28349],[17567, 28278],[17464, 28309],[17368, 28392]]]},"properties":{"objectType":"annotation","classification":{"name":"Tumor","color":[102, 77, 179]}}},{"type":"Feature","id":"7d687d19-5bc9-49dd-b4f4-ea08e32f7621","geometry":{"type":"Polygon","coordinates":[[[15848, 28208],[15848, 28256],[15864, 28268],[15872, 28328],[15896, 28328],[15888, 28360],[15923, 28352],[15924, 28400],[15904, 28400],[15896, 28440],[15928, 28440],[15944, 28472],[15920, 28488],[15920, 28520],[15936, 28496],[15976, 28512],[15968, 28488],[15992, 28488],[15992, 28432.9],[16024, 28424],[16040, 28382],[16080, 28360],[16072, 28304.25],[16096, 28280],[16096, 28248],[16074, 28248],[16064, 28224],[16016, 28202],[16024, 28120],[16008, 28104],[15960, 28096],[15952, 28072],[15928, 28104.9],[15896, 28104],[15904, 28129],[15872, 28160],[15872, 28192],[15848, 28208]]]},"properties":{"objectType":"annotation","classification":{"name":"Tumor","color":[102, 77, 179]}}},{"type":"Feature","id":"b3eb53ac-b79e-4d0a-b983-79735c345148","geometry":{"type":"Polygon","coordinates":[[[22028, 27998],[22176, 28023],[22226, 27977],[22232, 27879],[22108, 27833],[22032, 27894],[22028, 27998]]]},"properties":{"objectType":"annotation","classification":{"name":"Tumor","color":[102, 77, 179]}}},{"type":"Feature","id":"11af53bb-a533-480e-906e-c25fb3abe238","geometry":{"type":"Polygon","coordinates":[[[26078, 29121],[26080, 29208],[26140, 29245],[26153, 29311.5],[26128, 29376],[26176, 29440],[26237, 29466],[26288, 29424],[26243, 29416],[26289, 29355],[26324, 29391],[26312, 29320],[26276, 29305],[26288, 29240],[26258, 29204],[26324, 29126],[26368, 29104],[26368, 29064],[26288, 28984],[26171, 29028],[26150, 29098],[26116, 29130],[26078, 29121]]]},"properties":{"objectType":"annotation","classification":{"name":"Tumor","color":[102, 77, 179]}}},{"type":"Feature","id":"0a74effd-40d3-49a2-9a64-301ab5edaf6a","geometry":{"type":"Polygon","coordinates":[[[25712, 28640],[25718, 28673],[25760, 28712],[25785, 28702],[25803, 28730],[25848, 28728],[25864, 28704],[25850, 28682],[25873, 28682],[25881, 28727],[25896, 28724],[25899, 28682],[25881, 28674],[25880, 28600],[25836.22, 28576],[25816, 28552],[25754, 28571],[25712, 28640]]]},"properties":{"objectType":"annotation","classification":{"name":"Tumor","color":[102, 77, 179]}}},{"type":"Feature","id":"ae9e68d8-46b8-424a-a3ed-784dc5d52298","geometry":{"type":"Polygon","coordinates":[[[23294, 27899],[23378, 27983],[23477, 27959],[23492, 27851],[23441, 27830],[23373, 27866],[23318, 27857],[23294, 27899]]]},"properties":{"objectType":"annotation","classification":{"name":"Tumor","color":[102, 77, 179]}}},{"type":"Feature","id":"b0a71f04-6e03-4d9e-9e61-259d0ce8f778","geometry":{"type":"Polygon","coordinates":[[[23463, 27119],[23517, 27125],[23541, 27083],[23466, 27068],[23463, 27119]]]},"properties":{"objectType":"annotation","classification":{"name":"Tumor","color":[102, 77, 179]}}},{"type":"Feature","id":"f80e8bff-f71b-4eff-bcac-6fbbb2e59b4c","geometry":{"type":"Polygon","coordinates":[[[27383, 29114],[27403, 29154],[27472, 29167],[27500, 29144],[27468, 29091],[27383, 29114]]]},"properties":{"objectType":"annotation","classification":{"name":"Tumor","color":[102, 77, 179]}}},{"type":"Feature","id":"126774a9-d2d0-44a2-a0d2-25168d4cecbb","geometry":{"type":"Polygon","coordinates":[[[26641, 29778],[26670, 29814],[26699, 29799],[26671, 29755],[26641, 29778]]]},"properties":{"objectType":"annotation","classification":{"name":"Tumor","color":[102, 77, 179]}}},{"type":"Feature","id":"50e04997-3398-4d73-a95d-e4a7f8314beb","geometry":{"type":"Polygon","coordinates":[[[29344, 29352],[29408, 29427],[29577, 29480],[29647, 29462],[29706, 29480],[29728, 29458],[29792, 29478],[29832, 29536],[29976, 29578],[30056, 29576],[30216, 29480],[30240, 29432],[30208, 29360],[30128, 29366],[30064, 29320],[29936, 29374],[29889, 29333],[29784, 29308],[29751, 29336],[29536, 29216],[29424, 29216],[29368, 29256],[29344, 29352]]]},"properties":{"objectType":"annotation","classification":{"name":"Tumor","color":[102, 77, 179]}}},{"type":"Feature","id":"ee4bd95d-b4ae-4799-a1fe-6c2b8f2a6afd","geometry":{"type":"Polygon","coordinates":[[[30264, 29448],[30304, 29464],[30304, 29544],[30400, 29644],[30360, 29656],[30392, 29696],[30465, 29719],[30472, 29736],[30536, 29744],[30556, 29690],[30619, 29695],[30652, 29666],[30643, 29620],[30599, 29575],[30535, 29587],[30536, 29552],[30499, 29543],[30472, 29496],[30408, 29463],[30352, 29456],[30329, 29471],[30304, 29440],[30264, 29448]]]},"properties":{"objectType":"annotation","classification":{"name":"Tumor","color":[102, 77, 179]}}},{"type":"Feature","id":"fc5f6e11-97e4-44cf-bfab-bbaeeb5ff491","geometry":{"type":"Polygon","coordinates":[[[32894, 30066],[32839, 30114],[32776, 30408],[32800, 30488],[32952, 30496],[33016, 30424],[32993, 30336],[33024, 30296],[33021, 30208],[33048, 30176],[32976, 30088],[32894, 30066]],[[32848, 30116],[32846, 30118],[32846, 30116],[32848, 30116]],[[32858, 30111],[32859, 30112],[32852, 30112],[32858, 30111]],[[32846, 30118],[32846, 30120],[32845, 30120],[32846, 30118]]]},"properties":{"objectType":"annotation","classification":{"name":"Tumor","color":[102, 77, 179]}}},{"type":"Feature","id":"995cebb0-ced8-464d-b6df-29bd79dc2202","geometry":{"type":"Polygon","coordinates":[[[32152, 29304],[32080, 29352],[32032, 29456],[32032, 29528],[32072, 29552],[32087, 29616],[32211, 29640],[32280, 29608],[32368, 29488],[32376, 29392],[32352, 29336],[32296, 29304],[32152, 29304]],[[32096, 29600],[32096, 29602],[32094, 29600],[32096, 29600]]]},"properties":{"objectType":"annotation","classification":{"name":"Tumor","color":[102, 77, 179]}}},{"type":"Feature","id":"b8d69243-861b-4961-8639-bf9822bf447f","geometry":{"type":"Polygon","coordinates":[[[29877, 30438],[29861, 30439],[29859, 30464],[29833, 30477],[29808, 30482],[29790, 30500],[29766, 30510],[29741, 30515],[29713, 30534],[29676, 30576],[29655, 30582],[29633, 30605],[29588, 30604],[29560, 30589],[29543, 30589],[29575, 30612],[29571, 30643],[29548, 30665],[29515, 30665],[29499, 30681],[29490, 30699],[29490, 30719],[29467, 30751],[29460, 30739],[29445, 30739],[29442, 30753],[29419, 30796],[29403, 30802],[29398, 30820],[29372, 30846],[29343, 30825.33],[29355, 30808],[29355, 30792],[29379, 30781],[29388, 30763],[29364, 30772],[29349, 30784],[29349, 30797],[29292, 30850],[29295, 30871],[29290, 30880],[29260, 30899],[29259, 30927],[29224, 30928],[29224, 30916],[29243, 30897],[29252, 30878],[29252, 30861],[29239, 30860],[29191, 30889],[29172, 30908],[29157, 30937],[29160, 30946],[29178, 30946],[29210, 30958],[29205, 30985],[29171, 31031],[29171, 31044],[29141, 31070],[29135, 31094],[29135, 31187],[29141, 31234],[29162, 31260],[29165, 31300],[29192, 31324],[29191, 31346],[29208, 31367],[29242, 31395],[29247, 31444],[29233, 31445],[29240, 31472],[29236, 31487],[29240, 31514],[29238, 31533],[29259, 31535],[29275, 31545],[29290, 31533],[29296, 31538],[29296, 31571],[29319, 31588],[29338, 31589],[29359, 31605],[29381, 31598],[29396, 31600],[29434, 31587],[29452, 31596],[29476, 31586],[29491, 31566],[29509, 31554],[29514, 31531],[29537, 31515],[29527, 31504],[29530, 31474],[29517, 31455],[29510, 31425],[29496, 31404],[29496, 31391],[29468, 31379],[29473, 31364],[29466, 31355],[29411, 31332],[29378, 31329],[29365, 31345],[29333, 31346],[29367, 31341],[29374, 31325],[29362, 31317],[29364, 31303],[29381, 31287],[29362, 31284],[29363, 31264],[29331.33, 31264],[29318, 31257],[29320, 31235.67],[29352, 31232],[29352, 31248],[29386, 31210],[29386, 31177],[29372, 31122.33],[29381, 31101.38],[29393, 31093],[29409, 31098],[29424, 31154],[29438, 31182],[29457, 31202],[29477, 31212],[29506, 31212],[29532, 31197],[29547, 31176],[29552, 31149],[29571, 31111],[29571, 31040],[29600, 31001],[29600, 30977],[29594, 30966],[29594, 30941],[29612, 30927],[29642, 30936],[29650, 30926],[29668, 30923],[29683, 30908],[29683.6, 30897.4],[29707, 30870],[29732, 30849],[29731, 30827],[29710, 30827],[29692, 30836],[29680, 30829],[29680, 30802],[29712, 30761],[29752, 30752],[29760, 30718],[29772, 30709],[29810, 30710],[29825, 30705],[29850, 30684],[29861, 30664],[29880.33, 30656],[29928, 30648],[29952, 30632],[29952, 30608],[29915, 30581],[29901, 30577],[29903, 30527],[29920, 30504],[29920, 30488],[29910, 30488],[29893, 30464],[29893, 30446],[29877, 30438]],[[29639, 30914],[29642.67, 30918],[29637, 30914],[29639, 30914]]]},"properties":{"objectType":"annotation","classification":{"name":"Tumor","color":[102, 77, 179]}}},{"type":"Feature","id":"5fae3cdc-0157-4b6b-ada2-1146b66041ac","geometry":{"type":"Polygon","coordinates":[[[31252, 29776],[31252, 29868],[31280, 29952],[31370, 30028],[31440, 30015],[31427, 29990],[31470, 29974],[31466, 29948],[31512, 29936],[31625, 29789],[31774, 29643],[31800, 29552],[31775, 29488],[31775, 29432],[31659, 29296],[31552, 29232],[31538.8, 29258],[31481, 29272],[31384, 29402],[31352, 29528],[31375, 29565.2],[31337, 29626],[31342, 29654],[31280, 29720],[31252, 29776]]]},"properties":{"objectType":"annotation","classification":{"name":"Tumor","color":[102, 77, 179]}}},{"type":"Feature","id":"65eaa76a-893c-4f8c-b681-d6abb52babcb","geometry":{"type":"Polygon","coordinates":[[[31526, 31006],[31545, 31092],[31586, 31165],[31653, 31136],[31716, 31074],[31721, 31040],[31776, 30992],[31792, 30928],[31763, 30875],[31727, 30884],[31712, 30854],[31784, 30816],[31788, 30706],[31768, 30681],[31696, 30664],[31592, 30758],[31544, 30848],[31550, 30924],[31526, 31006]]]},"properties":{"objectType":"annotation","classification":{"name":"Tumor","color":[102, 77, 179]}}},{"type":"Feature","id":"96e7b8de-6c9f-4e3d-a97d-f18a15628bbb","geometry":{"type":"Polygon","coordinates":[[[30745, 30414],[30788, 30452],[30802, 30518],[30831, 30571],[30854, 30581],[30896, 30646],[30929, 30679],[30958, 30727],[30991, 30760],[31016, 30808],[31044, 30809],[31101, 30837],[31200, 30866],[31216, 30888],[31266, 30889],[31312, 30875],[31376, 30872],[31417, 30832],[31464, 30824],[31451, 30808],[31480, 30752],[31494, 30696],[31520, 30664],[31513, 30656],[31536, 30568],[31520, 30536],[31520, 30496],[31499, 30468],[31488, 30432],[31504, 30416],[31480, 30416],[31464, 30368],[31442, 30376],[31392, 30332],[31392, 30312],[31360, 30288],[31320, 30288],[31307, 30304],[31266, 30297],[31280, 30272],[31276, 30235],[31252, 30206],[31220, 30193],[31201, 30160],[31143, 30131],[31100, 30140],[31082, 30126],[31047, 30121],[30941, 30160],[30913, 30188],[30854, 30217],[30822, 30207],[30774, 30236],[30769, 30289],[30793, 30309],[30793, 30336],[30750, 30374],[30745, 30414]]]},"properties":{"objectType":"annotation","classification":{"name":"Tumor","color":[102, 77, 179]}}},{"type":"Feature","id":"bdd30b0e-1ecc-458a-9b88-a612e8afeb44","geometry":{"type":"Polygon","coordinates":[[[30544, 30008],[30568, 30120],[30640, 30152],[30744, 30128],[30800, 30048],[30755, 30018],[30778, 30008],[30768, 29952],[30720, 29920],[30632, 29920],[30544, 30008]]]},"properties":{"objectType":"annotation","classification":{"name":"Tumor","color":[102, 77, 179]}}},{"type":"Feature","id":"4610fb29-0911-458f-8d3d-049b6a7c9c58","geometry":{"type":"Polygon","coordinates":[[[29856, 29648],[29856, 29672],[29768, 29720],[29768, 29760],[29680, 29824],[29741, 29895],[29677, 29874],[29592, 29888],[29522, 29961],[29504, 30024],[29517, 30120],[29632, 30184],[29704, 30188],[29752, 30224],[29784, 30301],[29854, 30349],[29920, 30355],[29986, 30335],[30173, 30187],[30207, 30112],[30216, 30024],[30160, 29944],[30091.31, 29922],[30104, 29864],[30096, 29760],[30048, 29704],[30016, 29712],[29976, 29672],[29856, 29648]],[[30080, 29896],[30080, 29901],[30078, 29899],[30080, 29896]],[[29738, 30208],[29739, 30209],[29735, 30208],[29738, 30208]],[[29733, 30208],[29733, 30209],[29731, 30208],[29733, 30208]]]},"properties":{"objectType":"annotation","classification":{"name":"Tumor","color":[102, 77, 179]}}},{"type":"Feature","id":"47605c57-b8d4-416d-80f8-0db8ea9f6062","geometry":{"type":"Polygon","coordinates":[[[31968, 30576],[31968, 30592],[31992, 30608],[32000, 30640],[32040, 30672],[32048, 30720],[32056, 30720],[32056, 30752],[32064, 30752],[32064, 30784],[32072, 30784],[32072, 30848],[32080, 30848],[32080, 30904],[32096, 30928],[32096, 30984],[32080, 31016],[32064, 31016],[32064, 31056],[32072, 31056],[32072, 31120],[32080, 31128],[32136, 31128],[32144, 31112],[32144, 31048],[32160, 31032],[32160, 30992],[32184, 31000],[32184, 30984],[32136, 30976],[32136, 30960],[32176, 30968],[32176, 30944],[32144, 30944],[32136, 30912],[32152, 30904],[32128, 30872],[32128, 30832],[32120, 30832],[32120, 30744],[32112, 30744],[32104, 30696],[32120, 30688],[32120, 30672],[32104, 30656],[32088, 30656],[32080, 30616],[32104, 30616],[32120, 30600],[32112, 30584],[32080, 30592],[32080, 30576],[32128, 30576],[32128, 30560],[32096, 30552],[32096, 30536],[32072, 30536],[32056, 30520],[32056, 30544],[32040, 30544],[32032, 30560],[32016, 30560],[32016, 30600],[31984, 30592],[31984, 30576],[31968, 30576]]]},"properties":{"objectType":"annotation","classification":{"name":"Ignore*","color":[180, 180, 180]}}},{"type":"Feature","id":"47f1cb0d-413a-4d68-a862-e5539b0d44a3","geometry":{"type":"Polygon","coordinates":[[[31232, 33936],[31264, 34008],[31312, 34008],[31296, 34040],[31376, 34064],[31480, 34064],[31448, 34040],[31552, 34040],[31560, 34016],[31688, 34000],[31816, 33896],[31808, 33816],[31784, 33768],[31704, 33744],[31648, 33752],[31592, 33720],[31600, 33680],[31560, 33672],[31552, 33744],[31496, 33752],[31472, 33696],[31472, 33808],[31432, 33808],[31448, 33768],[31312, 33792],[31312, 33824],[31240, 33880],[31232, 33936]]]},"properties":{"objectType":"annotation","classification":{"name":"Tumor","color":[102, 77, 179]}}},{"type":"Feature","id":"83d5c63d-155f-482b-802d-ef155a1090c4","geometry":{"type":"Polygon","coordinates":[[[31984, 34048],[32008, 34064],[32048, 34152],[32176, 34168],[32184, 34192],[32416, 34184],[32416, 34128],[32472, 34088],[32488, 33992],[32464, 33920],[32416, 33920],[32400, 33880],[32208, 33880],[32168, 33928],[32096, 33888],[32008, 33888],[32008, 34008],[31984, 34048]]]},"properties":{"objectType":"annotation","classification":{"name":"Tumor","color":[102, 77, 179]}}},{"type":"Feature","id":"6fcda935-56c0-4fa6-9bf7-212c087e7278","geometry":{"type":"Polygon","coordinates":[[[15648, 28840],[15648, 28872],[15667, 28872],[15688, 28904],[15712, 28904],[15728, 28928],[15787.67, 28920],[15816, 28944],[15832, 28920],[15880, 28912],[15928, 28880],[15920, 28840],[15936, 28824],[15936, 28786],[15952, 28784],[15952, 28736],[15968, 28720],[15968, 28632],[15976, 28592],[15960, 28592],[15928, 28560],[15896, 28560],[15888, 28536],[15816, 28538],[15796, 28568],[15776, 28544],[15776, 28568],[15752, 28608],[15704, 28616],[15720, 28664],[15696, 28728],[15680, 28728],[15680, 28812.67],[15648, 28840]]]},"properties":{"objectType":"annotation","classification":{"name":"Tumor","color":[102, 77, 179]}}},{"type":"Feature","id":"f4e713a3-ce63-4da5-876f-a71b2c0157eb","geometry":{"type":"Polygon","coordinates":[[[20185, 30982],[20186, 30993],[20207, 31005],[20213, 31021],[20239, 31039],[20239, 31060],[20222, 31085],[20258, 31130],[20258, 31156],[20275, 31154],[20281, 31136],[20278, 31123.5],[20309, 31113],[20300, 31108],[20310, 31088],[20327, 31081],[20316, 31073],[20302, 31046],[20306, 31017],[20313, 31002],[20336, 30983],[20336, 30977],[20309, 30970],[20299, 30958],[20307, 30941],[20327, 30939],[20310, 30935],[20297, 30922],[20261, 30938],[20266, 30952],[20287, 30955],[20273, 30967],[20225, 30971],[20224, 30994],[20209, 30973],[20185, 30982]]]},"properties":{"objectType":"annotation","classification":{"name":"Ignore*","color":[180, 180, 180]}}},{"type":"Feature","id":"d206cc13-2fa6-4ff7-9cce-e56a962ace3e","geometry":{"type":"Polygon","coordinates":[[[20623, 30961],[20616, 30996],[20602, 31014],[20609, 31032],[20632, 31014],[20624, 31028],[20630, 31052],[20646, 31067],[20660, 31055],[20664, 31029],[20682, 31016],[20699, 30988],[20668, 30968],[20656, 30971],[20623, 30961]],[[20667, 30979],[20670, 30977],[20669, 30979],[20667, 30979]],[[20657, 31032],[20656, 31032.5],[20656, 31032],[20657, 31032]],[[20681, 30985],[20685, 30994],[20681, 30991],[20681, 30985]],[[20691, 30991],[20690, 30992],[20689, 30992],[20691, 30991]],[[20632, 31014],[20632, 31013],[20634, 31012],[20632, 31014]],[[20651, 31041],[20651, 31042],[20649, 31044],[20651, 31041]],[[20664, 30980],[20663, 30982],[20661.67, 30982],[20664, 30980]],[[20667, 30979],[20666, 30980],[20666, 30979],[20667, 30979]],[[20635, 31010],[20634, 31011],[20632, 31011],[20635, 31010]]]},"properties":{"objectType":"annotation","classification":{"name":"Ignore*","color":[180, 180, 180]}}},{"type":"Feature","id":"304f7912-af9d-4820-a7a6-2f138fd0e257","geometry":{"type":"Polygon","coordinates":[[[20974, 30754],[20957, 30764],[20975, 30808],[20975, 30823],[20960, 30837],[20912, 30843],[20903, 30847],[20910, 30860.6],[20886.5, 30870],[20876, 30864],[20870.5, 30879.5],[20857, 30892],[20841, 30889],[20812, 30872],[20824, 30886],[20806, 30887],[20840, 30900],[20863, 30925],[20860, 30945],[20872, 30957],[20869, 30971],[20847, 30969],[20850, 30999],[20858, 31001],[20874, 30982],[20919, 30964],[20929, 30950],[20944, 30958],[20963, 30957],[20970, 30948],[20966, 30980],[20960, 30985],[20946, 30977],[20930, 30979],[20951, 30985],[20962, 30997],[20962, 31012],[20970, 31006],[21000, 31014],[21011, 31006],[21005, 31023],[20987, 31031],[20971, 31031],[20989, 31042],[21008, 31044],[21022, 31009],[21039, 30996],[21077, 30992],[21107, 30999],[21119, 31011],[21131, 31004],[21137, 31012],[21161, 30996],[21157, 30975],[21176, 30967],[21186, 30974],[21209, 30974],[21212, 30989],[21236, 31004],[21246, 30993],[21254, 31004],[21245, 31010],[21269, 31023.11],[21271, 31036],[21285, 31026],[21285, 30994],[21279, 30986],[21290, 30971],[21298, 30978],[21306, 30968],[21294, 30958],[21283, 30967],[21277, 30957],[21291, 30956],[21302, 30946],[21312, 30952],[21321, 30937],[21341, 30943],[21332, 30955],[21338, 30972],[21348, 30976],[21354, 30958],[21347, 30951],[21342, 30931],[21331, 30929],[21333, 30915],[21324, 30909],[21323, 30924],[21313.6, 30925],[21315, 30908],[21301, 30897],[21297, 30877],[21289, 30876],[21274, 30888],[21258, 30889],[21250, 30879],[21231, 30872],[21227, 30881],[21212, 30872],[21221, 30867],[21209, 30859],[21202, 30845],[21206, 30860],[21197, 30872],[21182, 30863],[21170, 30863],[21154, 30848],[21163, 30843],[21151, 30831],[21142, 30811],[21125, 30790],[21095, 30781],[21095, 30769],[21071, 30754],[21084, 30772],[21080, 30784],[21057, 30807],[21033, 30813],[21007, 30813],[20991, 30799],[20974, 30754]],[[21087, 30989],[21089, 30990],[21087, 30990],[21087, 30989]],[[21072, 30858],[21073, 30861],[21072, 30861],[21072, 30858]],[[21030, 30929],[21031, 30930],[21028, 30931],[21030, 30929]],[[21025, 30868],[21034, 30873],[21026, 30873],[21025, 30868]],[[21063, 30818],[21051, 30834],[21041, 30822],[21063, 30818]],[[21072, 30874],[21070, 30879],[21064, 30880],[21072, 30874]],[[20958, 30923],[20963, 30927],[20950, 30935],[20958, 30923]],[[21064.6, 30843],[21067, 30845],[21067, 30846],[21064.6, 30843]],[[21081, 30988],[21083, 30989],[21081, 30989],[21081, 30988]],[[20956, 30910],[20946, 30917],[20938.5, 30910],[20956, 30910]],[[21045, 30880],[21045, 30881],[21044, 30880],[21045, 30880]],[[21043, 30877],[21045, 30878],[21044, 30878],[21043, 30877]],[[21076, 30842],[21080, 30847],[21074, 30847],[21076, 30842]],[[21086, 30856],[21106, 30868],[21087, 30871],[21086, 30856]],[[21052, 30837],[21053, 30838],[21049, 30838],[21052, 30837]],[[21061, 30840],[21062.2, 30841],[21061, 30841],[21061, 30840]],[[21069.33, 30850.67],[21070, 30851],[21070, 30852],[21069.33, 30850.67]],[[21146, 30845],[21146, 30846],[21145, 30847],[21146, 30845]],[[21058, 30838],[21060, 30840],[21057, 30840],[21058, 30838]],[[21042, 30835],[21046, 30836],[21043.5, 30837],[21042, 30835]],[[21107, 30983],[21107, 30992],[21102, 30989],[21107, 30983]],[[21149, 30839],[21149, 30840],[21148, 30841],[21149, 30839]],[[21148, 30842],[21148, 30843],[21147, 30843.5],[21148, 30842]]]},"properties":{"objectType":"annotation","classification":{"name":"Ignore*","color":[180, 180, 180]}}},{"type":"Feature","id":"6d7b6da7-5bca-4cb7-8fc4-406f88afd37e","geometry":{"type":"Polygon","coordinates":[[[20064, 29680],[19944, 29776],[19944, 29856],[20011, 30018],[20135, 30104],[20129, 30128],[20029, 30109],[19984, 30032],[19888, 29904],[19768, 29888],[19640, 29904],[19648, 30016],[19816, 30160],[19816, 30176],[20027, 30180],[20069, 30222],[20163, 30241],[20280, 30304],[20360, 30304],[20456, 30248],[20472, 30152],[20424, 30112],[20352, 29960],[20328, 29872],[20288, 29840],[20296, 29808],[20256, 29736],[20144, 29680],[20064, 29680]],[[20256, 30288],[20256, 30289],[20255, 30288],[20256, 30288]]]},"properties":{"objectType":"annotation","classification":{"name":"Tumor","color":[102, 77, 179]}}},{"type":"Feature","id":"b4a70ba6-c2b0-468c-bd78-2af297da192f","geometry":{"type":"Polygon","coordinates":[[[19490, 30105],[19433, 30130],[19416, 30116],[19337, 30128],[19332, 30148.63],[19289, 30188],[19297, 30213],[19265, 30227],[19266, 30263],[19286, 30283],[19259, 30284],[19262, 30262],[19237, 30251],[19239, 30281],[19184, 30288],[19199, 30312],[19179, 30389],[19165, 30403],[19216, 30464],[19208, 30480],[19256, 30480],[19256, 30504],[19208, 30496],[19232, 30568],[19248, 30576],[19248, 30616],[19280, 30680],[19325, 30704],[19376, 30760],[19424, 30745],[19456, 30768],[19496, 30768],[19512, 30752],[19597, 30756],[19616, 30768],[19656, 30760],[19669, 30734],[19692, 30741],[19704, 30706],[19742, 30692],[19771, 30659],[19816, 30656],[19853, 30600],[19944, 30608],[19976, 30592],[20024, 30632],[20072, 30624],[20152, 30624],[20152, 30600],[20208, 30600],[20232, 30568],[20232, 30536],[20200, 30496],[20200, 30456],[20136, 30392],[20096, 30392],[20080, 30368],[20008, 30368],[19952, 30376],[19920, 30392],[19891, 30440],[19870, 30438],[19830, 30475],[19806, 30472],[19806, 30430],[19835, 30420],[19854, 30375],[19805, 30375],[19787, 30357],[19765, 30295],[19783, 30258],[19734, 30236],[19698, 30186],[19693, 30160],[19665, 30150],[19679, 30179],[19666, 30202],[19629, 30157],[19580, 30142],[19547, 30112],[19490, 30105]],[[19936, 30408],[19936, 30409],[19935, 30408],[19936, 30408]],[[19494, 30743.25],[19495, 30744],[19494, 30744],[19494, 30743.25]],[[19697, 30720],[19694, 30723],[19693, 30720],[19697, 30720]]]},"properties":{"objectType":"annotation","classification":{"name":"Tumor","color":[102, 77, 179]}}},{"type":"Feature","id":"29679db4-c081-469b-8dd3-4043e6441719","geometry":{"type":"Polygon","coordinates":[[[18056, 29808],[18064, 29872],[18104, 29952],[18144, 29968],[18212, 29970],[18298, 29902],[18345, 29846],[18404, 29880],[18396, 29937],[18340.55, 29985],[18303, 30001],[18269, 30034],[18260, 30125],[18282, 30169],[18314, 30172],[18310, 30221],[18325, 30239],[18333, 30206],[18363, 30210],[18360, 30234],[18398, 30241],[18383, 30193],[18399, 30162],[18420, 30171],[18420, 30231],[18447, 30218],[18502, 30236],[18539, 30188],[18556, 30197],[18601, 30154],[18635, 30143],[18648, 30072],[18680, 30056],[18688, 30016],[18728, 30000],[18728, 29984],[18768, 29976],[18768, 29944],[18800, 29928],[18800, 29888],[18816, 29856],[18792, 29848],[18776, 29816],[18776, 29776],[18728, 29760],[18752, 29808],[18720, 29784],[18680, 29784],[18648, 29808],[18632, 29776],[18568, 29800],[18538, 29784],[18510, 29744],[18504, 29712],[18474, 29704],[18463, 29677],[18424, 29640],[18376, 29624],[18333, 29631],[18303, 29654],[18216, 29664],[18198, 29686],[18096, 29744],[18056, 29808]]]},"properties":{"objectType":"annotation","classification":{"name":"Tumor","color":[102, 77, 179]}}},{"type":"Feature","id":"ee7718a6-9162-4866-be90-df4619fa2980","geometry":{"type":"Polygon","coordinates":[[[25272, 31544],[25320, 31608],[25360, 31600],[25378, 31572],[25514, 31592],[25544, 31608],[25643, 31609],[25683, 31627],[25752, 31584],[25792, 31584],[25824, 31552],[25872, 31552],[25888, 31504],[25920, 31512],[25936, 31480],[25928, 31432],[25904, 31424],[25904, 31376],[25856, 31368],[25888, 31416],[25816, 31400],[25688, 31397],[25704, 31368],[25792, 31376],[25848, 31352],[25848, 31320],[25784, 31344],[25720, 31336],[25648, 31344],[25616, 31328],[25592, 31367],[25568, 31344],[25528, 31344],[25512, 31368],[25472, 31352],[25400, 31360],[25400, 31376],[25296, 31448],[25296, 31488],[25320, 31512],[25288, 31512],[25272, 31544]]]},"properties":{"objectType":"annotation","classification":{"name":"Tumor","color":[102, 77, 179]}}},{"type":"Feature","id":"ee50977b-92d3-4e13-a592-586f6719208b","geometry":{"type":"Polygon","coordinates":[[[23968, 30560],[23992, 30560],[23992, 30568],[24016, 30568],[24056, 30592],[24072, 30608],[24072, 30640],[24080, 30672],[24112, 30680],[24120, 30696],[24152, 30704],[24152, 30712],[24192, 30712],[24224, 30736],[24304, 30736],[24312, 30712],[24328, 30720],[24328, 30736],[24312, 30752],[24344, 30752],[24344, 30728],[24368, 30712],[24368, 30672],[24384, 30672],[24392, 30656],[24408, 30656],[24408, 30624],[24392, 30607],[24392, 30552],[24376, 30536],[24376, 30512],[24368, 30512],[24352, 30464],[24376, 30464],[24376, 30472],[24400, 30472],[24408, 30464],[24392, 30448],[24344, 30448],[24320, 30384],[24296, 30376],[24296, 30352],[24264, 30344],[24264, 30320],[24280, 30320],[24280, 30304],[24264, 30304],[24256, 30288],[24240, 30288],[24240, 30304],[24224, 30304],[24224, 30288],[24200, 30288],[24200, 30280],[24168, 30280],[24168, 30272],[24128, 30256],[24128, 30232],[24104, 30232],[24112, 30256],[24048, 30256],[24048, 30248],[24016, 30248],[24008, 30280],[23992, 30288],[23984, 30304],[23984, 30376],[23992, 30376],[23992, 30440],[23984, 30440],[23984, 30464],[23992, 30464],[23992, 30488],[24000, 30488],[24000, 30520],[24024, 30528],[24024, 30544],[23992, 30544],[23992, 30552],[23968, 30560]]]},"properties":{"objectType":"annotation","classification":{"name":"Tumor","color":[102, 77, 179]}}},{"type":"Feature","id":"3d989c88-9461-4569-9c47-398b8b68bb8f","geometry":{"type":"Polygon","coordinates":[[[24305, 31122],[24329, 31146],[24329, 31194],[24305, 31226],[24361, 31218],[24377, 31242],[24401, 31242],[24433, 31266],[24521, 31266],[24545, 31242],[24569, 31242],[24633, 31186],[24657, 31074],[24681, 31058],[24721, 31066],[24721, 31114],[24705, 31122],[24705, 31210],[24681, 31234],[24681, 31282],[24697, 31314],[24785, 31314],[24849, 31274],[24849, 31258],[24881, 31234],[24897, 31194],[24921, 31170],[24921, 31138],[24937, 31106],[24913, 31090],[24921, 31066],[24905, 31018],[24889, 31018],[24849, 30962],[24817, 30962],[24777, 30930],[24721, 30930],[24737, 30850],[24809, 30858],[24833, 30850],[24849, 30898],[24849, 30930],[24881, 30906],[24905, 30922],[24969, 30922],[24985, 30898],[25009, 30898],[25041, 30866],[25041, 30794],[25025, 30778],[25033, 30738],[25009, 30738],[24961, 30698],[24897, 30674],[24849, 30674],[24833, 30698],[24801, 30690],[24801, 30658],[24785, 30658],[24785, 30698],[24705, 30706],[24729, 30690],[24729, 30666],[24697, 30642],[24697, 30626],[24665, 30602],[24665, 30586],[24577, 30578],[24553, 30538],[24561, 30482],[24513, 30514],[24513, 30538],[24449, 30578],[24433, 30626],[24433, 30698],[24401, 30698],[24393, 30722],[24361, 30722],[24393, 30738],[24425, 30714],[24449, 30722],[24473, 30762],[24489, 30810],[24529, 30826],[24537, 30842],[24625, 30826],[24657, 30882],[24641, 30914],[24593, 30962],[24553, 30970],[24553, 30986],[24481, 30978],[24489, 31018],[24457, 31018],[24457, 31002],[24417, 31002],[24417, 31018],[24321, 31090],[24305, 31122]]]},"properties":{"objectType":"annotation","classification":{"name":"Tumor","color":[102, 77, 179]}}},{"type":"Feature","id":"381d4dd0-004f-469c-881c-6419593c1016","geometry":{"type":"Polygon","coordinates":[[[23304, 31045],[23328, 31181],[23384, 31221],[23456, 31221],[23568, 31197],[23603, 31115],[23578, 30995],[23606, 30980],[23584, 30933],[23554, 30965],[23456, 30917],[23360, 30973],[23304, 31045]]]},"properties":{"objectType":"annotation","classification":{"name":"Tumor","color":[102, 77, 179]}}},{"type":"Feature","id":"3bd7c045-be25-47f4-85c7-0d0771ae481a","geometry":{"type":"Polygon","coordinates":[[[23586, 30936],[23667, 31049],[23905, 31079],[24099, 31189],[24211, 31201],[24332, 31091],[24228, 30935],[24088, 30837],[23930, 30802],[23856, 30757],[23728, 30741],[23640, 30765],[23586, 30936]]]},"properties":{"objectType":"annotation","classification":{"name":"Tumor","color":[102, 77, 179]}}},{"type":"Feature","id":"dc3e4ad4-e1d3-4d92-88e4-4edf486bf44f","geometry":{"type":"Polygon","coordinates":[[[22960, 30040],[22960, 30048],[22912, 30048],[22848, 30104],[22800, 30104],[22784, 30112],[22784, 30136],[22760, 30136],[22760, 30160],[22712, 30160],[22720, 30200],[22696, 30192],[22672, 30208],[22672, 30232],[22648, 30240],[22648, 30360],[22632, 30376],[22656, 30376],[22656, 30408],[22672, 30448],[22712, 30464],[22696, 30496],[22728, 30496],[22728, 30480],[22800, 30528],[22840, 30528],[22840, 30552],[22864, 30568],[22900, 30568],[22927, 30593],[23027, 30614],[23079, 30652],[23125, 30664],[23152, 30688],[23328, 30688],[23344, 30672],[23384, 30672],[23400, 30656],[23464, 30656],[23472, 30672],[23536, 30664],[23552, 30680],[23552, 30640],[23568, 30640],[23568, 30616],[23608, 30616],[23632, 30592],[23632, 30608],[23608, 30632],[23592, 30632],[23576, 30672],[23624, 30672],[23632, 30688],[23656, 30688],[23656, 30640],[23696, 30648],[23728, 30688],[23752, 30688],[23752, 30664],[23728, 30664],[23704, 30640],[23696, 30616],[23640, 30592],[23640, 30544],[23656, 30536],[23656, 30512],[23672, 30496],[23640, 30456],[23624, 30456],[23616, 30424],[23480, 30424],[23440, 30464],[23416, 30464],[23392, 30480],[23384, 30504],[23344, 30512],[23344, 30496],[23376, 30480],[23384, 30464],[23408, 30464],[23432, 30440],[23432, 30416],[23448, 30408],[23448, 30384],[23464, 30368],[23472, 30336],[23472, 30272],[23448, 30248],[23424, 30272],[23416, 30232],[23400, 30224],[23400, 30200],[23368, 30184],[23352, 30160],[23320, 30144],[23296, 30144],[23272, 30128],[23216, 30128],[23184, 30136],[23168, 30112],[23136, 30112],[23136, 30080],[23120, 30080],[23120, 30120],[23096, 30128],[23088, 30088],[23064, 30056],[23024, 30056],[23016, 30040],[22960, 30040]],[[23111, 30657],[23111, 30658],[23110, 30657],[23111, 30657]]]},"properties":{"objectType":"annotation","classification":{"name":"Tumor","color":[102, 77, 179]}}},{"type":"Feature","id":"c1d67ad8-35b7-4c28-bf6b-1a811aaf958c","geometry":{"type":"Polygon","coordinates":[[[23688, 31192],[23655, 31226],[23602, 31223],[23553, 31237],[23547, 31257],[23518, 31250],[23426, 31318],[23408, 31372],[23404, 31384],[23423, 31405],[23438, 31486],[23413, 31489],[23445, 31505.25],[23463, 31531],[23545, 31567],[23606, 31567],[23645, 31552],[23688, 31552],[23723, 31532],[23784, 31528],[23804, 31484],[23832, 31488],[23856, 31464],[23841, 31384],[23864, 31368],[23848, 31344],[23856, 31288],[23803, 31271],[23776, 31224],[23730.33, 31221],[23688, 31192]],[[23437, 31328],[23437, 31339],[23433, 31342],[23437, 31328]],[[23408, 31372],[23426, 31374],[23412, 31385],[23408, 31372]],[[23448, 31309],[23448, 31303],[23449, 31308],[23448, 31309]],[[23443, 31318.2],[23443, 31319],[23441, 31320.6],[23443, 31318.2]],[[23496.5, 31534],[23493, 31539],[23490, 31537],[23496.5, 31534]],[[23448, 31309],[23446, 31313],[23447, 31309],[23448, 31309]]]},"properties":{"objectType":"annotation","classification":{"name":"Tumor","color":[102, 77, 179]}}},{"type":"Feature","id":"ba9d1ad8-6c95-44f7-ba76-6503e2efac8b","geometry":{"type":"Polygon","coordinates":[[[28595, 28069],[28624, 28081],[28679, 28051],[28663, 28045],[28661, 28004],[28634, 28004],[28600, 28038],[28595, 28069]]]},"properties":{"objectType":"annotation","classification":{"name":"Ignore*","color":[180, 180, 180]}}},{"type":"Feature","id":"cd8d639c-9c92-40b6-acb2-08e37bd5425b","geometry":{"type":"Polygon","coordinates":[[[27268, 27515],[27238, 27553],[27300, 27608],[27355, 27668],[27387, 27682],[27419, 27718],[27465, 27738],[27504, 27777],[27532, 27784],[27551, 27844],[27575, 27842],[27647, 27891],[27647, 27914],[27673, 27974],[27691, 27969],[27682, 27928],[27698, 27929],[27737, 27975],[27723, 27999],[27748, 28012],[27786, 28006],[27810, 28032],[27817, 28016],[27767, 27965],[27748, 27912],[27681, 27814],[27649.27, 27800],[27606, 27741],[27588, 27737],[27534, 27676],[27470, 27645],[27429, 27598],[27382, 27563],[27300, 27540],[27268, 27515]],[[27316, 27620],[27318, 27622],[27317, 27622],[27316, 27620]]]},"properties":{"objectType":"annotation","classification":{"name":"Ignore*","color":[180, 180, 180]}}},{"type":"Feature","id":"8f11abd9-07a9-4056-accb-14598f4aa817","geometry":{"type":"Polygon","coordinates":[[[28450, 28563],[28493, 28613],[28523, 28569],[28469, 28537],[28450, 28563]]]},"properties":{"objectType":"annotation","classification":{"name":"Ignore*","color":[180, 180, 180]}}},{"type":"Feature","id":"800d5cf1-60e8-46e9-9592-ad4a73d9ea5c","geometry":{"type":"Polygon","coordinates":[[[28480, 28784],[28480, 28824],[28496, 28840],[28496, 28856],[28536, 28856],[28536, 28848],[28584, 28848],[28584, 28832],[28576, 28832],[28576, 28776],[28584, 28768],[28568, 28768],[28568, 28736],[28600, 28736],[28608, 28720],[28624, 28720],[28648, 28696],[28648, 28688],[28664, 28688],[28664, 28672],[28672, 28672],[28672, 28632],[28664, 28624],[28632, 28624],[28632, 28616],[28616, 28616],[28608, 28624],[28608, 28640],[28600, 28632],[28576, 28632],[28568, 28640],[28560, 28624],[28536, 28624],[28528, 28656],[28544, 28672],[28528, 28680],[28528, 28696],[28496, 28728],[28520, 28736],[28520, 28752],[28480, 28784]]]},"properties":{"objectType":"annotation","classification":{"name":"Ignore*","color":[180, 180, 180]}}},{"type":"Feature","id":"8ee04eea-bfa9-4dfe-a02d-f182c8d3e583","geometry":{"type":"Polygon","coordinates":[[[31247, 32449],[31283, 32431],[31292, 32388],[31318, 32353],[31313, 32330],[31284, 32334],[31247, 32449]]]},"properties":{"objectType":"annotation","classification":{"name":"Ignore*","color":[180, 180, 180]}}},{"type":"Feature","id":"a5c8135a-2977-4acf-b006-4347e354dd44","geometry":{"type":"Polygon","coordinates":[[[31473, 32098],[31473, 32127],[31490, 32140],[31510, 32140],[31520, 32109],[31508, 32124],[31493, 32124],[31481, 32108],[31485, 32090],[31473, 32098]]]},"properties":{"objectType":"annotation","classification":{"name":"Ignore*","color":[180, 180, 180]}}},{"type":"Feature","id":"5b53d177-5949-41d4-a4ec-833b5d0e5bd8","geometry":{"type":"Polygon","coordinates":[[[28968, 32381],[28976, 32499],[29025, 32504],[29074, 32451],[29056, 32381],[28968, 32381]]]},"properties":{"objectType":"annotation","classification":{"name":"Tumor","color":[102, 77, 179]}}},{"type":"Feature","id":"3cd8e450-8f03-424a-a39b-f8af20f0afe3","geometry":{"type":"Polygon","coordinates":[[[33636, 32010],[33680, 32082],[33769, 32062],[33814, 32010],[33733, 31952],[33636, 32010]]]},"properties":{"objectType":"annotation","classification":{"name":"Tumor","color":[102, 77, 179]}}},{"type":"Feature","id":"139a9942-f481-4cd7-bae3-5c65b5aad818","geometry":{"type":"Polygon","coordinates":[[[32272, 30936],[32272, 30992],[32288, 31016],[32313, 31110],[32313, 31240],[32336, 31320],[32344, 31464],[32343, 31627],[32358, 31710],[32388, 31784],[32400, 31872],[32432, 31912],[32432, 31944],[32516, 32085],[32568, 32104],[32626, 32102],[32708, 32065],[32760, 32096],[32770.33, 32056],[32808, 32024],[32824, 31976],[32816, 31936],[32840, 31920],[32816, 31872],[32708, 31869],[32672.46, 31848],[32673, 31751],[32640, 31697],[32656, 31552],[32568, 31459],[32472, 31200],[32411, 31096],[32411, 31011],[32381, 30979],[32381, 31008],[32336, 30936],[32312, 30936],[32320, 31008],[32288, 31008],[32272, 30936]],[[32768, 32024],[32768, 32030],[32766.5, 32024],[32768, 32024]]]},"properties":{"objectType":"annotation","classification":{"name":"Tumor","color":[102, 77, 179]}}},{"type":"Feature","id":"4eacc275-2dc9-4316-a694-d75a614d0a65","geometry":{"type":"Polygon","coordinates":[[[33002, 32676],[32980, 32716],[32941, 32742],[32928, 32784],[32888, 32832],[32888, 32880],[32864, 32896],[32904, 32944],[32960, 32984],[32960, 33016],[33016, 33048],[33072, 33120],[33119, 33120],[33176, 33160],[33247.57, 33129.43],[33294, 33163],[33364, 33167],[33394, 33150],[33472, 33144],[33472, 33129],[33536, 33088],[33552, 33056],[33564, 32932.57],[33608, 32888],[33608, 32832],[33578, 32778],[33568, 32712],[33528, 32680],[33480, 32676],[33416, 32699],[33384, 32749],[33352, 32760],[33364, 32794],[33334, 32797],[33246, 32761],[33165, 32787],[33172, 32817],[33126, 32806],[33136, 32783],[33098, 32749],[33041, 32744],[32997, 32719],[33022, 32689],[33002, 32676]],[[32952, 32756],[32952, 32760],[32947, 32760],[32952, 32756]]]},"properties":{"objectType":"annotation","classification":{"name":"Tumor","color":[102, 77, 179]}}},{"type":"Feature","id":"11b5da4e-7557-4b7c-bcf2-32921e4d05d4","geometry":{"type":"Polygon","coordinates":[[[32401, 32436],[32423, 32538],[32498, 32548],[32510, 32453],[32401, 32436]]]},"properties":{"objectType":"annotation","classification":{"name":"Tumor","color":[102, 77, 179]}}},{"type":"Feature","id":"6d0710c3-5d65-4066-9743-4475bfafabbd","geometry":{"type":"MultiPolygon","coordinates":[[[[31230.69, 32526.77],[31250, 32495],[31202, 32520],[31219, 32546],[31230.19, 32527.59],[31229, 32527],[31229, 32520],[31230.69, 32526.77]],[[31227, 32525],[31227, 32527],[31226, 32528],[31227, 32525]],[[31231, 32516],[31228, 32519],[31230, 32516],[31231, 32516]],[[31233, 32514],[31233, 32515],[31232.5, 32515],[31233, 32514]],[[31233.5, 32516],[31233, 32517],[31232, 32517],[31233.5, 32516]],[[31225, 32532],[31224, 32533],[31224, 32532],[31225, 32532]]],[[[31218, 32508],[31212, 32514],[31218, 32508.86],[31218, 32508]]],[[[31218, 32508],[31222, 32504],[31221, 32504],[31218, 32508]]],[[[31225, 32503],[31222, 32504],[31225, 32504],[31225, 32503]]],[[[31230.69, 32526.77],[31230.19, 32527.59],[31231, 32528],[31230.69, 32526.77]]]]},"properties":{"objectType":"annotation","classification":{"name":"Tumor","color":[102, 77, 179]}}},{"type":"Feature","id":"56c8790c-01da-4fe7-86c7-56fa0a1cfc27","geometry":{"type":"Polygon","coordinates":[[[21384, 30312],[21408, 30344],[21432, 30352],[21440, 30392],[21440, 30440],[21440, 30560],[21408, 30560],[21408, 30576],[21448, 30584],[21448, 30568],[21520, 30576],[21536, 30600],[21568, 30608],[21576, 30585],[21608, 30577],[21680, 30584],[21712, 30600],[21741, 30584],[21728, 30626],[21741, 30621],[21741, 30662],[21755, 30696],[21798, 30724],[21826, 30753],[21832, 30800],[21870, 30805.27],[21869, 30857],[21889, 30854],[21920, 30880],[21959, 30886],[21964, 30915],[22018, 30944],[22041, 30967],[22107, 31001],[22141, 31001],[22216, 31020],[22290, 31011],[22327.83, 30968.83],[22351, 30959],[22352.5, 30915.5],[22372, 30916],[22351, 30887],[22362, 30836],[22325, 30742],[22320, 30707],[22278, 30661],[22220, 30574],[22192, 30545],[22144, 30531],[22120, 30483],[22059, 30455],[22032, 30456],[22004, 30478],[21936, 30496],[21896, 30529],[21849, 30497],[21822, 30496],[21854, 30479],[21827, 30479],[21809, 30498],[21792, 30480],[21765, 30487],[21736, 30464],[21656, 30463],[21632, 30440],[21576, 30432],[21544, 30400],[21464, 30408],[21472, 30368],[21568, 30376],[21608, 30400],[21648, 30400],[21680, 30384],[21680, 30336],[21696, 30336],[21696, 30256],[21648, 30216],[21648, 30184],[21624, 30176],[21616, 30152],[21632, 30128],[21592, 30128],[21576, 30096],[21544, 30096],[21536, 30064],[21480, 30072],[21480, 30096],[21448, 30112],[21448, 30128],[21400, 30160],[21392, 30200],[21392, 30264],[21384, 30312]]]},"properties":{"objectType":"annotation","classification":{"name":"Tumor","color":[102, 77, 179]}}},{"type":"Feature","id":"835f4343-df65-46b5-afe8-4f470d3fe7a5","geometry":{"type":"Polygon","coordinates":[[[22834, 31112],[22828, 31126],[22800, 31128],[22771, 31157],[22744, 31157],[22677.75, 31183],[22614, 31198],[22614, 31256.5],[22575, 31304],[22578, 31347],[22587, 31363],[22631, 31396],[22638, 31430],[22662, 31430],[22686.5, 31397],[22726, 31389],[22732, 31405],[22718, 31438],[22747, 31452],[22740, 31513],[22755, 31536],[22755, 31560],[22728, 31563],[22698, 31534],[22606, 31559],[22575, 31542],[22556, 31485],[22447, 31413],[22384, 31421],[22359, 31439],[22327, 31436],[22302, 31455],[22294, 31500],[22279, 31534],[22286, 31648],[22328, 31693],[22358, 31734],[22396, 31732],[22442, 31751],[22520, 31747],[22545, 31761],[22541, 31802],[22587, 31844],[22647, 31874],[22703, 31872],[22694, 31886],[22702, 31910],[22750, 31972],[22750, 32006],[22774, 32038],[22806, 32030],[22822, 32006],[22846, 32006],[22886, 31966],[22886, 31943],[22910, 31934],[22910, 31902],[22886, 31894],[22886, 31878],[22854, 31862],[22830, 31836.06],[22825, 31814],[22838, 31830],[22870, 31822],[22870, 31750],[22862, 31750],[22862, 31702],[22853, 31702],[22854, 31659],[22934, 31662],[22960, 31646],[22968, 31654],[23027, 31584],[23056, 31614],[23062, 31586],[23044, 31573],[23050, 31527],[23070, 31459],[23093, 31438],[23114, 31458],[23106, 31423],[23118, 31404],[23077, 31370],[23081, 31287],[23078, 31262],[23058, 31244],[23047, 31199],[23001, 31153],[22959, 31130],[22926, 31123],[22870, 31124],[22834, 31112]],[[22751, 31470],[22751, 31470.5],[22750.57, 31470],[22751, 31470]],[[22803, 31640],[22803, 31654],[22789, 31644],[22803, 31640]]]},"properties":{"objectType":"annotation","classification":{"name":"Tumor","color":[102, 77, 179]}}},{"type":"Feature","id":"4ca82f90-6b49-4578-bfaf-a768325eb6b4","geometry":{"type":"Polygon","coordinates":[[[23137, 31183],[23181, 31295],[23255, 31265],[23255, 31197],[23185, 31145],[23137, 31183]]]},"properties":{"objectType":"annotation","classification":{"name":"Tumor","color":[102, 77, 179]}}},{"type":"Feature","id":"e23c6acb-a70b-4a58-a699-9755da3e4880","geometry":{"type":"Polygon","coordinates":[[[23960, 32008],[23968, 32032],[24024, 32072],[24032, 32032],[24040, 32064],[24072, 32072],[24128, 32048],[24128, 31968],[24080, 31912],[23984, 31928],[23968, 31952],[23960, 32008]]]},"properties":{"objectType":"annotation","classification":{"name":"Tumor","color":[102, 77, 179]}}},{"type":"Feature","id":"980b1219-eda5-4cfa-be23-80df9e12a185","geometry":{"type":"Polygon","coordinates":[[[24176, 31816],[24193, 31876],[24237, 31902],[24308, 31890],[24346, 31858],[24358, 31774],[24350, 31735],[24360, 31693],[24382, 31672],[24376, 31654],[24338, 31655],[24319, 31640],[24319, 31665],[24294, 31665],[24277, 31714],[24289, 31743],[24240, 31760],[24200, 31784],[24176, 31816]]]},"properties":{"objectType":"annotation","classification":{"name":"Tumor","color":[102, 77, 179]}}},{"type":"Feature","id":"b9ffd85f-5a9e-48d9-b3a2-14dfe6072fae","geometry":{"type":"Polygon","coordinates":[[[20922, 31409],[20957, 31503],[21095, 31566],[21233, 31523],[21227, 31630],[21288, 31648],[21337, 31620],[21371, 31535],[21364, 31461],[21258, 31320],[21163, 31253],[21000, 31248],[20944, 31296],[20922, 31409]]]},"properties":{"objectType":"annotation","classification":{"name":"Tumor","color":[102, 77, 179]}}},{"type":"Feature","id":"c5f19c78-02b6-4d97-8959-ba4a1307329f","geometry":{"type":"Polygon","coordinates":[[[24882, 31357],[24948, 31414],[24994, 31308],[24945, 31281],[24882, 31357]]]},"properties":{"objectType":"annotation","classification":{"name":"Tumor","color":[102, 77, 179]}}},{"type":"Feature","id":"6193ed91-fe11-4945-8eed-6e36b31b0224","geometry":{"type":"Polygon","coordinates":[[[31378, 27887],[31368, 27907],[31374, 27924],[31352, 27939],[31352, 27949],[31382, 27972],[31404, 28015],[31434, 28031],[31451, 28033],[31466, 28053],[31537, 28051],[31556, 28075],[31552, 28055],[31574, 28045],[31582, 28023],[31572, 28007],[31567, 28023],[31556, 28016],[31554, 27989],[31536, 27970],[31564, 27967],[31523, 27943],[31514, 27927],[31482, 27907],[31408, 27887],[31408, 27902],[31388, 27902],[31378, 27887]],[[31524, 27967],[31526, 27969],[31524, 27967.69],[31524, 27967]],[[31542, 27983],[31548, 27991],[31542, 27986],[31542, 27983]],[[31414, 27955],[31414, 27959],[31396, 27955],[31414, 27955]],[[31551, 27963],[31552, 27965],[31549.5, 27963],[31551, 27963]],[[31532, 27973],[31540, 27978],[31540, 27981],[31532, 27973]]]},"properties":{"objectType":"annotation","classification":{"name":"Ignore*","color":[180, 180, 180]}}},{"type":"Feature","id":"d3c0739a-31c8-4bf7-80c9-d82b3dd8b6cb","geometry":{"type":"Polygon","coordinates":[[[32344, 29648],[32344, 29779],[32482, 29873],[32590, 29853],[32671, 29754],[32672, 29632],[32552, 29536],[32424, 29544],[32344, 29648]]]},"properties":{"objectType":"annotation","classification":{"name":"Tumor","color":[102, 77, 179]}}},{"type":"Feature","id":"a826e0e5-7c40-474e-9ab9-f5fdb332c891","geometry":{"type":"Polygon","coordinates":[[[32344, 30240],[32392, 30321],[32462, 30381],[32568, 30397],[32648, 30392],[32768, 30240],[32800, 30112],[32824, 30096],[32848, 30008],[32848, 29912],[32792, 29816],[32743, 29827],[32722, 29795],[32701, 29822],[32640, 29812],[32568, 29925],[32392, 30088],[32367, 30137],[32344, 30240]]]},"properties":{"objectType":"annotation","classification":{"name":"Tumor","color":[102, 77, 179]}}},{"type":"Feature","id":"2a26848a-51f6-4882-a635-bba6d2d4338f","geometry":{"type":"Polygon","coordinates":[[[28984, 26872],[28984, 26896],[29008, 26904],[29000, 26944],[29008, 26968],[29032, 26976],[29032, 27000],[29072, 27008],[29072, 27040],[29088, 27048],[29088, 27096],[29112, 27096],[29112, 27120],[29144, 27136],[29185.88, 27136],[29232, 27152],[29256, 27178],[29256, 27208],[29280, 27216],[29280, 27240],[29304, 27256],[29316.13, 27248],[29361, 27291],[29395, 27300],[29488, 27304],[29488, 27328],[29512, 27328],[29496, 27298],[29528, 27288],[29584, 27288],[29624, 27256],[29624, 27240],[29680, 27256],[29664, 27240],[29680, 27208],[29680, 27232],[29704, 27224],[29696, 27176],[29728, 27136],[29720, 27096],[29680, 27096],[29704, 27080],[29672, 27024],[29640, 27024],[29640, 26960],[29624, 26960],[29624, 26992],[29568, 27000],[29544, 26984],[29544, 26936],[29512, 26936],[29512, 26912],[29464, 26920],[29464, 26896],[29408, 26888],[29424, 26848],[29384, 26840],[29376, 26872],[29336, 26824],[29283, 26812],[29216, 26808],[29192, 26784],[29192, 26821.81],[29129, 26815],[29084.15, 26840],[29048, 26840],[29040, 26816],[29008, 26816],[29008, 26856],[28984, 26872]]]},"properties":{"objectType":"annotation","classification":{"name":"Tumor","color":[102, 77, 179]}}},{"type":"Feature","id":"aa4240c8-f610-4c4d-b45e-22d9e31acf11","geometry":{"type":"Polygon","coordinates":[[[29776, 27064],[29816, 27064],[29864, 27088],[29872, 27064],[29932.31, 27136],[30014, 27195],[30072, 27201],[30048, 27240],[30080, 27224],[30152, 27232],[30160, 27248],[30240, 27224],[30256, 27152],[30149, 27094],[30120, 27040],[30120, 27008],[30088, 26976],[30096, 26944],[30040, 26976],[30016, 26944],[30016, 26904],[29992, 26928],[29912, 26920],[29912, 26937.2],[29824, 26976],[29792, 27016],[29776, 27064]]]},"properties":{"objectType":"annotation","classification":{"name":"Tumor","color":[102, 77, 179]}}},{"type":"Feature","id":"e981d915-5098-4795-b15e-4854616bb5bf","geometry":{"type":"Polygon","coordinates":[[[31251, 27475],[31232, 27477],[31219, 27489],[31214, 27503],[31223, 27490],[31235, 27487],[31244, 27478],[31252, 27489],[31241, 27502],[31244, 27511],[31222, 27534],[31205, 27546],[31192, 27550],[31190, 27562],[31195, 27574],[31190, 27579],[31192, 27594],[31234, 27640],[31257, 27650],[31272, 27652],[31281, 27648],[31285, 27623],[31295, 27613],[31297, 27600],[31292, 27586],[31298, 27582],[31291, 27571],[31307, 27549],[31315, 27555],[31312, 27568],[31321, 27560],[31313, 27544],[31300, 27544],[31291, 27550],[31288, 27535],[31279, 27553],[31267.13, 27548],[31261, 27531],[31280, 27517],[31308, 27513],[31323, 27502],[31343, 27496],[31327, 27493],[31294, 27507],[31270, 27511],[31267, 27500],[31256, 27490],[31251, 27475]],[[31257, 27643],[31257.67, 27643.33],[31257, 27644],[31257, 27643]]]},"properties":{"objectType":"annotation","classification":{"name":"Ignore*","color":[180, 180, 180]}}},{"type":"Feature","id":"84ce2856-d2fd-453b-9dc1-f0be5a260a16","geometry":{"type":"Polygon","coordinates":[[[31270, 27517],[31275, 27562],[31306, 27520],[31355, 27561],[31419, 27565],[31463, 27594],[31516, 27555],[31515, 27519],[31421, 27510],[31393, 27492],[31270, 27517]]]},"properties":{"objectType":"annotation","classification":{"name":"Ignore*","color":[180, 180, 180]}}},{"type":"Feature","id":"10cb8886-c21f-41db-a57c-2682f5dc1f45","geometry":{"type":"Polygon","coordinates":[[[33450, 28645],[33458, 28653],[33452, 28661],[33465, 28659],[33468, 28672],[33479, 28676],[33511, 28700],[33547, 28687],[33567, 28667],[33569, 28660],[33563, 28636],[33552, 28624],[33538, 28634],[33518, 28621],[33528, 28613],[33520, 28603],[33519, 28614],[33506, 28623],[33490, 28622],[33474, 28629],[33466, 28650],[33450, 28645]]]},"properties":{"objectType":"annotation","classification":{"name":"Ignore*","color":[180, 180, 180]}}},{"type":"Feature","id":"48470d1e-2723-46bd-9e84-a248a1f03035","geometry":{"type":"Polygon","coordinates":[[[26902, 27543],[26925, 27543],[26983, 27575],[27017, 27569],[27051, 27548],[27054, 27515],[27019, 27506],[26977, 27523],[26905, 27523],[26902, 27543]]]},"properties":{"objectType":"annotation","classification":{"name":"Ignore*","color":[180, 180, 180]}}},{"type":"Feature","id":"49130b53-6463-4863-b9ab-59210f470ed3","geometry":{"type":"Polygon","coordinates":[[[25333, 26566],[25358, 26595],[25394, 26566],[25381, 26537],[25333, 26566]]]},"properties":{"objectType":"annotation","classification":{"name":"Ignore*","color":[180, 180, 180]}}},{"type":"Feature","id":"e192b33f-72a7-4901-8bf8-c317ac7583c1","geometry":{"type":"Polygon","coordinates":[[[21023, 27534],[21047, 27559.17],[21051, 27596.5],[21041, 27616],[21080, 27598],[21130, 27596],[21149, 27606],[21153, 27586],[21139, 27581],[21147, 27547],[21167, 27546],[21193, 27532],[21195, 27522],[21169, 27499],[21157, 27466],[21137, 27444.86],[21137, 27426],[21125, 27422],[21127, 27439],[21109, 27437],[21115, 27422],[21077, 27446],[21077, 27461],[21061, 27485],[21025, 27520],[21023, 27534]]]},"properties":{"objectType":"annotation","classification":{"name":"Ignore*","color":[180, 180, 180]}}},{"type":"Feature","id":"9035f720-a7d2-4aec-92f8-ee2a9833ae9d","geometry":{"type":"Polygon","coordinates":[[[15207, 26046],[15241, 26059],[15251, 26048],[15235, 26020],[15214, 26022],[15207, 26046]]]},"properties":{"objectType":"annotation","classification":{"name":"Ignore*","color":[180, 180, 180]}}},{"type":"Feature","id":"c62808de-a8d5-4e44-b8ae-e4c61787ec1e","geometry":{"type":"Polygon","coordinates":[[[14456, 25816],[14456, 25872],[14472, 25928],[14512, 25976],[14528, 26032],[14568, 26056],[14592, 26096],[14632, 26104],[14656, 26160],[14688, 26176],[14696, 26256],[14672, 26256],[14672, 26296],[14648, 26296],[14616, 26352],[14608, 26456],[14648, 26520],[14688, 26536],[14768, 26536],[14808, 26496],[14856, 26472],[14880, 26432],[14936, 26408],[14952, 26232],[14952, 26088],[14976, 26080],[14944, 26056],[14936, 25960],[14896, 25928],[14864, 25864],[14768, 25824],[14624, 25728],[14536, 25728],[14488, 25768],[14480, 25808],[14456, 25816]]]},"properties":{"objectType":"annotation","classification":{"name":"Tumor","color":[102, 77, 179]}}},{"type":"Feature","id":"c07b376d-e008-4dd9-9ead-622ce11a9685","geometry":{"type":"Polygon","coordinates":[[[11544, 20040],[11560, 20048],[11560, 20080],[11576, 20112],[11624, 20136],[11648, 20160],[11680, 20160],[11688, 20176],[11720, 20176],[11736, 20192],[11824, 20192],[11832, 20200],[11888, 20200],[11912, 20224],[11912, 20248],[11896, 20232],[11864, 20240],[11832, 20264],[11792, 20264],[11776, 20320],[11760, 20328],[11760, 20392],[11776, 20416],[11776, 20448],[11792, 20448],[11824, 20480],[11880, 20480],[11896, 20496],[11944, 20504],[12016, 20504],[12032, 20512],[12032, 20536],[12056, 20544],[12056, 20504],[12080, 20496],[12088, 20472],[12088, 20392],[12064, 20296],[12048, 20256],[12008, 20256],[11992, 20240],[11992, 20208],[12024, 20192],[12024, 20152],[12056, 20120],[12056, 20040],[12048, 20040],[12048, 19992],[12040, 19992],[12000, 19928],[11968, 19920],[11944, 19880],[11920, 19880],[11904, 19864],[11840, 19864],[11816, 19848],[11776, 19856],[11704, 19856],[11664, 19864],[11624, 19896],[11560, 19960],[11560, 20008],[11544, 20040]]]},"properties":{"objectType":"annotation","classification":{"name":"Tumor","color":[102, 77, 179]}}},{"type":"Feature","id":"f40a86f4-042a-4d20-897c-5fbb0d40802d","geometry":{"type":"Polygon","coordinates":[[[12064, 20240],[12096, 20248],[12072, 20264],[12088, 20392],[12112, 20400],[12104, 20472],[12088, 20504],[12104, 20544],[12136, 20552],[12144, 20600],[12216, 20624],[12224, 20640],[12272, 20632],[12304, 20656],[12336, 20608],[12368, 20608],[12384, 20568],[12416, 20568],[12448, 20536],[12456, 20488],[12496, 20456],[12464, 20448],[12464, 20368],[12432, 20360],[12432, 20312],[12408, 20304],[12416, 20192],[12392, 20152],[12352, 20152],[12352, 20064],[12336, 20096],[12312, 20088],[12320, 20040],[12272, 20040],[12248, 20056],[12152, 20072],[12144, 20096],[12104, 20120],[12064, 20240]]]},"properties":{"objectType":"annotation","classification":{"name":"Tumor","color":[102, 77, 179]}}},{"type":"Feature","id":"e04b1d0b-aedf-4a13-a3a1-7cf2b66ba3e1","geometry":{"type":"Polygon","coordinates":[[[10289, 16316],[10326, 16396],[10381, 16429],[10427, 16543],[10496, 16613],[10665, 16988],[10752, 17005],[10776, 16927],[10752, 16855],[10793, 16802],[10789, 16636],[10703, 16466],[10552, 16286],[10489, 16252],[10359, 16252],[10289, 16316]]]},"properties":{"objectType":"annotation","classification":{"name":"Tumor","color":[102, 77, 179]}}},{"type":"Feature","id":"c717198f-a5c4-4184-addc-50f6f68613c7","geometry":{"type":"Polygon","coordinates":[[[11026, 16774],[11130, 16849],[11142, 16947],[11201, 16983],[11359, 16959],[11400, 16889],[11377, 16662],[11243, 16528],[11200, 16517],[11085, 16563],[11038, 16650],[11026, 16774]]]},"properties":{"objectType":"annotation","classification":{"name":"Tumor","color":[102, 77, 179]}}},{"type":"Feature","id":"ac64798f-9d91-46b6-91db-22b616c7deff","geometry":{"type":"Polygon","coordinates":[[[9550, 16553],[9585, 16606],[9823, 16555],[9900, 16461],[9877, 16384],[9797, 16348],[9563, 16481],[9550, 16553]]]},"properties":{"objectType":"annotation","classification":{"name":"Tumor","color":[102, 77, 179]}}},{"type":"Feature","id":"4bc0021e-a8b3-4b03-847a-3277bf49e18a","geometry":{"type":"Polygon","coordinates":[[[9176, 20050],[9176, 20221],[9205, 20324],[9236, 20349],[9279, 20330],[9285, 20255],[9310, 20239],[9450, 20273],[9536, 20228],[9567, 20186],[9561, 20133],[9605, 20096],[9663, 20089],[9693, 19993],[9589, 19923],[9494, 19940],[9298, 19945],[9268, 19987],[9176, 20050]]]},"properties":{"objectType":"annotation","classification":{"name":"Tumor","color":[102, 77, 179]}}},{"type":"Feature","id":"46ce0c07-c6bf-4aaf-b357-b5112fd96afe","geometry":{"type":"Polygon","coordinates":[[[8349, 19221],[8350, 19246],[8370, 19248],[8372, 19266],[8352, 19288],[8364, 19335],[8426, 19333],[8496, 19306],[8529, 19303],[8554, 19265],[8526, 19213],[8444, 19206],[8409, 19213],[8382, 19241],[8374, 19218],[8349, 19221]]]},"properties":{"objectType":"annotation","classification":{"name":"Ignore*","color":[180, 180, 180]}}},{"type":"Feature","id":"d37cce95-dddd-4dda-8af2-49a353fdb0fb","geometry":{"type":"Polygon","coordinates":[[[23571, 32956],[23590, 33014],[23603, 33014],[23641, 32972],[23658, 32965],[23648, 32946],[23600, 32933],[23571, 32956]]]},"properties":{"objectType":"annotation","classification":{"name":"Ignore*","color":[180, 180, 180]}}},{"type":"Feature","id":"81c8ed66-a002-49ad-a0b8-d3bb8543585b","geometry":{"type":"Polygon","coordinates":[[[23004, 33357],[23012, 33371],[23051, 33368],[23095, 33380],[23109, 33363],[23102, 33336],[23069, 33315],[23060, 33328],[23040, 33308],[23050, 33302],[23027, 33293],[23007, 33320],[23004, 33357]]]},"properties":{"objectType":"annotation","classification":{"name":"Ignore*","color":[180, 180, 180]}}},{"type":"Feature","id":"ce539658-7dfa-4d46-befe-5061c48c2daa","geometry":{"type":"Polygon","coordinates":[[[22462, 33672],[22462, 33694],[22498, 33749],[22502, 33779],[22520, 33785],[22527, 33769],[22569, 33747],[22582, 33701],[22553, 33646],[22566, 33581],[22511, 33574],[22478, 33617],[22462, 33672]]]},"properties":{"objectType":"annotation","classification":{"name":"Ignore*","color":[180, 180, 180]}}},{"type":"Feature","id":"60c50f45-fa17-41ab-b58c-4a1d93b4d7a8","geometry":{"type":"Polygon","coordinates":[[[22295, 33619],[22318, 33652],[22365, 33649],[22408, 33626],[22409, 33600],[22383, 33587],[22311, 33594],[22295, 33619]]]},"properties":{"objectType":"annotation","classification":{"name":"Ignore*","color":[180, 180, 180]}}},{"type":"Feature","id":"28f21a60-a8b3-4a36-873f-a160b8792edc","geometry":{"type":"Polygon","coordinates":[[[22558, 33538],[22624, 33541],[22661, 33529],[22657, 33502],[22634, 33489],[22580, 33486],[22558, 33538]]]},"properties":{"objectType":"annotation","classification":{"name":"Ignore*","color":[180, 180, 180]}}},{"type":"Feature","id":"0461fd11-762d-4b78-be22-3758a6db758f","geometry":{"type":"Polygon","coordinates":[[[24200, 34136],[24163, 34151],[24104, 34167],[24040, 34168],[24016, 34176],[23984, 34176],[23976, 34192],[23960, 34192],[23952, 34176],[23928, 34176],[23920, 34192],[23896, 34192],[23888, 34208],[23864, 34208],[23864, 34232],[23880, 34232],[23880, 34272],[23888, 34280],[23920, 34280],[23944, 34304],[23976, 34304],[23976, 34312],[24047, 34316],[24048, 34344],[24080, 34365],[24102, 34415],[24135, 34410],[24162, 34426],[24190, 34426],[24216, 34448],[24267, 34456],[24280, 34480],[24303, 34479],[24342, 34489],[24365, 34531],[24395, 34549],[24419, 34549],[24438.27, 34530],[24464, 34532],[24486, 34551],[24493, 34572],[24510, 34572],[24512, 34589],[24536, 34632],[24560, 34624],[24551, 34566],[24565, 34557],[24604, 34563],[24680, 34536],[24672, 34505],[24649, 34486],[24609, 34486],[24606, 34473],[24655, 34430],[24661, 34395],[24635.32, 34357.32],[24655, 34340],[24629, 34294],[24592.5, 34281.5],[24578, 34255],[24572, 34214],[24557, 34202],[24540, 34210],[24530, 34244],[24472, 34243],[24493, 34228],[24468, 34234],[24436, 34212],[24425, 34195],[24392, 34204],[24364, 34261],[24336, 34245],[24336, 34208],[24328, 34216],[24312, 34184],[24247, 34184],[24240, 34160],[24216, 34152],[24200, 34136]],[[24064, 34327],[24067, 34334.2],[24064, 34337.8],[24064, 34327]],[[24332, 34248],[24336, 34256],[24332, 34264],[24332, 34248]]]},"properties":{"objectType":"annotation","classification":{"name":"Tumor","color":[102, 77, 179]}}},{"type":"Feature","id":"d4ed3401-c8ff-449d-b4da-84669da4768c","geometry":{"type":"MultiPolygon","coordinates":[[[[25423, 33893],[25264, 33936],[25290, 33990],[25400, 34010],[25510, 34001],[25544, 33963],[25539.84, 33953.8],[25536, 33957],[25536, 33952],[25539.03, 33952],[25516, 33901],[25445, 33894.89],[25445, 33894],[25444.57, 33894.86],[25423, 33893]],[[25486, 33983],[25486, 33993],[25472, 33992],[25486, 33983]],[[25318, 33928],[25312, 33934],[25312, 33928],[25318, 33928]],[[25339, 33994],[25339, 33995],[25338, 33994],[25339, 33994]],[[25316, 33992],[25317, 33993],[25316, 33993],[25316, 33992]],[[25519, 33917],[25524, 33920],[25504, 33920],[25519, 33917]],[[25338, 33992],[25338, 33993],[25337, 33992],[25338, 33992]],[[25416, 33904],[25416, 33905],[25414, 33907],[25416, 33904]],[[25408, 34003],[25408, 34005],[25404, 34003],[25408, 34003]]],[[[25539.84, 33953.8],[25542, 33952],[25539.03, 33952],[25539.84, 33953.8]]]]},"properties":{"objectType":"annotation","classification":{"name":"Tumor","color":[102, 77, 179]}}},{"type":"Feature","id":"2fb9a9ba-9c1a-497e-88f0-3381ca321eb3","geometry":{"type":"Polygon","coordinates":[[[25240, 34019],[25192, 34032],[25160, 34072],[25160, 34104],[25144, 34112],[25144, 34200],[25168, 34216],[25176, 34256],[25200, 34288],[25240, 34288],[25268, 34308],[25312, 34352],[25365, 34347],[25402, 34361],[25417, 34350],[25405, 34325],[25421, 34347],[25440, 34320],[25464, 34320],[25482, 34281],[25464, 34277],[25489, 34240],[25510, 34240],[25512, 34296],[25527, 34296],[25541, 34337],[25560, 34344],[25568, 34376],[25592, 34384],[25592, 34360],[25704, 34360],[25736, 34352],[25736, 34368],[25776, 34328],[25792, 34328],[25792, 34280],[25784, 34256],[25808, 34256],[25816, 34232],[25792, 34232],[25792, 34200],[25768, 34208],[25768, 34232],[25752, 34232],[25752, 34200],[25792, 34184],[25760, 34136],[25744, 34136],[25728, 34112],[25672, 34104],[25656, 34072],[25545, 34089],[25524, 34129],[25503, 34148],[25482, 34136],[25464, 34088],[25421, 34077],[25400, 34056],[25360, 34048],[25370, 34077],[25347, 34047],[25319, 34032],[25312, 34056],[25273, 34034],[25262, 34062],[25254, 34045],[25271, 34021],[25240, 34019]],[[25512, 34189],[25512, 34190],[25511, 34190],[25512, 34189]],[[25566, 34112],[25564, 34114],[25565, 34112],[25566, 34112]],[[25413, 34240],[25413, 34241],[25412, 34240],[25413, 34240]],[[25404, 34271],[25405, 34272],[25399, 34272],[25404, 34271]],[[25413, 34242],[25415, 34243],[25415, 34244],[25413, 34242]],[[25563, 34114],[25562, 34115],[25559, 34114],[25563, 34114]],[[25399, 34259],[25401, 34262],[25399, 34261],[25399, 34259]],[[25405, 34263],[25406, 34264],[25405, 34264],[25405, 34263]],[[25424, 34255],[25421, 34268],[25418, 34266],[25424, 34255]],[[25456, 34279],[25457, 34280],[25456, 34280],[25456, 34279]],[[25552, 34336],[25552, 34337],[25551, 34336],[25552, 34336]],[[25368, 34239],[25369, 34240],[25368, 34240],[25368, 34239]],[[25304, 34336],[25304, 34337],[25303, 34336],[25304, 34336]],[[25376, 34058],[25376, 34066],[25369, 34060],[25376, 34058]],[[25388, 34232],[25387, 34233],[25384, 34232],[25388, 34232]],[[25432, 34266],[25432, 34272],[25431, 34272],[25432, 34266]],[[25376, 34245],[25377, 34246],[25376, 34246],[25376, 34245]],[[25558, 34103],[25554, 34112],[25554, 34108],[25558, 34103]],[[25396, 34243],[25399, 34250],[25396, 34252],[25396, 34243]],[[25402, 34244],[25407, 34248],[25401, 34253],[25402, 34244]],[[25383, 34247],[25384, 34248],[25383, 34248],[25383, 34247]],[[25421, 34249],[25422, 34250],[25421, 34250],[25421, 34249]],[[25416, 34245],[25416, 34246],[25415, 34245],[25416, 34245]],[[25390, 34255],[25390, 34256],[25389, 34257],[25390, 34255]],[[25387, 34251],[25388, 34254],[25387, 34255],[25387, 34251]],[[25428, 34256],[25427, 34257],[25427, 34256],[25428, 34256]],[[25336, 34343],[25337, 34346],[25336, 34347],[25336, 34343]],[[25381, 34246],[25382, 34247],[25380, 34247],[25381, 34246]],[[25369, 34232],[25368, 34233],[25368, 34232],[25369, 34232]],[[25388, 34257],[25395, 34261],[25390, 34263],[25388, 34257]]]},"properties":{"objectType":"annotation","classification":{"name":"Tumor","color":[102, 77, 179]}}},{"type":"Feature","id":"5b3456cf-385f-40b9-8352-7c3a876f89df","geometry":{"type":"Polygon","coordinates":[[[29650, 34260],[29703, 34320],[29751, 34345],[29751, 34373],[29815, 34325],[29825, 34285],[29792, 34208],[29755, 34220],[29743, 34255],[29730, 34218],[29673, 34218],[29650, 34260]]]},"properties":{"objectType":"annotation","classification":{"name":"Ignore*","color":[180, 180, 180]}}},{"type":"Feature","id":"61254c9b-b8a4-4324-aeed-8fbe4a991446","geometry":{"type":"Polygon","coordinates":[[[30686, 34221],[30730, 34236],[30743, 34192],[30701, 34176],[30686, 34221]]]},"properties":{"objectType":"annotation","classification":{"name":"Ignore*","color":[180, 180, 180]}}},{"type":"Feature","id":"80c3cf7b-4452-48bd-9bb8-b859f5104bb3","geometry":{"type":"Polygon","coordinates":[[[20968, 28552],[20992, 28552],[20992, 28520],[21008, 28521],[21007, 28569],[21035, 28614],[21040, 28648],[21072, 28656],[21120, 28653],[21136, 28688],[21168, 28688],[21240, 28664],[21232, 28632],[21280, 28608],[21287, 28580],[21259, 28560],[21264, 28524.83],[21296, 28512],[21312, 28536],[21304, 28496],[21254, 28496],[21200, 28462],[21200, 28424],[21156, 28426],[21120, 28400],[21048, 28417],[21048, 28384],[21032, 28384],[21032, 28424],[21000, 28490],[20976, 28496],[20968, 28552]]]},"properties":{"objectType":"annotation","classification":{"name":"Tumor","color":[102, 77, 179]}}},{"type":"Feature","id":"1834379a-6761-47e9-ac21-5a77d3116ced","geometry":{"type":"Polygon","coordinates":[[[20216, 28776],[20120, 28832],[20088, 28872],[20080, 28931],[20037, 28912],[19944, 28928],[19920, 28952],[19872, 28944],[19878, 28981],[19853, 29013],[19856, 29135],[19891, 29174],[19888, 29256],[19936, 29282],[19952, 29312],[20008, 29368],[20066, 29401],[20110, 29448],[20128, 29488],[20224, 29472],[20224, 29496],[20296, 29504],[20352, 29488],[20416, 29448],[20432, 29416],[20416, 29352],[20440, 29328],[20400, 29320],[20408, 29288],[20376, 29248],[20323, 29248],[20234, 29218],[20232, 29192],[20195, 29170],[20239, 29136],[20264, 29136],[20293, 29083],[20272, 28968],[20304, 28976],[20320, 28944],[20352, 28944],[20328, 28920],[20328, 28872],[20296, 28856],[20280, 28816],[20248, 28816],[20216, 28776]],[[19904, 28960],[19900, 28963],[19898, 28960],[19904, 28960]]]},"properties":{"objectType":"annotation","classification":{"name":"Tumor","color":[102, 77, 179]}}},{"type":"Feature","id":"10bb5124-29b4-4b23-b840-1f3ee69933c2","geometry":{"type":"Polygon","coordinates":[[[18072, 27984],[18066, 27996],[18030, 27996],[18010, 28010],[17932, 28027],[17908, 28073],[17855, 28119],[17835, 28164],[17794, 28146],[17771, 28122],[17757, 28174],[17771, 28180],[17764, 28255],[17775, 28293],[17761, 28305],[17766, 28363],[17759, 28397],[17781, 28441],[17799, 28504],[17771, 28548],[17793, 28528],[17802, 28551],[17836, 28590],[17836, 28612],[17812, 28638],[17787, 28633],[17726, 28639.8],[17689.22, 28661.22],[17670, 28647],[17600, 28648],[17575, 28640],[17537, 28663],[17485, 28663],[17482, 28673],[17439, 28682],[17372, 28685],[17349, 28706],[17333, 28693],[17295, 28715],[17272, 28716],[17262, 28757],[17227, 28780],[17217, 28762],[17183, 28773],[17168, 28747],[17162, 28699],[17121, 28663.33],[17120, 28647],[17092, 28630],[17098, 28594],[17065, 28619],[17019, 28622],[16988.27, 28643],[16956, 28643],[16913, 28610],[16899, 28579],[16800, 28568],[16806, 28529],[16772, 28533],[16772, 28552],[16729, 28570],[16706, 28547],[16672, 28536],[16560, 28552],[16496, 28552],[16496, 28568],[16448, 28592],[16448, 28632],[16408, 28640],[16400, 28696],[16448, 28704],[16441, 28748],[16466, 28787],[16494, 28784],[16536, 28840],[16617, 28849],[16664, 28826],[16722, 28772],[16762, 28799],[16760, 28835],[16794, 28891],[16814, 28866],[16841, 28888],[16827, 28925],[16853, 28949],[16851, 28963],[16912, 29002],[16940, 28998],[16970, 29034],[17000, 29028],[17023, 29010],[17078, 29021],[17087, 29010],[17146, 29000],[17191.5, 29017],[17208, 29032],[17261, 29049],[17336, 29043],[17376, 29008],[17405, 28993],[17435, 29002],[17488, 28984],[17536, 28984],[17581, 28974],[17621, 28980],[17630, 28968],[17695, 28967],[17727, 28938],[17749.11, 28955.11],[17736, 28978],[17676, 29003],[17616, 29008],[17541, 29033],[17460, 29038],[17417, 29097],[17434, 29122],[17428, 29161],[17391, 29198],[17345, 29231],[17280, 29352],[17291, 29412],[17272, 29440],[17248, 29440],[17216, 29480],[17224, 29528],[17208, 29536],[17208, 29576],[17232, 29584],[17208, 29592],[17216, 29664],[17232, 29680],[17264, 29680],[17264, 29704],[17288, 29712],[17288, 29728],[17328, 29736],[17344, 29752],[17400, 29736],[17408, 29704],[17432, 29712],[17472, 29680],[17472, 29608],[17448, 29568],[17488, 29560],[17496, 29536],[17480, 29512],[17512, 29512],[17528, 29480],[17560, 29472],[17560, 29448],[17624, 29400],[17616, 29363],[17664, 29344],[17675, 29320],[17712, 29320],[17712, 29304],[17744, 29288],[17744, 29248],[17781, 29240],[17795, 29265],[17789.4, 29288],[17744, 29320],[17744, 29336],[17720, 29352],[17720, 29432],[17704, 29456],[17720, 29464],[17728, 29504],[17752, 29528],[17800, 29528],[17808, 29552],[17824, 29552],[17832, 29528],[17856, 29536],[17880, 29520],[17888, 29536],[17872, 29560],[17912, 29552],[17904, 29512],[17984, 29488],[18000, 29472],[18032, 29472],[18032, 29456],[18008, 29440],[18008, 29411],[18040, 29408],[18040, 29372],[18060, 29344],[18080, 29336],[18080, 29312],[18062, 29291],[18065, 29237],[18057, 29189],[18072, 29154],[18112, 29134],[18122, 29109],[18119, 29074],[18170, 29065],[18223, 29091],[18299, 29108],[18325, 29087],[18362, 29077],[18387, 29092],[18460, 29081],[18476, 29067],[18544, 29079],[18552, 29089],[18603, 29063],[18680, 29067],[18720, 29037],[18740, 29037],[18800, 28992],[18800, 28968],[18776, 28968],[18768, 28984],[18736, 28992],[18744, 28968],[18768, 28968],[18776, 28944],[18832, 28912],[18848, 28880],[18824, 28864],[18824, 28848],[18721, 28742],[18651.5, 28732],[18576, 28702],[18481, 28638],[18451, 28627],[18376, 28624],[18344, 28629],[18264, 28594],[18260, 28580],[18211, 28594],[18131, 28589],[18097, 28619],[18069, 28629],[18045, 28610],[18077.75, 28570],[18104, 28584],[18120, 28560],[18096, 28560],[18090, 28535],[18066, 28500],[18048, 28432.5],[18051, 28415],[18080, 28393],[18080, 28367],[18055.23, 28356],[18034, 28325],[17994, 28341],[17986, 28323],[18010, 28271],[18032, 28255],[18061, 28262],[18092, 28250],[18116.5, 28220],[18176, 28209],[18240, 28168],[18264, 28120],[18256, 28064],[18240, 28056],[18240, 28032],[18208, 28008],[18162, 27992],[18072, 27984]],[[18218, 29078],[18219, 29079],[18216.67, 29079],[18218, 29078]],[[18719, 29008],[18742, 29018],[18724, 29031],[18719, 29008]],[[18757, 29008],[18752, 29012.5],[18752, 29008],[18757, 29008]],[[18196, 29069],[18198, 29071],[18193.67, 29069],[18196, 29069]],[[18052, 29078],[18044, 29086],[18046, 29079],[18052, 29078]],[[17324, 28704],[17329, 28706],[17318, 28706],[17324, 28704]],[[18202, 29071],[18211, 29076],[18206.67, 29076],[18202, 29071]],[[18213, 29076],[18215, 29078],[18213, 29078],[18213, 29076]],[[18031, 29109.6],[18034, 29112],[18033, 29114],[18031, 29109.6]],[[18036, 29117],[18036, 29120],[18035, 29119],[18036, 29117]]]},"properties":{"objectType":"annotation","classification":{"name":"Tumor","color":[102, 77, 179]}}},{"type":"Feature","id":"9cbb20e3-4d01-4ac7-abc9-4ed57af40ca6","geometry":{"type":"Polygon","coordinates":[[[17264, 22544],[17184, 22568],[17184, 22584],[17144, 22592],[17128, 22608],[17128, 22632],[17112, 22648],[17112, 22672],[17096, 22688],[17080, 22688],[17072, 22704],[17072, 22760],[17064, 22760],[17064, 22824],[17056, 22824],[17056, 22936],[17032, 22952],[17056, 22944],[17056, 22992],[17072, 22992],[17072, 23008],[17032, 23008],[17032, 23032],[16992, 23024],[16976, 23064],[16920, 23104],[16920, 23152],[16880, 23152],[16888, 23192],[16864, 23208],[16872, 23232],[16872, 23304],[16848, 23320],[16840, 23344],[16856, 23360],[16840, 23376],[16816, 23376],[16808, 23400],[16832, 23408],[16808, 23424],[16800, 23448],[16776, 23440],[16800, 23400],[16768, 23400],[16760, 23416],[16736, 23416],[16728, 23432],[16704, 23424],[16704, 23400],[16688, 23400],[16696, 23424],[16664, 23432],[16624, 23432],[16608, 23424],[16600, 23440],[16552, 23440],[16544, 23456],[16520, 23448],[16520, 23424],[16504, 23424],[16496, 23472],[16464, 23472],[16456, 23487],[16424, 23496],[16297, 23498],[16275, 23514],[16264, 23546],[16236, 23564],[16242, 23631],[16201, 23651],[16164, 23688],[16143, 23688],[16064, 23731],[15999, 23790],[15990, 23790],[15947, 23837],[15888, 23912],[15872, 23940],[15869, 24044],[15874, 24049],[15874, 24115],[15848, 24151],[15847, 24221],[15832, 24251.81],[15800, 24272],[15793, 24337.8],[15773.5, 24368],[15760, 24368],[15757, 24389],[15736, 24421],[15710, 24447],[15704, 24488],[15715, 24496],[15704, 24568],[15720, 24576],[15728, 24600],[15752, 24584],[15800, 24584],[15803, 24552],[15832, 24568],[15840, 24542],[15864, 24576],[15912, 24576],[15928, 24584],[15968, 24584],[15973, 24529],[16000, 24520],[16011, 24496],[16056, 24464],[16051, 24440],[16094, 24396],[16104, 24349],[16128, 24336],[16137, 24300],[16152, 24288],[16152, 24259],[16185, 24216],[16196, 24162.5],[16219.04, 24134],[16272, 24120],[16292, 24088],[16323.92, 24056],[16336, 24064],[16360, 24029.43],[16400, 24008],[16409, 23981],[16414, 23902.87],[16444.09, 23872],[16457, 23823],[16504, 23766],[16526, 23749],[16568, 23744],[16594, 23723],[16648, 23728],[16664, 23712],[16752, 23712],[16752, 23720],[16808, 23720],[16808, 23744],[16832, 23760],[16864, 23760],[16880, 23784],[16880, 23808],[16864, 23808],[16848, 23784],[16848, 23816],[16888, 23832],[16912, 23832],[16928, 23864],[16960, 23864],[17008, 23896],[17000, 23936],[17032, 23920],[17032, 23896],[17048, 23880],[17112, 23880],[17112, 23856],[17136, 23856],[17136, 23896],[17152, 23880],[17152, 23848],[17168, 23832],[17160, 23808],[17128, 23824],[17104, 23816],[17104, 23792],[17120, 23784],[17120, 23752],[17096, 23744],[17096, 23712],[17072, 23696],[17072, 23680],[17040, 23672],[17040, 23632],[17032, 23616],[17000, 23616],[17016, 23600],[17008, 23552],[17040, 23536],[17040, 23496],[17056, 23480],[17064, 23456],[17064, 23416],[17080, 23392],[17080, 23368],[17096, 23360],[17096, 23344],[17136, 23320],[17128, 23296],[17128, 23264],[17152, 23232],[17160, 23208],[17160, 23128],[17168, 23120],[17144, 23096],[17152, 23064],[17184, 23064],[17176, 23024],[17200, 23008],[17208, 22992],[17208, 22928],[17240, 22936],[17248, 22912],[17296, 22896],[17320, 22872],[17320, 22856],[17352, 22832],[17352, 22816],[17376, 22808],[17376, 22768],[17384, 22768],[17384, 22736],[17400, 22728],[17400, 22712],[17384, 22704],[17384, 22672],[17376, 22672],[17376, 22632],[17360, 22632],[17304, 22568],[17264, 22560],[17264, 22544]],[[15712, 24553.6],[15715, 24560],[15712, 24560],[15712, 24553.6]]]},"properties":{"objectType":"annotation","classification":{"name":"Tumor","color":[102, 77, 179]}}},{"type":"Feature","id":"fa3ad75a-a467-43ed-b7c1-c82dbe1bbe47","geometry":{"type":"Polygon","coordinates":[[[17429, 23846],[17436, 23935],[17472, 23984],[17568, 24008],[17696, 24000],[17721, 23949],[17768, 23936],[17784, 23917],[17880, 23872],[17908, 23837],[17936, 23840],[17946, 23812],[18037, 23720],[18048, 23720],[18067, 23648],[18096, 23600],[18099, 23564.17],[18128, 23544],[18120, 23525],[18154, 23479],[18192, 23517],[18192, 23576],[18216.25, 23552],[18232, 23568],[18296, 23560],[18320, 23568],[18368, 23520],[18362, 23486],[18424, 23424],[18424, 23378],[18384, 23312],[18317, 23299],[18296, 23264],[18208, 23264],[18160, 23304],[18168, 23280],[18140.58, 23280],[18120, 23232],[18080, 23208],[18010, 23199],[17932, 23262],[17880, 23288],[17855, 23324],[17836, 23387],[17836, 23463],[17806, 23499],[17762, 23517],[17705, 23524],[17662, 23567],[17616, 23584],[17600, 23624],[17561, 23643],[17505, 23699],[17479, 23782],[17429, 23846]]]},"properties":{"objectType":"annotation","classification":{"name":"Tumor","color":[102, 77, 179]}}},{"type":"Feature","id":"b915603f-9fc0-4cc9-8b26-1e7a68067efd","geometry":{"type":"Polygon","coordinates":[[[19405, 23786],[19408, 23840],[19432, 23862],[19432, 23896],[19448, 23928],[19491, 23953],[19552, 24000],[19608, 24032],[19664, 24021],[19696, 24040],[19744, 24040],[19808, 23984],[19808, 23963],[19832, 23937],[19848, 23968],[19848, 24016],[19864, 24016],[19864, 24064],[19904, 24096],[19904, 24120],[19968, 24160],[20072, 24160],[20120, 24112],[20144, 24056],[20136, 24016],[20136, 23960],[20128, 23960],[20120, 23896],[20144, 23904],[20160, 23880],[20160, 23904],[20176, 23936],[20160, 23944],[20160, 23968],[20200, 23968],[20200, 24032],[20224, 24032],[20256, 24056],[20256, 24088],[20272, 24096],[20272, 24136],[20288, 24136],[20288, 24240],[20296, 24264],[20336, 24296],[20352, 24344],[20368, 24368],[20392, 24376],[20392, 24432],[20408, 24432],[20408, 24456],[20424, 24464],[20424, 24504],[20464, 24512],[20472, 24560],[20496, 24592],[20544, 24600],[20568, 24624],[20592, 24624],[20592, 24648],[20616, 24648],[20624, 24624],[20656, 24624],[20712, 24576],[20720, 24552],[20720, 24480],[20696, 24480],[20696, 24440],[20664, 24440],[20640, 24416],[20648, 24352],[20616, 24344],[20616, 24312],[20576, 24248],[20560, 24248],[20544, 24224],[20544, 24192],[20520, 24176],[20528, 24160],[20528, 24112],[20520, 24096],[20496, 24096],[20504, 24040],[20520, 24016],[20544, 24016],[20560, 23976],[20576, 23992],[20600, 23992],[20600, 23928],[20624, 23888],[20624, 23856],[20656, 23840],[20656, 23760],[20616, 23688],[20560, 23688],[20544, 23664],[20528, 23688],[20480, 23704],[20472, 23752],[20456, 23752],[20448, 23776],[20416, 23776],[20376, 23720],[20312, 23712],[20288, 23688],[20240, 23696],[20216, 23720],[20168, 23728],[20168, 23752],[20144, 23776],[20144, 23752],[20120, 23752],[20112, 23776],[20136, 23792],[20144, 23864],[20104, 23832],[20112, 23864],[20088, 23864],[20072, 23840],[20024, 23824],[19944, 23824],[19912, 23840],[19880, 23872],[19852, 23859],[19857, 23810],[19896, 23792],[19896, 23770.22],[19915, 23740],[19915, 23713],[19888, 23664],[19864, 23648],[19864, 23624],[19840, 23592],[19776, 23576],[19728, 23552],[19640, 23552],[19600, 23576],[19605, 23613],[19555, 23632],[19528, 23632],[19507, 23664],[19472, 23672],[19421, 23728],[19405, 23786]]]},"properties":{"objectType":"annotation","classification":{"name":"Tumor","color":[102, 77, 179]}}},{"type":"Feature","id":"6804af3b-56ec-42cf-975e-be7e0d1bcd25","geometry":{"type":"Polygon","coordinates":[[[21176, 24080],[21176, 24168],[21184, 24224],[21224, 24249.05],[21224, 24272],[21296, 24312],[21304, 24376],[21351, 24408],[21352, 24432],[21376, 24456],[21431, 24441],[21448, 24458],[21448, 24528],[21478, 24520],[21512, 24552],[21560, 24536],[21560, 24488],[21519, 24474],[21552, 24472],[21579, 24448],[21616, 24448],[21598, 24422],[21640, 24416],[21648, 24400],[21712, 24392],[21720, 24376],[21768, 24376],[21776, 24352],[21808, 24352],[21784, 24288],[21740, 24263],[21728, 24232],[21655, 24153],[21601, 24142],[21584, 24128],[21542, 24126],[21491, 24142],[21496, 24072],[21464, 24046.2],[21440, 24008],[21402, 24006],[21336, 23976],[21272, 23984],[21272, 23996],[21176, 24080]]]},"properties":{"objectType":"annotation","classification":{"name":"Tumor","color":[102, 77, 179]}}},{"type":"Feature","id":"f8cdb578-d308-4ef9-9370-980568c5985a","geometry":{"type":"Polygon","coordinates":[[[20920, 24824],[20944, 24872],[20984, 24888],[21000, 24864],[21104, 24856],[21112, 24800],[21088, 24736],[21104, 24704],[21072, 24704],[21072, 24664],[21024, 24625],[21008, 24568],[20953, 24632],[20928, 24616],[20936, 24720],[20952, 24752],[20920, 24824]]]},"properties":{"objectType":"annotation","classification":{"name":"Tumor","color":[102, 77, 179]}}},{"type":"Feature","id":"95a35a1c-0799-4a38-b87c-f3f491082029","geometry":{"type":"Polygon","coordinates":[[[21511, 23216],[21512, 23264],[21537, 23266],[21532, 23319],[21553, 23376],[21544, 23448],[21576, 23473],[21576, 23536],[21640, 23552],[21682, 23531],[21672, 23552],[21752, 23512],[21784, 23472],[21784, 23432],[21763, 23411],[21784, 23400],[21800, 23424],[21824, 23384],[21792, 23384],[21816, 23360],[21816, 23280],[21792, 23296],[21792, 23256],[21768, 23232],[21768, 23200],[21664, 23168],[21568, 23168],[21511, 23216]]]},"properties":{"objectType":"annotation","classification":{"name":"Tumor","color":[102, 77, 179]}}},{"type":"Feature","id":"28e78746-6c45-4c75-9fd4-782b2c352414","geometry":{"type":"Polygon","coordinates":[[[19208, 27176],[19139, 27214],[19150, 27265],[19079, 27305],[19055, 27305],[19019, 27279],[18981, 27279],[18944, 27258],[18784, 27264],[18757, 27296],[18696, 27288],[18672, 27328],[18592, 27336],[18584, 27360],[18552, 27360],[18552, 27392],[18520, 27416],[18520, 27488],[18536, 27520],[18520, 27536],[18568, 27528],[18584, 27552],[18632, 27544],[18640, 27528],[18696, 27520],[18704, 27496],[18808, 27568],[18868, 27563],[18912, 27584],[18944, 27584],[18968.71, 27553.03],[18994, 27564],[19011, 27532],[19046, 27521],[19031, 27561],[19055, 27589],[19099.6, 27547.6],[19107, 27599],[19134, 27615.1],[19091, 27636],[19068, 27616],[19070, 27643],[19050, 27680],[19021, 27698],[18993, 27755],[19003, 27774.8],[18985, 27809],[18989, 27840],[18977, 27899],[19042, 27948],[19110, 27976],[19194, 28040],[19231, 28050],[19281, 28045],[19317, 28024],[19335, 27996],[19335, 27954],[19292, 27904],[19212, 27852.16],[19194, 27796],[19220, 27729],[19278, 27763],[19338, 27815],[19338, 27837],[19369, 27847],[19399, 27834],[19419, 27803],[19419, 27772],[19447, 27772],[19429, 27832],[19450, 27811],[19453, 27761],[19415, 27744],[19411, 27605],[19441, 27604],[19461, 27572],[19390, 27513],[19397, 27478],[19359, 27443],[19365, 27390],[19316, 27396],[19304, 27312],[19277, 27280],[19264, 27224],[19208, 27176]],[[19433, 27757],[19436, 27760],[19424, 27760],[19433, 27757]]]},"properties":{"objectType":"annotation","classification":{"name":"Tumor","color":[102, 77, 179]}}},{"type":"Feature","id":"0614db78-bc2e-4c7a-8f1c-335a2d8e5e5e","geometry":{"type":"Polygon","coordinates":[[[18698, 27827],[18760, 27920],[18819, 27950],[18889, 27949],[18917, 27937],[18946, 27893],[18976, 27917],[18952, 27880],[18945, 27834],[18896, 27754],[18813, 27708],[18756, 27721],[18714, 27753],[18698, 27827]]]},"properties":{"objectType":"annotation","classification":{"name":"Tumor","color":[102, 77, 179]}}},{"type":"Feature","id":"5be91a4f-948d-4774-8e32-3464ab645a90","geometry":{"type":"Polygon","coordinates":[[[15084, 23421],[15084, 23459],[15104, 23512],[15128, 23536],[15128, 23560],[15144, 23568],[15144, 23600],[15192, 23600],[15200, 23624],[15232, 23632],[15240, 23648],[15264, 23640],[15256, 23608],[15312, 23616],[15312, 23600],[15344, 23576],[15344, 23552],[15368, 23552],[15376, 23528],[15376, 23480],[15408, 23480],[15408, 23464],[15384, 23456],[15384, 23416],[15370, 23384],[15392, 23368],[15392, 23328],[15432, 23304],[15424, 23288],[15384, 23320],[15384, 23272],[15400, 23232],[15400, 23192],[15416, 23176],[15416, 23144],[15392, 23152],[15408, 23112],[15408, 23072],[15392, 23064],[15392, 23019],[15424, 23032],[15424, 22968],[15456, 22952],[15472, 22928],[15472, 22904],[15488, 22896],[15488, 22872],[15504, 22872],[15504, 22784],[15544, 22768],[15544, 22752],[15512, 22752],[15513, 22662],[15480, 22585],[15455, 22549],[15422, 22549],[15389, 22516],[15296, 22516],[15274, 22527],[15249, 22563],[15248, 22619.11],[15224, 22687.33],[15208, 22712],[15208, 22760],[15216, 22760],[15216, 22843],[15238, 22887],[15232, 22920],[15271, 22942],[15282, 22976],[15264, 22976],[15272, 23002],[15252, 23022],[15219, 23033],[15200, 23052.14],[15200, 23032],[15176, 23040],[15176, 23066],[15136, 23120],[15128, 23120],[15128, 23168],[15117, 23179],[15117, 23239],[15128, 23250],[15139, 23312],[15120, 23312],[15119, 23354],[15084, 23421]]]},"properties":{"objectType":"annotation","classification":{"name":"Tumor","color":[102, 77, 179]}}},{"type":"Feature","id":"12713b62-bdc8-4136-841d-9db318d19979","geometry":{"type":"Polygon","coordinates":[[[11816, 21744],[11832, 21768],[11832, 21808],[11840, 21808],[11840, 21856],[11888, 21856],[11912, 21936],[11944, 21952],[11952, 21984],[11968, 22008],[12048, 22080],[12048, 22120],[12056, 22128],[12096, 22128],[12120, 22144],[12144, 22184],[12168, 22192],[12160, 22232],[12232, 22232],[12224, 22264],[12240, 22272],[12232, 22320],[12208, 22328],[12200, 22352],[12168, 22368],[12184, 22392],[12176, 22408],[12136, 22440],[12120, 22440],[12112, 22488],[12088, 22496],[12080, 22520],[12104, 22520],[12096, 22568],[12080, 22576],[12080, 22600],[12048, 22640],[12048, 22680],[12064, 22704],[12104, 22736],[12120, 22712],[12160, 22704],[12224, 22640],[12256, 22640],[12272, 22624],[12320, 22624],[12376, 22568],[12392, 22528],[12392, 22504],[12408, 22488],[12416, 22464],[12416, 22432],[12440, 22424],[12448, 22432],[12448, 22400],[12432, 22400],[12464, 22367],[12472, 22408],[12488, 22408],[12496, 22424],[12528, 22424],[12536, 22440],[12552, 22440],[12560, 22456],[12584, 22464],[12592, 22448],[12616, 22440],[12648, 22440],[12648, 22456],[12688, 22456],[12712, 22448],[12728, 22432],[12776, 22432],[12800, 22424],[12816, 22408],[12800, 22376],[12800, 22344],[12824, 22336],[12824, 22312],[12840, 22304],[12840, 22272],[12856, 22256],[12856, 22224],[12888, 22200],[12896, 22168],[12912, 22152],[12944, 22144],[12936, 22096],[12952, 22088],[12952, 22072],[12968, 22064],[12968, 22048],[12992, 22040],[12992, 22024],[13008, 22016],[13016, 21992],[13040, 21992],[13040, 21968],[13024, 21960],[13016, 21912],[12992, 21888],[12952, 21872],[12904, 21888],[12856, 21888],[12856, 21896],[12808, 21896],[12792, 21928],[12768, 21928],[12760, 21952],[12704, 21984],[12704, 22000],[12680, 21984],[12680, 22040],[12672, 22040],[12672, 22080],[12664, 22080],[12664, 22120],[12640, 22128],[12656, 22176],[12680, 22192],[12688, 22232],[12680, 22232],[12680, 22264],[12688, 22288],[12704, 22296],[12704, 22328],[12712, 22344],[12696, 22352],[12696, 22368],[12712, 22376],[12712, 22408],[12696, 22424],[12672, 22424],[12672, 22368],[12656, 22360],[12656, 22328],[12632, 22312],[12632, 22288],[12648, 22272],[12648, 22232],[12632, 22216],[12632, 22184],[12624, 22168],[12600, 22160],[12584, 22144],[12592, 22120],[12584, 22096],[12552, 22088],[12544, 22112],[12497, 22112],[12472, 22099.44],[12480, 22080],[12472, 22040],[12448, 22040],[12456, 22080],[12432, 22080],[12432, 22040],[12416, 22032],[12416, 22056],[12360, 22032],[12343.33, 22032],[12320, 22016],[12360, 22016],[12352, 22000],[12304, 22000],[12296, 21968],[12313, 21968],[12336, 21984],[12368, 21984],[12392, 21968],[12448, 21912],[12464, 21856],[12464, 21680],[12452, 21680],[12448, 21648],[12434, 21648],[12416, 21616],[12392, 21608],[12424, 21608],[12448, 21632],[12488, 21632],[12504, 21656],[12552, 21656],[12576, 21648],[12600, 21616],[12608, 21592],[12608, 21552],[12592, 21536],[12592, 21512],[12568, 21488],[12568, 21472],[12544, 21440],[12528, 21440],[12520, 21424],[12480, 21416],[12464, 21400],[12360, 21400],[12360, 21392],[12280, 21416],[12264, 21456],[12248, 21464],[12248, 21512],[12232, 21528],[12240, 21560],[12240, 21632],[12247, 21644],[12208, 21688],[12208, 21705],[12192, 21736],[12168, 21760],[12174, 21812],[12160, 21824],[12168, 21872],[12206, 21904],[12192, 21904],[12192, 21936],[12232, 21944],[12245.4, 21960],[12215, 21975],[12187, 21963],[12184, 21984],[12156, 21983],[12136, 21972.44],[12128, 21952],[12112, 21950],[12112, 21920],[12088, 21904],[12088, 21872],[12056, 21840],[12032, 21832],[12016, 21792],[11952, 21800],[11960, 21776],[11952, 21744],[11880, 21744],[11856, 21752],[11856, 21736],[11816, 21744]]]},"properties":{"objectType":"annotation","classification":{"name":"Tumor","color":[102, 77, 179]}}},{"type":"Feature","id":"8861ef2e-0713-47b5-b907-534f357425de","geometry":{"type":"Polygon","coordinates":[[[13016, 22712],[13042, 22762],[13024, 22824],[13061, 22862],[13056, 22896],[13104, 22936],[13112, 22992],[13152, 22984],[13184, 23024],[13216, 22989],[13312, 23000],[13304, 22960],[13360, 22928],[13392, 22832],[13400, 22744],[13360, 22702],[13368, 22656],[13336, 22656],[13304, 22600],[13168, 22614],[13168, 22592],[13104, 22640],[13072, 22632],[13064, 22688],[13016, 22712]]]},"properties":{"objectType":"annotation","classification":{"name":"Tumor","color":[102, 77, 179]}}},{"type":"Feature","id":"acbfd5c4-f2ae-4dab-93c9-e0bbe11fc5df","geometry":{"type":"MultiPolygon","coordinates":[[[[9508, 22867],[9508, 22931],[9524, 22947],[9524, 23011],[9508, 23011],[9508, 23035],[9540, 23027],[9540, 23003],[9556, 23027],[9588, 23035],[9612, 23027],[9620, 23043],[9652, 23051],[9652, 23067],[9684, 23059],[9740, 23059],[9740, 23067],[9796, 23067],[9812, 23035],[9849, 23013],[9821, 23057],[9844, 23070],[9855, 23092],[9882, 23111],[9916, 23147],[9940, 23147],[9972, 23115],[10036, 23107],[10036, 23099],[10076, 23099],[10076, 23083],[10108, 23083],[10124, 23043],[10148, 23035],[10156, 23019],[10156, 22979],[10164, 22947],[10180, 22931],[10172, 22907],[10172, 22851],[10188, 22835],[10188, 22771],[10196, 22771],[10196, 22707],[10204, 22707],[10204, 22611],[10172, 22603],[10156, 22571],[9996, 22571],[9980, 22587],[9924, 22595],[9908, 22619],[9884, 22619],[9868, 22675],[9844, 22683],[9836, 22707],[9836, 22787],[9828, 22787],[9858, 22969],[9820, 22827],[9804, 22819],[9780, 22787],[9764, 22779],[9732, 22787],[9668, 22787],[9660, 22811],[9612, 22795],[9572, 22795],[9572, 22803],[9532, 22811],[9540, 22851],[9508, 22867]]],[[[10076, 23427],[10076, 23507],[10092, 23539],[10116, 23555],[10116, 23571],[10156, 23603],[10196, 23619],[10276, 23619],[10300, 23627],[10308, 23611],[10332, 23611],[10372, 23587],[10372, 23571],[10388, 23571],[10388, 23555],[10404, 23555],[10428, 23531],[10428, 23515],[10444, 23499],[10468, 23499],[10484, 23475],[10484, 23451],[10508, 23443],[10516, 23427],[10580, 23427],[10604, 23403],[10652, 23403],[10660, 23395],[10660, 23363],[10668, 23363],[10668, 23323],[10684, 23299],[10676, 23259],[10652, 23259],[10636, 23243],[10636, 23227],[10612, 23211],[10588, 23211],[10580, 23187],[10556, 23187],[10548, 23155],[10532, 23139],[10532, 23107],[10540, 23107],[10548, 23067],[10564.18, 23067],[10580, 23083],[10596, 23083],[10604, 23099],[10636, 23091],[10636, 23063],[10660, 23043],[10660, 22936],[10660, 22891],[10612, 22867],[10612, 22843],[10628, 22843],[10620, 22827],[10604, 22827],[10604, 22843],[10588, 22867],[10564, 22867],[10548, 22891],[10500, 22891],[10500, 22899],[10428, 22899],[10420, 22875],[10404, 22875],[10388, 22859],[10388, 22835],[10372, 22827],[10372, 22811],[10356, 22803],[10348, 22771],[10316, 22747],[10276, 22747],[10252, 22771],[10236, 22771],[10228, 22795],[10212, 22803],[10212, 22859],[10196, 22875],[10196, 22899],[10180, 22899],[10180, 22931],[10212, 22939],[10212, 22971],[10196, 22971],[10196, 23003],[10180, 23003],[10180, 23043],[10204, 23051],[10204, 23035],[10220, 23035],[10212, 23075],[10228, 23083],[10228, 23099],[10212, 23099],[10212, 23139],[10244, 23147],[10244, 23179],[10252, 23203],[10276, 23211],[10276, 23227],[10316, 23251],[10308, 23291],[10316, 23299],[10364, 23299],[10380, 23307],[10372, 23339],[10332, 23339],[10324, 23323],[10300, 23315],[10268, 23315],[10268, 23323],[10220, 23347],[10212, 23331],[10172, 23339],[10148, 23379],[10108, 23387],[10100, 23419],[10076, 23427]]],[[[10372, 21987],[10372, 22019],[10396, 22035],[10396, 22083],[10412, 22091],[10412, 22123],[10404, 22123],[10404, 22155],[10412, 22155],[10412, 22203],[10436, 22195],[10436, 22163],[10428, 22147],[10444, 22139],[10444, 22155],[10460, 22155],[10484, 22187],[10484, 22203],[10500, 22211],[10508, 22243],[10540, 22267],[10540, 22283],[10564, 22307],[10564, 22339],[10588, 22347],[10612, 22404.8],[10612, 22419],[10639, 22450],[10652, 22491],[10676, 22507],[10708, 22556],[10708, 22595],[10732, 22595],[10751, 22612],[10764, 22667],[10748, 22675],[10748, 22699],[10764, 22699],[10763, 22745.83],[10748, 22763],[10738, 22795],[10700, 22803],[10700, 22819],[10716, 22819],[10716, 22877],[10711, 22889],[10660, 22936],[10669, 23035],[10684, 23015],[10701, 23022.2],[10700, 23043],[10756, 23099],[10780, 23107],[10804, 23099],[10817, 23076],[10833, 23102],[10811, 23123],[10796, 23123],[10779.04, 23155],[10748, 23147],[10756, 23187],[10724, 23235],[10724, 23267],[10740, 23283],[10756, 23283],[10764, 23267],[10804, 23275],[10812, 23299],[10836, 23307],[10908, 23307],[10908, 23299],[10940, 23299],[10956, 23267],[11028, 23267],[11036, 23259],[11036, 23211],[11004, 23211],[11004, 23195],[10980, 23179],[10980, 23163],[10956, 23147],[10956, 23131],[10924, 23131],[10918, 23107],[10940, 23107],[10956, 23091],[10956, 23107],[10980, 23107],[10980, 23091],[11004, 23091],[11012, 23115],[11036, 23115],[11036, 23083],[11052, 23075],[11052, 23059],[11092, 23027],[11092, 22979],[11100, 22979],[11100, 22947],[11124, 22939],[11124, 22915],[11108, 22899],[11113, 22868.5],[11148, 22875],[11148, 22835],[11164, 22835],[11164, 22811],[11145, 22811],[11164, 22787],[11164, 22731],[11172, 22731],[11164, 22691],[11204, 22691],[11204, 22667],[11180, 22667],[11180, 22611],[11188, 22611],[11188, 22547],[11196, 22547],[11196, 22499],[11180, 22491],[11180, 22459],[11164, 22451],[11164, 22427],[11140, 22411],[11140, 22355],[11124, 22331],[11097.94, 22331],[11092, 22315],[11068, 22299],[11060, 22259],[11028, 22243],[11028, 22227],[11004, 22195],[10980, 22187],[10964, 22147],[10924, 22139],[10908, 22115],[10876, 22115],[10844, 22075],[10820, 22075],[10820, 22059],[10804, 22043],[10788, 22043],[10772, 22011],[10740, 22011],[10724, 21987],[10708, 21987],[10700, 21955],[10676, 21955],[10676, 21899],[10644, 21891],[10644, 21843],[10620, 21835],[10620, 21795],[10612, 21787],[10564, 21787],[10556, 21763],[10540, 21771],[10508, 21771],[10508, 21779],[10468, 21779],[10468, 21787],[10436, 21787],[10436, 21827],[10420, 21835],[10412, 21883],[10396, 21899],[10404, 21931],[10380, 21947],[10380, 21987],[10372, 21987]]]]},"properties":{"objectType":"annotation","classification":{"name":"Tumor","color":[102, 77, 179]}}},{"type":"Feature","id":"b0eee7e3-5248-4c3f-9a97-75a0665f141b","geometry":{"type":"Polygon","coordinates":[[[11072, 23344],[11112, 23312],[11120, 23360],[11104, 23360],[11072, 23408],[11104, 23424],[11120, 23456],[11136, 23456],[11160, 23488],[11152, 23520],[11184, 23520],[11192, 23536],[11224, 23536],[11232, 23520],[11288, 23536],[11288, 23520],[11344, 23512],[11368, 23536],[11368, 23560],[11392, 23576],[11392, 23600],[11416, 23608],[11448, 23672],[11486, 23701],[11488, 23720],[11512, 23752],[11546, 23776],[11565, 23824],[11552, 23824],[11576, 23856],[11607, 23869],[11640, 23920],[11640, 23936],[11701, 23947],[11704, 24000],[11720, 24016],[11761, 24017],[11808, 24049],[11816, 24080],[11855, 24080],[11895, 24120],[11916.67, 24168],[11958, 24191],[11952, 24232],[11973, 24264],[11973, 24304],[11952, 24312],[11976, 24331],[11984, 24408],[12008, 24448],[12024, 24448],[12040, 24496],[12064, 24528],[12097, 24528],[12112, 24544],[12104, 24568],[12141, 24567],[12168, 24600],[12208, 24608],[12208, 24624],[12248, 24632],[12304, 24632],[12336, 24664],[12384, 24680],[12392, 24696],[12432, 24696],[12440, 24720],[12480, 24720],[12488, 24736],[12536, 24744],[12552, 24776],[12592, 24768],[12600, 24784],[12584, 24800],[12608, 24800],[12616, 24784],[12680, 24792],[12688, 24808],[12720, 24800],[12800, 24800],[12800, 24792],[12904, 24792],[12936, 24816],[12968, 24808],[13016, 24808],[13016, 24800],[13072, 24800],[13088, 24792],[13080, 24760],[13112, 24752],[13120, 24720],[13152, 24712],[13176, 24688],[13160, 24672],[13184, 24640],[13176, 24616],[13152, 24624],[13048, 24624],[13048, 24576],[13056, 24544],[13032, 24544],[13016, 24520],[13024, 24480],[13000, 24472],[12992, 24496],[12960, 24496],[12960, 24472],[12928, 24472],[12888, 24448],[12888, 24408],[12848, 24400],[12840, 24376],[12776, 24376],[12768, 24360],[12744, 24368],[12720, 24360],[12671.2, 24360],[12648, 24296],[12626, 24304],[12611, 24280],[12624, 24264],[12568, 24240],[12560, 24216],[12536, 24208],[12472, 24205],[12440, 24186],[12440, 24160],[12424, 24176],[12406.56, 24168],[12416, 24144],[12392, 24144],[12392, 24064],[12288, 23976],[12288, 23998],[12256, 24000],[12264, 23960],[12248, 23960],[12248, 23995],[12218, 23965],[12216, 23912],[12194, 23897],[12184, 23848],[12160, 23832],[12160, 23800],[12136, 23752],[12117, 23752],[12112, 23728],[12128, 23720],[12128, 23688],[12096, 23672],[12056, 23616],[12056, 23592],[12032, 23576],[12024, 23544],[12000, 23544],[11992, 23512],[11944, 23488],[11912, 23488],[11888, 23456],[11856, 23456],[11840, 23432],[11832, 23392],[11776, 23360],[11776, 23320],[11720, 23320],[11664, 23280],[11592, 23272],[11592, 23240],[11576, 23264],[11552, 23272],[11464, 23272],[11440, 23240],[11432, 23208],[11392, 23208],[11368, 23176],[11392, 23160],[11368, 23144],[11336, 23152],[11320, 23136],[11240, 23136],[11208, 23144],[11192, 23176],[11168, 23176],[11168, 23216],[11136, 23216],[11136, 23248],[11120, 23256],[11128, 23288],[11096, 23288],[11080, 23256],[11072, 23344]]]},"properties":{"objectType":"annotation","classification":{"name":"Tumor","color":[102, 77, 179]}}},{"type":"Feature","id":"2dd79816-7398-4984-b572-acff607248bf","geometry":{"type":"Polygon","coordinates":[[[13528, 26048],[13568, 26112],[13648, 26160],[13728, 26168],[13800, 26128],[13792, 26087],[13848, 26096],[13894, 26008],[13985, 25933],[14128, 25928],[14157, 25761],[14232, 25800],[14208, 25756.25],[14232, 25664],[14150, 25527],[14238, 25438],[14187, 25434],[14130, 25502],[14082, 25502],[13958, 25554],[13919, 25514],[13981, 25393],[13841, 25444],[13850, 25495],[13934, 25574],[13955, 25635],[13826.8, 25738],[13728, 25752],[13600, 25848],[13560, 25896],[13568, 25952],[13536, 25960],[13528, 26048]]]},"properties":{"objectType":"annotation","classification":{"name":"Tumor","color":[102, 77, 179]}}},{"type":"Feature","id":"d742c716-615e-4e89-a044-0f17c1cf4c52","geometry":{"type":"Polygon","coordinates":[[[14748, 21507],[14782, 21637],[14850, 21619],[14912, 21537],[14860, 21483],[14748, 21507]]]},"properties":{"objectType":"annotation","classification":{"name":"Tumor","color":[102, 77, 179]}}},{"type":"Feature","id":"268ae1d3-0111-42dd-9223-0a5734bf0d35","geometry":{"type":"Polygon","coordinates":[[[14539, 21336],[14539, 21374],[14559, 21412],[14583, 21422],[14609, 21422],[14637, 21412],[14664, 21386],[14687, 21394],[14672, 21380],[14663, 21351],[14673, 21340],[14671, 21298],[14655, 21289],[14697, 21248],[14697, 21214],[14665, 21174],[14638, 21196],[14577, 21228],[14565, 21252],[14561, 21297],[14539, 21336]]]},"properties":{"objectType":"annotation","classification":{"name":"Tumor","color":[102, 77, 179]}}},{"type":"Feature","id":"5b90c2a9-817a-4af5-8ea6-14143a0e7787","geometry":{"type":"Polygon","coordinates":[[[30978, 33296],[30983, 33399],[30993, 33372],[30994, 33409],[31025, 33451],[31063, 33488],[31106, 33495],[31130, 33472],[31141, 33439],[31141, 33377],[31151, 33346],[31156, 33272],[31151, 33190],[31141, 33154],[31146, 33070],[31130, 33024],[31130, 32973],[31141, 32951],[31149, 32898],[31136, 32887],[31135, 32834],[31121, 32829],[31114, 32769],[31124, 32733],[31112, 32695],[31096, 32690],[31074, 32744],[31075, 32835],[31057, 32834],[31062, 32877],[31041, 32975],[31041, 33039],[31014, 33081],[30993, 33134],[30993, 33176],[30983, 33196],[30988, 33275],[30978, 33296]]]},"properties":{"objectType":"annotation","classification":{"name":"Ignore*","color":[180, 180, 180]}}},{"type":"Feature","id":"493063ea-455b-491f-90f9-f85bdb9b0cfd","geometry":{"type":"Polygon","coordinates":[[[32080, 32336],[32080, 32344],[32032, 32344],[32032, 32352],[31984, 32360],[31976, 32384],[31952, 32392],[31952, 32408],[31928, 32440],[31912, 32440],[31904, 32464],[31904, 32504],[31920, 32512],[31912, 32544],[31904, 32520],[31856, 32496],[31832, 32456],[31832, 32408],[31808, 32392],[31776, 32392],[31768, 32376],[31712, 32368],[31704, 32400],[31688, 32400],[31696, 32376],[31664, 32376],[31664, 32392],[31640, 32400],[31632, 32424],[31616, 32408],[31592, 32416],[31592, 32440],[31568, 32440],[31552, 32480],[31552, 32528],[31584, 32536],[31592, 32520],[31616, 32520],[31632, 32544],[31632, 32568],[31648, 32576],[31648, 32600],[31616, 32600],[31608, 32624],[31608, 32672],[31584, 32672],[31584, 32688],[31616, 32688],[31632, 32752],[31648, 32752],[31656, 32784],[31688, 32800],[31728, 32848],[31760, 32864],[31760, 32944],[31784, 32928],[31784, 32944],[31808, 32968],[31832, 32968],[31840, 32992],[31816, 33016],[31856, 33032],[31856, 33008],[31888, 33016],[31928, 33016],[31952, 33008],[31960, 32984],[31976, 32976],[31989, 32939],[32021, 32931],[32033, 32938],[32024, 32978],[31995, 33008],[31990, 33063],[31962, 33092],[31906, 33095],[31901.19, 33114],[31877, 33143],[31816, 33120],[31792, 33120],[31784, 33136],[31744, 33136],[31720, 33152],[31720, 33176],[31704, 33184],[31688, 33160],[31640, 33152],[31640, 33184],[31664, 33176],[31696, 33192],[31696, 33224],[31648, 33232],[31664, 33256],[31664, 33296],[31680, 33320],[31704, 33320],[31712, 33296],[31736, 33296],[31776, 33312],[31776, 33328],[31800, 33336],[31856, 33336],[31856, 33309],[31867, 33332],[31879, 33316],[31897, 33343],[31920, 33336],[31912, 33368],[31920, 33376],[31896, 33392],[31904, 33424],[31952, 33456],[31952, 33472],[31976, 33464],[31976, 33448],[32024, 33432],[32048, 33376],[32064, 33376],[32056, 33344],[32037, 33335],[32010, 33293],[32030, 33246],[32021, 33233],[32044, 33202],[32048, 33152],[32098, 33143],[32119, 33156],[32170, 33152],[32201, 33156],[32219, 33143],[32248, 33139],[32327, 33139],[32359, 33147],[32418, 33114],[32461, 33109],[32484, 33083],[32512, 33072],[32552, 33072],[32616, 33096],[32640, 33112],[32624, 33128],[32624, 33184],[32616, 33200],[32656, 33200],[32672, 33224],[32696, 33224],[32680, 33256],[32712, 33248],[32712, 33280],[32736, 33280],[32736, 33304],[32752, 33328],[32808, 33328],[32864, 33280],[32880, 33280],[32872, 33256],[32872, 33192],[32864, 33160],[32840, 33144],[32848, 33120],[32840, 33096],[32808, 33088],[32800, 33064],[32760, 33064],[32752, 33048],[32712, 33056],[32712, 33032],[32696, 33024],[32688, 32992],[32640, 32992],[32624, 32984],[32608, 32952],[32608, 32904],[32584, 32880],[32584, 32832],[32592, 32808],[32568, 32808],[32568, 32768],[32544, 32752],[32536, 32720],[32496, 32720],[32488, 32704],[32464, 32704],[32448, 32688],[32384, 32680],[32368, 32696],[32352, 32688],[32296, 32688],[32288, 32704],[32272, 32696],[32264, 32672],[32240, 32672],[32232, 32696],[32176, 32704],[32168, 32728],[32144, 32728],[32128, 32743],[32101, 32743],[32055, 32769],[32025, 32760],[31952, 32760],[31944, 32792],[31912, 32808],[31912, 32822],[31886.9, 32848],[31880, 32840],[31840, 32840],[31840, 32816],[31864, 32832],[31896, 32808],[31904, 32760],[31928, 32744],[31936, 32720],[31984, 32712],[31976, 32688],[31952, 32688],[31952, 32664],[31928, 32656],[31936, 32641],[32008, 32664],[32048, 32648],[32048, 32672],[32104, 32672],[32120, 32656],[32160, 32648],[32184, 32624],[32216, 32608],[32216, 32576],[32248, 32560],[32232, 32528],[32224, 32448],[32200, 32432],[32200, 32400],[32176, 32384],[32176, 32352],[32136, 32336],[32080, 32336]],[[31872, 33304],[31870, 33306],[31867, 33304],[31872, 33304]],[[31917, 33287],[31918, 33288],[31915, 33288],[31917, 33287]],[[31975, 33081],[31976, 33081.44],[31973, 33084],[31975, 33081]],[[31825, 33138],[31832, 33144],[31816, 33144],[31825, 33138]],[[31978.04, 33079.48],[31977.5, 33080],[31977, 33080],[31978.04, 33079.48]],[[31911, 33286],[31909, 33288],[31910, 33286],[31911, 33286]]]},"properties":{"objectType":"annotation","classification":{"name":"Tumor","color":[102, 77, 179]}}},{"type":"Feature","id":"5bee6603-e742-419a-b6e0-ce3bf0773b1d","geometry":{"type":"Polygon","coordinates":[[[15416, 21240],[15440, 21280],[15440, 21344],[15472, 21368],[15456, 21392],[15456, 21424],[15480, 21408],[15528, 21408],[15528, 21432],[15600, 21440],[15672, 21432],[15704, 21400],[15752, 21400],[15784, 21376],[15784, 21424],[15816, 21456],[15840, 21512],[15872, 21536],[15936, 21528],[15936, 21496],[15960, 21496],[15976, 21464],[16008, 21464],[16008, 21416],[16056, 21408],[16048, 21432],[16080, 21440],[16088, 21472],[16088, 21544],[16120, 21552],[16072, 21576],[16088, 21600],[16064, 21648],[16064, 21688],[16096, 21712],[16096, 21744],[16112, 21744],[16120, 21784],[16144, 21808],[16192, 21808],[16192, 21824],[16280, 21808],[16296, 21792],[16288, 21760],[16328, 21760],[16368, 21712],[16368, 21688],[16400, 21656],[16400, 21696],[16384, 21736],[16384, 21808],[16408, 21832],[16408, 21856],[16432, 21864],[16432, 21904],[16456, 21920],[16456, 21944],[16432, 21960],[16432, 21984],[16448, 22000],[16416, 22032],[16392, 22040],[16392, 22080],[16376, 22088],[16376, 22160],[16392, 22240],[16408, 22264],[16440, 22272],[16528, 22272],[16560, 22240],[16576, 22240],[16608, 22200],[16592, 22184],[16592, 22152],[16616, 22136],[16576, 22136],[16576, 22096],[16560, 22080],[16568, 22032],[16552, 22008],[16576, 21992],[16584, 22008],[16608, 22000],[16592, 21984],[16592, 21952],[16632, 21920],[16640, 21888],[16632, 21840],[16648, 21824],[16648, 21784],[16632, 21752],[16632, 21712],[16616, 21704],[16616, 21656],[16608, 21648],[16552, 21640],[16520, 21616],[16400, 21632],[16384, 21648],[16392, 21616],[16392, 21560],[16376, 21536],[16376, 21480],[16392, 21480],[16392, 21440],[16368, 21440],[16360, 21408],[16312, 21376],[16312, 21360],[16280, 21352],[16264, 21304],[16224, 21304],[16200, 21288],[16200, 21264],[16176, 21264],[16176, 21288],[16152, 21264],[16128, 21264],[16120, 21296],[16072, 21296],[16040, 21368],[16056, 21392],[16000, 21392],[16008, 21352],[15984, 21328],[15952, 21328],[15960, 21264],[15912, 21264],[15896, 21240],[15880, 21248],[15880, 21208],[15896, 21192],[15872, 21184],[15872, 21208],[15848, 21208],[15840, 21184],[15760, 21144],[15752, 21128],[15536, 21128],[15512, 21144],[15472, 21152],[15456, 21208],[15416, 21240]]]},"properties":{"objectType":"annotation","classification":{"name":"Tumor","color":[102, 77, 179]}}},{"type":"Feature","id":"ccd222ea-d7a0-4a5c-88a7-007d7739d0c2","geometry":{"type":"Polygon","coordinates":[[[15280, 22240],[15288, 22272],[15288, 22344],[15304, 22352],[15304, 22384],[15336, 22392],[15344, 22416],[15328, 22440],[15360, 22456],[15352, 22424],[15376, 22424],[15376, 22448],[15400, 22448],[15416, 22480],[15448, 22480],[15448, 22496],[15480, 22520],[15480, 22544],[15520, 22552],[15544, 22544],[15576, 22568],[15600, 22568],[15616, 22584],[15648, 22584],[15664, 22569],[15680, 22600],[15709, 22600],[15728, 22624],[15760, 22624],[15775, 22606],[15808, 22624],[15834, 22603],[15880, 22616],[15901, 22589],[15926, 22600],[15992, 22596],[16016, 22632],[16032, 22608],[16097, 22606],[16141, 22610],[16158, 22621],[16198, 22625],[16232, 22601.33],[16293, 22602],[16344, 22568],[16359.5, 22568],[16376, 22592],[16432, 22592],[16464, 22608],[16528, 22608],[16544, 22624],[16584, 22624],[16608, 22584],[16640, 22600],[16664, 22592],[16664, 22569],[16682, 22568],[16696, 22592],[16736, 22592],[16736, 22608],[16760, 22608],[16792, 22584],[16792, 22560],[16848, 22536],[16888, 22536],[16872, 22512],[16864, 22440],[16888, 22416],[16888, 22384],[16872, 22368],[16872, 22336],[16856, 22336],[16856, 22360],[16832, 22360],[16832, 22312],[16792, 22360],[16771, 22344],[16792, 22344],[16808, 22312],[16776, 22304],[16768, 22288],[16725, 22288],[16712, 22256],[16688, 22256],[16676, 22280],[16608, 22280],[16567, 22313],[16537, 22320],[16512, 22309],[16472, 22313],[16430, 22306],[16408.67, 22311],[16399, 22289],[16374, 22267],[16392, 22254],[16460, 22274],[16450, 22248],[16468, 22220],[16440, 22183],[16443, 22244],[16410, 22246],[16394, 22198],[16380, 22194],[16387, 22237],[16356, 22239],[16363, 22261],[16311, 22240],[16244, 22242],[16217, 22248],[16188, 22215],[16168, 22215],[16171, 22192],[16147, 22192],[16147, 22213],[16128, 22200],[16104, 22208],[16104, 22223],[16072, 22226],[16070, 22215],[15960, 22216],[15960, 22224],[15888, 22224],[15872, 22240],[15848, 22240],[15832, 22258],[15784, 22288],[15760, 22312],[15760, 22296],[15712, 22300],[15664, 22264],[15632, 22256],[15600, 22232],[15568, 22232],[15536, 22216],[15528, 22200],[15464, 22200],[15456, 22184],[15432, 22192],[15368, 22192],[15368, 22208],[15344, 22224],[15296, 22224],[15280, 22240]]]},"properties":{"objectType":"annotation","classification":{"name":"Tumor","color":[102, 77, 179]}}},{"type":"Feature","id":"29a476d0-be86-4469-8ddb-5ee02244b434","geometry":{"type":"Polygon","coordinates":[[[16024, 22720],[16000, 22728],[15888, 22728],[15784, 22776],[15784, 22856],[15816, 22864],[15832, 22896],[15872, 22904],[15872, 22944],[15952, 22992],[15968, 23016],[15976, 22992],[16040, 23000],[16072, 23016],[16072, 23048],[16128, 23064],[16152, 23104],[16144, 23128],[16176, 23120],[16200, 23136],[16208, 23168],[16272, 23208],[16272, 23224],[16400, 23224],[16448, 23184],[16448, 23152],[16472, 23128],[16472, 23104],[16504, 23080],[16504, 23008],[16520, 23000],[16496, 22928],[16464, 22904],[16424, 22896],[16408, 22872],[16360, 22872],[16344, 22856],[16312, 22872],[16224, 22856],[16184, 22816],[16192, 22792],[16160, 22792],[16096, 22744],[16040, 22744],[16024, 22720]],[[16240, 22888],[16240, 22889.45],[16237.33, 22888],[16240, 22888]]]},"properties":{"objectType":"annotation","classification":{"name":"Tumor","color":[102, 77, 179]}}},{"type":"Feature","id":"60887e48-bbd6-4b11-838b-bb24f89ee366","geometry":{"type":"Polygon","coordinates":[[[18224, 22632],[18224, 22688],[18280, 22696],[18296, 22640],[18376, 22640],[18408, 22616],[18464, 22632],[18488, 22608],[18488, 22568],[18520, 22552],[18528, 22488],[18544, 22480],[18552, 22392],[18520, 22360],[18504, 22312],[18432, 22304],[18400, 22325.78],[18400, 22288],[18384, 22336],[18344, 22336],[18312, 22352],[18312, 22400],[18288, 22408],[18304, 22448],[18304, 22600],[18280, 22584],[18224, 22632]]]},"properties":{"objectType":"annotation","classification":{"name":"Tumor","color":[102, 77, 179]}}},{"type":"Feature","id":"58ba74f6-965e-44fa-bfbf-75347673d0f2","geometry":{"type":"Polygon","coordinates":[[[22240, 30456],[22248, 30482],[22248, 30552],[22264, 30560],[22264, 30592],[22284, 30600],[22289, 30637],[22316, 30666],[22315, 30703],[22349, 30724],[22335, 30701],[22369, 30715],[22377, 30695],[22397, 30748],[22366, 30797],[22377, 30857],[22418, 30841],[22415, 30865],[22442.5, 30872],[22472, 30920],[22528, 30968],[22568, 31016],[22568, 31032],[22640, 31040],[22640, 31032],[22704, 31032],[22776, 30985],[22726, 31025],[22736, 31056],[22784, 31064],[22808, 31032],[22808, 31000],[22776, 30984],[22792, 30960],[22872, 30945],[22840, 30984],[22832, 31008],[22848, 31040],[22832, 31040],[22824, 31104],[22900, 31096],[22928, 31112],[22968, 31120],[22984, 31098],[23008, 31036],[23000, 30984],[23016, 30976],[23016, 30952],[23000, 30968],[22976, 30961],[22960, 30936],[22896, 30936],[22872, 30944],[22864, 30928],[22864, 30840],[22880, 30832],[22880, 30720],[22888, 30720],[22864, 30648],[22816, 30592],[22784, 30584],[22776, 30568],[22704, 30544],[22648, 30544],[22592, 30528],[22544, 30544],[22528, 30528],[22528, 30568],[22496, 30558],[22488, 30496],[22472, 30488],[22472, 30448],[22448, 30440],[22424, 30408],[22320, 30408],[22320, 30417],[22264, 30416],[22248, 30424],[22240, 30456]]]},"properties":{"objectType":"annotation","classification":{"name":"Tumor","color":[102, 77, 179]}}},{"type":"Feature","id":"9e46f524-7232-49c0-b8f5-eca0b1b60b15","geometry":{"type":"Polygon","coordinates":[[[27166, 28731],[27192, 28752],[27256, 28865],[27365, 28932],[27547, 28918],[27555, 29055],[27584, 29106],[27604, 29251],[27662, 29306],[27784, 29296],[27851, 29203],[27908, 29188],[27865, 29172],[27851, 29095],[27848, 28960],[27822, 28925],[27832, 28872],[27774, 28795],[27668, 28728],[27552, 28621],[27418, 28547],[27266, 28590],[27174, 28658],[27166, 28731]]]},"properties":{"objectType":"annotation","classification":{"name":"Tumor","color":[102, 77, 179]}}},{"type":"Feature","id":"6fe87efa-c9c0-4c97-9e0e-055cf2bd5222","geometry":{"type":"Polygon","coordinates":[[[26424, 28400],[26424, 28480],[26440, 28488],[26432, 28536],[26464, 28552],[26472, 28568],[26504, 28576],[26512, 28592],[26544, 28608],[26576, 28608],[26584, 28624],[26646.33, 28616],[26664, 28632],[26712, 28632],[26776, 28608],[26800, 28592],[26811, 28568],[26839, 28546],[26864, 28568],[26917, 28545],[26939, 28558],[26976.67, 28559],[27005, 28576],[27056, 28584],[27112, 28584],[27184, 28568],[27209, 28554],[27240, 28552],[27316.86, 28480],[27336, 28488],[27324, 28468],[27328, 28408],[27320, 28376],[27270, 28326],[27144, 28322],[27095, 28333],[27048, 28336],[27000, 28366],[26942, 28357],[26897, 28357],[26862, 28372],[26822, 28374],[26783, 28357],[26756, 28375],[26752, 28320],[26712, 28315],[26703, 28324],[26656, 28304],[26616, 28304],[26584, 28320],[26568, 28352],[26584, 28352],[26621, 28386],[26608, 28411],[26568, 28399],[26520, 28396.5],[26496, 28384],[26488, 28400],[26424, 28400]]]},"properties":{"objectType":"annotation","classification":{"name":"Tumor","color":[102, 77, 179]}}},{"type":"Feature","id":"28001077-b274-4226-b5a5-30e2629b8139","geometry":{"type":"Polygon","coordinates":[[[28624, 29530],[28590, 29564],[28590, 29573],[28532, 29578],[28501.33, 29592],[28460, 29588],[28447, 29607],[28414, 29607],[28400, 29616],[28400, 29641],[28366, 29679],[28362, 29722],[28352, 29741],[28352, 29781],[28371, 29814],[28375, 29862],[28371, 29888],[28387, 29920],[28357, 29920],[28343, 29944],[28343, 29964],[28322, 29985],[28314, 30095],[28338, 30143],[28354.05, 30158.21],[28368, 30221],[28390, 30260],[28458, 30321],[28506, 30321],[28512.39, 30312.01],[28538, 30342.46],[28533, 30370],[28555, 30424],[28612.5, 30434],[28591, 30440],[28612, 30446],[28651, 30484],[28650, 30505],[28670, 30524],[28668, 30545],[28681, 30553],[28681, 30582.33],[28670, 30581],[28662, 30635],[28704, 30684],[28708, 30698],[28752, 30708],[28810, 30706],[28839, 30690],[28860, 30688],[28866, 30657],[28890, 30657],[28914, 30633],[28914, 30614],[28930, 30601],[28930, 30577.33],[28946, 30569],[28962, 30537],[28946, 30465],[28954, 30442],[28977, 30420],[28994, 30417],[29034, 30353],[29034, 30289],[29042, 30265],[29006, 30201],[29010, 30193],[28971, 30161],[28917, 30134],[28895, 30129],[28879, 30113],[28846, 30107],[28723, 30123],[28685, 30112],[28666, 30092.25],[28665, 30056],[28678, 30048],[28728.78, 30049],[28770, 30079],[28802, 30082],[28864, 30049],[28933, 30036],[28942.16, 30029.77],[29034, 30058],[29106, 30065],[29152.67, 30049],[29178, 30049],[29210, 30033],[29258, 29997],[29276, 29971],[29290, 29921],[29298, 29921],[29302, 29852],[29288, 29819],[29250, 29785],[29250, 29769],[29282, 29777],[29282, 29753],[29250, 29753],[29250, 29737],[29218, 29689],[29202, 29689],[29186, 29673],[29186, 29657],[29162, 29649],[29122, 29649],[29106, 29665],[29090, 29657],[29050, 29665],[29058, 29713],[29050, 29729],[29026, 29729],[29018, 29753],[29002, 29764.14],[29002, 29745],[28978, 29745],[28970, 29721],[28938, 29713],[28962, 29673],[28962, 29625],[28952, 29633],[28926, 29600],[28899, 29589],[28855.6, 29593.13],[28826, 29574],[28770, 29576.8],[28770, 29569],[28710, 29562],[28687, 29572],[28669, 29564],[28650, 29535],[28624, 29530]],[[28786, 30700],[28790, 30697],[28787.88, 30700],[28786, 30700]],[[28613.75, 30434.83],[28630.31, 30443.39],[28622, 30444],[28613.75, 30434.83]],[[28648, 30448.75],[28648, 30462],[28637, 30453],[28648, 30448.75]],[[28745, 30698],[28745.5, 30699],[28742.5, 30699],[28745, 30698]],[[28786, 30700],[28782, 30702],[28783, 30700],[28786, 30700]],[[28544, 30377],[28544, 30378],[28543, 30377],[28544, 30377]],[[28754, 30700],[28754, 30701],[28748, 30700],[28754, 30700]],[[28782, 30702],[28781.5, 30703],[28778, 30702],[28782, 30702]],[[28809, 30697],[28809.5, 30698],[28809, 30698],[28809, 30697]]]},"properties":{"objectType":"annotation","classification":{"name":"Tumor","color":[102, 77, 179]}}},{"type":"Feature","id":"1c088e74-45b9-4dad-9c3c-118a345255ac","geometry":{"type":"Polygon","coordinates":[[[32840, 30608],[32752, 30616],[32728, 30640],[32680, 30664],[32656, 30712],[32616, 30736],[32616, 30752],[32584, 30752],[32600, 30768],[32600, 30824],[32632, 30824],[32656, 30864],[32701, 30891],[32768, 30888],[32704, 30944],[32704, 31024],[32736, 31032],[32744, 31016],[32776, 31032],[32808, 31032],[32840, 31016],[32864, 30984],[32872, 30945],[32896, 30946.5],[32904, 31048],[32960, 31080],[33032, 31072],[33056, 31040],[33088, 31040],[33112, 31024],[33176, 30960],[33176, 30936],[33232, 30880],[33240, 30824],[33264, 30816],[33264, 30736],[33248, 30680],[33224, 30664],[33224, 30640],[33184, 30640],[33176, 30616],[33152, 30632],[33120, 30632],[33096, 30648],[33072, 30688],[33048, 30688],[33056, 30640],[33024, 30656],[32984, 30648],[32984, 30672],[33016, 30672],[33032, 30704],[32992, 30704],[32960, 30686],[32960, 30656],[32928, 30640],[32880, 30632],[32840, 30608]],[[32856, 30846],[32825, 30886],[32800, 30853],[32856, 30846]],[[32742, 30913],[32746, 30914],[32744, 30924],[32742, 30913]]]},"properties":{"objectType":"annotation","classification":{"name":"Tumor","color":[102, 77, 179]}}},{"type":"Feature","id":"c84da3ca-c045-48af-a26c-e290591e08ba","geometry":{"type":"Polygon","coordinates":[[[33392, 30776],[33312, 30784],[33288, 30847],[33183, 30914],[33169, 30953],[33064, 31046],[33113, 31042],[33110, 31084],[33160, 31138],[33229, 31192],[33243, 31228],[33265, 31232],[33269, 31288.25],[33246, 31303],[33285, 31399],[33424, 31552],[33508, 31581],[33547, 31610],[33616, 31623],[33616, 31656],[33692, 31632],[33712, 31640],[33712, 31583],[33752, 31560],[33752, 31488],[33726, 31478],[33744, 31459],[33759, 31492],[33779, 31451],[33782, 31352],[33757, 31344],[33769, 31304],[33740, 31248],[33768, 31232],[33752, 31168],[33735, 31150],[33716, 31089],[33720, 31056],[33688, 31016],[33646, 31030],[33617, 31004],[33608, 30944],[33573, 30875],[33536, 30852],[33529, 30817],[33449, 30803],[33392, 30776]],[[33704, 31056],[33704, 31058],[33702, 31056],[33704, 31056]]]},"properties":{"objectType":"annotation","classification":{"name":"Tumor","color":[102, 77, 179]}}},{"type":"Feature","id":"91e87490-2523-47d8-854e-f1f2f6ba4eeb","geometry":{"type":"Polygon","coordinates":[[[30552, 28360],[30592, 28480],[30664, 28512],[30765, 28513],[30762, 28536],[30888, 28552],[30913, 28480],[30996, 28493],[31004, 28416],[30928, 28293],[30841, 28318],[30704, 28248],[30704, 28278],[30640, 28280],[30552, 28360]]]},"properties":{"objectType":"annotation","classification":{"name":"Tumor","color":[102, 77, 179]}}},{"type":"Feature","id":"7d93df34-37ee-4e70-a1d0-2e22009e2904","geometry":{"type":"MultiPolygon","coordinates":[[[[29656, 28216],[29645, 28232],[29632, 28224],[29616, 28240],[29640, 28240],[29632, 28256],[29576, 28272],[29576, 28292],[29552, 28312],[29544, 28352],[29520, 28360],[29515, 28421],[29505, 28439],[29486, 28439],[29478, 28462.44],[29456, 28480],[29438, 28476],[29443, 28513],[29431, 28541],[29408, 28560],[29387, 28625],[29363, 28645],[29363, 28667],[29383, 28679],[29379, 28752],[29370, 28798],[29395, 28807],[29391, 28835],[29420, 28848],[29443, 28871],[29432, 28888],[29470.51, 28930.49],[29456, 28928],[29463, 28948.5],[29451, 28975],[29478.57, 28994.57],[29492, 29020],[29486, 28992],[29503, 28992],[29509, 29006],[29510, 29047],[29528, 29050],[29538, 29082],[29563, 29082.25],[29561, 29114],[29584, 29121],[29629, 29158],[29672, 29152],[29672, 29160],[29720, 29160],[29757, 29151],[29760, 29169],[29780, 29161],[29782, 29144],[29810, 29112],[29824, 29112],[29848, 29088],[29848, 29056],[29832, 29048],[29832, 29008],[29795, 28974],[29779, 28975],[29773, 28960],[29747, 28967],[29735, 28947],[29752, 28936],[29742, 28923],[29720, 28928],[29738, 28914],[29776, 28920],[29824, 28920],[29824, 28914],[29880, 28912],[29888, 28896],[29904, 28896],[29912, 28880],[29928, 28880],[29960, 28840],[29960, 28808],[29976, 28792],[29976, 28752],[30000, 28720],[30000, 28664],[29992, 28664],[29992, 28608],[29984, 28592],[29960, 28576],[29952, 28552],[29932, 28547],[29892, 28516],[29826, 28521],[29816, 28512],[29784, 28528],[29766, 28560],[29756, 28550],[29760, 28520],[29736, 28465],[29784, 28456],[29815, 28437],[29816, 28416],[29832, 28416],[29832, 28400],[29848, 28392],[29848, 28312],[29832, 28304],[29832, 28288],[29816, 28280],[29816, 28256],[29792, 28248],[29776, 28232],[29747, 28232],[29712, 28216],[29656, 28216]],[[29447, 28879],[29447, 28888],[29445, 28885],[29447, 28879]],[[29757.5, 29145],[29757, 29146],[29756, 29146],[29757.5, 29145]],[[29824, 29006],[29826, 29008],[29824, 29008],[29824, 29006]],[[29816, 28999],[29817.5, 29000],[29815, 29000],[29816, 28999]],[[29803, 28990],[29804, 28992],[29802, 28992],[29803, 28990]],[[29762, 29152],[29760, 29154],[29761.5, 29152],[29762, 29152]]],[[[29506, 29037],[29507, 29038],[29507.33, 29038],[29506, 29037]]]]},"properties":{"objectType":"annotation","classification":{"name":"Tumor","color":[102, 77, 179]}}},{"type":"Feature","id":"7902d6e9-ea9a-4c20-8182-754ca0e50027","geometry":{"type":"Polygon","coordinates":[[[18707, 30477],[18720, 30527],[18779, 30516],[18780, 30443],[18726, 30443],[18707, 30477]]]},"properties":{"objectType":"annotation","classification":{"name":"Ignore*","color":[180, 180, 180]}}},{"type":"Feature","id":"53056079-b114-4377-8f46-6b63937101f5","geometry":{"type":"Polygon","coordinates":[[[20374, 29664],[20416, 29720],[20504, 29744],[20568, 29704],[20568, 29600],[20496, 29544],[20398, 29562],[20374, 29664]]]},"properties":{"objectType":"annotation","classification":{"name":"Tumor","color":[102, 77, 179]}}},{"type":"Feature","id":"8ea8573d-4701-4809-bf76-1a428366bdc9","geometry":{"type":"Polygon","coordinates":[[[25168, 27088],[25144, 27096],[25032, 27104],[24992, 27144],[24984, 27184],[24952, 27200],[24936, 27232],[24936, 27272],[24872, 27384],[24840, 27392],[24864, 27416],[24832, 27504],[24760, 27504],[24712, 27520],[24688, 27488],[24606, 27509],[24585, 27539],[24562, 27540],[24578, 27514],[24499, 27513],[24449, 27535],[24441, 27552],[24384, 27584],[24368, 27704],[24408, 27720],[24432, 27752],[24427, 27788],[24461.5, 27784],[24488, 27872],[24520, 27872],[24638.5, 27832],[24672, 27856],[24760, 27864],[24776, 27840],[24832, 27840],[24912, 27816],[24952, 27768],[24952, 27739],[24994, 27750],[25047, 27677],[25045, 27667],[25094, 27612],[25120, 27536],[25136, 27520],[25136, 27480],[25176, 27456],[25208, 27456],[25184, 27416],[25216, 27384],[25216, 27336],[25232, 27320],[25240, 27200],[25208, 27128],[25186.33, 27136],[25168, 27088]],[[24512, 27832],[24536, 27852],[24512, 27852],[24512, 27832]]]},"properties":{"objectType":"annotation","classification":{"name":"Tumor","color":[102, 77, 179]}}},{"type":"Feature","id":"d72240f6-ec1f-4d27-912d-8ed075a14c92","geometry":{"type":"Polygon","coordinates":[[[19344, 24000],[19272, 24072],[19264, 24112],[19248, 24120],[19240, 24192],[19248, 24208],[19232, 24224],[19256, 24224],[19256, 24312],[19296, 24328],[19336, 24328],[19360, 24368],[19328, 24384],[19324, 24490],[19374, 24570],[19374, 24583],[19430, 24670],[19436, 24742.17],[19430, 24799],[19382, 24829],[19338, 24847],[19303, 24841],[19220, 24841],[19213, 24847],[19153, 24835],[19136, 24824],[19063, 24866],[19050.5, 24879],[18990, 24902],[18957, 24904],[18931, 24927],[18898, 24920],[18832.43, 24927],[18780, 24920],[18748, 24908],[18698, 24864],[18680, 24858],[18630, 24808],[18592, 24795],[18488, 24744],[18416, 24744],[18367, 24736],[18344, 24717],[18316.17, 24717],[18248, 24699],[18192, 24648],[18173, 24648],[18110, 24606],[18108, 24593],[18067, 24593],[18048, 24580],[18019, 24592],[17994, 24586],[17992, 24560],[17959, 24568],[17936, 24560],[17935, 24586],[17853, 24561],[17848, 24536],[17832, 24544],[17712, 24544],[17687, 24552],[17600, 24552],[17560, 24576],[17558, 24610],[17537.5, 24624],[17472, 24624],[17472, 24592],[17448, 24584],[17448, 24536],[17464, 24520],[17464, 24480],[17432, 24496],[17416, 24464],[17376, 24456],[17328, 24416],[17304, 24416],[17288, 24384],[17264, 24368],[17232, 24368],[17208, 24336],[17168, 24352],[17112, 24352],[17072, 24296],[17042, 24296],[17027, 24282],[16951, 24282],[16936, 24288],[16928, 24256],[16896, 24232],[16824, 24232],[16760, 24224],[16768, 24200],[16728, 24200],[16752, 24216],[16744, 24248],[16704, 24280],[16696, 24320],[16664, 24336],[16680, 24400],[16704, 24400],[16736, 24440],[16752, 24440],[16792, 24480],[16920, 24496],[16936, 24536],[16904, 24536],[16896, 24512],[16880, 24528],[16848, 24528],[16832, 24600],[16848, 24608],[16824, 24624],[16832, 24648],[16960, 24664],[16976, 24712],[17000, 24728],[17000, 24752],[17032, 24768],[17064, 24816],[17120, 24816],[17144, 24840],[17168, 24824],[17208, 24816],[17216, 24800],[17320, 24800],[17344, 24808],[17432, 24808],[17477, 24837],[17477, 24877],[17504.45, 24892.45],[17496, 24909],[17653, 25067],[17704, 25086],[17722, 25104],[17791, 25136],[17823, 25143],[17868, 25168],[17916, 25180],[17955, 25180],[17991, 25205],[18094, 25232],[18160, 25255],[18260, 25249],[18296, 25272],[18360, 25264],[18419.83, 25264],[18464, 25296],[18532, 25320],[18560, 25336],[18640, 25336],[18736, 25328],[18712, 25312],[18748.83, 25293],[18752, 25312],[18776, 25312],[18818, 25268],[18853, 25268],[18877, 25280],[18920, 25280],[18936, 25263],[19000, 25248],[19008, 25231.5],[19055, 25205],[19104, 25210],[19096, 25240],[19128, 25224],[19120, 25204],[19141, 25198],[19206, 25160],[19239, 25160],[19270, 25173],[19302, 25173],[19378, 25129],[19416, 25116],[19472, 25112],[19516, 25060],[19563, 25054],[19675, 25097],[19728, 25156],[19774, 25190],[19782, 25210],[19799, 25203],[19800, 25240],[19816, 25272],[19846.33, 25272],[19872, 25344],[19912, 25336],[19912, 25288],[19931.67, 25288],[19944, 25368],[19936, 25384],[19960, 25387],[19984, 25408],[20032, 25408],[20054, 25395],[20127.67, 25443],[20149, 25480],[20176, 25488],[20179, 25506],[20204.67, 25517],[20245, 25566],[20267, 25573],[20308, 25608],[20312, 25634],[20345, 25648],[20342, 25676],[20354, 25709],[20384, 25712],[20411, 25690],[20428, 25758],[20448, 25776],[20512, 25792],[20513, 25776.33],[20546, 25759],[20546, 25791],[20525, 25805],[20522, 25850],[20539, 25884.33],[20528, 25904],[20543, 25956],[20531, 25981],[20552, 26022],[20552, 26050],[20579, 26070],[20576, 26098],[20594, 26149],[20618, 26178],[20621, 26215],[20648, 26251],[20675, 26271],[20678, 26302],[20696, 26330],[20735, 26345],[20741, 26382],[20798, 26433],[20854, 26515],[20897, 26540],[20928, 26546],[20942, 26589],[20966, 26631],[20991, 26634],[21032, 26686.33],[21029, 26715],[21043, 26718],[21043, 26750],[21063, 26788],[21104, 26797],[21098, 26826],[21159, 26865],[21162, 26924],[21189, 26937],[21198, 26916],[21249, 26954],[21244, 26974],[21276, 26993],[21353.67, 27019],[21455, 27083],[21503, 27101],[21552, 27107],[21600, 27152],[21642, 27161],[21696, 27192],[21758, 27193],[21808, 27224],[21840, 27224],[21848, 27240],[21879, 27240],[21923, 27257],[21968, 27253],[21976, 27264],[22012, 27259],[22083, 27295],[22151, 27296],[22200, 27312],[22246, 27301],[22256, 27328],[22288, 27328],[22296, 27301],[22348, 27277],[22378, 27300],[22436, 27307],[22472, 27296],[22480, 27256],[22473, 27207],[22455, 27152],[22424, 27120],[22401, 27120],[22413, 27098],[22360, 27048],[22292, 27008],[22271, 26982],[22160, 26952],[22132, 26938],[22132, 26910],[22107, 26866],[22072, 26848],[21998, 26848],[21925, 26835],[21906, 26822],[21900, 26761],[21812, 26680],[21816, 26664],[21792, 26648],[21768, 26648],[21743, 26628],[21700, 26616],[21663, 26579],[21616, 26558],[21616, 26544],[21559, 26535],[21523, 26495],[21449, 26487],[21410, 26460],[21419.35, 26439.65],[21439, 26445],[21433, 26414],[21452, 26372],[21452, 26350],[21434, 26338],[21417, 26253],[21393, 26224],[21393, 26208],[21315, 26052],[21282, 26001],[21258, 25984],[21249, 25947],[21209, 25931],[21185, 25889],[21159.67, 25881],[21112, 25846],[21106, 25827],[21084, 25830],[21058, 25791],[21031, 25780],[21025, 25755],[20994, 25758],[20975, 25738.67],[20999, 25723],[21008, 25696],[21000, 25672],[20961, 25699],[20936, 25696],[20928, 25672],[20928, 25624],[20896, 25592],[20904, 25544],[20848, 25536],[20840, 25520],[20864, 25520],[20832, 25472],[20880, 25480],[20880, 25512],[20904, 25512],[20904, 25488],[20888, 25480],[20872, 25440],[20800, 25440],[20800, 25432],[20736, 25432],[20696, 25416],[20696, 25368],[20704, 25344],[20664, 25352],[20680, 25328],[20728, 25336],[20728, 25304],[20744, 25304],[20744, 25240],[20736, 25240],[20728, 25192],[20704, 25184],[20704, 25144],[20664, 25128],[20656, 25104],[20632, 25088],[20640, 25120],[20616, 25120],[20616, 25088],[20584, 25072],[20544, 25072],[20536, 25096],[20560, 25112],[20560, 25168],[20528, 25152],[20536, 25104],[20520, 25088],[20488, 25088],[20480, 25064],[20456, 25048],[20416, 25072],[20416, 25088],[20392, 25080],[20392, 25056],[20320, 25064],[20320, 25040],[20304, 25032],[20304, 25008],[20288, 24992],[20264, 24992],[20232, 24960],[20240, 24920],[20216, 24912],[20192, 24872],[20192, 24848],[20168, 24824],[20168, 24840],[20120, 24840],[20112, 24816],[20080, 24808],[20080, 24784],[19984, 24728],[19984, 24688],[19968, 24688],[19968, 24656],[19944, 24608],[19920, 24592],[19912, 24568],[19888, 24568],[19880, 24552],[19848, 24552],[19832, 24536],[19800, 24536],[19752, 24560],[19744, 24582],[19728, 24560],[19728, 24528],[19744, 24520],[19744, 24464],[19728, 24456],[19728, 24432],[19704, 24416],[19672, 24416],[19656, 24384],[19616, 24384],[19600, 24360],[19608, 24304],[19592, 24296],[19592, 24272],[19568, 24256],[19552, 24208],[19512, 24216],[19512, 24192],[19496, 24184],[19448, 24192],[19432, 24168],[19432, 24136],[19416, 24128],[19424, 24088],[19408, 24072],[19400, 24032],[19352, 24024],[19344, 24000]],[[21080, 26775],[21080, 26776],[21079, 26776],[21080, 26775]],[[17840, 24552],[17840, 24554],[17816, 24554],[17840, 24552]],[[21343, 26157],[21344.33, 26159],[21339.67, 26159],[21343, 26157]],[[21290, 26151],[21312, 26156],[21280, 26195],[21249.4, 26198.4],[21279, 26181],[21290, 26151]],[[21388, 26247],[21392, 26256],[21386, 26251],[21388, 26247]],[[21808, 26672],[21808, 26676],[21804, 26672],[21808, 26672]]]},"properties":{"objectType":"annotation","classification":{"name":"Tumor","color":[102, 77, 179]}}},{"type":"Feature","id":"296f313a-13ea-4ac6-bf99-7cebbacf8459","geometry":{"type":"Polygon","coordinates":[[[21912, 24568],[21888, 24616],[21824, 24600],[21784, 24664],[21752, 24664],[21752, 24736],[21808, 24768],[21856, 24768],[21916, 24810],[21916, 24867],[21953, 24920],[21954, 25015.8],[21936, 25027],[22004, 25074],[22011, 25130],[22067, 25181],[22168, 25307],[22249, 25425.42],[22316, 25554],[22424, 25658],[22440, 25704],[22505, 25774],[22510, 25851],[22541, 25888],[22540, 26008],[22582, 26079],[22672, 26373],[22719, 26414],[22767, 26504],[22768, 26568],[22816, 26613],[22873, 26706],[22911, 26810],[22946, 26860],[23031, 26888],[23112, 26968],[23262, 27002],[23344, 26952],[23384, 26784],[23353, 26535],[23321, 26474],[23320, 26423],[23284, 26371],[23257, 26259],[23218, 26238],[23189, 26149],[23152, 26120],[23104, 25888],[23096, 25808],[23071, 25822],[23032, 25784],[23032, 25672],[22952, 25595],[22952, 25528],[22910, 25471],[22888, 25405],[22888, 25312],[22844, 25274],[22824, 25200],[22714, 25000],[22631, 24885],[22616, 24840],[22524, 24767],[22524, 24747],[22442, 24721],[22352, 24657],[22300, 24657],[22244, 24719],[22208, 24699],[22174, 24628],[22056, 24624],[22000, 24648],[21912, 24568]],[[23080, 25824],[23080, 25830],[23074, 25824],[23080, 25824]]]},"properties":{"objectType":"annotation","classification":{"name":"Tumor","color":[102, 77, 179]}}},{"type":"Feature","id":"9aafe5da-4dbb-4920-ac69-3cb7b29c8c7f","geometry":{"type":"Polygon","coordinates":[[[22667, 24260],[22712, 24368],[22770, 24379],[22844, 24315],[22832, 24251],[22928, 24344],[23067, 24431],[22958, 24371],[22882, 24373],[22806, 24404],[22775, 24470],[22784, 24528],[22894, 24568],[22993, 24565],[23171, 24671],[23176, 24720],[23221, 24727],[23262, 24780],[23309, 24805],[23377, 24866],[23494, 24928],[23584, 24957],[23640, 25040],[23744, 25120],[23832, 25176],[23901.83, 25179],[24018.78, 25270],[24184, 25386],[24272, 25492],[24336, 25536],[24384, 25548.17],[24416, 25584],[24456, 25584],[24480, 25632],[24552, 25648],[24592, 25640],[24608, 25672],[24648, 25664],[24640, 25528],[24576, 25472],[24544, 25376],[24544, 25328],[24488, 25288],[24408, 25263],[24360, 25203],[24360, 25144],[24303, 25120],[24240, 25033],[24153, 24964.45],[24069, 24786],[24042, 24766],[23970, 24644],[23917, 24632],[23836.85, 24560],[23774, 24520],[23697, 24503],[23529, 24544],[23465, 24538],[23327, 24482],[23311, 24449],[23347, 24439],[23446, 24490],[23576, 24496],[23636, 24472],[23679, 24429],[23679, 24383],[23648, 24346],[23581, 24309],[23428, 24277],[23352, 24289],[23263, 24349],[23133, 24307],[23105, 24170],[23064, 24136],[22854, 24133],[22783, 24175],[22712, 24192],[22667, 24260]]]},"properties":{"objectType":"annotation","classification":{"name":"Tumor","color":[102, 77, 179]}}},{"type":"Feature","id":"4c109e73-288b-4735-a709-b69c723f0550","geometry":{"type":"Polygon","coordinates":[[[24952, 24936],[24912, 24960],[24856, 24960],[24824, 24984],[24824, 25064],[24856, 25072],[24846, 25126],[24890, 25220],[25022, 25353],[25005, 25374],[24942, 25362],[24893, 25380],[24816, 25376],[24776, 25440],[24736, 25440],[24712, 25472],[24752, 25456],[24768, 25504],[24728, 25512],[24760, 25560],[24784, 25624],[24784, 25664],[24824, 25664],[24840, 25720],[24896, 25728],[24920, 25752],[24952, 25728],[24968, 25760],[25027, 25737],[25192, 25744],[25238, 25719],[25311, 25702],[25308, 25680],[25393, 25699],[25448, 25754],[25464, 25792],[25548, 25861],[25634, 25902],[25696, 25964],[25783, 26001],[25889, 26094],[25912, 26128],[25963.6, 26072],[26011, 26081],[26000, 26168],[26040, 26184],[26112, 26181],[26112, 26200],[26184, 26184],[26234, 26152],[26256, 26160],[26232, 26056],[26199, 26020],[26163, 25946],[26168, 25848],[26128, 25824],[26112, 25792],[26071, 25781],[26041.18, 25726],[25980, 25670],[25910, 25638],[25887, 25596],[25805, 25520],[25735, 25507],[25643, 25414.5],[25624, 25371],[25497, 25213],[25415.36, 25168.36],[25346, 25094],[25150.08, 25016],[25096, 24976],[25048, 24976],[25040, 24952],[24984, 24952],[24952, 24936]],[[25208, 25064],[25223, 25072],[25208, 25072],[25208, 25064]],[[25155, 25030],[25157, 25032],[25152, 25032],[25155, 25030]],[[24968, 25272],[24968, 25278],[24962, 25272],[24968, 25272]],[[25208, 25064],[25200, 25064],[25205, 25061],[25208, 25064]],[[24976, 25280],[24976, 25286],[24970, 25280],[24976, 25280]],[[24912, 25399],[24912, 25400],[24904, 25400],[24912, 25399]]]},"properties":{"objectType":"annotation","classification":{"name":"Tumor","color":[102, 77, 179]}}},{"type":"Feature","id":"c3e082ec-bd3e-4549-987f-22b7d69fb5ed","geometry":{"type":"Polygon","coordinates":[[[24744, 25776],[24776, 25784],[24808, 25832],[24848, 25856],[24916, 25878],[25006, 26011],[25083, 26144],[25088, 26166],[25192, 26266],[25215, 26272],[25231, 26315],[25283, 26360],[25334, 26385],[25344, 26416],[25375, 26409],[25424, 26456],[25449, 26440],[25456, 26496],[25472, 26480],[25528, 26480],[25548, 26447],[25600, 26496],[25720, 26504],[25744, 26496],[25728, 26472],[25680, 26472],[25688, 26448],[25640, 26448],[25592.17, 26408],[25592, 26376],[25526, 26286],[25520, 26256],[25484, 26243],[25364, 26120],[25302, 26080],[25280, 26016],[25256, 26005],[25256, 25968],[25236, 25944],[25127, 25918],[25088, 25883],[25064, 25840],[24912, 25808],[24856, 25816],[24840, 25792],[24808, 25792],[24808, 25760],[24752, 25752],[24744, 25776]]]},"properties":{"objectType":"annotation","classification":{"name":"Tumor","color":[102, 77, 179]}}},{"type":"Feature","id":"77c07dfe-ebc4-42bc-bd42-bdd407bd0b1e","geometry":{"type":"Polygon","coordinates":[[[24680, 26712],[24720, 26752],[24759, 26744],[24744, 26784],[24808, 26816],[24912, 26832],[24929, 26808],[24984, 26800],[25024, 26760],[25048, 26704],[25040, 26640.6],[25080, 26584],[25056, 26527],[25056, 26488],[25032, 26504],[24960, 26496],[24940, 26507],[24752, 26528],[24752, 26544],[24688, 26608],[24680, 26712]]]},"properties":{"objectType":"annotation","classification":{"name":"Tumor","color":[102, 77, 179]}}},{"type":"Feature","id":"c22ed166-c43b-4a83-95b3-1e3288e34601","geometry":{"type":"Polygon","coordinates":[[[25650, 26793],[25599, 26832],[25651, 26900],[25688.83, 26906],[25739, 26925],[25808, 26925],[25836, 26947],[25793, 26972],[25758, 26973],[25710, 27023],[25710, 27049],[25759, 27070],[25756, 27088],[25791, 27091],[25798, 27108],[25774, 27135],[25784, 27156],[25760, 27184],[25793, 27241],[25792, 27296],[25807, 27312],[25776, 27312],[25760, 27296],[25760, 27320],[25784, 27320],[25792, 27336],[25816, 27336],[25848, 27360],[25896, 27362],[25912, 27384],[25952, 27376],[25969, 27352],[26008, 27352],[26024, 27360],[26048, 27344],[26050, 27280],[26072, 27248],[26072, 27208],[26080, 27192],[26064, 27176],[26064, 27152],[26040, 27129.15],[26040, 27112],[26016, 27104],[26016, 27088],[25995, 27076],[25988, 27098],[25933, 27080],[25949, 27056],[26008, 27056],[26016, 27024],[25992, 27024],[25984, 27008],[25928, 26993],[25886, 26948],[25883, 26978],[25875, 26954],[25904, 26931],[25963.83, 26931],[25999, 26960],[26020, 27012],[26083, 27012],[26140, 27044],[26189, 27044],[26251, 27062],[26319, 27062],[26341, 27068],[26343, 27045],[26316, 26993],[26284, 26980],[26254, 26956],[26203, 26956],[26184, 26949],[26128, 26949],[26097, 26924],[26080, 26932],[26074, 26957],[26043, 26957],[26030, 26913],[26011, 26882],[25978, 26849],[25920, 26856],[25888, 26869],[25841, 26899],[25817, 26881],[25760, 26856],[25724, 26813],[25692, 26794],[25650, 26793]],[[25904, 27073],[25903, 27074],[25903, 27073],[25904, 27073]],[[25922, 27069],[25921, 27070],[25921, 27069],[25922, 27069]],[[25909, 27072],[25908, 27073],[25908, 27072],[25909, 27072]],[[25926.5, 27068],[25926, 27069],[25925, 27069],[25926.5, 27068]]]},"properties":{"objectType":"annotation","classification":{"name":"Tumor","color":[102, 77, 179]}}},{"type":"Feature","id":"72b88cbe-3357-4172-ad10-f2b8020e39dd","geometry":{"type":"Polygon","coordinates":[[[26512, 27688],[26449, 27711],[26397, 27708],[26355, 27717],[26304, 27744],[26254.6, 27792],[26205, 27830],[26169, 27830],[26140, 27853],[26119, 27903],[26145, 27900],[26154, 27875],[26158, 27908],[26130, 27938],[26108, 27909],[26064.33, 27926],[26008, 27935],[25936, 27976],[25909, 28008],[25904, 28032],[25904, 28112],[25976, 28192],[26025, 28205],[26083, 28205],[26146, 28172],[26192, 28160],[26230, 28099],[26277, 28072],[26304, 28072],[26343, 28052],[26341, 28024],[26364, 28018],[26358, 28046],[26385, 28055],[26445, 27989],[26496, 27979],[26558, 27979],[26579, 27988],[26583, 28014],[26614, 28015],[26628, 27965],[26655, 27995],[26683, 27992],[26683, 27974],[26776, 28024],[26856, 28033],[26879, 28001],[26966, 28012],[27007, 28003],[27021, 27982],[27003, 27967],[26992, 27995],[26967, 27995],[26993, 27941],[26993, 27922],[27030, 27931],[27015, 27900],[27026, 27866],[27019, 27804],[26995, 27791],[26996, 27769],[26962, 27779],[26874, 27765],[26870, 27740],[26835, 27738],[26835, 27773],[26797, 27812],[26761, 27830.87],[26753, 27804],[26697, 27804],[26666, 27781],[26628.35, 27767],[26617, 27725],[26552, 27688],[26512, 27688]],[[26742, 27854],[26741, 27855],[26741, 27854],[26742, 27854]],[[26170, 27922],[26195, 27927],[26178, 27936],[26170, 27922]]]},"properties":{"objectType":"annotation","classification":{"name":"Tumor","color":[102, 77, 179]}}},{"type":"Feature","id":"c254bec0-11b3-4132-b678-d7e4381fecca","geometry":{"type":"Polygon","coordinates":[[[26292, 29550],[26292, 29565],[26202, 29573],[26161, 29628],[26168, 29662],[26224, 29698],[26314, 29707],[26355, 29721],[26320, 29697],[26376, 29696.33],[26384, 29740],[26404, 29763],[26441.5, 29746.5],[26506, 29787],[26532, 29783],[26514, 29751],[26532, 29733],[26536, 29687],[26527, 29660],[26544, 29637],[26476, 29590],[26443, 29580],[26385, 29585],[26292, 29550]],[[26417, 29732],[26425, 29740],[26423, 29740],[26417, 29732]],[[26433, 29738],[26435, 29740],[26433, 29740],[26433, 29738]],[[26429, 29736],[26431, 29738],[26428, 29738],[26429, 29736]],[[26476, 29751],[26507, 29752],[26509, 29770.5],[26476, 29751]],[[26257, 29631],[26250, 29637],[26245, 29633],[26257, 29631]]]},"properties":{"objectType":"annotation","classification":{"name":"Tumor","color":[102, 77, 179]}}},{"type":"Feature","id":"b7e120cc-1c02-4916-8942-3c965f423db1","geometry":{"type":"Polygon","coordinates":[[[27468, 31698],[27467, 31715],[27424, 31784],[27424, 31828.8],[27401, 31870],[27416, 31914],[27358, 31920],[27340, 31907],[27320, 31868],[27282, 31842.24],[27280, 31821.5],[27329, 31838],[27290, 31802],[27235, 31787],[27206, 31760],[27143, 31760],[27121, 31769],[27107, 31744],[27042, 31744],[27010, 31724],[26977, 31747],[26970, 31738],[26920, 31760],[26879, 31763],[26819, 31747],[26800, 31759],[26771, 31739],[26744, 31752],[26704, 31752],[26696, 31768],[26672, 31768],[26672, 31736],[26640, 31768],[26592, 31800],[26584, 31842],[26568, 31848],[26548, 31910],[26526, 31907],[26542, 31923],[26555, 31906],[26563, 31935],[26528, 31992],[26509, 31986],[26495, 31998],[26473, 31993],[26473, 31968],[26449, 31971],[26464, 32004],[26460, 32037],[26478, 32048],[26478, 32088],[26456, 32096],[26448, 32120],[26432, 32112],[26408, 32120],[26408, 32152],[26424, 32152],[26424, 32192],[26408, 32216],[26441, 32243],[26430, 32269],[26430, 32299],[26402, 32326],[26417, 32354],[26464, 32376],[26464, 32392],[26496, 32392],[26504, 32376],[26480, 32368],[26488, 32344],[26552, 32335],[26568, 32344],[26599, 32288],[26619, 32263],[26581, 32257],[26564, 32231],[26586, 32218],[26597, 32175],[26569, 32184],[26553, 32173],[26563, 32153],[26598, 32147],[26605, 32171],[26630, 32177],[26649, 32144],[26649, 32115],[26671, 32113],[26691, 32091],[26721, 32091],[26769, 32056],[26807, 32058],[26836, 32006],[26860, 31994],[26847, 31964],[26863, 31947],[26874, 31969],[26920, 31992],[26934, 32018],[26973, 32018],[26983, 32001],[27010, 32030],[27012, 32050],[27040, 32062],[27027, 32097],[27051, 32116],[27088, 32114],[27133, 32137],[27145, 32116],[27169, 32116],[27168, 32134],[27194, 32149],[27220, 32152],[27201, 32136],[27223, 32132],[27197, 32120],[27195, 32097],[27212, 32097],[27224, 32121],[27279.5, 32144],[27323, 32174],[27312, 32156],[27345, 32154],[27365, 32178],[27400, 32202],[27432, 32200],[27485, 32207],[27506, 32243],[27506, 32267],[27486, 32270],[27483, 32300],[27431, 32324],[27444, 32347.67],[27434, 32382],[27453, 32401],[27453, 32448],[27486, 32489],[27528, 32525],[27561.5, 32517],[27602, 32524],[27599, 32502],[27615, 32477],[27650, 32454],[27680, 32443],[27702, 32475],[27726, 32457],[27737, 32419],[27768, 32384],[27786, 32337],[27793, 32345],[27810, 32320],[27816, 32262],[27847, 32230],[27884, 32248],[27883, 32271],[27849, 32265],[27835, 32274],[27836, 32307],[27880, 32301],[27895, 32328],[27917, 32334],[27931, 32289],[27974, 32257],[28010.67, 32255],[28040, 32272],[28088, 32272],[28080, 32248],[28104, 32248],[28104, 32224],[28088, 32216],[28082, 32179],[28104, 32177],[28104, 32192],[28144, 32184],[28107, 32141],[28084, 32144],[28054, 32131],[28027, 32084],[28034, 32048],[28080, 32024],[28080, 32000],[28048, 31984],[28048, 31960],[28012, 31958],[27985, 31935],[27940, 31917],[27935, 31932],[27899, 31950],[27878, 31949],[27855, 31967],[27845, 31960.57],[27856, 31912],[27834, 31896],[27828, 31848],[27813, 31850],[27765, 31816],[27769, 31801],[27737, 31796],[27724, 31826],[27721, 31879],[27703, 31914],[27688, 31925],[27648, 31928],[27628.33, 31940],[27606, 31924],[27616, 31896],[27602, 31886],[27616, 31848],[27606, 31810],[27608, 31752],[27536, 31704],[27468, 31698]],[[26871, 31907],[26863, 31939],[26845.5, 31923.5],[26871, 31907]],[[27037, 32098],[27040, 32100],[27040, 32101],[27037, 32098]],[[26891, 31797],[26933.4, 31806],[26913, 31819],[26891, 31797]],[[27032, 32090],[27033, 32091.8],[27032, 32091],[27032, 32090]]]},"properties":{"objectType":"annotation","classification":{"name":"Tumor","color":[102, 77, 179]}}},{"type":"Feature","id":"95f5bb54-32e2-4820-bb05-9fa8cc8f6855","geometry":{"type":"Polygon","coordinates":[[[29502, 31879],[29452, 31912],[29419, 31972],[29358.89, 32014],[29316, 32029],[29280, 32111],[29249, 32143],[29206, 32143],[29192, 32164],[29221, 32172],[29145, 32221],[29145, 32317],[29196, 32358],[29181, 32392],[29211, 32461],[29232, 32480],[29312, 32496],[29372, 32422],[29400, 32432],[29400, 32410],[29459, 32368],[29480, 32368],[29506.33, 32336],[29528, 32336],[29521, 32292],[29552, 32280],[29583, 32233],[29624, 32208],[29635, 32142.5],[29650, 32122],[29641, 32037],[29655, 31969],[29587, 31927],[29545, 31939],[29521, 31918],[29526, 31894],[29502, 31879]],[[29216, 32191],[29230, 32200],[29225, 32200],[29216, 32191]],[[29200, 32381.33],[29200, 32385.67],[29199, 32386.33],[29200, 32381.33]],[[29200, 32424],[29200, 32429.89],[29199, 32429],[29200, 32424]]]},"properties":{"objectType":"annotation","classification":{"name":"Tumor","color":[102, 77, 179]}}},{"type":"Feature","id":"6d6ea32f-cbac-44b4-826b-fc3c2bfcc855","geometry":{"type":"Polygon","coordinates":[[[17240, 26360],[17240, 26389],[17161, 26425],[17080, 26424],[16968, 26464],[16896, 26448],[16832, 26448],[16776, 26480],[16736, 26448],[16728, 26472],[16648, 26480],[16592, 26496],[16584, 26520],[16616, 26528],[16608, 26552],[16536, 26544],[16520, 26608],[16485, 26603],[16423, 26632],[16377, 26632],[16345, 26671],[16318, 26639],[16215, 26684],[16064, 26690],[16008, 26672],[16004, 26688],[15914, 26713],[15896, 26688],[15864, 26688],[15815, 26727],[15712, 26776],[15656, 26784],[15616, 26808],[15624, 26844],[15605.5, 26862.5],[15573, 26843],[15523, 26838],[15454, 26910],[15301.08, 27047],[15270, 27044],[15263.8, 27075.2],[15204, 27128],[15189.83, 27154.83],[15144, 27168],[15144, 27189.38],[15058, 27219],[15017.69, 27282],[14961, 27294],[14941, 27314],[14931, 27368],[14947, 27408],[14998, 27444],[15041, 27444],[15120.6, 27411.2],[15160, 27409],[15192, 27432],[15168, 27464],[15216, 27464],[15216, 27416],[15304, 27424],[15453, 27399],[15533, 27340],[15624, 27328],[15640, 27344],[15784, 27336],[15832, 27344],[15840, 27320],[15904, 27304],[16032, 27296],[16064, 27272],[16120, 27272],[16240, 27232],[16256, 27248],[16272, 27200],[16326, 27151],[16392, 27141],[16410, 27107],[16444, 27086],[16490, 27092],[16560, 27044.5],[16614, 27040],[16667.67, 27008],[16696, 27016],[16803, 26991],[16880, 27010],[16889, 26987],[16927, 27001],[16966, 26987],[17038, 26987],[17129, 26956],[17217, 26981],[17272, 26984],[17288, 26962],[17448, 26984],[17448, 26968],[17512, 26931],[17612, 26925],[17760, 26856],[17760, 26784],[17824, 26792],[17880, 26752],[17920, 26744],[17952, 26704],[18008, 26696],[18064, 26648],[18112, 26648],[18168, 26568],[18168, 26528],[18104, 26520],[18088, 26504],[18088, 26440],[18056, 26464],[18032, 26440],[17984, 26440],[17952, 26424],[17952, 26456],[17920, 26432],[17904, 26464],[17880, 26464],[17888, 26496],[17856, 26504],[17856, 26456],[17824, 26472],[17792, 26448],[17776, 26400],[17684, 26408],[17669, 26387],[17569, 26387],[17531, 26368],[17272, 26368],[17240, 26360]],[[17720, 26816],[17728, 26820],[17720, 26824],[17720, 26816]]]},"properties":{"objectType":"annotation","classification":{"name":"Tumor","color":[102, 77, 179]}}},{"type":"Feature","id":"d96dd282-fb64-4968-8b22-4c2bb265b016","geometry":{"type":"Polygon","coordinates":[[[14248, 26651],[14282, 26654],[14259, 26676],[14272, 26696],[14302, 26702],[14330, 26751],[14381, 26745],[14460, 26788],[14472, 26824],[14524, 26844],[14592, 26904],[14648, 26913],[14728, 26912],[14792, 26904],[14808, 26883],[14857, 26864],[14891, 26820],[14928, 26800],[14923.6, 26771],[14976, 26760],[14979, 26720],[15040, 26728],[15080, 26720],[15081, 26706],[15120, 26688],[15136, 26640],[15152, 26552],[15168, 26520],[15144, 26520],[15120, 26464],[15096, 26456],[15096, 26424],[15136, 26400],[15128, 26368],[15036, 26399],[15136, 26344],[15144, 26328],[15136, 26264],[15104, 26232],[15096, 26208],[15056, 26200],[15048, 26216],[14984, 26264],[14968, 26288],[14968, 26344],[15036, 26398],[14976, 26368],[14952, 26392],[14952, 26424],[14936, 26408],[14889, 26444],[14889, 26472],[14866, 26471],[14875, 26449],[14815, 26482],[14779, 26520],[14795, 26541],[14728, 26576],[14733, 26608.82],[14706, 26628],[14680, 26608],[14636, 26606],[14616, 26584],[14555, 26569],[14560, 26552],[14528, 26536],[14515, 26563],[14488, 26560],[14467, 26538],[14402, 26533],[14384, 26520],[14349, 26530],[14304, 26560],[14306, 26574],[14264, 26600],[14248, 26651]]]},"properties":{"objectType":"annotation","classification":{"name":"Tumor","color":[102, 77, 179]}}},{"type":"Feature","id":"7314329f-ec55-465f-a4ef-c7f23c0b0e6b","geometry":{"type":"Polygon","coordinates":[[[21648, 28608],[21584, 28616],[21576, 28640],[21552, 28656],[21512, 28656],[21504, 28704],[21464, 28712],[21456, 28752],[21461, 28796],[21443, 28817],[21469, 28867],[21505, 28900],[21511, 28928],[21495, 28949],[21511, 28977],[21536, 28977],[21592, 29005],[21623, 29031],[21680, 29040],[21680, 29072],[21720, 29088],[21797, 29096],[21872, 29096],[21884, 29090],[21931, 29137],[21946, 29142],[21956, 29191],[21926, 29210],[21872, 29216],[21845, 29249],[21864, 29284.8],[21856, 29296],[21920, 29294],[21970, 29335],[21970, 29353],[22003, 29373],[22042.25, 29369],[22060.84, 29378],[22104, 29424],[22144, 29411],[22143, 29389],[22174, 29426],[22186, 29453],[22211, 29455],[22232, 29480],[22210, 29491],[22237, 29491],[22335, 29477],[22348, 29485],[22359, 29445],[22376, 29464],[22398.25, 29464],[22444, 29494],[22469, 29494],[22664, 29552],[22697, 29546],[22775, 29546],[22790, 29555],[22862, 29570],[22969, 29565],[23017, 29542],[23067, 29541],[23105, 29527],[23229, 29528],[23235, 29545],[23268, 29517],[23285, 29531],[23334, 29525],[23349, 29539],[23393.13, 29522],[23523, 29537],[23565, 29529],[23592, 29545],[23614, 29539],[23640, 29565],[23682, 29567],[23694, 29555],[23771, 29558],[23816, 29549],[23831, 29535],[23872, 29536],[23905, 29521],[23944, 29544],[24073, 29550],[24096, 29536],[24144, 29528],[24168, 29504],[24168, 29520],[24192, 29512],[24200, 29461],[24248, 29448],[24256, 29416],[24236, 29403],[24236, 29375],[24168, 29317],[24108, 29285],[24112, 29256],[24080, 29232],[24049, 29227],[24040, 29176],[24016, 29160],[23974, 29151],[23945, 29112],[23897, 29084],[23860, 29046],[23779, 29051],[23745, 29036],[23727, 29008],[23696, 29046],[23619, 29051],[23591, 29070],[23536, 29079],[23520, 29064],[23493, 29064],[23440, 29031],[23392, 29031],[23370, 29013],[23373, 28989],[23326, 28978],[23320, 29003],[23286, 29020],[23241, 29016],[23225, 29000],[23189, 28992],[23164, 29000],[23051, 28990],[23010, 28961],[22946, 28981],[22905, 28961],[22867, 28966],[22817, 29001],[22777, 29001],[22777, 29031],[22809, 29025],[22813, 29041],[22780.1, 29063.9],[22748, 29001],[22693, 28986],[22658, 28986],[22613, 28966],[22533, 28971],[22478, 28931],[22418, 28906],[22387, 28910],[22358, 28897],[22278.37, 28896],[22224, 28816],[22075, 28815],[22049, 28779],[22030, 28779],[22033, 28757],[22015, 28715],[21987, 28703],[21946, 28703],[21871, 28669],[21842, 28665],[21816, 28624],[21752, 28624],[21752, 28616],[21648, 28616],[21648, 28608]],[[22252, 29443],[22272, 29446],[22267, 29461],[22252, 29443]],[[22112, 29416],[22116, 29418],[22112, 29421],[22112, 29416]],[[22138, 29394],[22140, 29400],[22138, 29402],[22138, 29394]],[[24037, 29184],[24036, 29185],[24036, 29184],[24037, 29184]]]},"properties":{"objectType":"annotation","classification":{"name":"Tumor","color":[102, 77, 179]}}}]}