{"type":"FeatureCollection","features":[{"type":"Feature","id":"66d3478e-61eb-4b33-9ad3-290a238107e1","geometry":{"type":"Polygon","coordinates":[[[15584, 3608],[15672, 3720],[15840, 3728],[15952, 3640],[15992, 3576],[15944, 3464],[15864, 3384],[15784, 3352],[15720, 3368],[15608, 3472],[15584, 3608]]]},"properties":{"objectType":"annotation","classification":{"name":"Tumor","color":[102, 77, 179]}}},{"type":"Feature","id":"77afdd55-3753-44e0-8072-ebd39f419419","geometry":{"type":"Polygon","coordinates":[[[6288, 21456],[6328, 21528],[6416, 21544],[6440, 21440],[6392, 21368],[6312, 21368],[6288, 21456]]]},"properties":{"objectType":"annotation","classification":{"name":"Tumor","color":[102, 77, 179]}}},{"type":"Feature","id":"17bdf1db-2fed-404f-a462-c21a630ebe7e","geometry":{"type":"Polygon","coordinates":[[[11456, 5704],[11512, 5752],[11560, 5752],[11584, 5688],[11528, 5640],[11464, 5640],[11456, 5704]]]},"properties":{"objectType":"annotation","classification":{"name":"Tumor","color":[102, 77, 179]}}},{"type":"Feature","id":"8603a06d-7a33-4a6b-813a-711c425c643c","geometry":{"type":"Polygon","coordinates":[[[8952, 26368],[8968, 26424],[9000, 26416],[9000, 26352],[8952, 26368]]]},"properties":{"objectType":"annotation","classification":{"name":"Tumor","color":[102, 77, 179]}}},{"type":"Feature","id":"e355c8b4-beff-4ed6-9bdc-c56a3375ec6f","geometry":{"type":"Polygon","coordinates":[[[5232, 14424],[5256, 14440],[5248, 14408],[5232, 14424]]]},"properties":{"objectType":"annotation","classification":{"name":"Tumor","color":[102, 77, 179]}}},{"type":"Feature","id":"929f25bc-1b98-4c23-928b-ade577ca5848","geometry":{"type":"Polygon","coordinates":[[[8728, 10560],[8744, 10616],[8808, 10600],[8896, 10672],[8976, 10680],[8992, 10552],[8912, 10472],[8960, 10360],[8952, 10272],[9048, 10304],[9088, 10192],[9000, 10160],[8944, 10208],[8952, 10264],[8864, 10232],[8816, 10280],[8808, 10408],[8880, 10504],[8728, 10560]]]},"properties":{"objectType":"annotation","classification":{"name":"Tumor","color":[102, 77, 179]}}},{"type":"Feature","id":"7fa7d12c-edc7-46a7-8b35-3c2c7d4e897d","geometry":{"type":"Polygon","coordinates":[[[7704, 10936],[7736, 10992],[7808, 11024],[7904, 10984],[7952, 10936],[7968, 10872],[8064, 10776],[8128, 10784],[8104, 10744],[8160, 10632],[8112, 10536],[8016, 10552],[7912, 10640],[7888, 10688],[7864, 10680],[7864, 10728],[7752, 10808],[7752, 10840],[7712, 10872],[7704, 10936]]]},"properties":{"objectType":"annotation","classification":{"name":"Tumor","color":[102, 77, 179]}}},{"type":"Feature","id":"bb2e4e27-83ac-4fce-a069-2e98f807a6f2","geometry":{"type":"Polygon","coordinates":[[[16592, 2888],[16664, 2872],[16664, 2896],[16712, 2888],[16768, 2840],[16736, 2768],[16776, 2712],[16704, 2744],[16704, 2768],[16608, 2840],[16592, 2888]]]},"properties":{"objectType":"annotation","classification":{"name":"Tumor","color":[102, 77, 179]}}},{"type":"Feature","id":"4cfd9542-5cef-4289-8d65-1168bc37e046","geometry":{"type":"Polygon","coordinates":[[[4792, 10128],[4792, 10248],[4824, 10272],[4848, 10272],[4872, 10296],[4968, 10296],[5040, 10264],[5072, 10232],[5088, 10176],[5120, 10176],[5152, 10224],[5168, 10224],[5168, 10192],[5200, 10184],[5184, 10200],[5192, 10256],[5232, 10256],[5256, 10232],[5256, 10216],[5296, 10184],[5296, 10144],[5312, 10136],[5312, 10032],[5320, 10032],[5320, 9944],[5304, 9944],[5304, 9896],[5296, 9896],[5296, 9832],[5320, 9824],[5320, 9808],[5352, 9784],[5352, 9768],[5392, 9744],[5400, 9696],[5376, 9696],[5352, 9664],[5264, 9720],[5200, 9728],[5192, 9744],[5128, 9744],[5096, 9752],[5032, 9792],[5032, 9832],[4992, 9824],[4976, 9856],[4960, 9856],[4960, 9960],[4984, 9976],[5000, 10024],[5040, 10032],[5040, 10088],[4896, 10088],[4896, 10096],[4832, 10104],[4816, 10128],[4792, 10128]]]},"properties":{"objectType":"annotation","classification":{"name":"Tumor","color":[102, 77, 179]}}},{"type":"Feature","id":"61330daa-38fa-4be8-ac1a-2f2da23c531b","geometry":{"type":"Polygon","coordinates":[[[8304, 6688],[8304, 6760],[8336, 6768],[8344, 6784],[8368, 6784],[8368, 6816],[8400, 6824],[8392, 6840],[8360, 6848],[8376, 6872],[8376, 6896],[8400, 6896],[8408, 6920],[8432, 6928],[8496, 6928],[8496, 6920],[8536, 6920],[8568, 6888],[8576, 6864],[8600, 6856],[8616, 6832],[8616, 6800],[8632, 6792],[8656, 6744],[8656, 6728],[8680, 6712],[8680, 6696],[8704, 6688],[8712, 6664],[8696, 6664],[8696, 6648],[8680, 6648],[8680, 6592],[8688, 6576],[8672, 6568],[8680, 6528],[8696, 6520],[8696, 6432],[8688, 6432],[8672, 6384],[8648, 6368],[8624, 6376],[8624, 6408],[8616, 6376],[8600, 6400],[8576, 6408],[8568, 6440],[8568, 6512],[8528, 6544],[8504, 6544],[8504, 6504],[8488, 6504],[8496, 6528],[8496, 6584],[8472, 6600],[8472, 6648],[8464, 6664],[8480, 6688],[8456, 6688],[8456, 6704],[8424, 6696],[8408, 6672],[8384, 6672],[8368, 6656],[8336, 6688],[8304, 6688]]]},"properties":{"objectType":"annotation","classification":{"name":"Tumor","color":[102, 77, 179]}}},{"type":"Feature","id":"de2c932a-ee04-4506-8cb9-2613d000d3bc","geometry":{"type":"Polygon","coordinates":[[[16912, 7288],[16928, 7352],[16976, 7352],[17008, 7408],[17088, 7360],[17088, 7320],[17152, 7224],[17136, 7120],[17144, 7064],[17104, 7040],[17104, 7000],[17032, 6936],[16944, 6992],[16936, 7096],[16992, 7160],[17000, 7264],[16928, 7248],[16912, 7288]]]},"properties":{"objectType":"annotation","classification":{"name":"Tumor","color":[102, 77, 179]}}},{"type":"Feature","id":"d977e444-4bfd-4c96-91b9-d03e0952075d","geometry":{"type":"Polygon","coordinates":[[[8048, 8856],[8088, 8856],[8088, 8976],[8128, 9040],[8224, 9032],[8232, 9064],[8272, 9096],[8328, 9096],[8384, 9072],[8392, 9040],[8448, 8976],[8448, 8936],[8424, 8936],[8432, 8848],[8360, 8824],[8328, 8776],[8352, 8696],[8312, 8600],[8272, 8568],[8176, 8568],[8136, 8600],[8096, 8656],[8096, 8696],[8072, 8720],[8104, 8816],[8064, 8832],[8056, 8792],[8048, 8856]]]},"properties":{"objectType":"annotation","classification":{"name":"Tumor","color":[102, 77, 179]}}},{"type":"Feature","id":"f89e99bc-f6f5-4c4c-a623-a7518ca38e85","geometry":{"type":"Polygon","coordinates":[[[5152, 11296],[5200, 11336],[5264, 11336],[5312, 11416],[5400, 11416],[5504, 11264],[5456, 11160],[5392, 11168],[5408, 11064],[5376, 11000],[5240, 11056],[5240, 11088],[5160, 11216],[5152, 11296]]]},"properties":{"objectType":"annotation","classification":{"name":"Tumor","color":[102, 77, 179]}}},{"type":"Feature","id":"027e7c57-9ffa-40bb-b022-e0b6210f7327","geometry":{"type":"Polygon","coordinates":[[[5408, 21552],[5408, 21592],[5456, 21632],[5472, 21688],[5552, 21672],[5592, 21640],[5592, 21560],[5560, 21512],[5408, 21552]]]},"properties":{"objectType":"annotation","classification":{"name":"Tumor","color":[102, 77, 179]}}},{"type":"Feature","id":"fdd987e9-2a12-4645-919a-f72383046fd2","geometry":{"type":"Polygon","coordinates":[[[19056, 4624],[19064, 4704],[19096, 4744],[19168, 4752],[19216, 4712],[19336, 4712],[19408, 4656],[19408, 4576],[19392, 4560],[19424, 4456],[19416, 4408],[19384, 4392],[19344, 4400],[19360, 4416],[19352, 4464],[19288, 4464],[19256, 4488],[19216, 4552],[19216, 4616],[19232, 4672],[19200, 4664],[19200, 4608],[19152, 4552],[19072, 4584],[19056, 4624]]]},"properties":{"objectType":"annotation","classification":{"name":"Tumor","color":[102, 77, 179]}}},{"type":"Feature","id":"1b84acec-6465-444e-b374-b10684ca4b50","geometry":{"type":"Polygon","coordinates":[[[3160, 10328],[3176, 10360],[3224, 10360],[3280, 10304],[3288, 10272],[3320, 10248],[3328, 10216],[3360, 10200],[3384, 10144],[3512, 10136],[3504, 10088],[3504, 9968],[3520, 9928],[3520, 9864],[3536, 9840],[3640, 9840],[3704, 9824],[3744, 9800],[3744, 9728],[3712, 9720],[3712, 9696],[3744, 9712],[3744, 9680],[3712, 9672],[3696, 9624],[3664, 9640],[3608, 9696],[3560, 9728],[3544, 9824],[3480, 9816],[3456, 9880],[3416, 9912],[3408, 9952],[3328, 10016],[3328, 10056],[3352, 10072],[3360, 10112],[3312, 10152],[3280, 10232],[3232, 10248],[3216, 10280],[3160, 10328]]]},"properties":{"objectType":"annotation","classification":{"name":"Tumor","color":[102, 77, 179]}}},{"type":"Feature","id":"df82c30e-168a-4107-a8ee-f3d6e9f87cde","geometry":{"type":"Polygon","coordinates":[[[4448, 18768],[4472, 18776],[4488, 18856],[4520, 18848],[4528, 18872],[4592, 18872],[4656, 18824],[4656, 18800],[4680, 18792],[4688, 18720],[4672, 18704],[4664, 18656],[4640, 18632],[4600, 18624],[4536, 18640],[4528, 18656],[4488, 18664],[4472, 18696],[4472, 18752],[4448, 18768]]]},"properties":{"objectType":"annotation","classification":{"name":"Tumor","color":[102, 77, 179]}}},{"type":"Feature","id":"6c215ae2-ae84-4a77-8d6c-43d9cd6e14cb","geometry":{"type":"Polygon","coordinates":[[[6112, 8560],[6112, 8576],[6128, 8576],[6112, 8560]]]},"properties":{"objectType":"annotation","classification":{"name":"Tumor","color":[102, 77, 179]}}},{"type":"Feature","id":"330a8087-936b-4fac-8a7a-9892f95d5812","geometry":{"type":"Polygon","coordinates":[[[5944, 9016],[5944, 9072],[5976, 9104],[6048, 9104],[6112, 9056],[6112, 9016],[6136, 9032],[6128, 8984],[6112, 9000],[6080, 8960],[6048, 8976],[5976, 8960],[5976, 9008],[5944, 9016]]]},"properties":{"objectType":"annotation","classification":{"name":"Tumor","color":[102, 77, 179]}}},{"type":"Feature","id":"9376af52-a44f-4bc4-af71-9e95006649d9","geometry":{"type":"Polygon","coordinates":[[[3912, 10792],[3928, 10800],[3928, 10832],[3976, 10864],[3992, 10888],[4048, 10904],[4048, 10920],[4104, 10968],[4136, 10984],[4096, 10976],[4152, 11040],[4176, 11048],[4176, 11072],[4160, 11096],[4160, 11192],[4192, 11224],[4192, 11240],[4224, 11232],[4224, 11256],[4240, 11272],[4288, 11264],[4352, 11264],[4432, 11232],[4472, 11200],[4496, 11192],[4488, 11160],[4520, 11144],[4520, 11096],[4544, 11072],[4552, 10992],[4576, 10984],[4568, 10968],[4576, 10896],[4616, 10904],[4608, 10888],[4576, 10880],[4592, 10808],[4576, 10800],[4592, 10752],[4608, 10736],[4584, 10720],[4584, 10688],[4600, 10672],[4600, 10464],[4568, 10464],[4560, 10448],[4528, 10432],[4528, 10384],[4552, 10392],[4552, 10408],[4576, 10408],[4576, 10432],[4608, 10440],[4608, 10416],[4592, 10392],[4592, 10360],[4568, 10352],[4568, 10288],[4576, 10264],[4552, 10240],[4544, 10200],[4584, 10192],[4584, 10144],[4592, 10112],[4616, 10112],[4616, 10096],[4568, 10088],[4552, 10064],[4528, 10064],[4520, 10080],[4488, 10080],[4464, 10104],[4448, 10104],[4440, 10128],[4424, 10128],[4416, 10192],[4424, 10208],[4400, 10224],[4416, 10256],[4368, 10280],[4368, 10320],[4336, 10352],[4336, 10384],[4320, 10392],[4320, 10448],[4304, 10448],[4296, 10480],[4272, 10504],[4272, 10568],[4264, 10568],[4264, 10648],[4248, 10688],[4248, 10792],[4232, 10824],[4248, 10848],[4216, 10864],[4216, 10920],[4200, 10936],[4184, 10928],[4192, 10888],[4192, 10816],[4184, 10776],[4168, 10760],[4168, 10720],[4208, 10672],[4216, 10632],[4216, 10560],[4192, 10560],[4184, 10544],[4136, 10536],[4128, 10552],[4088, 10560],[4072, 10584],[4072, 10616],[4056, 10656],[4016, 10656],[4000, 10632],[3928, 10696],[3912, 10792]]]},"properties":{"objectType":"annotation","classification":{"name":"Tumor","color":[102, 77, 179]}}},{"type":"Feature","id":"48846a5f-5a5a-455a-b8d7-80c0d6279796","geometry":{"type":"Polygon","coordinates":[[[14408, 3584],[14440, 3576],[14416, 3552],[14408, 3584]]]},"properties":{"objectType":"annotation","classification":{"name":"Tumor","color":[102, 77, 179]}}},{"type":"Feature","id":"62e044fb-78b8-4f09-a1d9-aecd0e513837","geometry":{"type":"Polygon","coordinates":[[[5144, 9264],[5152, 9304],[5176, 9336],[5248, 9344],[5264, 9320],[5312, 9320],[5336, 9336],[5328, 9360],[5272, 9360],[5256, 9392],[5176, 9408],[5184, 9520],[5200, 9544],[5264, 9552],[5304, 9600],[5384, 9584],[5384, 9560],[5416, 9528],[5496, 9528],[5504, 9512],[5552, 9520],[5624, 9440],[5616, 9360],[5568, 9344],[5544, 9320],[5552, 9272],[5608, 9232],[5600, 9192],[5664, 9152],[5664, 9112],[5680, 9096],[5688, 9048],[5704, 9032],[5688, 8976],[5664, 8960],[5664, 8928],[5600, 8928],[5504, 9000],[5512, 9040],[5464, 9032],[5472, 9064],[5432, 9096],[5392, 9112],[5432, 9112],[5416, 9168],[5376, 9136],[5288, 9136],[5264, 9112],[5264, 9160],[5208, 9216],[5208, 9240],[5144, 9264]]]},"properties":{"objectType":"annotation","classification":{"name":"Tumor","color":[102, 77, 179]}}},{"type":"Feature","id":"1621fb86-a3a0-4e49-aec2-83aa0b44c8a8","geometry":{"type":"Polygon","coordinates":[[[17288, 10240],[17320, 10248],[17344, 10336],[17472, 10408],[17584, 10496],[17672, 10480],[17680, 10296],[17592, 10232],[17544, 10240],[17512, 10168],[17608, 10128],[17648, 10024],[17552, 9936],[17480, 9936],[17384, 9984],[17288, 10240]]]},"properties":{"objectType":"annotation","classification":{"name":"Tumor","color":[102, 77, 179]}}},{"type":"Feature","id":"8c58a3dc-02b5-4de7-993b-4ce481559960","geometry":{"type":"Polygon","coordinates":[[[6296, 19648],[6328, 19664],[6328, 19704],[6392, 19704],[6424, 19632],[6416, 19576],[6392, 19576],[6400, 19528],[6368, 19552],[6312, 19520],[6312, 19600],[6296, 19648]]]},"properties":{"objectType":"annotation","classification":{"name":"Tumor","color":[102, 77, 179]}}},{"type":"Feature","id":"2b8a81dd-0e12-4d51-92b1-568a66076135","geometry":{"type":"Polygon","coordinates":[[[15616, 9736],[15688, 9784],[15784, 9784],[15824, 9736],[15816, 9640],[15720, 9576],[15632, 9600],[15616, 9736]]]},"properties":{"objectType":"annotation","classification":{"name":"Tumor","color":[102, 77, 179]}}},{"type":"Feature","id":"744f70b0-e000-4383-9064-a2b8444c4da7","geometry":{"type":"Polygon","coordinates":[[[11376, 12800],[11400, 12808],[11400, 12784],[11376, 12800]]]},"properties":{"objectType":"annotation","classification":{"name":"Tumor","color":[102, 77, 179]}}},{"type":"Feature","id":"f3562ced-6ea7-44ac-afe9-a1dc96caa820","geometry":{"type":"Polygon","coordinates":[[[12544, 6096],[12544, 6168],[12568, 6192],[12568, 6232],[12592, 6256],[12624, 6256],[12656, 6328],[12680, 6328],[12736, 6280],[12744, 6240],[12768, 6216],[12816, 6072],[12808, 5968],[12832, 5968],[12832, 6008],[12840, 5976],[12896, 5984],[12888, 5960],[12944, 5928],[12952, 5880],[12968, 5856],[12968, 5816],[12992, 5824],[13000, 5800],[12952, 5776],[12952, 5712],[12912, 5704],[12896, 5688],[12848, 5704],[12864, 5744],[12840, 5752],[12832, 5728],[12800, 5736],[12792, 5800],[12752, 5808],[12776, 5832],[12768, 5904],[12656, 5904],[12656, 5920],[12616, 5944],[12616, 5984],[12592, 5992],[12592, 6024],[12560, 6056],[12544, 6096]]]},"properties":{"objectType":"annotation","classification":{"name":"Tumor","color":[102, 77, 179]}}},{"type":"Feature","id":"f83778c5-410b-4d89-a482-992173e500a2","geometry":{"type":"Polygon","coordinates":[[[4776, 17248],[4776, 17312],[4800, 17280],[4840, 17272],[4840, 17312],[4864, 17296],[4888, 17328],[4928, 17328],[4984, 17264],[4976, 17192],[4952, 17176],[4944, 17128],[4904, 17096],[4912, 17072],[4952, 17072],[4968, 16976],[4888, 16976],[4864, 17000],[4872, 17072],[4840, 17080],[4816, 17120],[4824, 17240],[4776, 17248]]]},"properties":{"objectType":"annotation","classification":{"name":"Tumor","color":[102, 77, 179]}}},{"type":"Feature","id":"509398b7-274c-4a8e-89ff-6e6d2fe6f894","geometry":{"type":"Polygon","coordinates":[[[16408, 9088],[16432, 9096],[16432, 9168],[16472, 9232],[16488, 9296],[16600, 9392],[16704, 9384],[16704, 9360],[16752, 9360],[16736, 9280],[16784, 9288],[16800, 9328],[16848, 9344],[16976, 9336],[17024, 9280],[17016, 9232],[16944, 9184],[16808, 9184],[16736, 9144],[16704, 9088],[16712, 9032],[16672, 9000],[16632, 9008],[16552, 8960],[16472, 8952],[16416, 9008],[16408, 9088]]]},"properties":{"objectType":"annotation","classification":{"name":"Tumor","color":[102, 77, 179]}}},{"type":"Feature","id":"37dbb846-64a5-4e2d-80eb-1d5a1dcfc46b","geometry":{"type":"Polygon","coordinates":[[[4032, 9024],[4056, 9136],[4240, 9128],[4264, 9064],[4208, 9000],[4032, 9024]]]},"properties":{"objectType":"annotation","classification":{"name":"Tumor","color":[102, 77, 179]}}},{"type":"Feature","id":"d9e8f734-5881-46bc-a4f4-1baa7a85df4b","geometry":{"type":"Polygon","coordinates":[[[16752, 8816],[16752, 8920],[16768, 8920],[16776, 8984],[16800, 9024],[16832, 9024],[16832, 9064],[16800, 9056],[16800, 9112],[16784, 9128],[16840, 9136],[16864, 9168],[16888, 9152],[16888, 9120],[16904, 9144],[16936, 9152],[16944, 9120],[16968, 9104],[17008, 9104],[17048, 9080],[17048, 9048],[17080, 9040],[17088, 8976],[17040, 8920],[17016, 8936],[16968, 8928],[16968, 8896],[16992, 8880],[16952, 8768],[16912, 8744],[16848, 8744],[16800, 8792],[16752, 8816]]]},"properties":{"objectType":"annotation","classification":{"name":"Tumor","color":[102, 77, 179]}}},{"type":"Feature","id":"c4967fbe-2325-41ad-abeb-08935f07c2e6","geometry":{"type":"Polygon","coordinates":[[[9536, 9480],[9544, 9592],[9632, 9640],[9720, 9624],[9768, 9416],[9680, 9352],[9536, 9480]]]},"properties":{"objectType":"annotation","classification":{"name":"Tumor","color":[102, 77, 179]}}},{"type":"Feature","id":"a5a53b13-40b7-460a-ba0a-e2ecb5f2cbd0","geometry":{"type":"Polygon","coordinates":[[[14416, 6408],[14448, 6408],[14448, 6392],[14416, 6408]]]},"properties":{"objectType":"annotation","classification":{"name":"Tumor","color":[102, 77, 179]}}},{"type":"Feature","id":"ba93c4cb-566c-4fb0-9326-d7c5af8fbb39","geometry":{"type":"Polygon","coordinates":[[[17496, 5072],[17584, 5072],[17592, 5112],[17608, 5120],[17608, 5144],[17632, 5160],[17648, 5200],[17704, 5216],[17704, 5264],[17680, 5288],[17632, 5304],[17632, 5320],[17600, 5360],[17592, 5416],[17624, 5416],[17632, 5432],[17680, 5432],[17712, 5416],[17752, 5376],[17760, 5344],[17776, 5336],[17776, 5304],[17800, 5272],[17808, 5232],[17824, 5232],[17848, 5208],[17888, 5208],[17896, 5224],[17952, 5232],[17968, 5192],[18000, 5176],[18024, 5208],[18040, 5184],[18064, 5176],[18064, 5136],[18056, 5128],[17936, 5128],[17920, 5120],[17920, 5096],[17904, 5104],[17856, 5104],[17864, 5072],[17848, 5096],[17752, 5096],[17752, 5048],[17768, 5016],[17792, 5000],[17792, 4960],[17824, 4960],[17832, 4936],[17856, 4920],[17872, 4880],[17880, 4824],[17904, 4808],[17904, 4768],[17928, 4728],[17888, 4680],[17824, 4688],[17800, 4712],[17768, 4728],[17768, 4712],[17744, 4728],[17760, 4808],[17720, 4848],[17688, 4848],[17680, 4864],[17648, 4872],[17648, 4888],[17616, 4912],[17616, 4928],[17584, 4952],[17568, 4984],[17576, 5016],[17528, 5024],[17536, 5040],[17496, 5072]]]},"properties":{"objectType":"annotation","classification":{"name":"Tumor","color":[102, 77, 179]}}},{"type":"Feature","id":"d02f0e03-8b32-4e28-b99d-2d20835f33cb","geometry":{"type":"Polygon","coordinates":[[[10240, 13760],[10280, 13824],[10336, 13800],[10336, 13744],[10256, 13704],[10240, 13760]]]},"properties":{"objectType":"annotation","classification":{"name":"Tumor","color":[102, 77, 179]}}},{"type":"Feature","id":"2a0cffa4-4182-4318-b713-4a63fff1d9f6","geometry":{"type":"Polygon","coordinates":[[[6728, 12232],[6728, 12304],[6768, 12328],[6808, 12328],[6792, 12392],[6872, 12416],[6888, 12368],[6928, 12376],[7000, 12320],[6984, 12304],[7008, 12224],[7024, 12200],[7000, 12200],[6992, 12168],[7024, 12144],[7000, 12128],[7008, 12088],[7096, 12088],[7112, 12048],[7152, 12008],[7144, 11904],[7064, 11904],[7000, 11952],[6976, 11944],[6976, 11984],[6960, 12040],[6928, 12048],[6920, 12016],[6888, 11984],[6888, 11960],[6856, 11936],[6824, 11888],[6768, 11896],[6752, 11920],[6752, 12040],[6768, 12088],[6840, 12144],[6840, 12184],[6856, 12192],[6856, 12248],[6832, 12272],[6824, 12240],[6768, 12208],[6728, 12232]]]},"properties":{"objectType":"annotation","classification":{"name":"Tumor","color":[102, 77, 179]}}},{"type":"Feature","id":"573dfdab-4b90-4aeb-9410-4e7159754644","geometry":{"type":"Polygon","coordinates":[[[15672, 8936],[15672, 8984],[15728, 9000],[15760, 8928],[15736, 8904],[15672, 8936]]]},"properties":{"objectType":"annotation","classification":{"name":"Tumor","color":[102, 77, 179]}}},{"type":"Feature","id":"1bc24f4d-af86-45b5-b4a4-847b126fd1f5","geometry":{"type":"Polygon","coordinates":[[[6984, 11400],[7040, 11480],[7160, 11472],[7224, 11376],[7224, 11256],[7192, 11200],[7096, 11192],[7008, 11264],[6984, 11400]]]},"properties":{"objectType":"annotation","classification":{"name":"Tumor","color":[102, 77, 179]}}},{"type":"Feature","id":"62039aa4-fc19-4635-aff4-971ca5066f7e","geometry":{"type":"Polygon","coordinates":[[[17496, 5712],[17496, 5760],[17512, 5768],[17512, 5808],[17528, 5832],[17528, 5872],[17536, 5928],[17592, 5928],[17592, 5936],[17632, 5936],[17624, 5960],[17640, 5960],[17656, 5936],[17680, 5936],[17680, 5920],[17712, 5920],[17712, 5904],[17696, 5896],[17696, 5856],[17688, 5832],[17712, 5840],[17696, 5824],[17688, 5768],[17664, 5744],[17664, 5680],[17656, 5664],[17616, 5664],[17584, 5648],[17504, 5696],[17496, 5712]]]},"properties":{"objectType":"annotation","classification":{"name":"Tumor","color":[102, 77, 179]}}},{"type":"Feature","id":"bc82cc03-71e9-40c0-bfe4-563b057d9ca4","geometry":{"type":"Polygon","coordinates":[[[15400, 1656],[15416, 1760],[15408, 1832],[15432, 1840],[15456, 1920],[15552, 2040],[15600, 2040],[15680, 2080],[15808, 2080],[15872, 2152],[15920, 2152],[15952, 2176],[16072, 2168],[16112, 2200],[16144, 2248],[16208, 2256],[16256, 2248],[16320, 2264],[16360, 2232],[16360, 2192],[16384, 2152],[16376, 2048],[16328, 1984],[16280, 1992],[16224, 1936],[16168, 1936],[16128, 1912],[16048, 1912],[15976, 1944],[15968, 1888],[15904, 1880],[15856, 1816],[15800, 1784],[15752, 1784],[15728, 1752],[15712, 1768],[15592, 1744],[15616, 1696],[15624, 1632],[15600, 1616],[15560, 1544],[15488, 1544],[15440, 1568],[15432, 1632],[15400, 1656]]]},"properties":{"objectType":"annotation","classification":{"name":"Tumor","color":[102, 77, 179]}}},{"type":"Feature","id":"bd4ec352-24a4-4495-8eb4-ab0e51aff4ed","geometry":{"type":"Polygon","coordinates":[[[18864, 7472],[18960, 7472],[19032, 7400],[19080, 7400],[19080, 7248],[19008, 7208],[18880, 7256],[18864, 7472]]]},"properties":{"objectType":"annotation","classification":{"name":"Tumor","color":[102, 77, 179]}}},{"type":"Feature","id":"95853f3e-79c9-4936-bd41-b2d1416dd714","geometry":{"type":"Polygon","coordinates":[[[11927, 13326],[11942, 13413],[12106, 13517],[12092, 13645],[12114, 13788],[12154, 13820],[12226, 13803],[12294, 13690],[12324, 13515],[12279, 13395],[12189, 13282],[12174, 13192],[12114, 13080],[12007, 12988],[11964, 13027],[11964, 13143],[12009, 13237],[11927, 13326]]]},"properties":{"objectType":"annotation","classification":{"name":"Tumor","color":[102, 77, 179]}}},{"type":"Feature","id":"2491b393-ff7b-41f3-87c3-a4bddf2da725","geometry":{"type":"Polygon","coordinates":[[[12488, 8848],[12504, 8928],[12488, 8976],[12520, 8976],[12536, 9016],[12568, 9016],[12568, 8984],[12600, 8968],[12616, 8992],[12584, 9000],[12576, 9048],[12608, 9040],[12608, 9064],[12656, 9080],[12728, 9072],[12736, 9056],[12792, 9056],[12856, 9008],[12872, 8960],[12848, 8848],[12832, 8816],[12672, 8816],[12544, 8808],[12488, 8848]]]},"properties":{"objectType":"annotation","classification":{"name":"Tumor","color":[102, 77, 179]}}},{"type":"Feature","id":"b0057d6a-a5f9-4908-a187-835697bd0b8a","geometry":{"type":"Polygon","coordinates":[[[18096, 6888],[18136, 6960],[18232, 6968],[18296, 6920],[18296, 6864],[18328, 6864],[18320, 6968],[18376, 7040],[18440, 7032],[18440, 7056],[18504, 7040],[18536, 7000],[18544, 6912],[18480, 6808],[18448, 6792],[18360, 6792],[18312, 6840],[18320, 6752],[18296, 6752],[18296, 6696],[18216, 6752],[18184, 6848],[18096, 6888]]]},"properties":{"objectType":"annotation","classification":{"name":"Tumor","color":[102, 77, 179]}}},{"type":"Feature","id":"f0b9f077-5e8c-4f01-8bd6-03609a9046c9","geometry":{"type":"Polygon","coordinates":[[[15984, 5312],[15984, 5392],[16000, 5424],[16024, 5424],[16024, 5456],[16048, 5472],[16072, 5472],[16080, 5528],[16120, 5552],[16112, 5592],[16144, 5600],[16152, 5632],[16168, 5648],[16192, 5648],[16192, 5680],[16224, 5656],[16256, 5648],[16288, 5632],[16288, 5608],[16304, 5592],[16296, 5568],[16296, 5480],[16280, 5472],[16280, 5424],[16264, 5416],[16264, 5384],[16288, 5368],[16288, 5352],[16304, 5344],[16304, 5304],[16288, 5280],[16264, 5288],[16232, 5288],[16256, 5280],[16256, 5264],[16232, 5248],[16200, 5240],[16144, 5240],[16120, 5232],[16104, 5248],[16072, 5248],[16072, 5264],[16048, 5272],[15984, 5312]]]},"properties":{"objectType":"annotation","classification":{"name":"Tumor","color":[102, 77, 179]}}},{"type":"Feature","id":"330e25d7-6c50-4539-840d-83d079cdd42c","geometry":{"type":"Polygon","coordinates":[[[7312, 9032],[7328, 9144],[7400, 9192],[7448, 9192],[7512, 9152],[7520, 9240],[7544, 9296],[7584, 9296],[7592, 9328],[7688, 9296],[7720, 9232],[7744, 9224],[7744, 9152],[7704, 9120],[7632, 9112],[7624, 9088],[7528, 9112],[7552, 9064],[7544, 8976],[7480, 8928],[7400, 8928],[7384, 8960],[7344, 8936],[7344, 8992],[7312, 9032]]]},"properties":{"objectType":"annotation","classification":{"name":"Tumor","color":[102, 77, 179]}}},{"type":"Feature","id":"d9030a35-027e-4e73-9e54-9d3402215f72","geometry":{"type":"Polygon","coordinates":[[[14928, 2136],[14928, 2224],[14976, 2264],[14984, 2288],[15032, 2288],[15032, 2304],[15096, 2296],[15104, 2272],[15072, 2248],[15072, 2216],[15088, 2184],[15112, 2176],[15080, 2168],[15080, 2128],[15040, 2128],[15016, 2096],[14976, 2104],[14952, 2088],[14960, 2128],[14928, 2136]]]},"properties":{"objectType":"annotation","classification":{"name":"Tumor","color":[102, 77, 179]}}},{"type":"Feature","id":"bd814b9f-9580-4355-a23b-55618a1a285a","geometry":{"type":"Polygon","coordinates":[[[18048, 5736],[18048, 5800],[18080, 5880],[18128, 5880],[18160, 5864],[18192, 5792],[18232, 5784],[18256, 5800],[18256, 5832],[18216, 5848],[18216, 5888],[18168, 5888],[18152, 5928],[18152, 6000],[18192, 6048],[18224, 6040],[18240, 6072],[18264, 6024],[18304, 6024],[18288, 6056],[18304, 6064],[18328, 6032],[18344, 5984],[18384, 5976],[18384, 5992],[18424, 5968],[18392, 5952],[18384, 5896],[18400, 5896],[18448, 5848],[18488, 5856],[18512, 5840],[18528, 5864],[18504, 5880],[18512, 5920],[18488, 5936],[18496, 5984],[18520, 6016],[18544, 6016],[18528, 6048],[18504, 6040],[18504, 6008],[18456, 6024],[18408, 6008],[18408, 6184],[18424, 6216],[18472, 6232],[18488, 6200],[18544, 6168],[18544, 6232],[18576, 6256],[18600, 6240],[18672, 6232],[18672, 6296],[18760, 6344],[18800, 6336],[18840, 6312],[18872, 6360],[18912, 6360],[18920, 6376],[18960, 6376],[18992, 6344],[18992, 6272],[19024, 6232],[18992, 6208],[18992, 6232],[18968, 6200],[18968, 6168],[18992, 6160],[18968, 6112],[18944, 6136],[18904, 6136],[18896, 6120],[18784, 6120],[18736, 6144],[18704, 6176],[18648, 6152],[18616, 6104],[18600, 6056],[18552, 6056],[18560, 6024],[18632, 6016],[18728, 5944],[18728, 5960],[18784, 5968],[18776, 5984],[18840, 5992],[18880, 5976],[18896, 5904],[18888, 5856],[18920, 5840],[18944, 5808],[18944, 5768],[18928, 5744],[18848, 5744],[18824, 5752],[18824, 5784],[18776, 5824],[18736, 5816],[18720, 5840],[18688, 5800],[18672, 5816],[18616, 5808],[18544, 5848],[18496, 5784],[18456, 5784],[18440, 5744],[18408, 5744],[18408, 5776],[18344, 5784],[18336, 5704],[18312, 5704],[18312, 5632],[18280, 5632],[18272, 5608],[18248, 5624],[18152, 5640],[18096, 5680],[18048, 5736]]]},"properties":{"objectType":"annotation","classification":{"name":"Tumor","color":[102, 77, 179]}}},{"type":"Feature","id":"e9c3eec1-00f5-4f43-9f1c-1b6a27a06593","geometry":{"type":"Polygon","coordinates":[[[16240, 4296],[16240, 4344],[16264, 4384],[16288, 4400],[16312, 4472],[16296, 4488],[16320, 4496],[16320, 4520],[16352, 4536],[16352, 4568],[16368, 4576],[16368, 4624],[16392, 4632],[16392, 4664],[16416, 4672],[16432, 4704],[16464, 4728],[16464, 4744],[16560, 4744],[16600, 4752],[16632, 4720],[16632, 4624],[16616, 4624],[16616, 4576],[16584, 4544],[16584, 4512],[16544, 4488],[16536, 4456],[16552, 4448],[16624, 4448],[16664, 4424],[16664, 4408],[16728, 4384],[16744, 4408],[16808, 4416],[16808, 4360],[16872, 4360],[16888, 4344],[16888, 4288],[16904, 4280],[16840, 4280],[16816, 4296],[16768, 4296],[16760, 4272],[16744, 4288],[16696, 4288],[16688, 4264],[16624, 4272],[16592, 4248],[16536, 4280],[16512, 4280],[16496, 4320],[16448, 4344],[16448, 4368],[16408, 4352],[16392, 4328],[16288, 4288],[16240, 4296]]]},"properties":{"objectType":"annotation","classification":{"name":"Tumor","color":[102, 77, 179]}}},{"type":"Feature","id":"7779e32d-482c-4243-bc43-0648a701b0dc","geometry":{"type":"Polygon","coordinates":[[[5408, 11624],[5408, 11648],[5416, 11648],[5416, 11672],[5424, 11672],[5424, 11680],[5432, 11680],[5432, 11720],[5424, 11720],[5424, 11776],[5432, 11776],[5432, 11784],[5464, 11784],[5464, 11776],[5472, 11776],[5472, 11768],[5480, 11768],[5480, 11760],[5512, 11760],[5512, 11752],[5528, 11752],[5528, 11744],[5536, 11744],[5536, 11728],[5544, 11728],[5544, 11672],[5536, 11672],[5536, 11656],[5528, 11656],[5528, 11616],[5536, 11616],[5536, 11600],[5528, 11600],[5528, 11584],[5520, 11584],[5520, 11576],[5512, 11576],[5512, 11568],[5464, 11568],[5464, 11576],[5448, 11576],[5448, 11584],[5432, 11584],[5432, 11592],[5416, 11592],[5416, 11624],[5408, 11624]]]},"properties":{"objectType":"annotation","classification":{"name":"Ignore*","color":[180, 180, 180]}}},{"type":"Feature","id":"8a788818-2670-4268-a277-14e74574b783","geometry":{"type":"Polygon","coordinates":[[[11512, 15128],[11512, 15168],[11544, 15168],[11560, 15128],[11512, 15128]]]},"properties":{"objectType":"annotation","classification":{"name":"Tumor","color":[102, 77, 179]}}},{"type":"Feature","id":"584a1872-5481-418e-9d60-1140588d1c73","geometry":{"type":"Polygon","coordinates":[[[18216, 4408],[18216, 4480],[18240, 4520],[18264, 4528],[18264, 4544],[18296, 4552],[18312, 4576],[18280, 4584],[18288, 4600],[18272, 4616],[18272, 4664],[18264, 4664],[18264, 4736],[18280, 4760],[18304, 4768],[18312, 4808],[18424, 4832],[18448, 4816],[18480, 4816],[18480, 4792],[18496, 4784],[18496, 4704],[18504, 4688],[18528, 4680],[18496, 4680],[18496, 4664],[18464, 4640],[18464, 4624],[18440, 4632],[18424, 4616],[18392, 4560],[18408, 4560],[18408, 4528],[18432, 4520],[18432, 4480],[18456, 4464],[18448, 4440],[18448, 4400],[18440, 4384],[18416, 4384],[18424, 4336],[18392, 4320],[18360, 4320],[18352, 4296],[18296, 4312],[18288, 4336],[18264, 4336],[18264, 4360],[18248, 4360],[18240, 4392],[18216, 4408]]]},"properties":{"objectType":"annotation","classification":{"name":"Tumor","color":[102, 77, 179]}}},{"type":"Feature","id":"735e4726-7ed7-47da-8403-ae595e908ab7","geometry":{"type":"Polygon","coordinates":[[[20440, 8576],[20448, 8688],[20528, 8744],[20616, 8736],[20680, 8664],[20656, 8528],[20592, 8456],[20544, 8464],[20440, 8576]]]},"properties":{"objectType":"annotation","classification":{"name":"Tumor","color":[102, 77, 179]}}},{"type":"Feature","id":"2bd43bdc-b8a5-4211-8bbb-4926ab4bb38f","geometry":{"type":"Polygon","coordinates":[[[14720, 5656],[14776, 5712],[14784, 5744],[14832, 5768],[14928, 5768],[15000, 5800],[15072, 5816],[15144, 5808],[15240, 5744],[15240, 5648],[15224, 5616],[15176, 5592],[15208, 5560],[15216, 5512],[15264, 5512],[15232, 5488],[15216, 5440],[15176, 5392],[15128, 5384],[15120, 5336],[15072, 5304],[15032, 5304],[14944, 5400],[14896, 5400],[14904, 5424],[14824, 5456],[14736, 5528],[14752, 5592],[14728, 5600],[14720, 5656]]]},"properties":{"objectType":"annotation","classification":{"name":"Tumor","color":[102, 77, 179]}}},{"type":"Feature","id":"ac22bada-01d5-4256-969e-967e706abe13","geometry":{"type":"Polygon","coordinates":[[[18648, 5552],[18664, 5624],[18712, 5608],[18704, 5552],[18648, 5552]]]},"properties":{"objectType":"annotation","classification":{"name":"Tumor","color":[102, 77, 179]}}},{"type":"Feature","id":"e2669457-e373-4abc-8211-6d3746407dd7","geometry":{"type":"Polygon","coordinates":[[[9312, 16560],[9328, 16576],[9336, 16560],[9312, 16560]]]},"properties":{"objectType":"annotation","classification":{"name":"Tumor","color":[102, 77, 179]}}},{"type":"Feature","id":"5ea6b13b-c237-40b0-bc63-08107d993228","geometry":{"type":"Polygon","coordinates":[[[12104, 3864],[12128, 4056],[12176, 4080],[12192, 4136],[12272, 4208],[12416, 4192],[12552, 4144],[12544, 4112],[12632, 4152],[12696, 4144],[12752, 4088],[12760, 4024],[12720, 3920],[12624, 3864],[12592, 3800],[12496, 3744],[12304, 3728],[12160, 3792],[12104, 3864]]]},"properties":{"objectType":"annotation","classification":{"name":"Tumor","color":[102, 77, 179]}}},{"type":"Feature","id":"eb17c067-ef95-4b1e-b3a6-c4887d2ff877","geometry":{"type":"Polygon","coordinates":[[[16032, 9120],[16056, 9144],[16056, 9200],[16096, 9224],[16136, 9224],[16184, 9144],[16344, 9136],[16360, 9056],[16320, 9024],[16312, 8968],[16208, 9000],[16144, 8984],[16192, 8976],[16200, 8952],[16248, 8952],[16272, 8920],[16232, 8864],[16176, 8864],[16112, 8928],[16136, 8976],[16144, 9072],[16080, 9128],[16032, 9120]]]},"properties":{"objectType":"annotation","classification":{"name":"Tumor","color":[102, 77, 179]}}},{"type":"Feature","id":"c67434ca-00fd-4ffa-8620-c3bc17aed566","geometry":{"type":"Polygon","coordinates":[[[14912, 9096],[14960, 9168],[15000, 9168],[15008, 9200],[15064, 9216],[15080, 9240],[15080, 9200],[15136, 9176],[15176, 9176],[15200, 9144],[15200, 9096],[15168, 9016],[15128, 8984],[15096, 8936],[15048, 8912],[14968, 8912],[14936, 8936],[14944, 8968],[14920, 8992],[14912, 9096]]]},"properties":{"objectType":"annotation","classification":{"name":"Tumor","color":[102, 77, 179]}}},{"type":"Feature","id":"abdf204c-9bb4-4c0a-a244-71c8bc9e9470","geometry":{"type":"Polygon","coordinates":[[[18288, 4280],[18368, 4272],[18384, 4304],[18504, 4296],[18544, 4152],[18488, 4088],[18392, 4080],[18296, 4160],[18312, 4248],[18288, 4280]]]},"properties":{"objectType":"annotation","classification":{"name":"Tumor","color":[102, 77, 179]}}},{"type":"Feature","id":"c417d5a6-6391-4132-a970-08106f012c2d","geometry":{"type":"Polygon","coordinates":[[[4544, 8384],[4544, 8480],[4616, 8488],[4792, 8408],[4744, 8328],[4576, 8336],[4544, 8384]]]},"properties":{"objectType":"annotation","classification":{"name":"Tumor","color":[102, 77, 179]}}},{"type":"Feature","id":"75e02c6e-a148-42e0-9366-f9c671b19116","geometry":{"type":"Polygon","coordinates":[[[17736, 6000],[17736, 6032],[17704, 6056],[17696, 6080],[17664, 6080],[17656, 6120],[17608, 6160],[17568, 6184],[17552, 6216],[17552, 6304],[17600, 6336],[17624, 6344],[17640, 6328],[17664, 6328],[17688, 6312],[17688, 6496],[17648, 6496],[17640, 6520],[17608, 6528],[17592, 6568],[17576, 6576],[17576, 6640],[17568, 6688],[17576, 6688],[17576, 6744],[17592, 6776],[17576, 6800],[17552, 6792],[17528, 6840],[17512, 6848],[17512, 6872],[17496, 6920],[17480, 6936],[17504, 6936],[17504, 6976],[17520, 6992],[17528, 7040],[17552, 7056],[17552, 7088],[17520, 7112],[17496, 7160],[17496, 7296],[17520, 7328],[17520, 7344],[17576, 7352],[17616, 7328],[17616, 7304],[17656, 7264],[17664, 7224],[17680, 7224],[17680, 7152],[17712, 7088],[17720, 7048],[17720, 6992],[17712, 6952],[17728, 6936],[17704, 6936],[17704, 6880],[17728, 6880],[17728, 6896],[17752, 6912],[17752, 6936],[17800, 6952],[17800, 6968],[17840, 6968],[17848, 6912],[17864, 6912],[17864, 6856],[17856, 6856],[17856, 6808],[17848, 6808],[17848, 6744],[17824, 6704],[17824, 6672],[17808, 6656],[17808, 6600],[17800, 6600],[17800, 6552],[17808, 6536],[17864, 6488],[17872, 6464],[17928, 6464],[17976, 6432],[17976, 6384],[17960, 6376],[17944, 6336],[18008, 6344],[18040, 6336],[18064, 6312],[18088, 6312],[18080, 6344],[18048, 6352],[18048, 6368],[18024, 6368],[18008, 6400],[17984, 6424],[17976, 6480],[17992, 6480],[18016, 6504],[18080, 6496],[18088, 6528],[18064, 6528],[18080, 6544],[18080, 6568],[18096, 6576],[18104, 6608],[18136, 6624],[18136, 6656],[18184, 6656],[18208, 6664],[18208, 6648],[18248, 6640],[18248, 6616],[18264, 6608],[18264, 6496],[18256, 6480],[18280, 6480],[18288, 6464],[18320, 6456],[18344, 6424],[18344, 6336],[18328, 6296],[18304, 6280],[18304, 6264],[18256, 6264],[18232, 6240],[18168, 6232],[18160, 6248],[18120, 6256],[18136, 6144],[18152, 6136],[18136, 6120],[18144, 6088],[18088, 6072],[18048, 6080],[18000, 6080],[17976, 6104],[17928, 6128],[17928, 6144],[17896, 6168],[17896, 6184],[17864, 6184],[17880, 6216],[17856, 6208],[17792, 6208],[17792, 6216],[17744, 6232],[17760, 6192],[17824, 6176],[17864, 6160],[17928, 6104],[17928, 6080],[17944, 6064],[17944, 6040],[17928, 6016],[17896, 6008],[17800, 6008],[17760, 6016],[17736, 6000]],[[17736, 6240],[17736, 6256],[17720, 6264],[17736, 6240]]]},"properties":{"objectType":"annotation","classification":{"name":"Tumor","color":[102, 77, 179]}}},{"type":"Feature","id":"1b86410e-30cb-4e66-8892-b39b15dd1d1e","geometry":{"type":"Polygon","coordinates":[[[5696, 17792],[5744, 17856],[5744, 17896],[5784, 17896],[5952, 17768],[5984, 17712],[5976, 17592],[5904, 17536],[5840, 17544],[5768, 17600],[5704, 17672],[5696, 17792]]]},"properties":{"objectType":"annotation","classification":{"name":"Tumor","color":[102, 77, 179]}}},{"type":"Feature","id":"fb21e9b2-ba5d-4f28-bbb3-68b90cd015d6","geometry":{"type":"Polygon","coordinates":[[[15576, 3936],[15640, 3984],[15712, 3992],[15776, 3944],[15792, 3816],[15696, 3792],[15592, 3832],[15576, 3936]]]},"properties":{"objectType":"annotation","classification":{"name":"Tumor","color":[102, 77, 179]}}},{"type":"Feature","id":"30ba8799-d835-45b8-b9e5-f53a7f9d3b8e","geometry":{"type":"Polygon","coordinates":[[[10472, 12376],[10512, 12392],[10552, 12352],[10544, 12304],[10480, 12344],[10472, 12376]]]},"properties":{"objectType":"annotation","classification":{"name":"Tumor","color":[102, 77, 179]}}},{"type":"Feature","id":"8a139dd4-7a8b-4a42-a16c-a54fcddc573a","geometry":{"type":"Polygon","coordinates":[[[15408, 2440],[15528, 2448],[15576, 2352],[15568, 2296],[15432, 2280],[15408, 2440]]]},"properties":{"objectType":"annotation","classification":{"name":"Tumor","color":[102, 77, 179]}}},{"type":"Feature","id":"6b527310-840a-429c-9fd7-8d855b599038","geometry":{"type":"Polygon","coordinates":[[[11168, 6000],[11168, 6088],[11192, 6152],[11224, 6192],[11280, 6224],[11368, 6136],[11368, 6056],[11352, 6032],[11344, 5952],[11360, 5944],[11384, 6048],[11416, 6088],[11496, 6088],[11528, 6032],[11520, 5960],[11624, 5944],[11624, 5880],[11608, 5848],[11544, 5856],[11512, 5888],[11464, 5864],[11456, 5832],[11408, 5824],[11368, 5864],[11344, 5840],[11312, 5848],[11336, 5872],[11328, 5904],[11240, 5928],[11192, 5960],[11168, 6000]]]},"properties":{"objectType":"annotation","classification":{"name":"Tumor","color":[102, 77, 179]}}},{"type":"Feature","id":"b334d503-dc3f-48ed-bc62-d778c40ff69a","geometry":{"type":"Polygon","coordinates":[[[16208, 3560],[16184, 3584],[16184, 3600],[16160, 3624],[16152, 3664],[16152, 3728],[16160, 3752],[16192, 3776],[16176, 3808],[16152, 3792],[16120, 3792],[16128, 3848],[16120, 3880],[16136, 3896],[16136, 3928],[16168, 3952],[16176, 3976],[16272, 3992],[16272, 4000],[16488, 4000],[16488, 4032],[16504, 4040],[16504, 4008],[16528, 3992],[16560, 3992],[16576, 4016],[16568, 3992],[16576, 3952],[16576, 3904],[16520, 3856],[16504, 3824],[16464, 3808],[16448, 3768],[16424, 3776],[16392, 3768],[16392, 3696],[16416, 3696],[16416, 3664],[16440, 3672],[16448, 3744],[16472, 3776],[16592, 3776],[16616, 3728],[16656, 3728],[16664, 3704],[16624, 3696],[16624, 3656],[16608, 3640],[16592, 3648],[16584, 3632],[16560, 3632],[16544, 3600],[16496, 3600],[16464, 3608],[16464, 3624],[16424, 3648],[16400, 3672],[16384, 3664],[16376, 3632],[16360, 3624],[16352, 3584],[16328, 3584],[16304, 3560],[16208, 3560]],[[16440, 3648],[16440, 3656],[16432, 3656],[16440, 3648]]]},"properties":{"objectType":"annotation","classification":{"name":"Tumor","color":[102, 77, 179]}}},{"type":"Feature","id":"ff7b0b6e-d892-400a-bf89-b0ab73e6def7","geometry":{"type":"Polygon","coordinates":[[[11000, 5784],[11024, 5880],[11016, 6000],[11048, 6024],[11120, 6016],[11184, 5904],[11168, 5840],[11192, 5816],[11296, 5864],[11344, 5800],[11368, 5824],[11376, 5688],[11320, 5640],[11240, 5640],[11208, 5664],[11152, 5624],[11040, 5632],[11032, 5712],[11072, 5752],[11176, 5768],[11192, 5800],[11080, 5800],[11048, 5760],[11000, 5784]]]},"properties":{"objectType":"annotation","classification":{"name":"Tumor","color":[102, 77, 179]}}},{"type":"Feature","id":"1d8c1bd8-ee1a-4a43-90f6-00ccae4acf3c","geometry":{"type":"Polygon","coordinates":[[[6096, 18696],[6144, 18864],[6224, 18840],[6328, 18648],[6424, 18304],[6424, 18024],[6400, 17976],[6255, 17975],[6104, 18304],[6120, 18600],[6096, 18696]]]},"properties":{"objectType":"annotation","classification":{"name":"Tumor","color":[102, 77, 179]}}},{"type":"Feature","id":"0554ef14-f46e-488e-81dc-fc2f4c0ecad2","geometry":{"type":"Polygon","coordinates":[[[5912, 11536],[5912, 11576],[5920, 11576],[5920, 11584],[5928, 11584],[5928, 11600],[5936, 11600],[5936, 11608],[5944, 11608],[5944, 11616],[5952, 11616],[5952, 11624],[5960, 11624],[5960, 11640],[5968, 11640],[5968, 11648],[5976, 11648],[5976, 11656],[6008, 11656],[6008, 11648],[6024, 11648],[6024, 11640],[6032, 11640],[6032, 11632],[6040, 11632],[6040, 11616],[6048, 11616],[6048, 11592],[6040, 11592],[6040, 11552],[6032, 11552],[6032, 11536],[6024, 11536],[6024, 11528],[6016, 11528],[6016, 11520],[6000, 11520],[6000, 11512],[5984, 11512],[5984, 11504],[5968, 11504],[5968, 11512],[5952, 11512],[5952, 11520],[5936, 11520],[5936, 11528],[5920, 11528],[5920, 11536],[5912, 11536]]]},"properties":{"objectType":"annotation","classification":{"name":"Ignore*","color":[180, 180, 180]}}},{"type":"Feature","id":"790a4bd7-4ec4-4cd5-9fe4-f7b0012b6b14","geometry":{"type":"Polygon","coordinates":[[[8744, 6408],[8744, 6496],[8792, 6544],[8880, 6552],[8944, 6472],[8944, 6400],[8880, 6344],[8808, 6344],[8744, 6408]]]},"properties":{"objectType":"annotation","classification":{"name":"Tumor","color":[102, 77, 179]}}},{"type":"Feature","id":"23b916f6-c07a-4446-8721-e7fe82d6010b","geometry":{"type":"Polygon","coordinates":[[[17304, 4760],[17328, 4776],[17320, 4832],[17344, 4872],[17376, 4872],[17384, 4904],[17424, 4936],[17480, 4928],[17456, 4976],[17528, 4936],[17528, 4920],[17576, 4896],[17600, 4864],[17600, 4792],[17624, 4792],[17632, 4744],[17648, 4744],[17648, 4680],[17624, 4624],[17632, 4560],[17584, 4560],[17536, 4512],[17448, 4512],[17448, 4544],[17424, 4528],[17352, 4568],[17312, 4632],[17304, 4760]]]},"properties":{"objectType":"annotation","classification":{"name":"Tumor","color":[102, 77, 179]}}},{"type":"Feature","id":"d8b0f263-e6cc-4271-b97d-ac49e492dd47","geometry":{"type":"Polygon","coordinates":[[[3832, 10488],[3896, 10576],[3984, 10568],[4040, 10480],[4096, 10480],[4160, 10432],[4152, 10360],[4080, 10336],[4064, 10360],[3952, 10376],[3864, 10488],[3832, 10488]]]},"properties":{"objectType":"annotation","classification":{"name":"Tumor","color":[102, 77, 179]}}},{"type":"Feature","id":"2b6bd35d-b716-489d-814f-e5318deab8b0","geometry":{"type":"Polygon","coordinates":[[[19432, 10024],[19440, 10160],[19448, 10160],[19448, 10256],[19440, 10304],[19464, 10320],[19472, 10368],[19512, 10408],[19544, 10480],[19608, 10480],[19640, 10512],[19640, 10544],[19680, 10536],[19704, 10576],[19736, 10576],[19728, 10520],[19768, 10504],[19784, 10536],[19816, 10552],[19864, 10552],[19864, 10568],[19920, 10568],[19952, 10600],[20032, 10600],[20064, 10560],[20056, 10504],[20024, 10472],[19984, 10472],[19920, 10432],[19912, 10408],[19856, 10376],[19776, 10352],[19776, 10328],[19744, 10336],[19728, 10264],[19760, 10240],[19768, 10192],[19784, 10184],[19760, 10136],[19744, 10136],[19736, 10096],[19696, 10080],[19688, 10032],[19672, 10024],[19664, 9976],[19632, 9952],[19624, 9920],[19608, 9936],[19528, 9888],[19496, 9848],[19456, 9872],[19448, 9976],[19432, 10024]]]},"properties":{"objectType":"annotation","classification":{"name":"Tumor","color":[102, 77, 179]}}},{"type":"Feature","id":"6c0a36c5-f8e1-4034-a268-aec1c8dc8c22","geometry":{"type":"Polygon","coordinates":[[[11440, 12672],[11520, 12760],[11752, 12752],[11816, 12720],[11800, 12656],[11760.76, 12648],[11656, 12544],[11592, 12536],[11456, 12592],[11440, 12672]]]},"properties":{"objectType":"annotation","classification":{"name":"Tumor","color":[102, 77, 179]}}},{"type":"Feature","id":"bc51b561-5966-4820-b150-afd1df138946","geometry":{"type":"Polygon","coordinates":[[[17256, 6648],[17296, 6640],[17272, 6656],[17288, 6704],[17352, 6720],[17368, 6736],[17416, 6728],[17464, 6680],[17456, 6624],[17472, 6616],[17464, 6568],[17440, 6568],[17424, 6608],[17400, 6600],[17400, 6568],[17424, 6544],[17440, 6560],[17456, 6544],[17448, 6520],[17416, 6536],[17360, 6504],[17328, 6520],[17328, 6560],[17304, 6552],[17272, 6560],[17256, 6648]]]},"properties":{"objectType":"annotation","classification":{"name":"Tumor","color":[102, 77, 179]}}},{"type":"Feature","id":"8f2a8cda-9712-4024-8570-76e99c46a042","geometry":{"type":"Polygon","coordinates":[[[4712, 10584],[4712, 10632],[4728, 10688],[4712, 10688],[4712, 10792],[4728, 10808],[4768, 10808],[4768, 10832],[4856, 10824],[4872, 10840],[4872, 10808],[4912, 10784],[4936, 10752],[4976, 10632],[5016, 10624],[5040, 10680],[5088, 10696],[5152, 10656],[5152, 10624],[5184, 10632],[5200, 10600],[5224, 10592],[5232, 10528],[5256, 10520],[5264, 10480],[5232, 10448],[5216, 10416],[5208, 10360],[5184, 10344],[5184, 10320],[5080, 10320],[5056, 10328],[5040, 10360],[5008, 10360],[5000, 10376],[4952, 10376],[4928, 10400],[4872, 10424],[4824, 10472],[4776, 10504],[4752, 10552],[4712, 10584]]]},"properties":{"objectType":"annotation","classification":{"name":"Tumor","color":[102, 77, 179]}}},{"type":"Feature","id":"74823d0f-0a78-4ba0-8cae-2f2bcf3e454f","geometry":{"type":"Polygon","coordinates":[[[11888, 14024],[11928, 14056],[12016, 14056],[12048, 14016],[12048, 13936],[11968, 13912],[11896, 13960],[11888, 14024]]]},"properties":{"objectType":"annotation","classification":{"name":"Tumor","color":[102, 77, 179]}}},{"type":"Feature","id":"c02b0036-6b9f-4ddf-9c68-91ef8852b9ac","geometry":{"type":"Polygon","coordinates":[[[5584, 20824],[5664, 20912],[5784, 20936],[5856, 20880],[5784, 20808],[5592, 20784],[5584, 20824]]]},"properties":{"objectType":"annotation","classification":{"name":"Tumor","color":[102, 77, 179]}}},{"type":"Feature","id":"4dfd08e1-41de-4880-9ecb-c9674042db0e","geometry":{"type":"Polygon","coordinates":[[[12632, 10384],[12640, 10408],[12664, 10384],[12632, 10384]]]},"properties":{"objectType":"annotation","classification":{"name":"Tumor","color":[102, 77, 179]}}},{"type":"Feature","id":"a2b04910-772b-4d29-808b-ff6d99fd745e","geometry":{"type":"Polygon","coordinates":[[[10432, 6168],[10432, 6272],[10488, 6312],[10576, 6312],[10632, 6280],[10624, 6192],[10648, 6184],[10656, 6224],[10688, 6248],[10808, 6240],[10808, 6216],[10872, 6224],[10912, 6248],[10920, 6288],[10976, 6336],[11016, 6352],[11096, 6352],[11152, 6320],[11200, 6264],[11200, 6216],[11152, 6112],[11120, 6112],[11112, 6080],[11032, 6112],[10984, 6112],[10944, 6160],[10912, 6136],[10912, 6080],[10848, 6024],[10800, 6032],[10760, 6064],[10760, 6096],[10728, 6120],[10720, 6056],[10656, 6064],[10608, 6088],[10624, 6176],[10600, 6120],[10536, 6056],[10472, 6088],[10432, 6168]]]},"properties":{"objectType":"annotation","classification":{"name":"Tumor","color":[102, 77, 179]}}},{"type":"Feature","id":"79784523-f915-4ffb-929c-4aa5764527dc","geometry":{"type":"Polygon","coordinates":[[[17120, 6248],[17136, 6248],[17136, 6232],[17120, 6248]]]},"properties":{"objectType":"annotation","classification":{"name":"Tumor","color":[102, 77, 179]}}},{"type":"Feature","id":"5890af0a-20db-499e-a932-95f62a674d27","geometry":{"type":"Polygon","coordinates":[[[9208, 9408],[9208, 9480],[9240, 9544],[9296, 9560],[9376, 9520],[9440, 9456],[9448, 9416],[9424, 9360],[9360, 9320],[9296, 9304],[9296, 9328],[9240, 9336],[9208, 9408]]]},"properties":{"objectType":"annotation","classification":{"name":"Tumor","color":[102, 77, 179]}}},{"type":"Feature","id":"fe2c1a7e-877f-44c4-8fa7-d61c102a0c1a","geometry":{"type":"Polygon","coordinates":[[[4496, 11280],[4504, 11344],[4608, 11360],[4664, 11304],[4664, 11280],[4736, 11296],[4784, 11240],[4808, 11184],[4808, 11088],[4752, 11056],[4832, 10968],[4808, 10888],[4736, 10856],[4664, 10888],[4664, 10984],[4744, 11032],[4696, 11048],[4656, 11032],[4656, 11000],[4560, 11056],[4544, 11184],[4600, 11200],[4640, 11256],[4528, 11224],[4496, 11280]],[[4688, 11056],[4696, 11048],[4696, 11056],[4688, 11056]]]},"properties":{"objectType":"annotation","classification":{"name":"Tumor","color":[102, 77, 179]}}},{"type":"Feature","id":"a952dfb3-c591-4326-83cc-8a304a4e217a","geometry":{"type":"Polygon","coordinates":[[[14544, 9184],[14544, 9256],[14584, 9272],[14616, 9312],[14640, 9312],[14648, 9336],[14632, 9352],[14656, 9352],[14664, 9312],[14760, 9312],[14760, 9304],[14816, 9304],[14824, 9288],[14856, 9288],[14880, 9272],[14888, 9232],[14904, 9232],[14896, 9168],[14856, 9144],[14856, 9096],[14824, 9088],[14800, 9064],[14760, 9064],[14752, 9096],[14760, 9112],[14744, 9144],[14720, 9160],[14688, 9152],[14680, 9104],[14704, 9112],[14720, 9080],[14672, 9088],[14632, 9128],[14616, 9120],[14624, 9152],[14568, 9152],[14544, 9184]]]},"properties":{"objectType":"annotation","classification":{"name":"Tumor","color":[102, 77, 179]}}},{"type":"Feature","id":"f42ce352-1776-4595-80af-93c4b00ef33e","geometry":{"type":"Polygon","coordinates":[[[13824, 10280],[13824, 10368],[13848, 10440],[13872, 10480],[13856, 10496],[13896, 10496],[13936, 10528],[13984, 10528],[14040, 10504],[14072, 10464],[14088, 10408],[14088, 10320],[14080, 10320],[14056, 10240],[13968, 10208],[13952, 10184],[13928, 10192],[13848, 10192],[13840, 10272],[13824, 10280]]]},"properties":{"objectType":"annotation","classification":{"name":"Tumor","color":[102, 77, 179]}}},{"type":"Feature","id":"03090e69-ac0d-4c60-afc1-82379ebbd402","geometry":{"type":"Polygon","coordinates":[[[15520, 4080],[15520, 4160],[15664, 4208],[15712, 4128],[15704, 4072],[15632, 4024],[15520, 4080]]]},"properties":{"objectType":"annotation","classification":{"name":"Tumor","color":[102, 77, 179]}}},{"type":"Feature","id":"46417da8-6bcc-4e43-84cc-0173459d363d","geometry":{"type":"Polygon","coordinates":[[[7296, 7048],[7376, 7096],[7424, 7040],[7400, 6976],[7432, 6976],[7416, 6912],[7344, 6936],[7296, 7048]]]},"properties":{"objectType":"annotation","classification":{"name":"Tumor","color":[102, 77, 179]}}},{"type":"Feature","id":"8e64a713-5468-4b42-8066-92a2c99d0734","geometry":{"type":"Polygon","coordinates":[[[21472, 9936],[21488, 9976],[21448, 9952],[21336, 9952],[21256, 9968],[21200, 10016],[21176, 10112],[21200, 10152],[21344, 10192],[21456, 10192],[21520, 10152],[21568, 10144],[21568, 10088],[21616, 10088],[21648, 10040],[21608, 10056],[21504, 9984],[21504, 9944],[21472, 9936]],[[21496, 9976],[21496, 9984],[21488, 9984],[21496, 9976]]]},"properties":{"objectType":"annotation","classification":{"name":"Tumor","color":[102, 77, 179]}}},{"type":"Feature","id":"e728ea33-e4a4-45f0-98e3-9a892533d5be","geometry":{"type":"Polygon","coordinates":[[[6064, 21680],[6152, 21752],[6232, 21736],[6264, 21672],[6216, 21600],[6072, 21640],[6064, 21680]]]},"properties":{"objectType":"annotation","classification":{"name":"Tumor","color":[102, 77, 179]}}},{"type":"Feature","id":"6fe27f5b-ae8e-4698-8ca2-55efc84cbf4d","geometry":{"type":"Polygon","coordinates":[[[3960, 11480],[4072, 11512],[4176, 11416],[4176, 11336],[4032, 11352],[3960, 11480]]]},"properties":{"objectType":"annotation","classification":{"name":"Tumor","color":[102, 77, 179]}}},{"type":"Feature","id":"420de22b-6f6e-414c-9245-e45a52b9c6f2","geometry":{"type":"Polygon","coordinates":[[[19112, 8440],[19176, 8448],[19176, 8472],[19352, 8456],[19432, 8432],[19432, 8376],[19456, 8376],[19520, 8432],[19600, 8392],[19608, 8288],[19640, 8264],[19640, 8216],[19592, 8184],[19624, 8264],[19584, 8280],[19568, 8248],[19512, 8248],[19400, 8208],[19408, 8288],[19320, 8240],[19232, 8248],[19208, 8336],[19144, 8368],[19120, 8344],[19112, 8440]]]},"properties":{"objectType":"annotation","classification":{"name":"Tumor","color":[102, 77, 179]}}},{"type":"Feature","id":"1d8cceeb-689a-498d-82c6-41f12f903782","geometry":{"type":"Polygon","coordinates":[[[20656, 7208],[20712, 7224],[20752, 7184],[20744, 7128],[20672, 7120],[20656, 7208]]]},"properties":{"objectType":"annotation","classification":{"name":"Tumor","color":[102, 77, 179]}}},{"type":"Feature","id":"9f2c572b-2b94-4ba4-9b79-b3cfab88f505","geometry":{"type":"Polygon","coordinates":[[[3616, 11192],[3672, 11216],[3648, 11248],[3728, 11248],[3680, 11136],[3624, 11136],[3616, 11192]]]},"properties":{"objectType":"annotation","classification":{"name":"Tumor","color":[102, 77, 179]}}},{"type":"Feature","id":"70d1fdf9-44f7-432d-bd49-681770d4af63","geometry":{"type":"Polygon","coordinates":[[[6120, 8848],[6136, 8880],[6216, 8880],[6248, 8840],[6232, 8784],[6176, 8784],[6120, 8848]]]},"properties":{"objectType":"annotation","classification":{"name":"Tumor","color":[102, 77, 179]}}},{"type":"Feature","id":"34a71286-ee8a-48a9-8b4f-928786a64e71","geometry":{"type":"Polygon","coordinates":[[[3608, 9592],[3704, 9552],[3744, 9472],[3688, 9448],[3616, 9528],[3608, 9592]]]},"properties":{"objectType":"annotation","classification":{"name":"Tumor","color":[102, 77, 179]}}},{"type":"Feature","id":"2ba5fdce-cfe7-4c9e-9558-43f780be8272","geometry":{"type":"Polygon","coordinates":[[[15672, 9072],[15672, 9104],[15720, 9112],[15728, 9064],[15672, 9072]]]},"properties":{"objectType":"annotation","classification":{"name":"Tumor","color":[102, 77, 179]}}},{"type":"Feature","id":"5e74ef03-53db-47fb-bb01-a7c8fb6be99b","geometry":{"type":"Polygon","coordinates":[[[5920, 11192],[5936, 11264],[5992, 11264],[6024, 11168],[5952, 11136],[5920, 11192]]]},"properties":{"objectType":"annotation","classification":{"name":"Tumor","color":[102, 77, 179]}}},{"type":"Feature","id":"c8444458-942b-46a1-9d6b-d7b1c578fab6","geometry":{"type":"Polygon","coordinates":[[[5760, 19936],[5760, 20024],[5816, 20072],[5896, 20064],[5952, 20008],[5984, 19952],[5992, 19880],[6056, 19848],[6144, 19840],[6168, 19880],[6184, 19864],[6264, 19872],[6288, 19840],[6296, 19784],[6272, 19752],[6192, 19728],[6136, 19688],[6072, 19688],[6016, 19736],[5968, 19712],[5896, 19824],[5864, 19848],[5800, 19856],[5760, 19936]]]},"properties":{"objectType":"annotation","classification":{"name":"Tumor","color":[102, 77, 179]}}},{"type":"Feature","id":"a0b90ce7-54e5-4730-b6c2-16bcc268bab7","geometry":{"type":"Polygon","coordinates":[[[9744, 16888],[9752, 16888],[9752, 16880],[9744, 16888]]]},"properties":{"objectType":"annotation","classification":{"name":"Tumor","color":[102, 77, 179]}}},{"type":"Feature","id":"961cd0db-1ea9-4f5b-87c3-84b284dd9de9","geometry":{"type":"Polygon","coordinates":[[[3896, 9136],[3944, 9096],[3912, 9064],[3896, 9136]]]},"properties":{"objectType":"annotation","classification":{"name":"Tumor","color":[102, 77, 179]}}},{"type":"Feature","id":"f8b7b5f9-db89-4404-9f92-bd0754ba9bbd","geometry":{"type":"Polygon","coordinates":[[[21696, 9880],[21712, 9888],[21712, 9864],[21696, 9880]]]},"properties":{"objectType":"annotation","classification":{"name":"Tumor","color":[102, 77, 179]}}},{"type":"Feature","id":"d06b7265-3dcc-4ae8-8cfe-8a5397fb44f8","geometry":{"type":"Polygon","coordinates":[[[5904, 11920],[5936, 11928],[5944, 11896],[5912, 11888],[5904, 11920]]]},"properties":{"objectType":"annotation","classification":{"name":"Tumor","color":[102, 77, 179]}}},{"type":"Feature","id":"864abfef-261b-4e1d-a4c8-9a6b868b4102","geometry":{"type":"Polygon","coordinates":[[[10208, 8640],[10208, 8768],[10344, 8896],[10456, 8880],[10560, 8752],[10560, 8624],[10528, 8584],[10376, 8576],[10296, 8536],[10208, 8640]]]},"properties":{"objectType":"annotation","classification":{"name":"Tumor","color":[102, 77, 179]}}},{"type":"Feature","id":"c39745b8-1fc6-40d0-aeb5-67ea7829f417","geometry":{"type":"Polygon","coordinates":[[[15824, 8768],[15856, 8800],[15952, 8792],[16016, 8720],[16024, 8624],[15872, 8632],[15832, 8664],[15824, 8768]]]},"properties":{"objectType":"annotation","classification":{"name":"Tumor","color":[102, 77, 179]}}},{"type":"Feature","id":"9b9db8ea-9e8f-4dc6-bb4f-7ff16e657faf","geometry":{"type":"Polygon","coordinates":[[[7752, 26800],[7752, 26872],[7784, 26848],[7784, 26792],[7752, 26800]]]},"properties":{"objectType":"annotation","classification":{"name":"Tumor","color":[102, 77, 179]}}},{"type":"Feature","id":"231950e8-1162-4220-b8a2-6a06cbc80032","geometry":{"type":"Polygon","coordinates":[[[21256, 9296],[21264, 9328],[21312, 9384],[21336, 9384],[21344, 9416],[21360, 9376],[21400, 9384],[21440, 9416],[21440, 9376],[21480, 9368],[21496, 9392],[21488, 9336],[21528, 9312],[21512, 9240],[21472, 9232],[21448, 9200],[21336, 9184],[21304, 9208],[21304, 9240],[21328, 9240],[21312, 9272],[21256, 9296]]]},"properties":{"objectType":"annotation","classification":{"name":"Tumor","color":[102, 77, 179]}}},{"type":"Feature","id":"2a4ed3e5-f812-4cff-a181-0e60fb1af13f","geometry":{"type":"Polygon","coordinates":[[[14824, 10400],[14840, 10424],[14840, 10488],[14872, 10512],[14896, 10552],[14944, 10560],[15016, 10528],[15016, 10464],[15024, 10448],[15048, 10472],[15112, 10456],[15112, 10472],[15144, 10480],[15160, 10448],[15192, 10448],[15168, 10432],[15176, 10400],[15200, 10400],[15200, 10368],[15216, 10336],[15256, 10312],[15264, 10336],[15240, 10376],[15240, 10400],[15216, 10416],[15272, 10464],[15360, 10464],[15368, 10432],[15392, 10416],[15392, 10400],[15424, 10376],[15440, 10352],[15440, 10296],[15456, 10296],[15456, 10272],[15424, 10280],[15408, 10264],[15376, 10208],[15352, 10208],[15336, 10240],[15304, 10240],[15272, 10264],[15272, 10200],[15304, 10144],[15312, 10096],[15328, 10080],[15328, 9992],[15352, 9984],[15328, 9984],[15296, 9952],[15296, 9928],[15216, 9880],[15192, 9872],[15096, 9872],[15048, 9920],[15040, 9960],[15024, 9976],[15008, 10064],[14984, 10072],[14984, 10120],[14960, 10120],[14968, 10160],[14944, 10184],[14936, 10224],[14968, 10256],[14944, 10280],[14952, 10344],[14928, 10368],[14888, 10360],[14856, 10400],[14824, 10400]]]},"properties":{"objectType":"annotation","classification":{"name":"Tumor","color":[102, 77, 179]}}},{"type":"Feature","id":"07a17940-62aa-42d6-935c-0f205243c698","geometry":{"type":"Polygon","coordinates":[[[5840, 9408],[5872, 9416],[5872, 9456],[5936, 9472],[5976, 9400],[6032, 9360],[6056, 9304],[6056, 9248],[6032, 9224],[5952, 9240],[5896, 9296],[5848, 9312],[5840, 9408]]]},"properties":{"objectType":"annotation","classification":{"name":"Tumor","color":[102, 77, 179]}}},{"type":"Feature","id":"0b0fa695-a7f8-43d4-b3ec-a753a02fd72f","geometry":{"type":"Polygon","coordinates":[[[20824, 9496],[20872, 9624],[21040, 9768],[21184, 9760],[21272, 9704],[21344, 9584],[21344, 9512],[21256, 9440],[21128, 9448],[21112, 9408],[20992, 9360],[20984, 9336],[20888, 9360],[20832, 9424],[20824, 9496]]]},"properties":{"objectType":"annotation","classification":{"name":"Tumor","color":[102, 77, 179]}}},{"type":"Feature","id":"9bffae22-24c9-4a7e-806a-f67ad4351738","geometry":{"type":"Polygon","coordinates":[[[6768, 9944],[6784, 10000],[6840, 10032],[6888, 10032],[6920, 10000],[6952, 9904],[6952, 9872],[6912, 9840],[6864, 9840],[6856, 9800],[6848, 9848],[6792, 9856],[6792, 9936],[6768, 9944]]]},"properties":{"objectType":"annotation","classification":{"name":"Tumor","color":[102, 77, 179]}}},{"type":"Feature","id":"cfbf577e-af3a-4d3a-bcd5-ecb72fc19279","geometry":{"type":"Polygon","coordinates":[[[15360, 9824],[15384, 9880],[15368, 9928],[15416, 10056],[15464, 10048],[15504, 10128],[15552, 10128],[15584, 10160],[15728, 10160],[15776, 10128],[15824, 10056],[15816, 9976],[15792, 9936],[15760, 9936],[15760, 9896],[15728, 9896],[15728, 9944],[15688, 9928],[15712, 9864],[15656, 9792],[15600, 9792],[15536, 9744],[15432, 9752],[15360, 9824]]]},"properties":{"objectType":"annotation","classification":{"name":"Tumor","color":[102, 77, 179]}}},{"type":"Feature","id":"6d4a6a45-9730-4f91-a808-9db6be32188a","geometry":{"type":"Polygon","coordinates":[[[13592, 8920],[13608, 8952],[13664, 8992],[13736, 8992],[13856, 8920],[13864, 8968],[13936, 9024],[14040, 9024],[14056, 9008],[14056, 8928],[14112, 8880],[14168, 9024],[14264, 9024],[14296, 8960],[14288, 8944],[14296, 8800],[14256, 8784],[14256, 8760],[14296, 8768],[14304, 8720],[14336, 8696],[14336, 8664],[14368, 8648],[14368, 8680],[14328, 8728],[14328, 8792],[14384, 8816],[14440, 8792],[14448, 8768],[14504, 8728],[14544, 8744],[14608, 8744],[14656, 8768],[14720, 8768],[14744, 8752],[14792, 8760],[14800, 8816],[14888, 8832],[14880, 8800],[14840, 8800],[14840, 8776],[14912, 8776],[14968, 8728],[14968, 8664],[14952, 8640],[14888, 8616],[14856, 8640],[14840, 8688],[14760, 8688],[14752, 8632],[14728, 8624],[14712, 8568],[14680, 8536],[14624, 8512],[14576, 8528],[14520, 8512],[14464, 8448],[14368, 8440],[14312, 8488],[14256, 8472],[14192, 8472],[14072, 8504],[14072, 8536],[13960, 8640],[13952, 8688],[13896, 8720],[13880, 8832],[13856, 8832],[13856, 8744],[13800, 8712],[13792, 8672],[13712, 8672],[13664, 8704],[13624, 8752],[13592, 8920]]]},"properties":{"objectType":"annotation","classification":{"name":"Tumor","color":[102, 77, 179]}}},{"type":"Feature","id":"6b879420-ba35-4974-a13d-114081a83e9d","geometry":{"type":"Polygon","coordinates":[[[10584, 8800],[10584, 8832],[10624, 8832],[10616, 8800],[10584, 8800]]]},"properties":{"objectType":"annotation","classification":{"name":"Tumor","color":[102, 77, 179]}}},{"type":"Feature","id":"d37833de-15f3-4d9d-950a-515a5e3ae28e","geometry":{"type":"Polygon","coordinates":[[[5784, 9496],[5784, 9520],[5832, 9536],[5832, 9584],[5864, 9608],[5872, 9632],[5928, 9640],[5960, 9600],[5960, 9536],[5944, 9496],[5848, 9480],[5848, 9504],[5808, 9512],[5784, 9496]]]},"properties":{"objectType":"annotation","classification":{"name":"Tumor","color":[102, 77, 179]}}},{"type":"Feature","id":"ec2d76c7-9dd0-4499-9d8f-c89a398296ec","geometry":{"type":"Polygon","coordinates":[[[5664, 11848],[5664, 11912],[5672, 11912],[5672, 11928],[5680, 11928],[5680, 11936],[5696, 11936],[5696, 11944],[5744, 11944],[5744, 11936],[5760, 11936],[5760, 11928],[5776, 11928],[5776, 11920],[5784, 11920],[5784, 11904],[5792, 11904],[5792, 11872],[5800, 11872],[5800, 11848],[5808, 11848],[5808, 11832],[5816, 11832],[5816, 11800],[5808, 11800],[5808, 11784],[5728, 11784],[5728, 11792],[5720, 11792],[5720, 11800],[5712, 11800],[5712, 11808],[5704, 11808],[5704, 11816],[5696, 11816],[5696, 11824],[5688, 11824],[5688, 11832],[5680, 11832],[5680, 11840],[5672, 11840],[5672, 11848],[5664, 11848]]]},"properties":{"objectType":"annotation","classification":{"name":"Ignore*","color":[180, 180, 180]}}},{"type":"Feature","id":"be56fe56-fd47-4cdd-86ed-3cb7e95495c8","geometry":{"type":"Polygon","coordinates":[[[10288, 17144],[10312, 17144],[10304, 17120],[10288, 17144]]]},"properties":{"objectType":"annotation","classification":{"name":"Tumor","color":[102, 77, 179]}}},{"type":"Feature","id":"c5faf484-2970-44ef-aa39-e88d8a39c06c","geometry":{"type":"Polygon","coordinates":[[[18464, 4528],[18464, 4568],[18496, 4600],[18528, 4600],[18512, 4648],[18544, 4672],[18592, 4664],[18640, 4616],[18632, 4728],[18680, 4768],[18736, 4776],[18760, 4760],[18760, 4712],[18784, 4704],[18760, 4608],[18736, 4584],[18760, 4560],[18784, 4584],[18784, 4552],[18824, 4576],[18824, 4608],[18856, 4632],[18864, 4664],[18944, 4680],[18976, 4648],[18992, 4560],[18960, 4504],[18960, 4472],[19016, 4456],[19032, 4480],[19080, 4480],[19128, 4464],[19144, 4400],[19064, 4392],[19024, 4376],[18984, 4328],[18960, 4336],[18968, 4392],[18944, 4392],[18936, 4352],[18912, 4344],[18832, 4264],[18736, 4256],[18672, 4304],[18656, 4336],[18488, 4448],[18488, 4488],[18464, 4528]]]},"properties":{"objectType":"annotation","classification":{"name":"Tumor","color":[102, 77, 179]}}},{"type":"Feature","id":"3b8e3efa-4722-4873-8505-930477e97740","geometry":{"type":"Polygon","coordinates":[[[12752, 6488],[12752, 6576],[12808, 6624],[12880, 6616],[12928, 6592],[12936, 6568],[12984, 6520],[12976, 6400],[13016, 6352],[13048, 6344],[13048, 6320],[13080, 6304],[13072, 6184],[13056, 6120],[12992, 6104],[12944, 6128],[12928, 6200],[12872, 6320],[12840, 6336],[12856, 6400],[12832, 6416],[12832, 6384],[12792, 6408],[12776, 6464],[12752, 6488]]]},"properties":{"objectType":"annotation","classification":{"name":"Tumor","color":[102, 77, 179]}}},{"type":"Feature","id":"87fad09f-623a-4c64-9418-de39e80251ad","geometry":{"type":"Polygon","coordinates":[[[4312, 20680],[4312, 20712],[4344, 20712],[4344, 20680],[4312, 20680]]]},"properties":{"objectType":"annotation","classification":{"name":"Tumor","color":[102, 77, 179]}}},{"type":"Feature","id":"594e2b28-18a0-43aa-bd89-966179549acb","geometry":{"type":"Polygon","coordinates":[[[15280, 2032],[15296, 2088],[15368, 2080],[15352, 2008],[15280, 2032]]]},"properties":{"objectType":"annotation","classification":{"name":"Tumor","color":[102, 77, 179]}}},{"type":"Feature","id":"e2f56251-e25b-4591-93e4-bdb24a3368a3","geometry":{"type":"Polygon","coordinates":[[[13400, 6064],[13424, 6168],[13536, 6192],[13600, 6136],[13616, 6016],[13488, 5992],[13400, 6064]]]},"properties":{"objectType":"annotation","classification":{"name":"Tumor","color":[102, 77, 179]}}},{"type":"Feature","id":"1a389ffa-779a-4eff-a168-08e7a4df65f4","geometry":{"type":"Polygon","coordinates":[[[5960, 8480],[5992, 8504],[5976, 8456],[5960, 8480]]]},"properties":{"objectType":"annotation","classification":{"name":"Tumor","color":[102, 77, 179]}}},{"type":"Feature","id":"d96d6471-08e4-46db-b389-07b9b3bcdb5f","geometry":{"type":"Polygon","coordinates":[[[10432, 10136],[10472, 10192],[10576, 10176],[10624, 10256],[10664, 10256],[10720, 10184],[10720, 10088],[10664, 10056],[10720, 9968],[10688, 9896],[10616, 9920],[10592, 10032],[10456, 10056],[10432, 10136]]]},"properties":{"objectType":"annotation","classification":{"name":"Tumor","color":[102, 77, 179]}}},{"type":"Feature","id":"21ea12ec-7d31-4691-b6c1-d3fff7d2803f","geometry":{"type":"Polygon","coordinates":[[[19480, 7896],[19512, 7976],[19512, 8072],[19608, 8144],[19688, 8120],[19720, 8048],[19704, 7984],[19712, 7856],[19656, 7800],[19576, 7800],[19544, 7872],[19512, 7848],[19512, 7912],[19480, 7896]]]},"properties":{"objectType":"annotation","classification":{"name":"Tumor","color":[102, 77, 179]}}},{"type":"Feature","id":"c488ff1b-2102-478e-9aea-3a09b2935f3b","geometry":{"type":"Polygon","coordinates":[[[10496, 13024],[10504, 13072],[10576, 13048],[10568, 13000],[10496, 13024]]]},"properties":{"objectType":"annotation","classification":{"name":"Tumor","color":[102, 77, 179]}}},{"type":"Feature","id":"91aec4c7-efc8-4432-869f-4e5af3788913","geometry":{"type":"Polygon","coordinates":[[[15888, 1704],[15896, 1776],[15984, 1824],[15992, 1760],[16032, 1760],[16048, 1816],[16144, 1816],[16200, 1712],[16192, 1624],[16144, 1592],[16040, 1600],[16016, 1688],[15944, 1672],[15888, 1704]]]},"properties":{"objectType":"annotation","classification":{"name":"Tumor","color":[102, 77, 179]}}},{"type":"Feature","id":"3b5477c3-7dca-4c96-8c30-8738efefecb3","geometry":{"type":"Polygon","coordinates":[[[6400, 21632],[6416, 21648],[6416, 21632],[6400, 21632]]]},"properties":{"objectType":"annotation","classification":{"name":"Tumor","color":[102, 77, 179]}}},{"type":"Feature","id":"cae53a45-c21c-4e43-a24d-c0912020c60c","geometry":{"type":"Polygon","coordinates":[[[15968, 7992],[15976, 8096],[15992, 8136],[16096, 8160],[16144, 8128],[16096, 8128],[16096, 8096],[16152, 8120],[16176, 8104],[16160, 8064],[16216, 8040],[16184, 8032],[16200, 7992],[16152, 8016],[16144, 7976],[16024, 7968],[15968, 7992]]]},"properties":{"objectType":"annotation","classification":{"name":"Tumor","color":[102, 77, 179]}}},{"type":"Feature","id":"1f7fb5d9-ec1e-4798-8202-5ea04f3d3b52","geometry":{"type":"Polygon","coordinates":[[[7808, 9744],[7736, 9752],[7728, 9776],[7808, 9776],[7832, 9792],[7816, 9832],[7784, 9832],[7776, 9856],[7680, 9848],[7672, 9864],[7624, 9864],[7592, 9880],[7568, 9912],[7536, 9912],[7512, 9968],[7488, 9992],[7464, 9992],[7448, 10016],[7456, 10072],[7472, 10088],[7424, 10120],[7392, 10120],[7368, 10144],[7272, 10168],[7144, 10168],[7104, 10192],[7096, 10152],[7120, 10144],[7120, 10120],[7096, 10104],[7072, 10064],[7056, 10088],[6944, 10072],[6856, 10072],[6848, 10040],[6832, 10072],[6800, 10080],[6792, 10112],[6768, 10120],[6744, 10176],[6744, 10248],[6760, 10288],[6784, 10312],[6864, 10312],[6872, 10288],[6904, 10288],[6984, 10256],[6984, 10280],[6960, 10304],[6920, 10312],[6912, 10336],[6864, 10344],[6816, 10376],[6768, 10392],[6760, 10416],[6712, 10456],[6688, 10504],[6656, 10528],[6656, 10568],[6688, 10544],[6712, 10568],[6704, 10664],[6656, 10696],[6656, 10656],[6680, 10632],[6664, 10584],[6592, 10616],[6536, 10656],[6488, 10680],[6488, 10712],[6448, 10720],[6448, 10840],[6424, 10856],[6504, 10856],[6512, 10840],[6560, 10824],[6584, 10784],[6616, 10784],[6640, 10856],[6704, 10856],[6744, 10816],[6776, 10816],[6840, 10768],[6896, 10712],[6896, 10656],[6864, 10640],[6864, 10584],[6840, 10584],[6832, 10544],[6768, 10520],[6768, 10488],[6840, 10496],[6880, 10528],[6920, 10600],[6904, 10600],[6904, 10672],[6944, 10744],[6952, 10784],[6992, 10832],[7008, 10904],[6992, 10944],[6968, 10944],[6960, 10968],[6928, 10944],[6888, 10952],[6760, 10952],[6736, 10976],[6688, 10976],[6624, 11008],[6584, 11008],[6480, 11112],[6448, 11112],[6384, 11192],[6384, 11296],[6392, 11312],[6368, 11344],[6312, 11352],[6272, 11416],[6256, 11504],[6272, 11552],[6296, 11584],[6344, 11608],[6400, 11608],[6448, 11576],[6456, 11552],[6488, 11544],[6536, 11480],[6536, 11448],[6560, 11408],[6576, 11408],[6600, 11352],[6664, 11312],[6680, 11336],[6680, 11440],[6704, 11480],[6736, 11504],[6800, 11504],[6848, 11480],[6872, 11440],[6872, 11408],[6896, 11360],[6880, 11312],[6824, 11264],[6816, 11224],[6864, 11208],[6896, 11168],[6904, 11120],[6920, 11096],[6952, 11088],[7088, 11088],[7088, 11056],[7144, 11016],[7192, 11080],[7216, 11096],[7264, 11088],[7280, 11128],[7344, 11128],[7360, 11088],[7400, 11080],[7392, 11104],[7416, 11104],[7432, 11080],[7472, 11072],[7480, 11032],[7560, 11024],[7608, 10976],[7608, 10888],[7600, 10840],[7568, 10816],[7552, 10784],[7544, 10672],[7496, 10624],[7464, 10608],[7392, 10616],[7352, 10688],[7352, 10768],[7360, 10800],[7408, 10856],[7408, 10896],[7392, 10920],[7392, 10960],[7416, 10984],[7416, 11040],[7384, 10984],[7360, 10968],[7344, 10928],[7344, 10856],[7328, 10840],[7280, 10696],[7256, 10664],[7224, 10648],[7224, 10616],[7184, 10584],[7112, 10568],[7064, 10544],[7064, 10520],[7112, 10504],[7144, 10472],[7200, 10472],[7208, 10448],[7264, 10424],[7264, 10384],[7328, 10344],[7352, 10352],[7368, 10320],[7424, 10320],[7456, 10304],[7504, 10240],[7576, 10232],[7600, 10200],[7720, 10200],[7760, 10176],[7808, 10128],[7832, 10128],[7864, 10104],[7904, 10104],[7960, 10128],[7984, 10184],[8040, 10176],[8048, 10152],[8016, 10136],[8016, 10112],[7984, 10112],[7976, 10088],[8008, 10056],[8056, 10056],[8064, 10032],[8112, 10040],[8128, 10008],[8184, 9992],[8280, 9992],[8320, 9984],[8304, 9880],[8256, 9856],[8256, 9824],[8272, 9840],[8304, 9832],[8280, 9808],[8200, 9800],[8200, 9816],[8232, 9808],[8240, 9848],[8200, 9848],[8184, 9832],[8128, 9824],[8128, 9800],[8080, 9808],[8064, 9792],[8056, 9816],[8000, 9808],[7976, 9784],[7968, 9800],[7912, 9792],[7840, 9792],[7808, 9744]],[[7032, 10224],[7040, 10248],[7000, 10256],[7032, 10224]]]},"properties":{"objectType":"annotation","classification":{"name":"Tumor","color":[102, 77, 179]}}},{"type":"Feature","id":"a1833996-cd35-4d58-9cb2-4c5453eef438","geometry":{"type":"Polygon","coordinates":[[[7576, 18536],[7624, 18656],[7616, 18816],[7648, 18912],[7712, 19008],[7760, 19008],[7848, 18960],[7880, 18880],[7880, 18760],[7824, 18632],[7816, 18562],[7944, 18560],[7976, 18528],[7968, 18384],[7896, 18360],[7840, 18424],[7792, 18423],[7768, 18328],[7720, 18288],[7608, 18280],[7592, 18312],[7632, 18352],[7592, 18408],[7576, 18536]]]},"properties":{"objectType":"annotation","classification":{"name":"Tumor","color":[102, 77, 179]}}},{"type":"Feature","id":"c0390232-eb86-4b7b-a9d6-8e11ea73ce52","geometry":{"type":"Polygon","coordinates":[[[5992, 8528],[6064, 8568],[6040, 8528],[5992, 8528]]]},"properties":{"objectType":"annotation","classification":{"name":"Tumor","color":[102, 77, 179]}}},{"type":"Feature","id":"3760ced4-4b01-41b3-bc9a-cbcd16140299","geometry":{"type":"Polygon","coordinates":[[[4504, 9848],[4520, 9848],[4520, 9832],[4504, 9848]]]},"properties":{"objectType":"annotation","classification":{"name":"Tumor","color":[102, 77, 179]}}},{"type":"Feature","id":"1a140073-066c-40b2-8785-2e3d2151ae7d","geometry":{"type":"Polygon","coordinates":[[[7624, 8184],[7640, 8264],[7672, 8304],[7744, 8320],[7824, 8264],[7832, 8240],[7880, 8240],[7944, 8272],[7984, 8248],[8000, 8120],[8056, 8128],[8120, 8080],[8144, 8024],[8136, 7976],[8152, 7944],[8128, 7936],[8088, 7848],[7992, 7832],[7952, 7920],[7968, 8000],[7936, 7992],[7912, 8104],[7816, 8112],[7664, 8144],[7624, 8184]]]},"properties":{"objectType":"annotation","classification":{"name":"Tumor","color":[102, 77, 179]}}},{"type":"Feature","id":"b42be3fd-2f35-47b6-ace9-807b9fbca7be","geometry":{"type":"Polygon","coordinates":[[[15672, 6360],[15704, 6424],[15752, 6472],[15800, 6480],[15824, 6528],[15896, 6536],[15936, 6568],[15944, 6528],[15912, 6536],[15912, 6408],[15872, 6384],[15832, 6328],[15728, 6288],[15688, 6288],[15672, 6360]]]},"properties":{"objectType":"annotation","classification":{"name":"Tumor","color":[102, 77, 179]}}},{"type":"Feature","id":"7fe7ea02-073b-434b-a188-1ede98e79169","geometry":{"type":"Polygon","coordinates":[[[6259, 7677],[6274, 7732],[6372, 7770],[6428, 7855],[6529, 7837],[6544, 7747],[6639, 7675],[6679, 7687],[6712, 7760],[6768, 7808],[6827, 7817],[6894, 7787],[6957, 7663],[6942, 7530],[6853, 7495],[6714, 7577],[6602, 7307],[6520, 7255],[6463, 7255],[6424, 7294],[6439, 7392],[6351, 7412],[6289, 7482],[6297, 7609],[6259, 7677]]]},"properties":{"objectType":"annotation","classification":{"name":"Tumor","color":[102, 77, 179]}}},{"type":"Feature","id":"b0f8ce85-d15c-4b79-a84c-a0708891a733","geometry":{"type":"Polygon","coordinates":[[[10368, 11400],[10376, 11400],[10376, 11392],[10368, 11400]]]},"properties":{"objectType":"annotation","classification":{"name":"Tumor","color":[102, 77, 179]}}},{"type":"Feature","id":"98011c76-35f0-499d-a58b-f298856105b7","geometry":{"type":"Polygon","coordinates":[[[6248, 19216],[6280, 19208],[6288, 19264],[6336, 19344],[6368, 19360],[6360, 19408],[6384, 19408],[6384, 19440],[6416, 19440],[6424, 19472],[6456, 19496],[6472, 19544],[6496, 19584],[6520, 19592],[6560, 19560],[6624, 19552],[6616, 19520],[6632, 19448],[6656, 19440],[6664, 19472],[6680, 19472],[6672, 19360],[6656, 19368],[6640, 19344],[6608, 19328],[6568, 19240],[6520, 19200],[6504, 19160],[6440, 19112],[6408, 19064],[6384, 19048],[6304, 19048],[6280, 19096],[6280, 19200],[6248, 19216]]]},"properties":{"objectType":"annotation","classification":{"name":"Tumor","color":[102, 77, 179]}}},{"type":"Feature","id":"3bac513b-22d4-49d8-9864-e25422d0f03d","geometry":{"type":"Polygon","coordinates":[[[8824, 9704],[8824, 9768],[8872, 9856],[8968, 9848],[8984, 9920],[9024, 10008],[9104, 10072],[9200, 10056],[9256, 10008],[9280, 9968],[9296, 9984],[9336, 9840],[9352, 9832],[9352, 9760],[9312, 9704],[9224, 9656],[9104, 9648],[9080, 9664],[8864, 9664],[8824, 9704]]]},"properties":{"objectType":"annotation","classification":{"name":"Tumor","color":[102, 77, 179]}}},{"type":"Feature","id":"18e48cfd-da29-4f0c-b831-758d2c2c7480","geometry":{"type":"Polygon","coordinates":[[[6968, 7536],[6992, 7536],[7024, 7632],[7064, 7640],[7072, 7616],[7168, 7624],[7248, 7544],[7280, 7472],[7352, 7408],[7352, 7336],[7328, 7280],[7304, 7256],[7304, 7216],[7264, 7200],[7208, 7200],[7128, 7272],[7104, 7320],[7104, 7424],[7088, 7456],[7040, 7408],[6976, 7440],[6992, 7504],[6968, 7536]]]},"properties":{"objectType":"annotation","classification":{"name":"Tumor","color":[102, 77, 179]}}},{"type":"Feature","id":"245c0c40-6ea1-4641-867c-96cc5aa10b65","geometry":{"type":"Polygon","coordinates":[[[4696, 10384],[4712, 10464],[4784, 10464],[4824, 10408],[4808, 10360],[4736, 10336],[4696, 10384]]]},"properties":{"objectType":"annotation","classification":{"name":"Tumor","color":[102, 77, 179]}}},{"type":"Feature","id":"4a53aa82-50c4-4d8f-9597-1c2181cbce97","geometry":{"type":"Polygon","coordinates":[[[17272, 9688],[17328, 9792],[17416, 9848],[17600, 9880],[17672, 9848],[17848, 9824],[17912, 9784],[17912, 9712],[17856, 9656],[17664, 9584],[17672, 9496],[17584, 9424],[17512, 9408],[17352, 9440],[17280, 9496],[17272, 9688]]]},"properties":{"objectType":"annotation","classification":{"name":"Tumor","color":[102, 77, 179]}}},{"type":"Feature","id":"77ede0d6-4b7e-4d36-bf49-42138de7f081","geometry":{"type":"Polygon","coordinates":[[[4784, 17368],[4800, 17448],[4824, 17440],[4864, 17504],[4816, 17504],[4840, 17560],[4864, 17536],[4896, 17552],[4896, 17504],[4920, 17472],[4896, 17448],[4896, 17400],[4872, 17352],[4808, 17336],[4784, 17368]]]},"properties":{"objectType":"annotation","classification":{"name":"Tumor","color":[102, 77, 179]}}},{"type":"Feature","id":"77a459f8-0ed2-4c5a-9ad5-dcae66cb588c","geometry":{"type":"Polygon","coordinates":[[[15720, 9440],[15728, 9512],[15824, 9576],[15880, 9576],[15928, 9528],[15936, 9448],[15848, 9392],[15760, 9392],[15720, 9440]]]},"properties":{"objectType":"annotation","classification":{"name":"Tumor","color":[102, 77, 179]}}},{"type":"Feature","id":"4f39ecc3-554b-4e6e-8241-1d987e5266e3","geometry":{"type":"Polygon","coordinates":[[[4824, 9760],[4856, 9776],[4848, 9824],[4888, 9832],[4968, 9784],[4968, 9752],[5016, 9760],[5040, 9712],[5072, 9720],[5088, 9688],[5152, 9656],[5144, 9560],[5120, 9536],[5024, 9520],[4960, 9456],[4888, 9448],[4848, 9504],[4848, 9608],[4872, 9640],[4832, 9696],[4824, 9760]]]},"properties":{"objectType":"annotation","classification":{"name":"Tumor","color":[102, 77, 179]}}},{"type":"Feature","id":"20def4b4-481d-43db-90d7-0fda9d781524","geometry":{"type":"Polygon","coordinates":[[[5520, 21776],[5544, 21896],[5584, 21904],[5608, 21976],[5704, 22056],[5752, 22056],[5792, 22128],[5880, 22144],[6016, 22072],[6072, 21936],[6072, 21832],[6024, 21720],[5952, 21656],[5912, 21656],[5864, 21720],[5880, 21878.78],[5824, 21920],[5784, 21800],[5696, 21664],[5608, 21656],[5560, 21688],[5520, 21776]]]},"properties":{"objectType":"annotation","classification":{"name":"Tumor","color":[102, 77, 179]}}},{"type":"Feature","id":"cf117e86-b4b0-4c28-8391-de2fe5539d9b","geometry":{"type":"Polygon","coordinates":[[[10384, 5440],[10416, 5464],[10512, 5472],[10568, 5512],[10616, 5512],[10656, 5472],[10656, 5408],[10840, 5288],[10896, 5216],[10896, 5168],[10760, 5176],[10720, 5208],[10608, 5200],[10552, 5280],[10504, 5296],[10456, 5400],[10400, 5392],[10384, 5440]]]},"properties":{"objectType":"annotation","classification":{"name":"Tumor","color":[102, 77, 179]}}},{"type":"Feature","id":"64c1fa4b-52ca-44f8-887c-f3d37b9c98c5","geometry":{"type":"Polygon","coordinates":[[[5912, 12056],[5912, 12104],[5920, 12104],[5920, 12128],[5928, 12128],[5928, 12136],[5936, 12136],[5936, 12144],[5944, 12144],[5944, 12152],[5960, 12152],[5960, 12160],[6016, 12160],[6016, 12152],[6040, 12152],[6040, 12144],[6064, 12144],[6064, 12136],[6072, 12136],[6072, 12128],[6080, 12128],[6080, 12120],[6088, 12120],[6088, 12112],[6096, 12112],[6096, 12064],[6088, 12064],[6088, 12056],[6080, 12056],[6080, 12048],[6000, 12048],[6000, 12040],[5992, 12040],[5992, 12032],[5984, 12032],[5984, 12024],[5952, 12024],[5952, 12032],[5936, 12032],[5936, 12040],[5928, 12040],[5928, 12048],[5920, 12048],[5920, 12056],[5912, 12056]]]},"properties":{"objectType":"annotation","classification":{"name":"Ignore*","color":[180, 180, 180]}}},{"type":"Feature","id":"403fd067-e5ab-4904-a725-0d168b9aefdd","geometry":{"type":"Polygon","coordinates":[[[5384, 18440],[5480, 18520],[5576, 18496],[5600, 18384],[5560, 18304],[5488, 18304],[5400, 18352],[5384, 18440]]]},"properties":{"objectType":"annotation","classification":{"name":"Tumor","color":[102, 77, 179]}}},{"type":"Feature","id":"66ae2134-db91-4e46-b62c-62f915a15a3d","geometry":{"type":"Polygon","coordinates":[[[17312, 4184],[17312, 4224],[17328, 4240],[17328, 4288],[17352, 4304],[17320, 4304],[17368, 4352],[17416, 4352],[17424, 4368],[17488, 4360],[17520, 4328],[17544, 4328],[17552, 4304],[17552, 4240],[17560, 4240],[17560, 4184],[17568, 4160],[17536, 4136],[17536, 4096],[17520, 4072],[17544, 4080],[17552, 4104],[17600, 4152],[17624, 4152],[17576, 4088],[17600, 4088],[17632, 4056],[17640, 4032],[17696, 4024],[17712, 3976],[17696, 3968],[17648, 3888],[17672, 3888],[17672, 3832],[17632, 3808],[17640, 3752],[17608, 3728],[17608, 3696],[17576, 3664],[17568, 3640],[17528, 3632],[17456, 3632],[17432, 3624],[17440, 3672],[17384, 3680],[17384, 3704],[17440, 3704],[17440, 3744],[17464, 3744],[17496, 3768],[17496, 3808],[17512, 3816],[17512, 3848],[17528, 3864],[17488, 3936],[17464, 3928],[17456, 3952],[17488, 3960],[17480, 4032],[17504, 4056],[17456, 4056],[17456, 4072],[17416, 4072],[17400, 4048],[17392, 4096],[17352, 4104],[17344, 4152],[17328, 4136],[17328, 4176],[17312, 4184]]]},"properties":{"objectType":"annotation","classification":{"name":"Tumor","color":[102, 77, 179]}}},{"type":"Feature","id":"7aa0b899-9281-4741-875c-f62a22a45347","geometry":{"type":"Polygon","coordinates":[[[14568, 4160],[14600, 4232],[14720, 4240],[14824, 4192],[14888, 4080],[14880, 4032],[14816, 3992],[14680, 3992],[14600, 4040],[14568, 4160]]]},"properties":{"objectType":"annotation","classification":{"name":"Tumor","color":[102, 77, 179]}}},{"type":"Feature","id":"2577a41c-d0d9-40f2-a29f-ff7da23ed9be","geometry":{"type":"Polygon","coordinates":[[[19400, 8112],[19400, 8160],[19448, 8176],[19472, 8120],[19440, 8088],[19400, 8112]]]},"properties":{"objectType":"annotation","classification":{"name":"Tumor","color":[102, 77, 179]}}},{"type":"Feature","id":"debb50a3-d5c3-4ddf-993b-8d1e73be5710","geometry":{"type":"Polygon","coordinates":[[[16240, 2416],[16272, 2520],[16272, 2584],[16328, 2656],[16376, 2672],[16456, 2664],[16480, 2696],[16536, 2672],[16520, 2632],[16544, 2632],[16552, 2560],[16520, 2544],[16536, 2504],[16520, 2432],[16560, 2432],[16560, 2376],[16536, 2400],[16512, 2384],[16528, 2352],[16568, 2344],[16640, 2288],[16656, 2208],[16680, 2200],[16680, 2136],[16648, 2056],[16600, 2000],[16544, 2000],[16488, 2040],[16488, 2088],[16432, 2192],[16400, 2280],[16408, 2344],[16344, 2312],[16320, 2336],[16280, 2312],[16280, 2384],[16240, 2416]]]},"properties":{"objectType":"annotation","classification":{"name":"Tumor","color":[102, 77, 179]}}},{"type":"Feature","id":"eb1691ae-46cf-447f-aabb-6dc819920d63","geometry":{"type":"Polygon","coordinates":[[[7544, 10416],[7560, 10536],[7608, 10520],[7616, 10488],[7672, 10480],[7712, 10520],[7832, 10552],[7880, 10544],[7888, 10504],[7920, 10504],[7936, 10464],[7944, 10312],[7904, 10352],[7808, 10280],[7728, 10256],[7600, 10272],[7600, 10400],[7544, 10416]]]},"properties":{"objectType":"annotation","classification":{"name":"Tumor","color":[102, 77, 179]}}},{"type":"Feature","id":"b048de33-bc0a-462f-b5c4-9e135bff5a71","geometry":{"type":"Polygon","coordinates":[[[5128, 11584],[5128, 11592],[5144, 11592],[5144, 11584],[5128, 11584]]]},"properties":{"objectType":"annotation","classification":{"name":"Ignore*","color":[180, 180, 180]}}},{"type":"Feature","id":"033a0ac7-b33a-4391-aae9-813ed477a3d6","geometry":{"type":"Polygon","coordinates":[[[15928, 2888],[15960, 2968],[16120, 3016],[16200, 2952],[16160, 2848],[16112, 2816],[15984, 2816],[15928, 2888]]]},"properties":{"objectType":"annotation","classification":{"name":"Tumor","color":[102, 77, 179]}}},{"type":"Feature","id":"15c7f05a-3a05-4ebf-ab50-6283ae8db36e","geometry":{"type":"Polygon","coordinates":[[[15048, 3664],[15048, 3728],[15072, 3800],[15128, 3904],[15208, 3936],[15248, 3936],[15248, 3960],[15184, 3976],[15168, 4016],[15168, 4080],[15200, 4128],[15272, 4128],[15328, 4088],[15344, 4000],[15304, 3960],[15376, 3904],[15400, 3864],[15400, 3792],[15368, 3752],[15368, 3720],[15328, 3680],[15312, 3640],[15240, 3592],[15136, 3576],[15064, 3616],[15048, 3664]]]},"properties":{"objectType":"annotation","classification":{"name":"Tumor","color":[102, 77, 179]}}},{"type":"Feature","id":"47576081-441a-4772-8e57-5608a5de7c69","geometry":{"type":"Polygon","coordinates":[[[7360, 7192],[7384, 7224],[7480, 7224],[7488, 7248],[7528, 7240],[7688, 7240],[7656, 7160],[7696, 7104],[7696, 7056],[7608, 6984],[7616, 7016],[7544, 7024],[7440, 7112],[7448, 7160],[7376, 7160],[7360, 7192]]]},"properties":{"objectType":"annotation","classification":{"name":"Tumor","color":[102, 77, 179]}}},{"type":"Feature","id":"b941dd06-ea19-4a13-9524-5d1ad5da27b0","geometry":{"type":"Polygon","coordinates":[[[19800, 7864],[19832, 7896],[19952, 7928],[19976, 7976],[20072, 7984],[20080, 8016],[20160, 8024],[20240, 7992],[20248, 7928],[20272, 7920],[20224, 7880],[20120, 7848],[20104, 7720],[20064, 7688],[19976, 7704],[19808, 7792],[19800, 7864]]]},"properties":{"objectType":"annotation","classification":{"name":"Tumor","color":[102, 77, 179]}}},{"type":"Feature","id":"16b17125-a372-463e-b8ca-0c2575f6186b","geometry":{"type":"Polygon","coordinates":[[[15048, 8712],[15056, 8800],[15168, 8816],[15160, 8856],[15128, 8864],[15128, 8904],[15160, 8904],[15152, 8944],[15200, 8992],[15232, 9056],[15344, 9064],[15408, 9016],[15464, 9016],[15584, 8952],[15608, 8920],[15608, 8816],[15584, 8800],[15560, 8712],[15608, 8752],[15664, 8768],[15704, 8752],[15752, 8680],[15736, 8632],[15680, 8600],[15632, 8600],[15608, 8576],[15576, 8600],[15600, 8616],[15560, 8672],[15560, 8704],[15504, 8672],[15408, 8568],[15224, 8520],[15224, 8536],[15144, 8568],[15112, 8600],[15112, 8648],[15048, 8712]]]},"properties":{"objectType":"annotation","classification":{"name":"Tumor","color":[102, 77, 179]}}},{"type":"Feature","id":"976bf812-0d40-4a1b-9edc-dc0ab520d5d3","geometry":{"type":"Polygon","coordinates":[[[15664, 1624],[15680, 1680],[15744, 1720],[15792, 1720],[15840, 1672],[15848, 1616],[15832, 1528],[15848, 1512],[15816, 1496],[15712, 1472],[15712, 1536],[15672, 1560],[15664, 1624]],[[15824, 1528],[15832, 1520],[15832, 1528],[15824, 1528]]]},"properties":{"objectType":"annotation","classification":{"name":"Tumor","color":[102, 77, 179]}}},{"type":"Feature","id":"0a59be49-b6f4-4e44-8009-353627721c93","geometry":{"type":"Polygon","coordinates":[[[4488, 17560],[4488, 17624],[4504, 17656],[4568, 17704],[4664, 17704],[4720, 17656],[4712, 17584],[4768, 17560],[4688, 17584],[4680, 17640],[4600, 17648],[4552, 17616],[4584, 17584],[4648, 17600],[4672, 17584],[4672, 17536],[4704, 17504],[4672, 17488],[4576, 17488],[4528, 17504],[4488, 17560]]]},"properties":{"objectType":"annotation","classification":{"name":"Tumor","color":[102, 77, 179]}}},{"type":"Feature","id":"64cc1825-6c11-4d9e-a352-683800808ec0","geometry":{"type":"Polygon","coordinates":[[[18376, 5688],[18568, 5728],[18584, 5616],[18480, 5560],[18392, 5592],[18376, 5688]]]},"properties":{"objectType":"annotation","classification":{"name":"Tumor","color":[102, 77, 179]}}},{"type":"Feature","id":"8b20f8af-25bd-4aa0-922b-10b9cd20eb19","geometry":{"type":"Polygon","coordinates":[[[18592, 4856],[18592, 5000],[18688, 5088],[18792, 4992],[18808, 4904],[18784, 4848],[18672, 4808],[18592, 4856]]]},"properties":{"objectType":"annotation","classification":{"name":"Tumor","color":[102, 77, 179]}}},{"type":"Feature","id":"b0ab4208-dd88-41dc-b4c5-7735c4064806","geometry":{"type":"Polygon","coordinates":[[[17192, 6856],[17216, 6944],[17264, 6984],[17296, 6984],[17296, 7024],[17336, 7024],[17344, 7048],[17400, 7048],[17456, 7024],[17464, 7000],[17464, 6920],[17432, 6904],[17432, 6872],[17400, 6824],[17336, 6816],[17304, 6792],[17296, 6760],[17280, 6776],[17208, 6784],[17216, 6832],[17192, 6856]]]},"properties":{"objectType":"annotation","classification":{"name":"Tumor","color":[102, 77, 179]}}},{"type":"Feature","id":"f772a0b5-f4e6-4c12-bbcf-0fc4281f347b","geometry":{"type":"Polygon","coordinates":[[[3096, 11216],[3120, 11248],[3168, 11240],[3168, 11160],[3144, 11112],[3112, 11112],[3096, 11216]]]},"properties":{"objectType":"annotation","classification":{"name":"Tumor","color":[102, 77, 179]}}},{"type":"Feature","id":"598b3c31-2754-43e6-9452-a3483c68b5c4","geometry":{"type":"Polygon","coordinates":[[[4912, 10912],[4880, 10920],[4864, 11008],[4808, 11080],[4840, 11112],[4832, 11152],[4880, 11200],[4920, 11192],[4952, 11288],[5000, 11288],[5104, 11248],[5128, 11216],[5136, 11120],[5168, 11104],[5168, 11032],[5184, 11000],[5152, 11000],[5120, 10960],[5080, 10992],[5048, 10992],[5056, 10952],[5080, 10960],[5088, 10928],[5040, 10936],[5040, 10912],[4912, 10912]],[[5040, 11024],[5048, 11096],[4944, 11184],[5000, 11088],[5000, 11040],[5040, 11024]]]},"properties":{"objectType":"annotation","classification":{"name":"Tumor","color":[102, 77, 179]}}},{"type":"Feature","id":"9c684f82-d74a-4a35-958a-f387a94b8caa","geometry":{"type":"Polygon","coordinates":[[[14664, 8040],[14672, 8056],[14680, 8040],[14664, 8040]]]},"properties":{"objectType":"annotation","classification":{"name":"Tumor","color":[102, 77, 179]}}},{"type":"Feature","id":"f942c03f-9404-48d8-b8f5-6fa8feb48345","geometry":{"type":"Polygon","coordinates":[[[15856, 8216],[15856, 8256],[15896, 8224],[15880, 8200],[15856, 8216]]]},"properties":{"objectType":"annotation","classification":{"name":"Tumor","color":[102, 77, 179]}}},{"type":"Feature","id":"b4c56148-a965-49c1-9635-96fa23cb079c","geometry":{"type":"Polygon","coordinates":[[[5616, 11160],[5616, 11256],[5720, 11320],[5832, 11264],[5888, 11112],[5856, 11008],[5744, 10992],[5616, 11160]]]},"properties":{"objectType":"annotation","classification":{"name":"Tumor","color":[102, 77, 179]}}},{"type":"Feature","id":"58a3c53f-647e-44f7-93e8-19dfbe28946e","geometry":{"type":"Polygon","coordinates":[[[4424, 11872],[4424, 11992],[4496, 11992],[4608, 11912],[4648, 11808],[4608, 11744],[4472, 11776],[4424, 11872]]]},"properties":{"objectType":"annotation","classification":{"name":"Tumor","color":[102, 77, 179]}}},{"type":"Feature","id":"16560687-9ef6-4ebb-8fcb-a56c86e0e39e","geometry":{"type":"Polygon","coordinates":[[[16192, 9336],[16216, 9392],[16304, 9440],[16440, 9424],[16456, 9344],[16424, 9344],[16416, 9280],[16320, 9176],[16232, 9168],[16192, 9336]]]},"properties":{"objectType":"annotation","classification":{"name":"Tumor","color":[102, 77, 179]}}},{"type":"Feature","id":"7684f7d0-eaf6-473f-85f4-80e0d09e9a18","geometry":{"type":"Polygon","coordinates":[[[3280, 10080],[3280, 10104],[3296, 10088],[3280, 10080]]]},"properties":{"objectType":"annotation","classification":{"name":"Tumor","color":[102, 77, 179]}}},{"type":"Feature","id":"3d90f8b5-2920-4622-96d9-ff508441732b","geometry":{"type":"Polygon","coordinates":[[[11872, 6448],[11936, 6464],[11960, 6536],[12088, 6544],[12184, 6480],[12208, 6400],[12312, 6296],[12360, 6136],[12448, 6120],[12536, 6064],[12584, 5896],[12560, 5864],[12552, 5752],[12584, 5744],[12608, 5672],[12544, 5672],[12480, 5640],[12488, 5696],[12456, 5688],[12456, 5744],[12408, 5792],[12256, 5880],[12256, 5952],[12232, 5952],[12224, 6072],[12200, 6072],[12136, 6184],[12128, 6256],[11960, 6344],[11872, 6448]]]},"properties":{"objectType":"annotation","classification":{"name":"Tumor","color":[102, 77, 179]}}},{"type":"Feature","id":"04b16366-13b9-4b87-a042-595ee5e06004","geometry":{"type":"Polygon","coordinates":[[[11840, 4192],[11872, 4272],[11928, 4312],[12032, 4312],[12136, 4248],[12128, 4104],[12080, 4024],[12024, 3968],[11944, 3968],[11880, 4016],[11880, 4048],[11952, 4072],[11912, 4096],[11896, 4056],[11856, 4064],[11840, 4192]]]},"properties":{"objectType":"annotation","classification":{"name":"Tumor","color":[102, 77, 179]}}},{"type":"Feature","id":"a29d1910-2320-4486-9e6e-3f8838c47d93","geometry":{"type":"Polygon","coordinates":[[[8760, 6680],[8768, 6680],[8768, 6664],[8760, 6680]]]},"properties":{"objectType":"annotation","classification":{"name":"Tumor","color":[102, 77, 179]}}},{"type":"Feature","id":"739709ae-96f5-48c5-a18b-80e13341a2ed","geometry":{"type":"Polygon","coordinates":[[[15088, 8216],[15088, 8272],[15152, 8312],[15144, 8344],[15192, 8368],[15280, 8376],[15320, 8232],[15264, 8208],[15176, 8208],[15176, 8184],[15088, 8216]]]},"properties":{"objectType":"annotation","classification":{"name":"Tumor","color":[102, 77, 179]}}},{"type":"Feature","id":"cf558a73-d208-40e2-b249-94e29416e7bf","geometry":{"type":"Polygon","coordinates":[[[10248, 15760],[10256, 15824],[10296, 15792],[10296, 15744],[10248, 15760]]]},"properties":{"objectType":"annotation","classification":{"name":"Tumor","color":[102, 77, 179]}}},{"type":"Feature","id":"1e56fd50-9566-4a78-98b5-6ead24964105","geometry":{"type":"Polygon","coordinates":[[[14384, 9072],[14488, 9096],[14496, 9080],[14528, 9088],[14552, 9056],[14624, 9056],[14656, 9024],[14696, 9024],[14720, 9008],[14712, 8968],[14728, 8960],[14704, 8928],[14672, 8928],[14656, 8944],[14648, 8920],[14584, 8920],[14576, 8904],[14536, 8904],[14480, 8944],[14488, 8976],[14464, 9000],[14400, 9016],[14384, 9072]]]},"properties":{"objectType":"annotation","classification":{"name":"Tumor","color":[102, 77, 179]}}},{"type":"Feature","id":"1e4a163d-fd38-497e-9a48-3d99595756ac","geometry":{"type":"Polygon","coordinates":[[[15784, 9312],[15856, 9376],[15960, 9408],[15960, 9432],[16024, 9432],[16112, 9392],[16064, 9304],[15952, 9256],[15928, 9192],[15880, 9160],[15832, 9184],[15792, 9248],[15784, 9312]]]},"properties":{"objectType":"annotation","classification":{"name":"Tumor","color":[102, 77, 179]}}},{"type":"Feature","id":"ea088726-d6cc-458c-89df-05b96c518153","geometry":{"type":"Polygon","coordinates":[[[3952, 9280],[3952, 9312],[3992, 9328],[3992, 9272],[3952, 9280]]]},"properties":{"objectType":"annotation","classification":{"name":"Tumor","color":[102, 77, 179]}}},{"type":"Feature","id":"644f481e-8c40-4a02-9631-42a1a22c3e79","geometry":{"type":"Polygon","coordinates":[[[5512, 8800],[5584, 8784],[5528, 8736],[5512, 8800]]]},"properties":{"objectType":"annotation","classification":{"name":"Tumor","color":[102, 77, 179]}}},{"type":"Feature","id":"17638114-2ee2-46b2-90f0-c222d835caa6","geometry":{"type":"Polygon","coordinates":[[[5272, 12256],[5288, 12256],[5288, 12264],[5304, 12264],[5304, 12272],[5328, 12272],[5328, 12280],[5352, 12280],[5352, 12272],[5360, 12272],[5360, 12264],[5368, 12264],[5368, 12248],[5376, 12248],[5376, 12224],[5384, 12224],[5384, 12216],[5456, 12216],[5456, 12208],[5464, 12208],[5464, 12200],[5472, 12200],[5472, 12184],[5480, 12184],[5480, 12152],[5488, 12152],[5488, 12144],[5496, 12144],[5496, 12128],[5504, 12128],[5504, 12112],[5512, 12112],[5512, 12080],[5520, 12080],[5520, 12064],[5536, 12064],[5536, 12056],[5544, 12056],[5544, 12048],[5568, 12048],[5568, 12040],[5576, 12040],[5576, 11976],[5568, 11976],[5568, 11968],[5560, 11968],[5560, 11960],[5552, 11960],[5552, 11952],[5544, 11952],[5544, 11936],[5536, 11936],[5536, 11928],[5528, 11928],[5528, 11920],[5520, 11920],[5520, 11912],[5512, 11912],[5512, 11904],[5488, 11904],[5488, 11896],[5464, 11896],[5464, 11888],[5432, 11888],[5432, 11896],[5416, 11896],[5416, 11904],[5408, 11904],[5408, 11920],[5400, 11920],[5400, 11928],[5392, 11928],[5392, 11936],[5384, 11936],[5384, 11944],[5376, 11944],[5376, 11952],[5352, 11952],[5352, 11936],[5344, 11936],[5344, 11912],[5336, 11912],[5336, 11896],[5328, 11896],[5328, 11888],[5320, 11888],[5320, 11880],[5304, 11880],[5304, 11872],[5288, 11872],[5288, 11864],[5272, 11864],[5272, 11856],[5224, 11856],[5224, 11848],[5216, 11848],[5216, 11840],[5224, 11840],[5224, 11816],[5232, 11816],[5232, 11792],[5240, 11792],[5240, 11784],[5248, 11784],[5248, 11776],[5256, 11776],[5256, 11768],[5272, 11768],[5272, 11760],[5288, 11760],[5288, 11752],[5304, 11752],[5304, 11744],[5312, 11744],[5312, 11736],[5320, 11736],[5320, 11720],[5328, 11720],[5328, 11688],[5320, 11688],[5320, 11680],[5312, 11680],[5312, 11672],[5304, 11672],[5304, 11664],[5280, 11664],[5280, 11656],[5248, 11656],[5248, 11664],[5224, 11664],[5224, 11672],[5208, 11672],[5208, 11688],[5200, 11688],[5200, 11696],[5192, 11696],[5192, 11728],[5184, 11728],[5184, 11744],[5176, 11744],[5176, 11752],[5136, 11752],[5136, 11744],[5128, 11744],[5128, 11752],[5104, 11752],[5104, 11744],[5088, 11744],[5088, 11736],[5072, 11736],[5072, 11744],[5056, 11744],[5056, 11752],[5032, 11752],[5032, 11744],[4984, 11744],[4984, 11752],[4960, 11752],[4960, 11760],[4952, 11760],[4952, 11768],[4944, 11768],[4944, 11792],[4952, 11792],[4952, 11800],[4960, 11800],[4960, 11808],[4968, 11808],[4968, 11816],[4976, 11816],[4976, 11824],[4992, 11824],[4992, 11832],[5008, 11832],[5008, 11880],[5016, 11880],[5016, 11896],[5024, 11896],[5024, 11904],[5032, 11904],[5032, 11912],[5040, 11912],[5040, 11920],[5048, 11920],[5048, 11928],[5056, 11928],[5056, 11936],[5064, 11936],[5064, 11944],[5072, 11944],[5072, 11960],[5080, 11960],[5080, 11968],[5096, 11968],[5096, 11976],[5112, 11976],[5112, 11984],[5144, 11984],[5144, 11976],[5152, 11976],[5152, 11968],[5168, 11968],[5168, 11960],[5176, 11960],[5176, 11952],[5200, 11952],[5200, 11960],[5216, 11960],[5216, 11968],[5224, 11968],[5224, 11976],[5232, 11976],[5232, 11984],[5248, 11984],[5248, 11992],[5256, 11992],[5256, 12000],[5264, 12000],[5264, 12008],[5272, 12008],[5272, 12016],[5288, 12016],[5288, 12024],[5296, 12024],[5296, 12032],[5328, 12032],[5328, 12024],[5336, 12024],[5336, 12016],[5344, 12016],[5344, 12008],[5360, 12008],[5360, 12016],[5368, 12016],[5368, 12024],[5384, 12024],[5384, 12040],[5392, 12040],[5392, 12096],[5384, 12096],[5384, 12112],[5368, 12112],[5368, 12120],[5360, 12120],[5360, 12112],[5344, 12112],[5344, 12104],[5336, 12104],[5336, 12096],[5328, 12096],[5328, 12080],[5320, 12080],[5320, 12072],[5312, 12072],[5312, 12064],[5304, 12064],[5304, 12056],[5232, 12056],[5232, 12072],[5224, 12072],[5224, 12080],[5232, 12080],[5232, 12096],[5240, 12096],[5240, 12104],[5248, 12104],[5248, 12112],[5256, 12112],[5256, 12128],[5264, 12128],[5264, 12136],[5272, 12136],[5272, 12144],[5280, 12144],[5280, 12152],[5296, 12152],[5296, 12160],[5320, 12160],[5320, 12176],[5312, 12176],[5312, 12184],[5288, 12184],[5288, 12192],[5272, 12192],[5272, 12200],[5264, 12200],[5264, 12208],[5256, 12208],[5256, 12232],[5264, 12232],[5264, 12248],[5272, 12248],[5272, 12256]],[[5464, 12016],[5464, 12008],[5472, 12008],[5472, 12000],[5480, 12000],[5480, 12072],[5472, 12072],[5472, 12096],[5464, 12096],[5464, 12104],[5456, 12104],[5456, 12096],[5448, 12096],[5448, 12032],[5456, 12032],[5456, 12016],[5464, 12016]]]},"properties":{"objectType":"annotation","classification":{"name":"Ignore*","color":[180, 180, 180]}}},{"type":"Feature","id":"20ab0585-b40f-4fff-af67-82c71c135662","geometry":{"type":"Polygon","coordinates":[[[5944, 8368],[5992, 8368],[5992, 8304],[5952, 8312],[5944, 8368]]]},"properties":{"objectType":"annotation","classification":{"name":"Tumor","color":[102, 77, 179]}}},{"type":"Feature","id":"c6069fad-4e33-4ae9-8bf2-5e7a735acb74","geometry":{"type":"Polygon","coordinates":[[[14464, 10096],[14496, 10160],[14600, 10136],[14616, 10096],[14584, 10008],[14512, 10000],[14472, 10032],[14464, 10096]]]},"properties":{"objectType":"annotation","classification":{"name":"Tumor","color":[102, 77, 179]}}},{"type":"Feature","id":"3b11e06c-85a1-4747-96a4-9acedb1e5f0e","geometry":{"type":"Polygon","coordinates":[[[10280, 19896],[10280, 19928],[10312, 19928],[10320, 19896],[10280, 19896]]]},"properties":{"objectType":"annotation","classification":{"name":"Tumor","color":[102, 77, 179]}}},{"type":"Feature","id":"7798d991-6f59-4bcc-bc23-bcd9f8938f76","geometry":{"type":"Polygon","coordinates":[[[6504, 21192],[6568, 21296],[6784, 21384],[6904, 21384],[6968, 21344],[7000, 21208],[6864, 21096],[6680, 21064],[6504, 21192]]]},"properties":{"objectType":"annotation","classification":{"name":"Tumor","color":[102, 77, 179]}}},{"type":"Feature","id":"3bc6f109-56af-4e8e-bba5-7b9d8846fdc6","geometry":{"type":"Polygon","coordinates":[[[13688, 5160],[13760, 5248],[13872, 5256],[13896, 5216],[13872, 5064],[13744, 5040],[13696, 5080],[13688, 5160]]]},"properties":{"objectType":"annotation","classification":{"name":"Tumor","color":[102, 77, 179]}}},{"type":"Feature","id":"26d4ca45-454d-4b9b-a039-756858ed8933","geometry":{"type":"Polygon","coordinates":[[[6224, 9024],[6152, 9088],[6152, 9120],[6192, 9144],[6192, 9168],[6224, 9152],[6224, 9184],[6256, 9240],[6240, 9248],[6248, 9288],[6280, 9296],[6288, 9344],[6232, 9320],[6240, 9360],[6208, 9328],[6136, 9336],[6112, 9376],[6088, 9456],[6136, 9504],[6224, 9496],[6224, 9480],[6272, 9480],[6264, 9512],[6232, 9512],[6240, 9576],[6288, 9632],[6320, 9624],[6328, 9592],[6352, 9592],[6352, 9640],[6368, 9704],[6392, 9728],[6456, 9728],[6464, 9704],[6488, 9704],[6560, 9648],[6592, 9584],[6600, 9472],[6560, 9440],[6536, 9392],[6504, 9352],[6472, 9368],[6440, 9352],[6448, 9400],[6432, 9416],[6464, 9424],[6464, 9456],[6432, 9496],[6384, 9504],[6376, 9488],[6328, 9488],[6328, 9376],[6312, 9344],[6360, 9344],[6400, 9312],[6432, 9312],[6408, 9288],[6432, 9272],[6408, 9264],[6408, 9200],[6392, 9176],[6392, 9120],[6376, 9088],[6352, 9088],[6320, 9040],[6240, 9024],[6240, 9088],[6224, 9096],[6224, 9024]],[[6248, 9360],[6248, 9368],[6240, 9368],[6248, 9360]]]},"properties":{"objectType":"annotation","classification":{"name":"Tumor","color":[102, 77, 179]}}},{"type":"Feature","id":"009b23b5-41d8-4bea-a151-c54ce2b473ff","geometry":{"type":"Polygon","coordinates":[[[13952, 8048],[14000, 8088],[14024, 7984],[13984, 7976],[13952, 8048]]]},"properties":{"objectType":"annotation","classification":{"name":"Tumor","color":[102, 77, 179]}}},{"type":"Feature","id":"467f7f3b-9f44-4d1e-94e8-6b45a67f9848","geometry":{"type":"Polygon","coordinates":[[[8416, 10320],[8416, 10424],[8448, 10504],[8600, 10512],[8592, 10480],[8648, 10424],[8664, 10288],[8808, 10216],[8856, 10152],[8864, 10040],[8824, 9984],[8672, 9984],[8608, 10008],[8560, 10096],[8472, 10176],[8416, 10320]]]},"properties":{"objectType":"annotation","classification":{"name":"Tumor","color":[102, 77, 179]}}},{"type":"Feature","id":"25ad635b-e74e-4216-86a4-89e0077ffc08","geometry":{"type":"Polygon","coordinates":[[[7576, 15656],[7576, 15744],[7608, 15792],[7648, 15792],[7672, 15768],[7696, 15760],[7704, 15728],[7720, 15736],[7720, 15688],[7728, 15688],[7736, 15632],[7768, 15600],[7792, 15544],[7816, 15544],[7832, 15512],[7880, 15512],[7928, 15520],[7928, 15504],[7960, 15488],[7960, 15472],[7984, 15464],[7984, 15448],[8008, 15424],[8008, 15400],[8024, 15384],[8024, 15280],[8000, 15264],[7992, 15224],[7976, 15224],[7952, 15192],[7904, 15192],[7872, 15160],[7856, 15176],[7864, 15200],[7840, 15200],[7824, 15224],[7792, 15240],[7784, 15272],[7760, 15296],[7736, 15296],[7728, 15328],[7704, 15360],[7672, 15360],[7656, 15392],[7600, 15392],[7608, 15416],[7608, 15480],[7584, 15496],[7608, 15496],[7624, 15528],[7640, 15528],[7640, 15568],[7616, 15584],[7616, 15600],[7584, 15632],[7576, 15656]]]},"properties":{"objectType":"annotation","classification":{"name":"Tumor","color":[102, 77, 179]}}},{"type":"Feature","id":"1d4797c7-53b9-411c-b3b2-0cde23586ab9","geometry":{"type":"Polygon","coordinates":[[[8656, 6928],[8720, 6944],[8752, 6896],[8728, 6848],[8680, 6848],[8656, 6928]]]},"properties":{"objectType":"annotation","classification":{"name":"Tumor","color":[102, 77, 179]}}},{"type":"Feature","id":"25f9db74-e69f-4baa-8d1b-343744ed2cc1","geometry":{"type":"Polygon","coordinates":[[[17776, 9992],[17792, 10064],[17856, 10112],[17776, 10208],[17784, 10352],[17888, 10416],[17952, 10392],[17984, 10216],[17912, 10128],[18008, 10088],[18032, 9968],[18008, 9912],[17928, 9872],[17856, 9888],[17776, 9992]]]},"properties":{"objectType":"annotation","classification":{"name":"Tumor","color":[102, 77, 179]}}},{"type":"Feature","id":"87f4b689-2fc7-4171-a76b-7e199bf19edf","geometry":{"type":"Polygon","coordinates":[[[16112, 4224],[16128, 4232],[16136, 4256],[16168, 4256],[16192, 4240],[16200, 4216],[16240, 4216],[16248, 4232],[16272, 4240],[16328, 4240],[16328, 4232],[16360, 4232],[16384, 4208],[16416, 4200],[16432, 4168],[16432, 4128],[16424, 4128],[16424, 4096],[16416, 4096],[16392, 4064],[16360, 4064],[16360, 4056],[16272, 4056],[16272, 4064],[16208, 4088],[16200, 4112],[16176, 4104],[16192, 4120],[16192, 4152],[16152, 4152],[16136, 4176],[16120, 4176],[16112, 4224]]]},"properties":{"objectType":"annotation","classification":{"name":"Tumor","color":[102, 77, 179]}}},{"type":"Feature","id":"6ad03f8d-cb83-4181-9093-82c688657a10","geometry":{"type":"Polygon","coordinates":[[[20880, 7880],[20904, 7928],[20960, 7976],[21008, 7984],[21032, 8016],[21056, 8000],[21040, 7960],[21056, 7928],[21032, 7832],[20904, 7832],[20880, 7880]]]},"properties":{"objectType":"annotation","classification":{"name":"Tumor","color":[102, 77, 179]}}},{"type":"Feature","id":"d51ab5ce-ebe7-475a-84b3-12deec6b50ea","geometry":{"type":"Polygon","coordinates":[[[4904, 11448],[4984, 11544],[5048, 11536],[5088, 11488],[5072, 11368],[4976, 11336],[4912, 11392],[4904, 11448]]]},"properties":{"objectType":"annotation","classification":{"name":"Tumor","color":[102, 77, 179]}}},{"type":"Feature","id":"0eb87234-56e6-4893-96f5-01aff47f0225","geometry":{"type":"Polygon","coordinates":[[[13576, 5624],[13584, 5760],[13616, 5784],[13616, 5824],[13648, 5824],[13696, 5864],[13736, 5856],[13800, 5784],[13800, 5728],[13768, 5720],[13744, 5600],[13664, 5568],[13608, 5584],[13608, 5624],[13576, 5624]]]},"properties":{"objectType":"annotation","classification":{"name":"Tumor","color":[102, 77, 179]}}},{"type":"Feature","id":"f9c9f9ef-96cd-4dea-9e31-9fcbfdca3e4c","geometry":{"type":"Polygon","coordinates":[[[3920, 11296],[3992, 11352],[4056, 11320],[4000, 11240],[3952, 11240],[3920, 11296]]]},"properties":{"objectType":"annotation","classification":{"name":"Tumor","color":[102, 77, 179]}}},{"type":"Feature","id":"76b2efc1-f2c6-4f40-879b-629ad487123b","geometry":{"type":"Polygon","coordinates":[[[8736, 17520],[8776, 17552],[8776, 17520],[8736, 17520]]]},"properties":{"objectType":"annotation","classification":{"name":"Tumor","color":[102, 77, 179]}}},{"type":"Feature","id":"045a63bd-3ea1-4ea1-af29-8376179f0be8","geometry":{"type":"Polygon","coordinates":[[[5488, 12720],[5488, 12728],[5504, 12728],[5504, 12720],[5520, 12720],[5520, 12712],[5552, 12712],[5552, 12720],[5568, 12720],[5568, 12728],[5584, 12728],[5584, 12736],[5608, 12736],[5608, 12728],[5624, 12728],[5624, 12712],[5632, 12712],[5632, 12680],[5624, 12680],[5624, 12664],[5616, 12664],[5616, 12656],[5608, 12656],[5608, 12648],[5600, 12648],[5600, 12640],[5592, 12640],[5592, 12632],[5568, 12632],[5568, 12640],[5560, 12640],[5560, 12648],[5544, 12648],[5544, 12656],[5536, 12656],[5536, 12664],[5528, 12664],[5528, 12672],[5520, 12672],[5520, 12680],[5512, 12680],[5512, 12688],[5504, 12688],[5504, 12704],[5496, 12704],[5496, 12720],[5488, 12720]]]},"properties":{"objectType":"annotation","classification":{"name":"Ignore*","color":[180, 180, 180]}}},{"type":"Feature","id":"01ad5c99-cf1f-46a2-b0af-c807f975ec4b","geometry":{"type":"Polygon","coordinates":[[[15872, 3792],[15880, 3896],[15992, 3880],[15992, 3944],[16024, 3960],[16064, 3904],[16064, 3840],[16096, 3784],[16120, 3784],[16112, 3736],[16048, 3704],[15952, 3720],[15936, 3760],[15896, 3760],[15872, 3792]]]},"properties":{"objectType":"annotation","classification":{"name":"Tumor","color":[102, 77, 179]}}},{"type":"Feature","id":"66b8dd12-2d5e-4ef0-880c-36bafe662e85","geometry":{"type":"Polygon","coordinates":[[[17256, 5912],[17256, 5968],[17296, 6040],[17344, 6064],[17344, 6088],[17368, 6104],[17352, 6080],[17368, 6064],[17384, 6088],[17400, 6088],[17416, 6112],[17432, 6112],[17424, 6144],[17464, 6152],[17472, 6168],[17504, 6168],[17520, 6184],[17552, 6184],[17600, 6120],[17600, 6096],[17584, 6088],[17576, 6040],[17536, 6008],[17536, 5984],[17512, 5976],[17512, 5952],[17480, 5944],[17480, 5928],[17440, 5896],[17440, 5872],[17416, 5872],[17408, 5856],[17344, 5832],[17296, 5840],[17288, 5872],[17256, 5912]]]},"properties":{"objectType":"annotation","classification":{"name":"Tumor","color":[102, 77, 179]}}},{"type":"Feature","id":"687f8c1e-ccd2-409c-9e1d-09cee93437eb","geometry":{"type":"Polygon","coordinates":[[[5592, 18784],[5632, 18832],[5720, 18848],[5784, 18744],[5856, 18696],[5856, 18656],[5912, 18656],[5960, 18608],[5984, 18504],[6008, 18296],[5928, 18272],[5880, 18328],[5888, 18456],[5728, 18448],[5688, 18528],[5696, 18624],[5656, 18712],[5616, 18720],[5592, 18784]]]},"properties":{"objectType":"annotation","classification":{"name":"Tumor","color":[102, 77, 179]}}},{"type":"Feature","id":"d4644309-fb0d-4b05-8d90-5da29c21e587","geometry":{"type":"Polygon","coordinates":[[[5728, 18368],[5752, 18416],[5816, 18424],[5856, 18376],[5824, 18264],[5744, 18296],[5728, 18368]]]},"properties":{"objectType":"annotation","classification":{"name":"Tumor","color":[102, 77, 179]}}},{"type":"Feature","id":"5f3a7ab1-88e7-47fe-8bc3-4a4c07a5272e","geometry":{"type":"Polygon","coordinates":[[[10480, 12568],[10480, 12608],[10552, 12632],[10600, 12592],[10592, 12528],[10528, 12528],[10480, 12568]]]},"properties":{"objectType":"annotation","classification":{"name":"Tumor","color":[102, 77, 179]}}},{"type":"Feature","id":"d3aa12e4-6bbe-4084-bf31-fff8651ad222","geometry":{"type":"Polygon","coordinates":[[[15432, 9072],[15432, 9176],[15528, 9168],[15608, 9112],[15536, 9040],[15432, 9072]]]},"properties":{"objectType":"annotation","classification":{"name":"Tumor","color":[102, 77, 179]}}},{"type":"Feature","id":"20ab795d-b929-4785-a086-4df6d7616a00","geometry":{"type":"Polygon","coordinates":[[[13568, 9696],[13640, 9768],[13688, 9768],[13680, 9736],[13720, 9720],[13808, 9720],[13880, 9752],[13984, 9728],[14000, 9640],[13952, 9592],[13832, 9592],[13760, 9624],[13672, 9584],[13584, 9584],[13568, 9696]]]},"properties":{"objectType":"annotation","classification":{"name":"Tumor","color":[102, 77, 179]}}},{"type":"Feature","id":"d8f6c39c-e49a-4873-89c8-cc911f13e0a1","geometry":{"type":"Polygon","coordinates":[[[12992, 7808],[13104, 7800],[13152, 7712],[13144, 7672],[13080, 7656],[13000, 7760],[12992, 7808]]]},"properties":{"objectType":"annotation","classification":{"name":"Tumor","color":[102, 77, 179]}}},{"type":"Feature","id":"2e12d1da-e2d3-453f-97eb-534c63accb8e","geometry":{"type":"Polygon","coordinates":[[[9800, 12192],[9800, 12224],[9856, 12240],[9888, 12208],[9872, 12152],[9800, 12192]]]},"properties":{"objectType":"annotation","classification":{"name":"Tumor","color":[102, 77, 179]}}},{"type":"Feature","id":"18f599bf-536a-41b1-8132-7b43a6500cc1","geometry":{"type":"Polygon","coordinates":[[[10448, 5888],[10456, 5936],[10496, 5976],[10576, 5976],[10616, 5944],[10624, 5888],[10576, 5848],[10552, 5848],[10520, 5816],[10520, 5840],[10448, 5888]]]},"properties":{"objectType":"annotation","classification":{"name":"Tumor","color":[102, 77, 179]}}},{"type":"Feature","id":"4d54eaf4-7407-40f5-a8a3-ec19b18b7369","geometry":{"type":"Polygon","coordinates":[[[13264, 7168],[13264, 7248],[13288, 7296],[13344, 7312],[13400, 7288],[13456, 7208],[13448, 7144],[13504, 7160],[13544, 7128],[13576, 7072],[13584, 6992],[13560, 6944],[13480, 6944],[13440, 6960],[13440, 6984],[13384, 7056],[13408, 7056],[13408, 7096],[13336, 7088],[13280, 7136],[13264, 7168]]]},"properties":{"objectType":"annotation","classification":{"name":"Tumor","color":[102, 77, 179]}}},{"type":"Feature","id":"3981c75a-738b-4d04-abd8-5fe8b6e4e9f5","geometry":{"type":"Polygon","coordinates":[[[6032, 11720],[6032, 11776],[6040, 11776],[6040, 11808],[6048, 11808],[6048, 11824],[6072, 11824],[6072, 11816],[6088, 11816],[6088, 11800],[6096, 11800],[6096, 11776],[6104, 11776],[6104, 11760],[6112, 11760],[6112, 11744],[6120, 11744],[6120, 11736],[6128, 11736],[6128, 11728],[6136, 11728],[6136, 11720],[6144, 11720],[6144, 11704],[6152, 11704],[6152, 11696],[6144, 11696],[6144, 11672],[6136, 11672],[6136, 11664],[6128, 11664],[6128, 11648],[6120, 11648],[6120, 11640],[6112, 11640],[6112, 11632],[6096, 11632],[6096, 11640],[6088, 11640],[6088, 11648],[6080, 11648],[6080, 11664],[6072, 11664],[6072, 11680],[6064, 11680],[6064, 11688],[6056, 11688],[6056, 11696],[6048, 11696],[6048, 11704],[6040, 11704],[6040, 11720],[6032, 11720]]]},"properties":{"objectType":"annotation","classification":{"name":"Ignore*","color":[180, 180, 180]}}},{"type":"Feature","id":"002f0681-1827-4afb-b362-8ebbec4b51b6","geometry":{"type":"Polygon","coordinates":[[[11192, 6640],[11208, 6800],[11280, 6848],[11216, 6896],[11224, 6976],[11288, 6992],[11328, 6880],[11392, 6880],[11392, 6744],[11280, 6744],[11256, 6632],[11192, 6640]]]},"properties":{"objectType":"annotation","classification":{"name":"Tumor","color":[102, 77, 179]}}},{"type":"Feature","id":"e4b0e28a-9421-4e7d-881f-87968c0aabba","geometry":{"type":"Polygon","coordinates":[[[11016, 7944],[11016, 7968],[11040, 7960],[11016, 7944]]]},"properties":{"objectType":"annotation","classification":{"name":"Tumor","color":[102, 77, 179]}}},{"type":"Feature","id":"b097f62c-c34e-461a-87fd-b317d8508851","geometry":{"type":"Polygon","coordinates":[[[6768, 12640],[6776, 12744],[6848, 12776],[6952, 12688],[6960, 12616],[6928, 12584],[6848, 12592],[6768, 12640]]]},"properties":{"objectType":"annotation","classification":{"name":"Tumor","color":[102, 77, 179]}}},{"type":"Feature","id":"709fc87e-d0c6-4cc8-920a-e023e34b1e20","geometry":{"type":"Polygon","coordinates":[[[7928, 14256],[7952, 14288],[7968, 14272],[8000, 14272],[8024, 14304],[8024, 14232],[8048, 14224],[8040, 14248],[8104, 14248],[8128, 14224],[8136, 14168],[8136, 14072],[8040, 14088],[7976, 14080],[7976, 14056],[7952, 14032],[7944, 14072],[7952, 14096],[7936, 14128],[7960, 14112],[7960, 14152],[7944, 14168],[7928, 14256]]]},"properties":{"objectType":"annotation","classification":{"name":"Tumor","color":[102, 77, 179]}}},{"type":"Feature","id":"22f6d64c-680b-48f8-aeb4-5eddaee7b3f4","geometry":{"type":"Polygon","coordinates":[[[10856, 12208],[10856, 12264],[10960, 12288],[11000, 12240],[10984, 12176],[10856, 12208]]]},"properties":{"objectType":"annotation","classification":{"name":"Tumor","color":[102, 77, 179]}}},{"type":"Feature","id":"56001e92-e037-47f2-9002-f1310a9e40e2","geometry":{"type":"Polygon","coordinates":[[[15600, 2400],[15600, 2488],[15640, 2496],[15616, 2504],[15616, 2552],[15656, 2568],[15656, 2608],[15616, 2600],[15616, 2624],[15688, 2632],[15680, 2584],[15704, 2584],[15712, 2608],[15752, 2608],[15784, 2648],[15872, 2656],[15880, 2632],[15904, 2648],[15928, 2640],[15952, 2592],[15992, 2592],[16008, 2544],[15984, 2536],[15992, 2496],[15968, 2496],[15952, 2464],[15952, 2384],[15912, 2328],[15832, 2280],[15832, 2248],[15728, 2248],[15712, 2272],[15672, 2272],[15640, 2288],[15656, 2320],[15648, 2336],[15608, 2352],[15600, 2400]]]},"properties":{"objectType":"annotation","classification":{"name":"Tumor","color":[102, 77, 179]}}},{"type":"Feature","id":"229c1947-9197-4a9a-9443-a105dc4f5bea","geometry":{"type":"Polygon","coordinates":[[[17096, 3680],[17152, 3744],[17256, 3760],[17296, 3736],[17320, 3680],[17312, 3632],[17256, 3576],[17216, 3560],[17160, 3576],[17120, 3640],[17120, 3680],[17096, 3680]]]},"properties":{"objectType":"annotation","classification":{"name":"Tumor","color":[102, 77, 179]}}},{"type":"Feature","id":"01fecbef-f318-4339-ba8f-2740416964cd","geometry":{"type":"Polygon","coordinates":[[[15032, 9520],[15048, 9576],[15248, 9600],[15440, 9536],[15536, 9448],[15576, 9320],[15560, 9272],[15304, 9408],[15168, 9416],[15032, 9520]]]},"properties":{"objectType":"annotation","classification":{"name":"Tumor","color":[102, 77, 179]}}},{"type":"Feature","id":"c18a7df0-530f-419f-8bd7-efd45b4d4bcf","geometry":{"type":"Polygon","coordinates":[[[10656, 5856],[10696, 5904],[10768, 5888],[10872, 5808],[10888, 5736],[10864, 5688],[10808, 5696],[10744, 5784],[10672, 5816],[10656, 5856]]]},"properties":{"objectType":"annotation","classification":{"name":"Tumor","color":[102, 77, 179]}}},{"type":"Feature","id":"9862433f-b6b1-4100-979a-2bbd2a9e1bc9","geometry":{"type":"Polygon","coordinates":[[[5264, 8968],[5264, 9040],[5360, 9048],[5456, 8912],[5472, 8816],[5392, 8816],[5384, 8856],[5328, 8864],[5336, 8888],[5288, 8912],[5288, 8968],[5264, 8968]]]},"properties":{"objectType":"annotation","classification":{"name":"Tumor","color":[102, 77, 179]}}},{"type":"Feature","id":"7251e024-8d10-4934-8e9b-5fb1e712ee5c","geometry":{"type":"Polygon","coordinates":[[[13296, 9288],[13304, 9408],[13328, 9432],[13432, 9432],[13480, 9384],[13496, 9408],[13520, 9384],[13528, 9256],[13480, 9208],[13368, 9216],[13296, 9288]]]},"properties":{"objectType":"annotation","classification":{"name":"Tumor","color":[102, 77, 179]}}},{"type":"Feature","id":"80d2a607-5961-4c92-9280-5316fe3d6274","geometry":{"type":"Polygon","coordinates":[[[4312, 11904],[4312, 11944],[4320, 11944],[4320, 11952],[4328, 11952],[4328, 11960],[4360, 11960],[4360, 11952],[4368, 11952],[4368, 11944],[4376, 11944],[4376, 11904],[4368, 11904],[4368, 11896],[4360, 11896],[4360, 11888],[4328, 11888],[4328, 11896],[4320, 11896],[4320, 11904],[4312, 11904]]]},"properties":{"objectType":"annotation","classification":{"name":"Ignore*","color":[180, 180, 180]}}},{"type":"Feature","id":"5585dea1-020a-4dd4-9ab0-c32298cc421f","geometry":{"type":"Polygon","coordinates":[[[19400, 5136],[19408, 5208],[19568, 5120],[19568, 4984],[19488, 4992],[19464, 5080],[19400, 5136]]]},"properties":{"objectType":"annotation","classification":{"name":"Tumor","color":[102, 77, 179]}}},{"type":"Feature","id":"9285dde2-880d-4ed5-8891-085851182658","geometry":{"type":"Polygon","coordinates":[[[18392, 6320],[18392, 6496],[18520, 6528],[18584, 6440],[18568, 6352],[18480, 6280],[18424, 6280],[18392, 6320]]]},"properties":{"objectType":"annotation","classification":{"name":"Tumor","color":[102, 77, 179]}}},{"type":"Feature","id":"77d72800-2b27-4318-a0f9-7ae5efe9fa30","geometry":{"type":"Polygon","coordinates":[[[20736, 7504],[20744, 7552],[20800, 7584],[20800, 7624],[20944, 7584],[20944, 7544],[21032, 7480],[21040, 7384],[20952, 7384],[20936, 7432],[20776, 7448],[20736, 7504]]]},"properties":{"objectType":"annotation","classification":{"name":"Tumor","color":[102, 77, 179]}}},{"type":"Feature","id":"9fce4aaa-cfd4-490e-a4b1-ac7cff12bbd2","geometry":{"type":"Polygon","coordinates":[[[11152, 7184],[11184, 7232],[11312, 7272],[11424, 7232],[11440, 7088],[11368, 7016],[11256, 7016],[11200, 7048],[11152, 7184]]]},"properties":{"objectType":"annotation","classification":{"name":"Tumor","color":[102, 77, 179]}}},{"type":"Feature","id":"2cb63640-f69e-4aec-bf48-ca803d0a9698","geometry":{"type":"Polygon","coordinates":[[[14176, 10536],[14192, 10560],[14200, 10536],[14176, 10536]]]},"properties":{"objectType":"annotation","classification":{"name":"Tumor","color":[102, 77, 179]}}},{"type":"Feature","id":"0c23eb21-a871-4c69-a43d-a080080493a2","geometry":{"type":"Polygon","coordinates":[[[17576, 4336],[17608, 4376],[17608, 4432],[17624, 4472],[17656, 4488],[17656, 4568],[17704, 4600],[17808, 4608],[17848, 4576],[17856, 4552],[17896, 4544],[17928, 4520],[17920, 4496],[17976, 4496],[17952, 4552],[17928, 4560],[17928, 4584],[17904, 4616],[17880, 4592],[17880, 4624],[17904, 4624],[17904, 4648],[17928, 4664],[17928, 4696],[17992, 4736],[18064, 4736],[18080, 4712],[18112, 4712],[18120, 4688],[18152, 4680],[18176, 4696],[18160, 4664],[18168, 4624],[18192, 4608],[18160, 4608],[18136, 4488],[18096, 4456],[18056, 4448],[18072, 4416],[18072, 4352],[18056, 4328],[18048, 4280],[18032, 4272],[18032, 4232],[18056, 4232],[18064, 4208],[18096, 4184],[18096, 4136],[18152, 4144],[18184, 4136],[18208, 4096],[18208, 4032],[18184, 4008],[18168, 3960],[18112, 3944],[18096, 3912],[18048, 3896],[18024, 3872],[17984, 3856],[17936, 3856],[17856, 3896],[17840, 3920],[17848, 4016],[17880, 4056],[17904, 4064],[17904, 4088],[17880, 4088],[17816, 4144],[17752, 4144],[17736, 4128],[17640, 4160],[17616, 4184],[17592, 4168],[17592, 4304],[17576, 4336]]]},"properties":{"objectType":"annotation","classification":{"name":"Tumor","color":[102, 77, 179]}}},{"type":"Feature","id":"613eb700-565f-45b3-bba3-ca6e13a35809","geometry":{"type":"Polygon","coordinates":[[[7144, 11616],[7152, 11664],[7264, 11624],[7288, 11568],[7328, 11536],[7352, 11448],[7312, 11480],[7280, 11432],[7208, 11480],[7160, 11528],[7168, 11616],[7144, 11616]]]},"properties":{"objectType":"annotation","classification":{"name":"Tumor","color":[102, 77, 179]}}},{"type":"Feature","id":"537d3fbe-f199-4710-a303-a678772a3c34","geometry":{"type":"Polygon","coordinates":[[[13064, 6048],[13088, 6120],[13184, 6128],[13168, 6208],[13112, 6240],[13080, 6320],[13120, 6344],[13096, 6368],[13120, 6416],[13224, 6424],[13224, 6464],[13304, 6456],[13368, 6400],[13392, 6344],[13344, 6272],[13280, 6280],[13296, 6192],[13344, 6168],[13312, 6152],[13312, 6104],[13232, 6032],[13264, 5976],[13416, 5952],[13496, 5864],[13488, 5808],[13448, 5776],[13256, 5776],[13168, 5856],[13136, 5928],[13104, 5944],[13064, 6048]]]},"properties":{"objectType":"annotation","classification":{"name":"Tumor","color":[102, 77, 179]}}},{"type":"Feature","id":"20fddd29-82bc-4f30-97c5-fa9632ca7c75","geometry":{"type":"Polygon","coordinates":[[[6976, 11744],[6976, 11808],[7128, 11824],[7184, 11728],[7152, 11688],[7056, 11696],[6976, 11744]]]},"properties":{"objectType":"annotation","classification":{"name":"Tumor","color":[102, 77, 179]}}},{"type":"Feature","id":"3b438565-7be1-4bc2-856b-88b89e5346c7","geometry":{"type":"Polygon","coordinates":[[[14960, 1816],[14960, 1896],[15016, 1952],[15056, 1944],[15064, 1984],[15232, 1928],[15312, 1880],[15376, 1776],[15376, 1656],[15328, 1600],[15248, 1600],[15144, 1632],[15000, 1704],[14960, 1816]]]},"properties":{"objectType":"annotation","classification":{"name":"Tumor","color":[102, 77, 179]}}},{"type":"Feature","id":"4d731eaa-8bb5-4e9c-9804-950d1f2551c2","geometry":{"type":"Polygon","coordinates":[[[4400, 9152],[4400, 9200],[4432, 9232],[4424, 9288],[4448, 9328],[4520, 9328],[4568, 9304],[4568, 9232],[4552, 9192],[4488, 9168],[4480, 9136],[4424, 9120],[4424, 9160],[4400, 9152]]]},"properties":{"objectType":"annotation","classification":{"name":"Tumor","color":[102, 77, 179]}}},{"type":"Feature","id":"a662d92f-870e-4a73-b9a6-f1636a5951b0","geometry":{"type":"Polygon","coordinates":[[[14832, 3800],[14832, 3864],[14856, 3864],[14848, 3904],[14872, 3912],[14872, 3952],[14904, 4024],[14976, 4008],[15024, 3960],[15048, 3960],[15072, 3920],[15072, 3848],[15048, 3792],[14976, 3728],[14872, 3728],[14864, 3792],[14832, 3800]]]},"properties":{"objectType":"annotation","classification":{"name":"Tumor","color":[102, 77, 179]}}},{"type":"Feature","id":"b5c731ca-3ebb-4c3f-922b-741126f907b5","geometry":{"type":"Polygon","coordinates":[[[13272, 10200],[13280, 10208],[13368, 10208],[13392, 10216],[13408, 10240],[13448, 10248],[13464, 10240],[13472, 10256],[13504, 10256],[13504, 10264],[13600, 10264],[13608, 10248],[13648, 10248],[13656, 10232],[13704, 10232],[13720, 10208],[13744, 10208],[13776, 10184],[13776, 10176],[13816, 10176],[13856, 10160],[13864, 10144],[13936, 10144],[13960, 10128],[14000, 10128],[14024, 10120],[14048, 10144],[14064, 10144],[14064, 10128],[14104, 10128],[14104, 10120],[14176, 10120],[14176, 10112],[14208, 10112],[14224, 10104],[14232, 10120],[14256, 10120],[14272, 10104],[14304, 10104],[14360, 10080],[14376, 10056],[14408, 10056],[14432, 10040],[14440, 10016],[14456, 10016],[14456, 9992],[14472, 9992],[14488, 9968],[14528, 9968],[14552, 9952],[14552, 9928],[14576, 9920],[14568, 9944],[14584, 9944],[14592, 9928],[14640, 9928],[14640, 9936],[14672, 9936],[14672, 9928],[14728, 9928],[14736, 9960],[14752, 9968],[14744, 10008],[14760, 10016],[14768, 10040],[14832, 10064],[14832, 10072],[14856, 10072],[14872, 10056],[14896, 10056],[14904, 10040],[14920, 10040],[14952, 10008],[14960, 9992],[14960, 9968],[14952, 9968],[14944, 9936],[14920, 9928],[14904, 9904],[14888, 9896],[14864, 9896],[14856, 9880],[14824, 9880],[14832, 9848],[14856, 9848],[14872, 9816],[14896, 9816],[14896, 9800],[14920, 9784],[14920, 9760],[14952, 9736],[14952, 9720],[14976, 9704],[14976, 9672],[14984, 9672],[14984, 9584],[14992, 9568],[14960, 9568],[14952, 9552],[14968, 9552],[14968, 9528],[14952, 9520],[14920, 9520],[14912, 9504],[14864, 9504],[14832, 9520],[14832, 9544],[14824, 9520],[14800, 9504],[14760, 9528],[14752, 9512],[14736, 9512],[14736, 9544],[14720, 9560],[14688, 9576],[14688, 9592],[14648, 9624],[14608, 9624],[14608, 9632],[14568, 9632],[14560, 9600],[14560, 9632],[14552, 9640],[14520, 9640],[14520, 9648],[14472, 9648],[14472, 9664],[14432, 9680],[14392, 9688],[14376, 9720],[14312, 9720],[14288, 9736],[14240, 9736],[14216, 9760],[14200, 9760],[14192, 9776],[14160, 9792],[14136, 9816],[14128, 9808],[14056, 9832],[14048, 9856],[14016, 9840],[14016, 9896],[13976, 9896],[13968, 9912],[13944, 9904],[13912, 9904],[13904, 9920],[13864, 9920],[13864, 9928],[13824, 9936],[13816, 9960],[13784, 9984],[13784, 10000],[13728, 10000],[13728, 10008],[13688, 10008],[13688, 10000],[13656, 10000],[13632, 9984],[13560, 9984],[13552, 10000],[13512, 10000],[13496, 10016],[13488, 10040],[13440, 10064],[13392, 10080],[13352, 10080],[13352, 10088],[13320, 10120],[13296, 10120],[13296, 10136],[13280, 10152],[13272, 10200]]]},"properties":{"objectType":"annotation","classification":{"name":"Tumor","color":[102, 77, 179]}}},{"type":"Feature","id":"5ab35c57-2b2e-4689-8c18-6cfd9c03bb02","geometry":{"type":"Polygon","coordinates":[[[5344, 10792],[5376, 10832],[5432, 10832],[5456, 10792],[5424, 10704],[5360, 10720],[5344, 10792]]]},"properties":{"objectType":"annotation","classification":{"name":"Tumor","color":[102, 77, 179]}}},{"type":"Feature","id":"e616641b-05c4-4e70-9ac4-1333dc99e0d4","geometry":{"type":"Polygon","coordinates":[[[9976, 7504],[9976, 7648],[10016, 7704],[10024, 7752],[10096, 7768],[10152, 7736],[10152, 7760],[10192, 7760],[10240, 7720],[10264, 7648],[10232, 7624],[10232, 7552],[10184, 7576],[10176, 7552],[10208, 7496],[10160, 7456],[10160, 7432],[10112, 7464],[10096, 7416],[10016, 7448],[9976, 7504]]]},"properties":{"objectType":"annotation","classification":{"name":"Tumor","color":[102, 77, 179]}}},{"type":"Feature","id":"88d1b4d6-1241-4708-9da0-3500a4d07d84","geometry":{"type":"Polygon","coordinates":[[[20232, 8680],[20200, 8760],[20160, 8784],[20128, 8848],[20128, 8968],[20112, 9176],[20128, 9312],[20160, 9360],[20160, 9408],[20280, 9448],[20312, 9488],[20304, 9560],[20344, 9632],[20440, 9680],[20448, 9624],[20472, 9632],[20496, 9720],[20472, 9768],[20432, 9776],[20392, 9744],[20280, 9736],[20280, 9792],[20256, 9856],[20312, 9928],[20368, 9928],[20384, 9984],[20416, 9984],[20472, 10040],[20528, 10040],[20560, 9992],[20560, 9920],[20648, 9912],[20672, 9872],[20672, 9800],[20688, 9792],[20632, 9720],[20592, 9704],[20600, 9624],[20552, 9576],[20552, 9552],[20504, 9576],[20512, 9520],[20576, 9552],[20680, 9552],[20752, 9464],[20760, 9384],[20736, 9344],[20728, 9256],[20680, 9240],[20640, 9192],[20640, 9160],[20584, 9152],[20568, 9120],[20512, 9088],[20552, 9048],[20600, 9056],[20648, 9040],[20688, 9080],[20784, 9064],[20808, 9032],[20800, 8944],[20784, 8920],[20720, 8896],[20696, 8864],[20592, 8832],[20456, 8832],[20376, 8880],[20320, 8856],[20328, 8808],[20304, 8784],[20288, 8696],[20232, 8680]],[[20304, 9040],[20368, 9056],[20400, 9120],[20376, 9136],[20376, 9368],[20440, 9424],[20464, 9488],[20416, 9496],[20352, 9400],[20336, 9192],[20288, 9104],[20304, 9040]],[[20512, 9088],[20472, 9080],[20440, 9040],[20440, 8992],[20488, 9016],[20520, 9064],[20512, 9088]]]},"properties":{"objectType":"annotation","classification":{"name":"Tumor","color":[102, 77, 179]}}},{"type":"Feature","id":"a8fc4514-5a5d-4a93-bf5d-4078b6f5f01b","geometry":{"type":"Polygon","coordinates":[[[11408, 13224],[11464, 13273],[11504, 13496],[11584, 13728],[11640, 13816],[11744, 13864],[11816, 13800],[11840, 13688],[11792, 13568],[11672, 13528],[11657, 13458],[11736, 13432],[11816, 13304],[11816, 13208],[11760, 13072],[11639, 12972],[11554, 12980],[11416, 13112],[11408, 13224]]]},"properties":{"objectType":"annotation","classification":{"name":"Tumor","color":[102, 77, 179]}}},{"type":"Feature","id":"a32ec3ac-067f-409c-a848-8861f52931f2","geometry":{"type":"Polygon","coordinates":[[[4600, 12152],[4520, 12200],[4448, 12176],[4480, 12216],[4480, 12352],[4432, 12408],[4320, 12472],[4320, 12520],[4400, 12576],[4448, 12576],[4528, 12520],[4528, 12464],[4600, 12400],[4656, 12296],[4656, 12184],[4600, 12152]],[[4536, 12256],[4560, 12280],[4536, 12288],[4536, 12256]],[[4624, 12224],[4616, 12264],[4608, 12224],[4624, 12224]]]},"properties":{"objectType":"annotation","classification":{"name":"Tumor","color":[102, 77, 179]}}},{"type":"Feature","id":"07587225-d630-4efb-9d36-876f3086f6e9","geometry":{"type":"Polygon","coordinates":[[[13896, 5472],[13920, 5488],[13904, 5504],[13944, 5528],[13944, 5544],[13968, 5552],[13984, 5576],[13984, 5600],[14008, 5616],[14008, 5632],[14032, 5632],[14032, 5656],[14048, 5640],[14104, 5640],[14152, 5624],[14160, 5608],[14160, 5536],[14176, 5528],[14176, 5512],[14160, 5512],[14160, 5472],[14152, 5448],[14128, 5432],[14112, 5384],[14064, 5384],[14040, 5352],[14000, 5360],[13984, 5344],[13992, 5368],[13944, 5376],[13944, 5400],[13920, 5400],[13920, 5448],[13904, 5448],[13896, 5472]]]},"properties":{"objectType":"annotation","classification":{"name":"Tumor","color":[102, 77, 179]}}},{"type":"Feature","id":"4fe859ec-7f7e-4b45-b3ea-7b9241d5e789","geometry":{"type":"Polygon","coordinates":[[[15616, 8464],[15688, 8560],[15784, 8568],[15848, 8488],[15800, 8360],[15736, 8320],[15640, 8320],[15616, 8464]]]},"properties":{"objectType":"annotation","classification":{"name":"Tumor","color":[102, 77, 179]}}},{"type":"Feature","id":"5c71076b-8d48-4747-9c5c-5137d518308c","geometry":{"type":"Polygon","coordinates":[[[16056, 4528],[16064, 4624],[16112, 4736],[16192, 4752],[16256, 4704],[16272, 4656],[16256, 4408],[16224, 4360],[16168, 4360],[16072, 4456],[16080, 4528],[16056, 4528]]]},"properties":{"objectType":"annotation","classification":{"name":"Tumor","color":[102, 77, 179]}}},{"type":"Feature","id":"da8c92cd-214b-462b-95d0-5d2a611c9101","geometry":{"type":"Polygon","coordinates":[[[6456, 10512],[6488, 10584],[6512, 10560],[6512, 10592],[6568, 10592],[6576, 10560],[6616, 10536],[6608, 10448],[6576, 10416],[6552, 10432],[6512, 10416],[6512, 10440],[6472, 10464],[6480, 10496],[6456, 10512]]]},"properties":{"objectType":"annotation","classification":{"name":"Tumor","color":[102, 77, 179]}}},{"type":"Feature","id":"e08ce30a-b0ee-4ca9-9839-688c89138013","geometry":{"type":"Polygon","coordinates":[[[17504, 8488],[17528, 8512],[17528, 8544],[17552, 8584],[17592, 8616],[17632, 8616],[17656, 8584],[17704, 8600],[17664, 8600],[17672, 8632],[17792, 8632],[17800, 8616],[17840, 8616],[17880, 8632],[17880, 8648],[17960, 8656],[17984, 8640],[18000, 8664],[18024, 8640],[18136, 8640],[18192, 8632],[18256, 8576],[18240, 8536],[18160, 8488],[18136, 8504],[18088, 8504],[18064, 8456],[18016, 8488],[17992, 8520],[17936, 8520],[17928, 8536],[17888, 8512],[17880, 8488],[17848, 8488],[17800, 8448],[17656, 8448],[17608, 8440],[17616, 8480],[17592, 8496],[17584, 8432],[17520, 8440],[17504, 8488]]]},"properties":{"objectType":"annotation","classification":{"name":"Tumor","color":[102, 77, 179]}}},{"type":"Feature","id":"121ec312-99c9-4ad4-9cc2-046e0767574f","geometry":{"type":"Polygon","coordinates":[[[3416, 20185],[3448, 20256],[3536, 20312],[3712, 20256],[3736, 20120],[3704, 20056],[3600, 20008],[3496, 20032],[3432, 20104],[3416, 20185]]]},"properties":{"objectType":"annotation","classification":{"name":"Tumor","color":[102, 77, 179]}}},{"type":"Feature","id":"42db8f33-09d1-45ca-b8ff-8ae5ada98445","geometry":{"type":"Polygon","coordinates":[[[8808, 8128],[8808, 8208],[8840, 8200],[8840, 8232],[8920, 8304],[8952, 8304],[8952, 8264],[8920, 8264],[8904, 8216],[8976, 8200],[8960, 8256],[8976, 8280],[9024, 8272],[9008, 8296],[9040, 8288],[9040, 8264],[9080, 8224],[9080, 8176],[8992, 8144],[8992, 8104],[9024, 8096],[9048, 8112],[9048, 8144],[9072, 8144],[9048, 8080],[9024, 8080],[9032, 7960],[9016, 7920],[8952, 7920],[8936, 7976],[8936, 8032],[8952, 8056],[8880, 8056],[8848, 8080],[8840, 8120],[8808, 8128]]]},"properties":{"objectType":"annotation","classification":{"name":"Tumor","color":[102, 77, 179]}}},{"type":"Feature","id":"1368c498-492a-4d0c-bc2a-622d935cd71e","geometry":{"type":"Polygon","coordinates":[[[18424, 5472],[18472, 5512],[18472, 5536],[18496, 5544],[18488, 5520],[18544, 5520],[18552, 5496],[18608, 5480],[18624, 5456],[18664, 5456],[18664, 5424],[18704, 5448],[18720, 5488],[18784, 5528],[18872, 5544],[18920, 5536],[18936, 5520],[18976, 5528],[19032, 5480],[19032, 5336],[19064, 5336],[19064, 5448],[19080, 5504],[19136, 5544],[19144, 5576],[19176, 5576],[19192, 5600],[19216, 5600],[19264, 5632],[19280, 5632],[19312, 5664],[19344, 5664],[19392, 5632],[19392, 5552],[19384, 5512],[19360, 5472],[19328, 5448],[19328, 5432],[19288, 5368],[19288, 5336],[19272, 5312],[19264, 5256],[19264, 5176],[19232, 5144],[19184, 5144],[19160, 5176],[19144, 5176],[19120, 5216],[19064, 5224],[19064, 5288],[19040, 5280],[19040, 5136],[19064, 5088],[19040, 5072],[19040, 5024],[19152, 5048],[19160, 5016],[19192, 4992],[19192, 4912],[19208, 4888],[19176, 4896],[19136, 4872],[19096, 4872],[19088, 4904],[19064, 4928],[19064, 4976],[19040, 4984],[19024, 4968],[19024, 4928],[18976, 4920],[18968, 4896],[18944, 4888],[18888, 4904],[18880, 4920],[18832, 4944],[18840, 5024],[18824, 5048],[18824, 5136],[18840, 5152],[18840, 5192],[18864, 5264],[18864, 5328],[18896, 5384],[18880, 5400],[18840, 5384],[18832, 5344],[18808, 5336],[18800, 5304],[18776, 5296],[18752, 5224],[18720, 5200],[18720, 5184],[18672, 5152],[18640, 5176],[18584, 5200],[18560, 5224],[18544, 5264],[18472, 5328],[18464, 5360],[18432, 5400],[18424, 5472]]]},"properties":{"objectType":"annotation","classification":{"name":"Tumor","color":[102, 77, 179]}}},{"type":"Feature","id":"f84e919b-af89-45a8-85ef-4341b1f1cfb8","geometry":{"type":"Polygon","coordinates":[[[18512, 6768],[18544, 6824],[18592, 6856],[18680, 6848],[18696, 6808],[18744, 6768],[18776, 6760],[18800, 6728],[18832, 6728],[18832, 6760],[18808, 6760],[18768, 6792],[18728, 6792],[18752, 6840],[18736, 6848],[18728, 6896],[18752, 6904],[18752, 6928],[18792, 6952],[18824, 6928],[18848, 6888],[18840, 6848],[18864, 6848],[18880, 6896],[18944, 6896],[18992, 6872],[19008, 6840],[19008, 6736],[19056, 6736],[19064, 6712],[19040, 6696],[19088, 6672],[19096, 6648],[19072, 6656],[19072, 6600],[19000, 6512],[18992, 6528],[18952, 6528],[18928, 6552],[18880, 6552],[18864, 6616],[18832, 6624],[18832, 6584],[18736, 6536],[18640, 6544],[18536, 6616],[18520, 6648],[18520, 6752],[18512, 6768]]]},"properties":{"objectType":"annotation","classification":{"name":"Tumor","color":[102, 77, 179]}}},{"type":"Feature","id":"8ddd5088-828b-49bd-a789-7fb077fb795a","geometry":{"type":"Polygon","coordinates":[[[13544, 9336],[13544, 9368],[13576, 9376],[13584, 9400],[13632, 9400],[13688, 9376],[13688, 9360],[13736, 9368],[13816, 9368],[13824, 9328],[13840, 9344],[13912, 9352],[13912, 9344],[14024, 9344],[14048, 9352],[14128, 9320],[14160, 9296],[14160, 9272],[14184, 9256],[14184, 9232],[14208, 9200],[14200, 9184],[14200, 9120],[14176, 9104],[14176, 9072],[14160, 9088],[14112, 9072],[14040, 9072],[14008, 9104],[13984, 9088],[13936, 9088],[13920, 9104],[13856, 9112],[13848, 9136],[13792, 9152],[13752, 9144],[13744, 9168],[13640, 9168],[13632, 9192],[13568, 9232],[13568, 9288],[13544, 9336]]]},"properties":{"objectType":"annotation","classification":{"name":"Tumor","color":[102, 77, 179]}}},{"type":"Feature","id":"a2eafabf-e9b3-4674-8cd1-3a8c655830c8","geometry":{"type":"Polygon","coordinates":[[[15304, 5328],[15304, 5384],[15384, 5464],[15400, 5504],[15448, 5528],[15512, 5600],[15624, 5624],[15672, 5656],[15760, 5640],[15824, 5576],[15832, 5456],[15768, 5408],[15704, 5384],[15656, 5344],[15600, 5360],[15568, 5344],[15472, 5344],[15432, 5296],[15400, 5296],[15384, 5256],[15336, 5272],[15304, 5328]]]},"properties":{"objectType":"annotation","classification":{"name":"Tumor","color":[102, 77, 179]}}},{"type":"Feature","id":"c4d00403-eb34-4788-ac64-0b03f22db77a","geometry":{"type":"Polygon","coordinates":[[[20832, 9272],[20896, 9296],[20976, 9264],[20992, 9176],[20944, 9120],[20840, 9152],[20832, 9272]]]},"properties":{"objectType":"annotation","classification":{"name":"Tumor","color":[102, 77, 179]}}},{"type":"Feature","id":"be292c6c-580c-49af-ae10-4dab49f4c3ae","geometry":{"type":"Polygon","coordinates":[[[13272, 5680],[13352, 5736],[13456, 5696],[13424, 5560],[13344, 5536],[13288, 5584],[13272, 5680]]]},"properties":{"objectType":"annotation","classification":{"name":"Tumor","color":[102, 77, 179]}}},{"type":"Feature","id":"6b6a69b7-eb0c-4b70-b304-382c72855d46","geometry":{"type":"Polygon","coordinates":[[[6568, 19720],[6576, 19720],[6576, 19704],[6568, 19720]]]},"properties":{"objectType":"annotation","classification":{"name":"Tumor","color":[102, 77, 179]}}},{"type":"Feature","id":"7b5f5f56-4825-4840-afc7-4f26c30d3d14","geometry":{"type":"Polygon","coordinates":[[[17480, 7704],[17488, 7768],[17552, 7760],[17576, 7824],[17632, 7816],[17624, 7840],[17728, 7840],[17760, 7856],[17768, 7824],[17824, 7824],[17952, 7688],[18000, 7656],[18032, 7560],[18072, 7552],[18104, 7520],[18104, 7496],[18072, 7528],[18048, 7504],[18088, 7480],[18104, 7448],[18096, 7392],[18000, 7384],[17984, 7408],[17984, 7472],[17944, 7472],[17912, 7512],[17840, 7576],[17736, 7616],[17720, 7672],[17696, 7640],[17616, 7632],[17600, 7648],[17544, 7648],[17480, 7704]]]},"properties":{"objectType":"annotation","classification":{"name":"Tumor","color":[102, 77, 179]}}},{"type":"Feature","id":"ff883a06-740c-4a83-b0e7-74c892a9b0d4","geometry":{"type":"Polygon","coordinates":[[[3728, 10248],[3784, 10312],[3864, 10336],[3928, 10328],[3984, 10288],[4008, 10208],[4040, 10176],[4000, 10176],[3912, 10080],[3800, 10096],[3752, 10136],[3728, 10248]]]},"properties":{"objectType":"annotation","classification":{"name":"Tumor","color":[102, 77, 179]}}},{"type":"Feature","id":"1f3a6b19-4f5d-47b4-b406-97400ea29b12","geometry":{"type":"Polygon","coordinates":[[[13928, 5872],[13928, 5920],[13992, 5920],[13936, 5968],[13968, 6048],[14072, 6048],[14120, 6024],[14248, 5896],[14248, 5816],[14200, 5744],[14104, 5744],[14088, 5776],[14032, 5784],[14048, 5880],[14016, 5896],[13984, 5832],[13928, 5872]]]},"properties":{"objectType":"annotation","classification":{"name":"Tumor","color":[102, 77, 179]}}},{"type":"Feature","id":"79f4d296-2cb2-4036-ae7b-191adb8e99c0","geometry":{"type":"Polygon","coordinates":[[[17248, 7328],[17272, 7328],[17264, 7360],[17272, 7408],[17312, 7408],[17304, 7464],[17320, 7488],[17352, 7496],[17352, 7520],[17376, 7520],[17400, 7496],[17392, 7456],[17408, 7432],[17456, 7432],[17408, 7416],[17400, 7392],[17376, 7392],[17344, 7360],[17312, 7304],[17264, 7304],[17248, 7328]]]},"properties":{"objectType":"annotation","classification":{"name":"Tumor","color":[102, 77, 179]}}},{"type":"Feature","id":"66b7878e-3ffe-41c6-8f82-04663019dc1d","geometry":{"type":"Polygon","coordinates":[[[10944, 7584],[10944, 7704],[11008, 7792],[11184, 7792],[11328, 7752],[11384, 7664],[11384, 7592],[11360, 7592],[11352, 7520],[11392, 7520],[11480, 7464],[11512, 7424],[11504, 7336],[11480, 7296],[11184, 7288],[11128, 7344],[11128, 7400],[11160, 7440],[11272, 7520],[11192, 7576],[11176, 7640],[11216, 7664],[11192, 7696],[11112, 7624],[11096, 7528],[11072, 7504],[10992, 7512],[10944, 7584]]]},"properties":{"objectType":"annotation","classification":{"name":"Tumor","color":[102, 77, 179]}}},{"type":"Feature","id":"4306c8c1-888f-4ad5-bfdd-4b9b473ce9d4","geometry":{"type":"Polygon","coordinates":[[[15424, 8392],[15424, 8440],[15488, 8464],[15520, 8440],[15496, 8376],[15424, 8392]]]},"properties":{"objectType":"annotation","classification":{"name":"Tumor","color":[102, 77, 179]}}},{"type":"Feature","id":"1c2b9a53-e19a-43df-a3a2-9123bceb6cf5","geometry":{"type":"Polygon","coordinates":[[[20680, 7808],[20680, 7872],[20704, 7888],[20720, 7928],[20760, 7960],[20792, 7968],[20776, 8000],[20800, 7976],[20848, 7976],[20864, 7960],[20864, 7792],[20832, 7752],[20752, 7752],[20704, 7776],[20680, 7808]]]},"properties":{"objectType":"annotation","classification":{"name":"Tumor","color":[102, 77, 179]}}},{"type":"Feature","id":"e771e948-b6ea-4414-bf35-1203a1f7e21a","geometry":{"type":"Polygon","coordinates":[[[4784, 11408],[4816, 11448],[4864, 11448],[4912, 11352],[4880, 11280],[4808, 11272],[4784, 11408]]]},"properties":{"objectType":"annotation","classification":{"name":"Tumor","color":[102, 77, 179]}}},{"type":"Feature","id":"f6f847c1-b55b-4e37-8747-e3830c52339d","geometry":{"type":"Polygon","coordinates":[[[6608, 19656],[6656, 19752],[6744, 19832],[6864, 19880],[6888, 19776],[6760, 19720],[6712, 19656],[6608, 19656]]]},"properties":{"objectType":"annotation","classification":{"name":"Tumor","color":[102, 77, 179]}}},{"type":"Feature","id":"49925cba-ade6-4f9d-8abc-c84a2e45b116","geometry":{"type":"Polygon","coordinates":[[[5176, 19424],[5184, 19480],[5248, 19488],[5248, 19472],[5320, 19480],[5360, 19440],[5392, 19440],[5400, 19424],[5504, 19392],[5528, 19376],[5560, 19320],[5560, 19272],[5584, 19256],[5544, 19264],[5528, 19240],[5440, 19232],[5424, 19200],[5448, 19192],[5440, 19152],[5488, 19168],[5488, 19128],[5520, 19104],[5512, 19032],[5496, 18992],[5456, 18984],[5448, 18968],[5352, 18976],[5352, 19008],[5336, 19032],[5336, 19112],[5312, 19136],[5360, 19128],[5360, 19152],[5328, 19168],[5320, 19192],[5280, 19224],[5264, 19264],[5240, 19280],[5248, 19336],[5232, 19360],[5200, 19376],[5176, 19424]]]},"properties":{"objectType":"annotation","classification":{"name":"Tumor","color":[102, 77, 179]}}},{"type":"Feature","id":"6aa5b598-16ad-458c-be61-0ea89791c42c","geometry":{"type":"Polygon","coordinates":[[[17128, 8920],[17128, 9008],[17144, 9016],[17168, 9088],[17152, 9104],[17152, 9144],[17168, 9176],[17168, 9224],[17192, 9256],[17200, 9312],[17272, 9368],[17280, 9392],[17216, 9392],[17216, 9408],[17256, 9408],[17272, 9424],[17312, 9424],[17320, 9408],[17384, 9408],[17440, 9384],[17456, 9360],[17496, 9360],[17592, 9312],[17592, 9288],[17632, 9256],[17656, 9256],[17680, 9200],[17712, 9176],[17712, 9200],[17736, 9184],[17720, 9160],[17720, 9104],[17736, 9064],[17808, 9032],[17840, 9008],[17856, 8960],[17856, 8896],[17824, 8832],[17768, 8808],[17656, 8816],[17616, 8840],[17576, 8880],[17560, 8920],[17560, 8968],[17576, 9000],[17576, 9048],[17544, 9040],[17536, 9000],[17464, 9000],[17432, 8976],[17432, 8888],[17416, 8840],[17368, 8808],[17256, 8800],[17176, 8832],[17136, 8880],[17128, 8920]]]},"properties":{"objectType":"annotation","classification":{"name":"Tumor","color":[102, 77, 179]}}},{"type":"Feature","id":"ff09064e-44d4-424c-867b-8db0843aec26","geometry":{"type":"Polygon","coordinates":[[[6696, 15472],[6744, 15544],[6888, 15520],[6936, 15464],[6952, 15344],[6896, 15264],[6816, 15256],[6736, 15304],[6696, 15472]]]},"properties":{"objectType":"annotation","classification":{"name":"Tumor","color":[102, 77, 179]}}},{"type":"Feature","id":"31776765-0b50-4e84-9b48-1763ed802006","geometry":{"type":"Polygon","coordinates":[[[12072, 12808],[12088, 12968],[12160, 13016],[12256, 13016],[12280, 12984],[12256, 12936],[12272, 12880],[12264, 12784],[12184, 12744],[12128, 12744],[12072, 12808]]]},"properties":{"objectType":"annotation","classification":{"name":"Tumor","color":[102, 77, 179]}}},{"type":"Feature","id":"5383a1b5-fe5b-4515-977e-0e2d593a6b5f","geometry":{"type":"Polygon","coordinates":[[[10240, 13272],[10256, 13344],[10352, 13320],[10424, 13248],[10416, 13216],[10280, 13208],[10240, 13272]]]},"properties":{"objectType":"annotation","classification":{"name":"Tumor","color":[102, 77, 179]}}},{"type":"Feature","id":"45f05c27-1a22-498e-88fd-b0ec623d89b7","geometry":{"type":"Polygon","coordinates":[[[15496, 2696],[15520, 2728],[15584, 2704],[15584, 2656],[15520, 2640],[15496, 2696]]]},"properties":{"objectType":"annotation","classification":{"name":"Tumor","color":[102, 77, 179]}}},{"type":"Feature","id":"2fd8f0d1-f2b9-40a1-ae13-447e16e8c53d","geometry":{"type":"Polygon","coordinates":[[[15120, 4296],[15120, 4320],[15160, 4304],[15240, 4320],[15280, 4288],[15280, 4224],[15256, 4200],[15200, 4200],[15168, 4240],[15160, 4296],[15120, 4296]]]},"properties":{"objectType":"annotation","classification":{"name":"Tumor","color":[102, 77, 179]}}},{"type":"Feature","id":"6fde8613-4bab-4fa5-bcc5-c919afe6338a","geometry":{"type":"Polygon","coordinates":[[[11048, 5496],[11064, 5520],[11064, 5560],[11096, 5576],[11104, 5592],[11160, 5584],[11184, 5568],[11224, 5568],[11240, 5560],[11288, 5600],[11336, 5600],[11368, 5584],[11376, 5560],[11376, 5520],[11384, 5520],[11384, 5464],[11368, 5456],[11368, 5432],[11392, 5440],[11432, 5440],[11472, 5416],[11496, 5416],[11504, 5432],[11528, 5440],[11536, 5416],[11576, 5416],[11576, 5424],[11616, 5424],[11640, 5440],[11688, 5440],[11704, 5464],[11728, 5480],[11712, 5496],[11760, 5488],[11800, 5536],[11792, 5568],[11752, 5584],[11712, 5616],[11712, 5672],[11720, 5672],[11720, 5712],[11768, 5712],[11776, 5696],[11824, 5696],[11840, 5736],[11856, 5744],[11920, 5744],[11936, 5760],[11928, 5736],[11968, 5736],[12000, 5720],[12024, 5688],[12024, 5632],[12000, 5608],[12000, 5568],[12024, 5552],[12064, 5552],[12088, 5528],[12088, 5512],[12104, 5504],[12104, 5472],[12112, 5472],[12112, 5400],[12104, 5400],[12064, 5352],[11984, 5352],[11984, 5360],[11952, 5360],[11944, 5392],[11912, 5440],[11912, 5520],[11920, 5552],[11888, 5608],[11864, 5616],[11864, 5512],[11872, 5488],[11896, 5456],[11896, 5384],[11888, 5368],[11856, 5344],[11856, 5320],[11832, 5320],[11808, 5304],[11704, 5304],[11704, 5296],[11656, 5296],[11656, 5288],[11608, 5288],[11520, 5232],[11488, 5232],[11480, 5248],[11440, 5248],[11440, 5256],[11400, 5256],[11376, 5280],[11344, 5280],[11336, 5312],[11312, 5336],[11312, 5416],[11256, 5424],[11248, 5448],[11224, 5464],[11200, 5456],[11168, 5432],[11168, 5408],[11096, 5456],[11048, 5496]]]},"properties":{"objectType":"annotation","classification":{"name":"Tumor","color":[102, 77, 179]}}},{"type":"Feature","id":"0cf97b53-6f37-4503-9d6e-eb67b2be4995","geometry":{"type":"Polygon","coordinates":[[[10982, 13037],[11045, 13092],[11167, 13069],[11214, 12999],[11207, 12930],[11167, 12904],[11036, 12934],[10982, 13037]]]},"properties":{"objectType":"annotation","classification":{"name":"Tumor","color":[102, 77, 179]}}},{"type":"Feature","id":"2b58fddb-0d3e-4920-af86-46daa4668acd","geometry":{"type":"Polygon","coordinates":[[[7288, 9968],[7328, 10008],[7376, 10000],[7424, 9920],[7408, 9848],[7336, 9840],[7304, 9872],[7288, 9968]]]},"properties":{"objectType":"annotation","classification":{"name":"Tumor","color":[102, 77, 179]}}},{"type":"Feature","id":"fe6cc569-9b48-40d1-b9a8-38f1a139ae8b","geometry":{"type":"Polygon","coordinates":[[[4160, 9152],[4104, 9184],[4088, 9216],[4096, 9288],[4120, 9336],[4072, 9352],[4080, 9376],[4019, 9354],[3944, 9368],[3944, 9424],[3984, 9488],[4088, 9504.7],[4166.43, 9464],[4195.1, 9472],[4158, 9522],[4154, 9571],[4064, 9584],[3984, 9616],[3976, 9656],[4016, 9680],[4008, 9736],[4048, 9728],[4056, 9768],[4136, 9776],[4128, 9824],[4184, 9808],[4208, 9763.36],[4352, 9744],[4440, 9688],[4432, 9648],[4488, 9632],[4488, 9608],[4568, 9608],[4640, 9576],[4688, 9536],[4688, 9424],[4632, 9344],[4504, 9376],[4488, 9424],[4528, 9456],[4472, 9472],[4480, 9416],[4396, 9361],[4327.02, 9363.27],[4312, 9280],[4344, 9272],[4312, 9184],[4264, 9184],[4248, 9152],[4160, 9152]],[[4085.9, 9616],[4084.55, 9624],[4080, 9616],[4085.9, 9616]],[[4088.56, 9608],[4088, 9609],[4088, 9608],[4088.56, 9608]]]},"properties":{"objectType":"annotation","classification":{"name":"Tumor","color":[102, 77, 179]}}},{"type":"Feature","id":"c5ceeb83-2902-484b-a9f8-bb220fa97de3","geometry":{"type":"Polygon","coordinates":[[[14360, 8902],[14360, 8908],[14360, 8914],[14361, 8917],[14361, 8920],[14363, 8926],[14364, 8928],[14366, 8931],[14367, 8934],[14368, 8935],[14369.5, 8936.75],[14371, 8939],[14374, 8942],[14377, 8945],[14379.25, 8946.5],[14381, 8948],[14382, 8949],[14385, 8950],[14388, 8952],[14390, 8953],[14396, 8955],[14399, 8955],[14402, 8956],[14414, 8956],[14416, 8955.33],[14419, 8955],[14420, 8955],[14426, 8953],[14428, 8952],[14437, 8948],[14444, 8942],[14450, 8935],[14454, 8926],[14457, 8917],[14458, 8908],[14457, 8899],[14454, 8890],[14450, 8881],[14444, 8874],[14437, 8868],[14428, 8864],[14426, 8863],[14420, 8861],[14419, 8861],[14416, 8860.67],[14414, 8860],[14402, 8860],[14399, 8861],[14396, 8861],[14390, 8863],[14388, 8864],[14385, 8866],[14382, 8867],[14381, 8868],[14379.25, 8869.5],[14377, 8871],[14374, 8874],[14371, 8877],[14369.5, 8879.25],[14368, 8881],[14367, 8882],[14366, 8885],[14364, 8888],[14363, 8890],[14361, 8896],[14361, 8899],[14360, 8902]]]},"properties":{"objectType":"annotation","classification":{"name":"Ignore*","color":[180, 180, 180]}}},{"type":"Feature","id":"23380944-80cc-4501-acd1-4d824e66ab65","geometry":{"type":"Polygon","coordinates":[[[15848, 10240],[15848, 10288],[15872, 10296],[15864, 10344],[15912, 10376],[15912, 10352],[15975, 10312],[15984, 10374],[16002, 10392],[16029, 10352],[16040, 10384],[16072, 10400],[16080, 10368],[16111, 10368],[16128, 10392],[16151, 10368],[16224, 10368],[16235, 10353],[16280, 10360],[16336, 10344],[16344, 10320],[16384, 10336],[16480, 10296],[16528, 10296],[16552, 10320],[16544, 10296],[16600, 10288],[16614, 10304],[16657, 10273],[16767, 10267],[16835, 10312],[16896, 10312],[16934, 10336],[16982, 10345],[17031, 10337],[17060, 10300],[17072, 10232],[17112, 10216],[17160, 10168],[17160, 10072],[17192, 10096],[17224, 10064],[17224, 9976],[17160, 9916.89],[17160, 9904],[17013, 9903],[16976, 9880],[16943, 9895],[16928, 9872],[16889, 9880],[16874, 9799],[16888, 9752],[16872, 9760],[16760, 9760],[16744, 9792],[16736, 9856],[16712, 9896],[16688, 9888],[16672, 9912],[16624, 9904],[16592, 9928],[16464, 9960],[16432, 9952],[16384, 9968],[16288, 9968],[16272, 10000],[16224, 10000],[16208, 10024],[16176, 10024],[16160, 9984],[16128, 9944],[16080, 9936],[15992, 9944],[16008, 9960],[16000, 10032],[16024, 10040],[16040, 10104],[16016, 10120],[15992, 10192],[15968, 10176],[15976, 10216],[15944, 10224],[15944, 10200],[15904, 10200],[15848, 10240]]]},"properties":{"objectType":"annotation","classification":{"name":"Tumor","color":[102, 77, 179]}}},{"type":"Feature","id":"ead731e8-9aa6-4a9a-9b88-e739979e5600","geometry":{"type":"Polygon","coordinates":[[[19880, 9224],[19880, 9232],[19896, 9232],[19896, 9240],[19904, 9240],[19904, 9232],[19912, 9232],[19912, 9240],[19920, 9240],[19920, 9256],[19928, 9256],[19928, 9272],[19920, 9272],[19920, 9264],[19904, 9264],[19904, 9256],[19896, 9256],[19896, 9264],[19880, 9264],[19880, 9288],[19888, 9288],[19888, 9304],[19896, 9304],[19896, 9320],[19904, 9320],[19904, 9328],[19912, 9328],[19912, 9360],[19920, 9360],[19920, 9368],[19928, 9368],[19928, 9384],[19936, 9384],[19936, 9392],[19944, 9392],[19944, 9400],[19952, 9400],[19952, 9408],[19968, 9408],[19968, 9416],[19976, 9416],[19976, 9424],[20000, 9424],[20000, 9368],[20008, 9368],[20008, 9360],[20000, 9360],[20000, 9352],[19976, 9352],[19976, 9344],[19968, 9344],[19968, 9336],[19952, 9336],[19952, 9328],[19944, 9328],[19944, 9312],[19936, 9312],[19936, 9296],[19968, 9296],[19968, 9288],[19976, 9288],[19976, 9280],[20000, 9280],[20000, 9296],[20008, 9296],[20008, 9272],[20000, 9272],[20000, 9264],[20008, 9264],[20008, 9232],[20016, 9232],[20016, 9208],[20008, 9208],[20008, 9200],[19992, 9200],[19992, 9208],[19976, 9208],[19976, 9216],[19968, 9216],[19968, 9224],[19960, 9224],[19960, 9216],[19944, 9216],[19944, 9208],[19936, 9208],[19936, 9192],[19928, 9192],[19928, 9184],[19920, 9184],[19920, 9176],[19912, 9176],[19912, 9168],[19904, 9168],[19904, 9184],[19896, 9184],[19896, 9192],[19888, 9192],[19888, 9208],[19896, 9208],[19896, 9216],[19888, 9216],[19888, 9224],[19880, 9224]]]},"properties":{"objectType":"annotation","classification":{"name":"Ignore*","color":[180, 180, 180]}}},{"type":"Feature","id":"7c17d54d-0647-417a-a3de-14d11b8c27e0","geometry":{"type":"Polygon","coordinates":[[[20952, 9880],[20952, 9888],[20960, 9888],[20960, 9904],[20952, 9904],[20952, 9920],[20960, 9920],[20960, 9928],[20952, 9928],[20952, 9936],[20960, 9936],[20960, 9960],[20968, 9960],[20968, 9976],[20976, 9976],[20976, 9984],[20992, 9984],[20992, 10016],[21016, 10016],[21016, 10032],[21024, 10032],[21024, 10040],[21032, 10040],[21032, 10048],[21040, 10048],[21040, 10056],[21048, 10056],[21048, 10072],[21056, 10072],[21056, 10080],[21072, 10080],[21072, 10072],[21112, 10072],[21112, 10064],[21128, 10064],[21128, 10072],[21144, 10072],[21144, 10056],[21136, 10056],[21136, 10008],[21128, 10008],[21128, 10000],[21120, 10000],[21120, 9984],[21112, 9984],[21112, 9976],[21096, 9976],[21096, 9968],[21088, 9968],[21088, 9952],[21080, 9952],[21080, 9944],[21072, 9944],[21072, 9928],[21064, 9928],[21064, 9920],[21048, 9920],[21048, 9912],[21032, 9912],[21032, 9904],[21024, 9904],[21024, 9888],[21016, 9888],[21016, 9880],[20992, 9880],[20992, 9872],[20984, 9872],[20984, 9864],[20968, 9864],[20968, 9872],[20960, 9872],[20960, 9880],[20952, 9880]]]},"properties":{"objectType":"annotation","classification":{"name":"Ignore*","color":[180, 180, 180]}}},{"type":"Feature","id":"66677f8b-ec16-49b6-931c-9e01d9180f8f","geometry":{"type":"Polygon","coordinates":[[[13264, 10424],[13264, 10432],[13272, 10432],[13272, 10448],[13288, 10448],[13288, 10456],[13312, 10456],[13312, 10448],[13328, 10448],[13328, 10456],[13344, 10456],[13344, 10464],[13360, 10464],[13360, 10472],[13368, 10472],[13368, 10464],[13384, 10464],[13384, 10456],[13432, 10456],[13432, 10464],[13448, 10464],[13448, 10472],[13480, 10472],[13480, 10464],[13488, 10464],[13488, 10456],[13496, 10456],[13496, 10448],[13504, 10448],[13504, 10440],[13552, 10440],[13552, 10448],[13576, 10448],[13576, 10456],[13584, 10456],[13584, 10472],[13592, 10472],[13592, 10448],[13584, 10448],[13584, 10440],[13576, 10440],[13576, 10432],[13584, 10432],[13584, 10416],[13592, 10416],[13592, 10376],[13584, 10376],[13584, 10360],[13568, 10360],[13568, 10352],[13560, 10352],[13560, 10344],[13544, 10344],[13544, 10336],[13488, 10336],[13488, 10344],[13432, 10344],[13432, 10360],[13392, 10360],[13392, 10352],[13360, 10352],[13360, 10344],[13336, 10344],[13336, 10336],[13296, 10336],[13296, 10328],[13288, 10328],[13288, 10336],[13280, 10336],[13280, 10344],[13272, 10344],[13272, 10384],[13280, 10384],[13280, 10392],[13288, 10392],[13288, 10416],[13272, 10416],[13272, 10424],[13264, 10424]]]},"properties":{"objectType":"annotation","classification":{"name":"Ignore*","color":[180, 180, 180]}}},{"type":"Feature","id":"88b81a13-6e07-4c28-84e1-ed006c8cab8b","geometry":{"type":"Polygon","coordinates":[[[16448, 10616],[16448, 10624],[16456, 10624],[16456, 10632],[16464, 10632],[16464, 10640],[16472, 10640],[16472, 10656],[16480, 10656],[16480, 10664],[16496, 10664],[16496, 10672],[16504, 10672],[16504, 10680],[16520, 10680],[16520, 10672],[16536, 10672],[16536, 10664],[16584, 10664],[16584, 10672],[16576, 10672],[16576, 10688],[16592, 10688],[16592, 10672],[16608, 10672],[16608, 10680],[16616, 10680],[16616, 10688],[16632, 10688],[16632, 10672],[16640, 10672],[16640, 10664],[16688, 10664],[16688, 10656],[16712, 10656],[16712, 10648],[16728, 10648],[16728, 10640],[16744, 10640],[16744, 10632],[16752, 10632],[16752, 10624],[16760, 10624],[16760, 10616],[16776, 10616],[16776, 10608],[16784, 10608],[16784, 10592],[16776, 10592],[16776, 10584],[16768, 10584],[16768, 10568],[16760, 10568],[16760, 10552],[16752, 10552],[16752, 10544],[16744, 10544],[16744, 10536],[16736, 10536],[16736, 10528],[16704, 10528],[16704, 10520],[16680, 10520],[16680, 10512],[16664, 10512],[16664, 10504],[16656, 10504],[16656, 10496],[16648, 10496],[16648, 10488],[16640, 10488],[16640, 10480],[16608, 10480],[16608, 10496],[16592, 10496],[16592, 10504],[16568, 10504],[16568, 10496],[16552, 10496],[16552, 10504],[16536, 10504],[16536, 10512],[16528, 10512],[16528, 10528],[16536, 10528],[16536, 10544],[16544, 10544],[16544, 10560],[16552, 10560],[16552, 10584],[16536, 10584],[16536, 10576],[16528, 10576],[16528, 10568],[16520, 10568],[16520, 10584],[16528, 10584],[16528, 10608],[16512, 10608],[16512, 10600],[16480, 10600],[16480, 10608],[16464, 10608],[16464, 10616],[16448, 10616]]]},"properties":{"objectType":"annotation","classification":{"name":"Ignore*","color":[180, 180, 180]}}},{"type":"Feature","id":"10375f84-27db-442e-bacd-2b25bb782c77","geometry":{"type":"Polygon","coordinates":[[[7312, 14264],[7312, 14272],[7320, 14272],[7320, 14296],[7328, 14296],[7328, 14304],[7336, 14304],[7336, 14312],[7424, 14312],[7424, 14304],[7448, 14304],[7448, 14296],[7456, 14296],[7456, 14280],[7464, 14280],[7464, 14272],[7480, 14272],[7480, 14232],[7472, 14232],[7472, 14224],[7480, 14224],[7480, 14200],[7472, 14200],[7472, 14192],[7464, 14192],[7464, 14184],[7448, 14184],[7448, 14176],[7432, 14176],[7432, 14168],[7440, 14168],[7440, 14152],[7424, 14152],[7424, 14160],[7416, 14160],[7416, 14168],[7376, 14168],[7376, 14176],[7368, 14176],[7368, 14184],[7360, 14184],[7360, 14192],[7352, 14192],[7352, 14200],[7344, 14200],[7344, 14216],[7328, 14216],[7328, 14224],[7320, 14224],[7320, 14264],[7312, 14264]]]},"properties":{"objectType":"annotation","classification":{"name":"Ignore*","color":[180, 180, 180]}}},{"type":"Feature","id":"49ab0b08-e47a-4b9c-9f3b-905055751011","geometry":{"type":"Polygon","coordinates":[[[17528, 1064],[17528, 1080],[17536, 1080],[17536, 1088],[17544, 1088],[17544, 1096],[17552, 1096],[17552, 1112],[17560, 1112],[17560, 1120],[17576, 1120],[17576, 1128],[17584, 1128],[17584, 1136],[17600, 1136],[17600, 1144],[17608, 1144],[17608, 1152],[17616, 1152],[17616, 1160],[17624, 1160],[17624, 1168],[17632, 1168],[17632, 1176],[17648, 1176],[17648, 1184],[17664, 1184],[17664, 1192],[17704, 1192],[17704, 1184],[17720, 1184],[17720, 1128],[17712, 1128],[17712, 1112],[17704, 1112],[17704, 1104],[17688, 1104],[17688, 1096],[17672, 1096],[17672, 1088],[17656, 1088],[17656, 1080],[17648, 1080],[17648, 1072],[17632, 1072],[17632, 1064],[17576, 1064],[17576, 1056],[17536, 1056],[17536, 1064],[17528, 1064]]]},"properties":{"objectType":"annotation","classification":{"name":"Ignore*","color":[180, 180, 180]}}},{"type":"Feature","id":"92be3335-06b9-48f4-955f-817813c1e5b4","geometry":{"type":"Polygon","coordinates":[[[17328, 1256],[17328, 1280],[17336, 1280],[17336, 1296],[17352, 1296],[17352, 1288],[17360, 1288],[17360, 1272],[17368, 1272],[17368, 1264],[17384, 1264],[17384, 1256],[17392, 1256],[17392, 1248],[17400, 1248],[17400, 1240],[17408, 1240],[17408, 1232],[17416, 1232],[17416, 1216],[17424, 1216],[17424, 1200],[17432, 1200],[17432, 1184],[17440, 1184],[17440, 1176],[17448, 1176],[17448, 1168],[17456, 1168],[17456, 1160],[17464, 1160],[17464, 1152],[17472, 1152],[17472, 1136],[17480, 1136],[17480, 1120],[17488, 1120],[17488, 1104],[17496, 1104],[17496, 1096],[17488, 1096],[17488, 1080],[17464, 1080],[17464, 1088],[17456, 1088],[17456, 1096],[17440, 1096],[17440, 1104],[17432, 1104],[17432, 1112],[17424, 1112],[17424, 1120],[17416, 1120],[17416, 1128],[17408, 1128],[17408, 1136],[17400, 1136],[17400, 1144],[17392, 1144],[17392, 1152],[17384, 1152],[17384, 1160],[17376, 1160],[17376, 1176],[17368, 1176],[17368, 1184],[17360, 1184],[17360, 1216],[17352, 1216],[17352, 1224],[17360, 1224],[17360, 1256],[17328, 1256]]]},"properties":{"objectType":"annotation","classification":{"name":"Ignore*","color":[180, 180, 180]}}},{"type":"Feature","id":"5365cdba-0179-4906-9e58-c46a5335ad07","geometry":{"type":"Polygon","coordinates":[[[16840, 1352],[16840, 1368],[16872, 1368],[16872, 1360],[16880, 1360],[16880, 1352],[16872, 1352],[16872, 1344],[16856, 1344],[16856, 1352],[16840, 1352]]]},"properties":{"objectType":"annotation","classification":{"name":"Ignore*","color":[180, 180, 180]}}},{"type":"Feature","id":"d11e9c64-0954-4354-b4ab-6e86855f41ad","geometry":{"type":"Polygon","coordinates":[[[17376, 1344],[17376, 1408],[17384, 1408],[17384, 1424],[17400, 1424],[17400, 1432],[17424, 1432],[17424, 1424],[17432, 1424],[17432, 1408],[17440, 1408],[17440, 1400],[17456, 1400],[17456, 1392],[17480, 1392],[17480, 1384],[17488, 1384],[17488, 1376],[17504, 1376],[17504, 1360],[17512, 1360],[17512, 1320],[17472, 1320],[17472, 1328],[17464, 1328],[17464, 1336],[17456, 1336],[17456, 1344],[17448, 1344],[17448, 1352],[17440, 1352],[17440, 1360],[17416, 1360],[17416, 1352],[17408, 1352],[17408, 1344],[17376, 1344]]]},"properties":{"objectType":"annotation","classification":{"name":"Ignore*","color":[180, 180, 180]}}},{"type":"Feature","id":"3871d709-0a95-4401-a962-7024d0d1f4bd","geometry":{"type":"Polygon","coordinates":[[[17456, 1504],[17456, 1512],[17464, 1512],[17464, 1528],[17472, 1528],[17472, 1536],[17480, 1536],[17480, 1544],[17496, 1544],[17496, 1552],[17520, 1552],[17520, 1560],[17536, 1560],[17536, 1568],[17544, 1568],[17544, 1576],[17552, 1576],[17552, 1584],[17560, 1584],[17560, 1592],[17568, 1592],[17568, 1600],[17624, 1600],[17624, 1608],[17632, 1608],[17632, 1616],[17648, 1616],[17648, 1624],[17664, 1624],[17664, 1632],[17680, 1632],[17680, 1640],[17696, 1640],[17696, 1648],[17704, 1648],[17704, 1656],[17712, 1656],[17712, 1664],[17720, 1664],[17720, 1672],[17728, 1672],[17728, 1680],[17736, 1680],[17736, 1688],[17752, 1688],[17752, 1696],[17760, 1696],[17760, 1704],[17784, 1704],[17784, 1696],[17792, 1696],[17792, 1680],[17800, 1680],[17800, 1648],[17808, 1648],[17808, 1624],[17800, 1624],[17800, 1616],[17792, 1616],[17792, 1608],[17784, 1608],[17784, 1600],[17776, 1600],[17776, 1584],[17768, 1584],[17768, 1576],[17760, 1576],[17760, 1560],[17752, 1560],[17752, 1552],[17744, 1552],[17744, 1544],[17736, 1544],[17736, 1536],[17720, 1536],[17720, 1528],[17712, 1528],[17712, 1520],[17696, 1520],[17696, 1512],[17680, 1512],[17680, 1504],[17664, 1504],[17664, 1496],[17560, 1496],[17560, 1488],[17536, 1488],[17536, 1480],[17520, 1480],[17520, 1472],[17488, 1472],[17488, 1480],[17472, 1480],[17472, 1488],[17464, 1488],[17464, 1504],[17456, 1504]]]},"properties":{"objectType":"annotation","classification":{"name":"Ignore*","color":[180, 180, 180]}}},{"type":"Feature","id":"ec4aed93-cc05-4771-aa5e-3fc25adb781d","geometry":{"type":"Polygon","coordinates":[[[16816, 1608],[16816, 1624],[16832, 1624],[16832, 1616],[16848, 1616],[16848, 1608],[16864, 1608],[16864, 1600],[16880, 1600],[16880, 1592],[16888, 1592],[16888, 1576],[16856, 1576],[16856, 1584],[16840, 1584],[16840, 1592],[16832, 1592],[16832, 1600],[16824, 1600],[16824, 1608],[16816, 1608]]]},"properties":{"objectType":"annotation","classification":{"name":"Ignore*","color":[180, 180, 180]}}},{"type":"Feature","id":"6e050a49-f032-4cae-8df3-dd1208acef73","geometry":{"type":"Polygon","coordinates":[[[16696, 1672],[16696, 1712],[16704, 1712],[16704, 1728],[16712, 1728],[16712, 1736],[16720, 1736],[16720, 1744],[16728, 1744],[16728, 1752],[16736, 1752],[16736, 1760],[16744, 1760],[16744, 1768],[16752, 1768],[16752, 1776],[16832, 1776],[16832, 1784],[16848, 1784],[16848, 1792],[16864, 1792],[16864, 1784],[16880, 1784],[16880, 1776],[16896, 1776],[16896, 1768],[16912, 1768],[16912, 1760],[16920, 1760],[16920, 1736],[16928, 1736],[16928, 1728],[16920, 1728],[16920, 1712],[16904, 1712],[16904, 1704],[16872, 1704],[16872, 1712],[16848, 1712],[16848, 1720],[16832, 1720],[16832, 1728],[16816, 1728],[16816, 1736],[16784, 1736],[16784, 1728],[16776, 1728],[16776, 1720],[16768, 1720],[16768, 1688],[16760, 1688],[16760, 1672],[16752, 1672],[16752, 1664],[16736, 1664],[16736, 1656],[16712, 1656],[16712, 1664],[16704, 1664],[16704, 1672],[16696, 1672]]]},"properties":{"objectType":"annotation","classification":{"name":"Ignore*","color":[180, 180, 180]}}},{"type":"Feature","id":"d7cbb03a-a260-4400-842e-09d16ee1bc31","geometry":{"type":"Polygon","coordinates":[[[17960, 1792],[17960, 1840],[17968, 1840],[17968, 1856],[17976, 1856],[17976, 1928],[17984, 1928],[17984, 1920],[17992, 1920],[17992, 1912],[18000, 1912],[18000, 1904],[18008, 1904],[18008, 1888],[18016, 1888],[18016, 1872],[18024, 1872],[18024, 1848],[18032, 1848],[18032, 1808],[18024, 1808],[18024, 1776],[18016, 1776],[18016, 1760],[17984, 1760],[17984, 1768],[17976, 1768],[17976, 1776],[17968, 1776],[17968, 1792],[17960, 1792]]]},"properties":{"objectType":"annotation","classification":{"name":"Ignore*","color":[180, 180, 180]}}},{"type":"Feature","id":"957e4aab-50ab-48f8-9390-f0274680ab1b","geometry":{"type":"Polygon","coordinates":[[[14328, 2152],[14328, 2160],[14336, 2160],[14336, 2184],[14344, 2184],[14344, 2192],[14384, 2192],[14384, 2184],[14400, 2184],[14400, 2176],[14416, 2176],[14416, 2168],[14424, 2168],[14424, 2160],[14432, 2160],[14432, 2152],[14440, 2152],[14440, 2136],[14448, 2136],[14448, 2120],[14440, 2120],[14440, 2112],[14432, 2112],[14432, 2104],[14416, 2104],[14416, 2096],[14392, 2096],[14392, 2088],[14368, 2088],[14368, 2096],[14352, 2096],[14352, 2112],[14344, 2112],[14344, 2128],[14336, 2128],[14336, 2152],[14328, 2152]]]},"properties":{"objectType":"annotation","classification":{"name":"Ignore*","color":[180, 180, 180]}}},{"type":"Feature","id":"fe936635-5208-4a53-a59a-9a6054d2b51c","geometry":{"type":"Polygon","coordinates":[[[14712, 2136],[14712, 2176],[14720, 2176],[14720, 2184],[14728, 2184],[14728, 2192],[14744, 2192],[14744, 2200],[14768, 2200],[14768, 2192],[14792, 2192],[14792, 2184],[14816, 2184],[14816, 2176],[14840, 2176],[14840, 2168],[14848, 2168],[14848, 2160],[14856, 2160],[14856, 2152],[14864, 2152],[14864, 2136],[14856, 2136],[14856, 2120],[14840, 2120],[14840, 2112],[14832, 2112],[14832, 2104],[14808, 2104],[14808, 2096],[14752, 2096],[14752, 2104],[14736, 2104],[14736, 2112],[14728, 2112],[14728, 2128],[14720, 2128],[14720, 2136],[14712, 2136]]]},"properties":{"objectType":"annotation","classification":{"name":"Ignore*","color":[180, 180, 180]}}},{"type":"Feature","id":"2e15d0ca-34a2-476e-9643-f80adfe0ac87","geometry":{"type":"Polygon","coordinates":[[[17272, 2184],[17272, 2208],[17280, 2208],[17280, 2216],[17288, 2216],[17288, 2224],[17296, 2224],[17296, 2232],[17336, 2232],[17336, 2224],[17344, 2224],[17344, 2216],[17352, 2216],[17352, 2200],[17360, 2200],[17360, 2168],[17352, 2168],[17352, 2160],[17336, 2160],[17336, 2152],[17312, 2152],[17312, 2160],[17304, 2160],[17304, 2168],[17288, 2168],[17288, 2176],[17280, 2176],[17280, 2184],[17272, 2184]]]},"properties":{"objectType":"annotation","classification":{"name":"Ignore*","color":[180, 180, 180]}}},{"type":"Feature","id":"25623b80-1879-41c6-b721-4922664dcd2a","geometry":{"type":"Polygon","coordinates":[[[14520, 2256],[14520, 2288],[14528, 2288],[14528, 2312],[14536, 2312],[14536, 2328],[14544, 2328],[14544, 2352],[14552, 2352],[14552, 2376],[14560, 2376],[14560, 2392],[14568, 2392],[14568, 2408],[14576, 2408],[14576, 2416],[14584, 2416],[14584, 2424],[14608, 2424],[14608, 2416],[14616, 2416],[14616, 2408],[14624, 2408],[14624, 2400],[14632, 2400],[14632, 2384],[14640, 2384],[14640, 2360],[14648, 2360],[14648, 2328],[14656, 2328],[14656, 2272],[14648, 2272],[14648, 2264],[14608, 2264],[14608, 2272],[14584, 2272],[14584, 2264],[14568, 2264],[14568, 2256],[14552, 2256],[14552, 2248],[14528, 2248],[14528, 2256],[14520, 2256]]]},"properties":{"objectType":"annotation","classification":{"name":"Ignore*","color":[180, 180, 180]}}},{"type":"Feature","id":"08719d05-845b-4870-bcc9-45ea69148788","geometry":{"type":"Polygon","coordinates":[[[13824, 2808],[13824, 2824],[13832, 2824],[13832, 2832],[13840, 2832],[13840, 2840],[13864, 2840],[13864, 2848],[13888, 2848],[13888, 2856],[13904, 2856],[13904, 2848],[13928, 2848],[13928, 2840],[13976, 2840],[13976, 2848],[14008, 2848],[14008, 2840],[14016, 2840],[14016, 2832],[14024, 2832],[14024, 2824],[14032, 2824],[14032, 2776],[14024, 2776],[14024, 2768],[14016, 2768],[14016, 2760],[14000, 2760],[14000, 2752],[13992, 2752],[13992, 2712],[14000, 2712],[14000, 2704],[14008, 2704],[14008, 2696],[14016, 2696],[14016, 2688],[14032, 2688],[14032, 2680],[14040, 2680],[14040, 2672],[14056, 2672],[14056, 2656],[14064, 2656],[14064, 2648],[14080, 2648],[14080, 2640],[14088, 2640],[14088, 2632],[14096, 2632],[14096, 2624],[14112, 2624],[14112, 2616],[14128, 2616],[14128, 2608],[14136, 2608],[14136, 2600],[14160, 2600],[14160, 2592],[14176, 2592],[14176, 2584],[14184, 2584],[14184, 2568],[14192, 2568],[14192, 2560],[14200, 2560],[14200, 2552],[14208, 2552],[14208, 2544],[14216, 2544],[14216, 2536],[14224, 2536],[14224, 2520],[14232, 2520],[14232, 2472],[14224, 2472],[14224, 2464],[14216, 2464],[14216, 2456],[14208, 2456],[14208, 2448],[14144, 2448],[14144, 2456],[14128, 2456],[14128, 2464],[14120, 2464],[14120, 2480],[14112, 2480],[14112, 2496],[14104, 2496],[14104, 2520],[14096, 2520],[14096, 2536],[14088, 2536],[14088, 2552],[14080, 2552],[14080, 2560],[14072, 2560],[14072, 2568],[14064, 2568],[14064, 2576],[14008, 2576],[14008, 2568],[14000, 2568],[14000, 2560],[13984, 2560],[13984, 2544],[13976, 2544],[13976, 2488],[13968, 2488],[13968, 2480],[13928, 2480],[13928, 2488],[13920, 2488],[13920, 2496],[13904, 2496],[13904, 2504],[13896, 2504],[13896, 2536],[13904, 2536],[13904, 2552],[13896, 2552],[13896, 2584],[13904, 2584],[13904, 2600],[13912, 2600],[13912, 2608],[13920, 2608],[13920, 2616],[13928, 2616],[13928, 2648],[13920, 2648],[13920, 2672],[13912, 2672],[13912, 2688],[13904, 2688],[13904, 2704],[13896, 2704],[13896, 2712],[13888, 2712],[13888, 2728],[13880, 2728],[13880, 2736],[13872, 2736],[13872, 2744],[13864, 2744],[13864, 2760],[13856, 2760],[13856, 2768],[13848, 2768],[13848, 2784],[13840, 2784],[13840, 2792],[13832, 2792],[13832, 2808],[13824, 2808]]]},"properties":{"objectType":"annotation","classification":{"name":"Ignore*","color":[180, 180, 180]}}},{"type":"Feature","id":"1aa15691-0667-47f4-904a-1da300c102d2","geometry":{"type":"Polygon","coordinates":[[[13328, 2648],[13328, 2672],[13336, 2672],[13336, 2680],[13352, 2680],[13352, 2688],[13360, 2688],[13360, 2696],[13368, 2696],[13368, 2704],[13376, 2704],[13376, 2712],[13384, 2712],[13384, 2720],[13392, 2720],[13392, 2728],[13400, 2728],[13400, 2792],[13408, 2792],[13408, 2800],[13416, 2800],[13416, 2808],[13432, 2808],[13432, 2816],[13456, 2816],[13456, 2808],[13472, 2808],[13472, 2800],[13488, 2800],[13488, 2784],[13496, 2784],[13496, 2776],[13504, 2776],[13504, 2768],[13520, 2768],[13520, 2760],[13528, 2760],[13528, 2752],[13536, 2752],[13536, 2736],[13528, 2736],[13528, 2728],[13520, 2728],[13520, 2720],[13504, 2720],[13504, 2712],[13464, 2712],[13464, 2704],[13456, 2704],[13456, 2672],[13448, 2672],[13448, 2648],[13440, 2648],[13440, 2632],[13432, 2632],[13432, 2624],[13424, 2624],[13424, 2616],[13416, 2616],[13416, 2608],[13392, 2608],[13392, 2616],[13376, 2616],[13376, 2624],[13360, 2624],[13360, 2632],[13344, 2632],[13344, 2640],[13336, 2640],[13336, 2648],[13328, 2648]]]},"properties":{"objectType":"annotation","classification":{"name":"Ignore*","color":[180, 180, 180]}}},{"type":"Feature","id":"00650f40-3cca-4108-a1ee-44bb39fadfca","geometry":{"type":"Polygon","coordinates":[[[14512, 2776],[14512, 2816],[14520, 2816],[14520, 2824],[14568, 2824],[14568, 2816],[14584, 2816],[14584, 2808],[14592, 2808],[14592, 2800],[14600, 2800],[14600, 2792],[14608, 2792],[14608, 2784],[14616, 2784],[14616, 2776],[14624, 2776],[14624, 2760],[14616, 2760],[14616, 2744],[14608, 2744],[14608, 2736],[14576, 2736],[14576, 2744],[14560, 2744],[14560, 2752],[14544, 2752],[14544, 2760],[14536, 2760],[14536, 2768],[14520, 2768],[14520, 2776],[14512, 2776]]]},"properties":{"objectType":"annotation","classification":{"name":"Ignore*","color":[180, 180, 180]}}},{"type":"Feature","id":"cc8d0a71-e0bc-45d4-bd46-749a6a7a337e","geometry":{"type":"Polygon","coordinates":[[[14232, 2912],[14232, 2936],[14240, 2936],[14240, 2944],[14248, 2944],[14248, 2952],[14272, 2952],[14272, 2944],[14280, 2944],[14280, 2920],[14272, 2920],[14272, 2912],[14264, 2912],[14264, 2904],[14240, 2904],[14240, 2912],[14232, 2912]]]},"properties":{"objectType":"annotation","classification":{"name":"Ignore*","color":[180, 180, 180]}}},{"type":"Feature","id":"6f578ff4-2807-447d-8363-56e138d3e324","geometry":{"type":"Polygon","coordinates":[[[16824, 2928],[16824, 2960],[16832, 2960],[16832, 2968],[16848, 2968],[16848, 2960],[16864, 2960],[16864, 2952],[16872, 2952],[16872, 2944],[16904, 2944],[16904, 2952],[16912, 2952],[16912, 2960],[16960, 2960],[16960, 2952],[16976, 2952],[16976, 2944],[16984, 2944],[16984, 2912],[16976, 2912],[16976, 2904],[16920, 2904],[16920, 2912],[16896, 2912],[16896, 2920],[16840, 2920],[16840, 2928],[16824, 2928]]]},"properties":{"objectType":"annotation","classification":{"name":"Ignore*","color":[180, 180, 180]}}},{"type":"Feature","id":"17a02bf3-cce8-4d6c-9b76-a18e4edc08e2","geometry":{"type":"Polygon","coordinates":[[[13800, 3072],[13800, 3104],[13808, 3104],[13808, 3112],[13816, 3112],[13816, 3120],[13824, 3120],[13824, 3128],[13832, 3128],[13832, 3136],[13840, 3136],[13840, 3144],[13848, 3144],[13848, 3152],[13856, 3152],[13856, 3160],[13872, 3160],[13872, 3168],[13896, 3168],[13896, 3176],[13912, 3176],[13912, 3168],[13928, 3168],[13928, 3160],[13936, 3160],[13936, 3152],[13944, 3152],[13944, 3144],[13952, 3144],[13952, 3128],[13960, 3128],[13960, 3112],[13952, 3112],[13952, 3104],[13936, 3104],[13936, 3096],[13928, 3096],[13928, 3088],[13912, 3088],[13912, 3080],[13904, 3080],[13904, 3072],[13896, 3072],[13896, 3064],[13888, 3064],[13888, 3056],[13880, 3056],[13880, 3048],[13824, 3048],[13824, 3056],[13816, 3056],[13816, 3064],[13808, 3064],[13808, 3072],[13800, 3072]]]},"properties":{"objectType":"annotation","classification":{"name":"Ignore*","color":[180, 180, 180]}}},{"type":"Feature","id":"1e09f7f9-b106-4e0a-ab56-c019832aaaa6","geometry":{"type":"Polygon","coordinates":[[[12448, 3256],[12448, 3264],[12456, 3264],[12456, 3280],[12464, 3280],[12464, 3288],[12472, 3288],[12472, 3296],[12512, 3296],[12512, 3288],[12528, 3288],[12528, 3280],[12536, 3280],[12536, 3264],[12544, 3264],[12544, 3256],[12560, 3256],[12560, 3248],[12568, 3248],[12568, 3240],[12592, 3240],[12592, 3232],[12600, 3232],[12600, 3224],[12608, 3224],[12608, 3208],[12616, 3208],[12616, 3176],[12608, 3176],[12608, 3160],[12600, 3160],[12600, 3152],[12560, 3152],[12560, 3160],[12544, 3160],[12544, 3168],[12536, 3168],[12536, 3176],[12528, 3176],[12528, 3192],[12520, 3192],[12520, 3200],[12504, 3200],[12504, 3208],[12496, 3208],[12496, 3216],[12488, 3216],[12488, 3224],[12472, 3224],[12472, 3232],[12464, 3232],[12464, 3240],[12456, 3240],[12456, 3256],[12448, 3256]]]},"properties":{"objectType":"annotation","classification":{"name":"Ignore*","color":[180, 180, 180]}}},{"type":"Feature","id":"924d648e-b6d5-4585-835c-a708e813bddf","geometry":{"type":"Polygon","coordinates":[[[17784, 3280],[17784, 3304],[17792, 3304],[17792, 3320],[17800, 3320],[17800, 3328],[17816, 3328],[17816, 3336],[17880, 3336],[17880, 3328],[17896, 3328],[17896, 3320],[17904, 3320],[17904, 3304],[17912, 3304],[17912, 3296],[17920, 3296],[17920, 3288],[17928, 3288],[17928, 3280],[17936, 3280],[17936, 3272],[17952, 3272],[17952, 3280],[17968, 3280],[17968, 3288],[17992, 3288],[17992, 3280],[18008, 3280],[18008, 3256],[18016, 3256],[18016, 3216],[18008, 3216],[18008, 3208],[18000, 3208],[18000, 3200],[17992, 3200],[17992, 3192],[17984, 3192],[17984, 3184],[17976, 3184],[17976, 3176],[17952, 3176],[17952, 3168],[17920, 3168],[17920, 3176],[17904, 3176],[17904, 3184],[17880, 3184],[17880, 3192],[17856, 3192],[17856, 3200],[17840, 3200],[17840, 3208],[17832, 3208],[17832, 3216],[17824, 3216],[17824, 3224],[17816, 3224],[17816, 3232],[17808, 3232],[17808, 3240],[17800, 3240],[17800, 3256],[17792, 3256],[17792, 3280],[17784, 3280]]]},"properties":{"objectType":"annotation","classification":{"name":"Ignore*","color":[180, 180, 180]}}},{"type":"Feature","id":"6affb475-0a18-49d5-b5e8-1d17cc98fa8a","geometry":{"type":"Polygon","coordinates":[[[17912, 3360],[17912, 3376],[17920, 3376],[17920, 3384],[17944, 3384],[17944, 3360],[17928, 3360],[17928, 3352],[17920, 3352],[17920, 3360],[17912, 3360]]]},"properties":{"objectType":"annotation","classification":{"name":"Ignore*","color":[180, 180, 180]}}},{"type":"Feature","id":"76e1a25c-6d5d-4287-b195-da757031833e","geometry":{"type":"Polygon","coordinates":[[[16072, 3352],[16072, 3384],[16080, 3384],[16080, 3392],[16088, 3392],[16088, 3400],[16104, 3400],[16104, 3408],[16136, 3408],[16136, 3400],[16152, 3400],[16152, 3392],[16160, 3392],[16160, 3368],[16152, 3368],[16152, 3352],[16136, 3352],[16136, 3344],[16096, 3344],[16096, 3352],[16072, 3352]]]},"properties":{"objectType":"annotation","classification":{"name":"Ignore*","color":[180, 180, 180]}}},{"type":"Feature","id":"4fbe78bd-e76d-4809-827c-6e0a1d41693b","geometry":{"type":"Polygon","coordinates":[[[13640, 3368],[13640, 3408],[13648, 3408],[13648, 3416],[13656, 3416],[13656, 3424],[13672, 3424],[13672, 3432],[13680, 3432],[13680, 3480],[13672, 3480],[13672, 3496],[13688, 3496],[13688, 3504],[13704, 3504],[13704, 3496],[13712, 3496],[13712, 3488],[13720, 3488],[13720, 3480],[13728, 3480],[13728, 3472],[13744, 3472],[13744, 3464],[13752, 3464],[13752, 3328],[13760, 3328],[13760, 3296],[13752, 3296],[13752, 3288],[13744, 3288],[13744, 3280],[13704, 3280],[13704, 3288],[13696, 3288],[13696, 3296],[13688, 3296],[13688, 3312],[13680, 3312],[13680, 3320],[13672, 3320],[13672, 3328],[13664, 3328],[13664, 3336],[13656, 3336],[13656, 3352],[13648, 3352],[13648, 3368],[13640, 3368]]]},"properties":{"objectType":"annotation","classification":{"name":"Ignore*","color":[180, 180, 180]}}},{"type":"Feature","id":"00ef54b7-cac3-4d71-b06e-955845847467","geometry":{"type":"Polygon","coordinates":[[[18016, 3392],[18016, 3416],[18024, 3416],[18024, 3432],[18040, 3432],[18040, 3440],[18056, 3440],[18056, 3448],[18080, 3448],[18080, 3440],[18088, 3440],[18088, 3424],[18080, 3424],[18080, 3408],[18072, 3408],[18072, 3400],[18064, 3400],[18064, 3392],[18016, 3392]]]},"properties":{"objectType":"annotation","classification":{"name":"Ignore*","color":[180, 180, 180]}}},{"type":"Feature","id":"359a0a44-cdb0-48b1-86f4-d82e8cded71a","geometry":{"type":"Polygon","coordinates":[[[11976, 3624],[11976, 3648],[11984, 3648],[11984, 3656],[11992, 3656],[11992, 3664],[12008, 3664],[12008, 3672],[12040, 3672],[12040, 3664],[12056, 3664],[12056, 3656],[12064, 3656],[12064, 3648],[12072, 3648],[12072, 3632],[12080, 3632],[12080, 3592],[12088, 3592],[12088, 3576],[12096, 3576],[12096, 3560],[12104, 3560],[12104, 3552],[12112, 3552],[12112, 3536],[12120, 3536],[12120, 3528],[12128, 3528],[12128, 3520],[12136, 3520],[12136, 3512],[12144, 3512],[12144, 3504],[12160, 3504],[12160, 3496],[12176, 3496],[12176, 3488],[12184, 3488],[12184, 3472],[12192, 3472],[12192, 3448],[12184, 3448],[12184, 3432],[12176, 3432],[12176, 3424],[12168, 3424],[12168, 3416],[12128, 3416],[12128, 3424],[12120, 3424],[12120, 3432],[12112, 3432],[12112, 3448],[12104, 3448],[12104, 3464],[12096, 3464],[12096, 3496],[12088, 3496],[12088, 3504],[12080, 3504],[12080, 3520],[12072, 3520],[12072, 3528],[12064, 3528],[12064, 3536],[12056, 3536],[12056, 3544],[12048, 3544],[12048, 3552],[12040, 3552],[12040, 3568],[12032, 3568],[12032, 3576],[12024, 3576],[12024, 3584],[12016, 3584],[12016, 3592],[12008, 3592],[12008, 3600],[12000, 3600],[12000, 3608],[11992, 3608],[11992, 3616],[11984, 3616],[11984, 3624],[11976, 3624]]]},"properties":{"objectType":"annotation","classification":{"name":"Ignore*","color":[180, 180, 180]}}},{"type":"Feature","id":"55ac0076-97bc-4fa2-8733-3dd0ec5eac91","geometry":{"type":"Polygon","coordinates":[[[12192, 3528],[12192, 3576],[12200, 3576],[12200, 3584],[12208, 3584],[12208, 3592],[12216, 3592],[12216, 3600],[12248, 3600],[12248, 3592],[12256, 3592],[12256, 3584],[12264, 3584],[12264, 3536],[12256, 3536],[12256, 3528],[12248, 3528],[12248, 3520],[12200, 3520],[12200, 3528],[12192, 3528]]]},"properties":{"objectType":"annotation","classification":{"name":"Ignore*","color":[180, 180, 180]}}},{"type":"Feature","id":"3451fa9e-9df1-45f7-887a-3ea5686ca7cc","geometry":{"type":"Polygon","coordinates":[[[17712, 3584],[17712, 3616],[17720, 3616],[17720, 3624],[17752, 3624],[17752, 3608],[17760, 3608],[17760, 3584],[17848, 3584],[17848, 3576],[17856, 3576],[17856, 3536],[17848, 3536],[17848, 3528],[17840, 3528],[17840, 3520],[17792, 3520],[17792, 3528],[17776, 3528],[17776, 3536],[17768, 3536],[17768, 3544],[17760, 3544],[17760, 3560],[17752, 3560],[17752, 3568],[17728, 3568],[17728, 3576],[17720, 3576],[17720, 3584],[17712, 3584]]]},"properties":{"objectType":"annotation","classification":{"name":"Ignore*","color":[180, 180, 180]}}},{"type":"Feature","id":"7e104c77-612a-428a-8d0e-ffba88c03e32","geometry":{"type":"Polygon","coordinates":[[[18024, 3568],[18024, 3600],[18032, 3600],[18032, 3608],[18064, 3608],[18064, 3600],[18072, 3600],[18072, 3592],[18080, 3592],[18080, 3584],[18088, 3584],[18088, 3552],[18080, 3552],[18080, 3544],[18072, 3544],[18072, 3536],[18048, 3536],[18048, 3544],[18040, 3544],[18040, 3552],[18032, 3552],[18032, 3568],[18024, 3568]]]},"properties":{"objectType":"annotation","classification":{"name":"Ignore*","color":[180, 180, 180]}}},{"type":"Feature","id":"758ff7f9-561f-4749-921b-72a149540a8a","geometry":{"type":"Polygon","coordinates":[[[18128, 3640],[18128, 3680],[18136, 3680],[18136, 3688],[18144, 3688],[18144, 3696],[18152, 3696],[18152, 3704],[18184, 3704],[18184, 3696],[18200, 3696],[18200, 3680],[18208, 3680],[18208, 3656],[18200, 3656],[18200, 3640],[18192, 3640],[18192, 3632],[18184, 3632],[18184, 3624],[18144, 3624],[18144, 3632],[18136, 3632],[18136, 3640],[18128, 3640]]]},"properties":{"objectType":"annotation","classification":{"name":"Ignore*","color":[180, 180, 180]}}},{"type":"Feature","id":"ce634df4-5e78-4d94-9261-6fd53f27f03f","geometry":{"type":"Polygon","coordinates":[[[18224, 3656],[18224, 3680],[18232, 3680],[18232, 3688],[18240, 3688],[18240, 3696],[18248, 3696],[18248, 3704],[18256, 3704],[18256, 3712],[18272, 3712],[18272, 3720],[18288, 3720],[18288, 3712],[18296, 3712],[18296, 3704],[18304, 3704],[18304, 3664],[18296, 3664],[18296, 3640],[18288, 3640],[18288, 3632],[18280, 3632],[18280, 3624],[18248, 3624],[18248, 3632],[18240, 3632],[18240, 3640],[18232, 3640],[18232, 3656],[18224, 3656]]]},"properties":{"objectType":"annotation","classification":{"name":"Ignore*","color":[180, 180, 180]}}},{"type":"Feature","id":"c41fd369-9c73-4e15-a7d6-b3400779ff4c","geometry":{"type":"Polygon","coordinates":[[[13456, 3760],[13456, 3792],[13464, 3792],[13464, 3800],[13472, 3800],[13472, 3808],[13504, 3808],[13504, 3800],[13512, 3800],[13512, 3792],[13520, 3792],[13520, 3752],[13512, 3752],[13512, 3744],[13472, 3744],[13472, 3752],[13464, 3752],[13464, 3760],[13456, 3760]]]},"properties":{"objectType":"annotation","classification":{"name":"Ignore*","color":[180, 180, 180]}}},{"type":"Feature","id":"db6da04b-5623-4f5c-b067-133a24e1ea42","geometry":{"type":"Polygon","coordinates":[[[18808, 3896],[18808, 3904],[18816, 3904],[18816, 3912],[18848, 3912],[18848, 3904],[18840, 3904],[18840, 3896],[18832, 3896],[18832, 3888],[18816, 3888],[18816, 3896],[18808, 3896]]]},"properties":{"objectType":"annotation","classification":{"name":"Ignore*","color":[180, 180, 180]}}},{"type":"Feature","id":"fb86f881-e8f0-47c7-a46c-55e22a2553a5","geometry":{"type":"Polygon","coordinates":[[[18960, 3976],[18960, 4000],[18968, 4000],[18968, 4008],[18976, 4008],[18976, 4016],[18984, 4016],[18984, 4024],[18992, 4024],[18992, 4032],[19000, 4032],[19000, 4040],[19008, 4040],[19008, 4048],[19016, 4048],[19016, 4056],[19024, 4056],[19024, 4064],[19032, 4064],[19032, 4072],[19040, 4072],[19040, 4080],[19048, 4080],[19048, 4072],[19056, 4072],[19056, 4040],[19048, 4040],[19048, 4024],[19040, 4024],[19040, 4008],[19032, 4008],[19032, 4000],[19024, 4000],[19024, 3992],[19016, 3992],[19016, 3984],[19008, 3984],[19008, 3976],[18992, 3976],[18992, 3968],[18968, 3968],[18968, 3976],[18960, 3976]]]},"properties":{"objectType":"annotation","classification":{"name":"Ignore*","color":[180, 180, 180]}}},{"type":"Feature","id":"b4ff08a0-fd15-48a1-a172-62a39b691790","geometry":{"type":"Polygon","coordinates":[[[18696, 4008],[18696, 4040],[18704, 4040],[18704, 4056],[18712, 4056],[18712, 4064],[18720, 4064],[18720, 4072],[18728, 4072],[18728, 4080],[18736, 4080],[18736, 4088],[18752, 4088],[18752, 4096],[18784, 4096],[18784, 4088],[18792, 4088],[18792, 4080],[18800, 4080],[18800, 4072],[18808, 4072],[18808, 4056],[18816, 4056],[18816, 3968],[18800, 3968],[18800, 3960],[18760, 3960],[18760, 3976],[18752, 3976],[18752, 3984],[18744, 3984],[18744, 3992],[18712, 3992],[18712, 4000],[18704, 4000],[18704, 4008],[18696, 4008]]]},"properties":{"objectType":"annotation","classification":{"name":"Ignore*","color":[180, 180, 180]}}},{"type":"Feature","id":"f89d5dff-4f16-429e-a864-5c4a2dd6f28a","geometry":{"type":"Polygon","coordinates":[[[11344, 4016],[11344, 4024],[11352, 4024],[11352, 4048],[11360, 4048],[11360, 4056],[11368, 4056],[11368, 4072],[11376, 4072],[11376, 4088],[11384, 4088],[11384, 4120],[11392, 4120],[11392, 4168],[11400, 4168],[11400, 4184],[11408, 4184],[11408, 4200],[11416, 4200],[11416, 4208],[11448, 4208],[11448, 4200],[11456, 4200],[11456, 4184],[11464, 4184],[11464, 4152],[11456, 4152],[11456, 4120],[11464, 4120],[11464, 4032],[11456, 4032],[11456, 4000],[11448, 4000],[11448, 3992],[11440, 3992],[11440, 3984],[11432, 3984],[11432, 3976],[11424, 3976],[11424, 3968],[11408, 3968],[11408, 3960],[11400, 3960],[11400, 3968],[11376, 3968],[11376, 3976],[11368, 3976],[11368, 3984],[11360, 3984],[11360, 3992],[11352, 3992],[11352, 4016],[11344, 4016]]]},"properties":{"objectType":"annotation","classification":{"name":"Ignore*","color":[180, 180, 180]}}},{"type":"Feature","id":"6d1c1c69-2f2f-4737-b31d-797aa01e87ec","geometry":{"type":"Polygon","coordinates":[[[14992, 4248],[14992, 4272],[15000, 4272],[15000, 4280],[15016, 4280],[15016, 4272],[15032, 4272],[15032, 4264],[15040, 4264],[15040, 4256],[15048, 4256],[15048, 4240],[15040, 4240],[15040, 4232],[15008, 4232],[15008, 4240],[15000, 4240],[15000, 4248],[14992, 4248]]]},"properties":{"objectType":"annotation","classification":{"name":"Ignore*","color":[180, 180, 180]}}},{"type":"Feature","id":"731ef3c2-28d6-47b9-b671-38de293ee80f","geometry":{"type":"Polygon","coordinates":[[[14952, 4416],[14952, 4432],[14960, 4432],[14960, 4440],[14968, 4440],[14968, 4448],[15000, 4448],[15000, 4456],[15040, 4456],[15040, 4448],[15080, 4448],[15080, 4440],[15176, 4440],[15176, 4448],[15248, 4448],[15248, 4456],[15344, 4456],[15344, 4464],[15376, 4464],[15376, 4472],[15416, 4472],[15416, 4480],[15456, 4480],[15456, 4488],[15488, 4488],[15488, 4496],[15520, 4496],[15520, 4504],[15544, 4504],[15544, 4512],[15568, 4512],[15568, 4520],[15584, 4520],[15584, 4528],[15600, 4528],[15600, 4536],[15616, 4536],[15616, 4544],[15640, 4544],[15640, 4552],[15656, 4552],[15656, 4560],[15672, 4560],[15672, 4568],[15680, 4568],[15680, 4576],[15696, 4576],[15696, 4584],[15704, 4584],[15704, 4592],[15712, 4592],[15712, 4600],[15720, 4600],[15720, 4608],[15736, 4608],[15736, 4616],[15776, 4616],[15776, 4608],[15784, 4608],[15784, 4600],[15792, 4600],[15792, 4560],[15784, 4560],[15784, 4552],[15768, 4552],[15768, 4544],[15752, 4544],[15752, 4536],[15744, 4536],[15744, 4528],[15736, 4528],[15736, 4520],[15728, 4520],[15728, 4512],[15704, 4512],[15704, 4504],[15680, 4504],[15680, 4496],[15656, 4496],[15656, 4488],[15640, 4488],[15640, 4480],[15616, 4480],[15616, 4472],[15600, 4472],[15600, 4464],[15584, 4464],[15584, 4456],[15552, 4456],[15552, 4448],[15520, 4448],[15520, 4440],[15496, 4440],[15496, 4432],[15472, 4432],[15472, 4424],[15440, 4424],[15440, 4416],[15408, 4416],[15408, 4408],[15360, 4408],[15360, 4400],[15328, 4400],[15328, 4392],[15304, 4392],[15304, 4384],[15176, 4384],[15176, 4376],[15136, 4376],[15136, 4368],[15072, 4368],[15072, 4376],[15024, 4376],[15024, 4384],[14984, 4384],[14984, 4392],[14968, 4392],[14968, 4400],[14960, 4400],[14960, 4416],[14952, 4416]]]},"properties":{"objectType":"annotation","classification":{"name":"Ignore*","color":[180, 180, 180]}}},{"type":"Feature","id":"daed8653-a679-47d4-a42b-9eba794d87b4","geometry":{"type":"Polygon","coordinates":[[[10824, 4456],[10824, 4504],[10832, 4504],[10832, 4512],[10848, 4512],[10848, 4520],[10896, 4520],[10896, 4512],[10912, 4512],[10912, 4504],[10928, 4504],[10928, 4496],[10944, 4496],[10944, 4488],[10952, 4488],[10952, 4480],[10960, 4480],[10960, 4464],[10952, 4464],[10952, 4456],[10944, 4456],[10944, 4448],[10928, 4448],[10928, 4440],[10904, 4440],[10904, 4448],[10832, 4448],[10832, 4456],[10824, 4456]]]},"properties":{"objectType":"annotation","classification":{"name":"Ignore*","color":[180, 180, 180]}}},{"type":"Feature","id":"c8279c35-4958-4d99-9bd3-58f106603504","geometry":{"type":"Polygon","coordinates":[[[11024, 4488],[11024, 4520],[11032, 4520],[11032, 4544],[11040, 4544],[11040, 4552],[11088, 4552],[11088, 4544],[11104, 4544],[11104, 4536],[11112, 4536],[11112, 4504],[11120, 4504],[11120, 4456],[11112, 4456],[11112, 4440],[11104, 4440],[11104, 4432],[11096, 4432],[11096, 4424],[11080, 4424],[11080, 4416],[11064, 4416],[11064, 4424],[11056, 4424],[11056, 4432],[11048, 4432],[11048, 4440],[11040, 4440],[11040, 4456],[11032, 4456],[11032, 4488],[11024, 4488]]]},"properties":{"objectType":"annotation","classification":{"name":"Ignore*","color":[180, 180, 180]}}},{"type":"Feature","id":"11c18b57-3f5b-4228-9da1-165ff4b86395","geometry":{"type":"Polygon","coordinates":[[[14568, 4560],[14568, 4576],[14608, 4576],[14608, 4568],[14632, 4568],[14632, 4560],[14648, 4560],[14648, 4552],[14672, 4552],[14672, 4544],[14680, 4544],[14680, 4536],[14688, 4536],[14688, 4528],[14696, 4528],[14696, 4512],[14704, 4512],[14704, 4480],[14696, 4480],[14696, 4472],[14688, 4472],[14688, 4464],[14672, 4464],[14672, 4456],[14648, 4456],[14648, 4448],[14640, 4448],[14640, 4456],[14624, 4456],[14624, 4464],[14616, 4464],[14616, 4488],[14608, 4488],[14608, 4504],[14600, 4504],[14600, 4520],[14592, 4520],[14592, 4528],[14584, 4528],[14584, 4536],[14576, 4536],[14576, 4560],[14568, 4560]]]},"properties":{"objectType":"annotation","classification":{"name":"Ignore*","color":[180, 180, 180]}}},{"type":"Feature","id":"cfe0a3c1-aafc-48da-a179-80808beee0c6","geometry":{"type":"Polygon","coordinates":[[[14856, 4632],[14856, 4680],[14864, 4680],[14864, 4696],[14872, 4696],[14872, 4704],[14880, 4704],[14880, 4712],[14896, 4712],[14896, 4720],[14920, 4720],[14920, 4712],[14928, 4712],[14928, 4640],[14920, 4640],[14920, 4624],[14904, 4624],[14904, 4616],[14872, 4616],[14872, 4624],[14864, 4624],[14864, 4632],[14856, 4632]]]},"properties":{"objectType":"annotation","classification":{"name":"Ignore*","color":[180, 180, 180]}}},{"type":"Feature","id":"5b2b60fa-4864-4e5a-b62f-629b13d574aa","geometry":{"type":"Polygon","coordinates":[[[10704, 4744],[10704, 4792],[10712, 4792],[10712, 4800],[10720, 4800],[10720, 4808],[10728, 4808],[10728, 4816],[10760, 4816],[10760, 4808],[10768, 4808],[10768, 4768],[10776, 4768],[10776, 4752],[10784, 4752],[10784, 4736],[10792, 4736],[10792, 4728],[10784, 4728],[10784, 4712],[10776, 4712],[10776, 4704],[10768, 4704],[10768, 4696],[10752, 4696],[10752, 4688],[10736, 4688],[10736, 4696],[10728, 4696],[10728, 4704],[10720, 4704],[10720, 4712],[10712, 4712],[10712, 4744],[10704, 4744]]]},"properties":{"objectType":"annotation","classification":{"name":"Ignore*","color":[180, 180, 180]}}},{"type":"Feature","id":"b8b3c0c6-4562-4a4e-9cf6-7e319a7cefee","geometry":{"type":"Polygon","coordinates":[[[12944, 4952],[12944, 4992],[12952, 4992],[12952, 5000],[12960, 5000],[12960, 5008],[12984, 5008],[12984, 5000],[13016, 5000],[13016, 5008],[13032, 5008],[13032, 5016],[13056, 5016],[13056, 5008],[13064, 5008],[13064, 5000],[13072, 5000],[13072, 4992],[13080, 4992],[13080, 4960],[13072, 4960],[13072, 4944],[13064, 4944],[13064, 4928],[13048, 4928],[13048, 4920],[13040, 4920],[13040, 4912],[13016, 4912],[13016, 4904],[12984, 4904],[12984, 4912],[12968, 4912],[12968, 4920],[12960, 4920],[12960, 4936],[12952, 4936],[12952, 4952],[12944, 4952]]]},"properties":{"objectType":"annotation","classification":{"name":"Ignore*","color":[180, 180, 180]}}},{"type":"Feature","id":"d7b0b90b-cad9-4e11-af44-a991a75d60bf","geometry":{"type":"Polygon","coordinates":[[[13176, 5056],[13176, 5112],[13184, 5112],[13184, 5120],[13192, 5120],[13192, 5128],[13208, 5128],[13208, 5120],[13216, 5120],[13216, 5104],[13224, 5104],[13224, 5088],[13232, 5088],[13232, 5080],[13240, 5080],[13240, 5072],[13248, 5072],[13248, 5064],[13256, 5064],[13256, 5056],[13264, 5056],[13264, 5016],[13256, 5016],[13256, 5008],[13248, 5008],[13248, 5000],[13240, 5000],[13240, 4992],[13200, 4992],[13200, 5000],[13192, 5000],[13192, 5032],[13184, 5032],[13184, 5056],[13176, 5056]]]},"properties":{"objectType":"annotation","classification":{"name":"Ignore*","color":[180, 180, 180]}}},{"type":"Feature","id":"2888f997-b027-4e86-96b2-e644f04d1295","geometry":{"type":"Polygon","coordinates":[[[10144, 5088],[10144, 5104],[10152, 5104],[10152, 5112],[10168, 5112],[10168, 5104],[10176, 5104],[10176, 5072],[10152, 5072],[10152, 5088],[10144, 5088]]]},"properties":{"objectType":"annotation","classification":{"name":"Ignore*","color":[180, 180, 180]}}},{"type":"Feature","id":"93d31a97-cc58-4447-80e2-3442f3f45392","geometry":{"type":"Polygon","coordinates":[[[16312, 5072],[16312, 5096],[16320, 5096],[16320, 5104],[16328, 5104],[16328, 5112],[16336, 5112],[16336, 5120],[16344, 5120],[16344, 5128],[16352, 5128],[16352, 5136],[16368, 5136],[16368, 5144],[16408, 5144],[16408, 5136],[16416, 5136],[16416, 5128],[16424, 5128],[16424, 5120],[16432, 5120],[16432, 5088],[16424, 5088],[16424, 5080],[16416, 5080],[16416, 5072],[16400, 5072],[16400, 5064],[16384, 5064],[16384, 5056],[16328, 5056],[16328, 5064],[16320, 5064],[16320, 5072],[16312, 5072]]]},"properties":{"objectType":"annotation","classification":{"name":"Ignore*","color":[180, 180, 180]}}},{"type":"Feature","id":"bf56fe6c-e918-453e-80a6-c96095f77b94","geometry":{"type":"Polygon","coordinates":[[[13352, 5216],[13352, 5256],[13368, 5256],[13368, 5264],[13376, 5264],[13376, 5256],[13392, 5256],[13392, 5248],[13408, 5248],[13408, 5240],[13432, 5240],[13432, 5248],[13480, 5248],[13480, 5240],[13488, 5240],[13488, 5224],[13496, 5224],[13496, 5192],[13488, 5192],[13488, 5184],[13448, 5184],[13448, 5192],[13432, 5192],[13432, 5200],[13416, 5200],[13416, 5208],[13360, 5208],[13360, 5216],[13352, 5216]]]},"properties":{"objectType":"annotation","classification":{"name":"Ignore*","color":[180, 180, 180]}}},{"type":"Feature","id":"4c8efaf6-443d-49b6-af0d-48342337f255","geometry":{"type":"Polygon","coordinates":[[[16696, 5160],[16696, 5208],[16704, 5208],[16704, 5216],[16712, 5216],[16712, 5224],[16720, 5224],[16720, 5232],[16736, 5232],[16736, 5240],[16752, 5240],[16752, 5248],[16768, 5248],[16768, 5256],[16784, 5256],[16784, 5264],[16792, 5264],[16792, 5272],[16800, 5272],[16800, 5280],[16808, 5280],[16808, 5304],[16816, 5304],[16816, 5344],[16824, 5344],[16824, 5352],[16832, 5352],[16832, 5360],[16840, 5360],[16840, 5368],[16848, 5368],[16848, 5376],[16856, 5376],[16856, 5384],[16896, 5384],[16896, 5376],[16912, 5376],[16912, 5368],[16928, 5368],[16928, 5360],[16944, 5360],[16944, 5352],[16952, 5352],[16952, 5288],[16944, 5288],[16944, 5280],[16936, 5280],[16936, 5272],[16928, 5272],[16928, 5264],[16912, 5264],[16912, 5256],[16896, 5256],[16896, 5248],[16888, 5248],[16888, 5240],[16880, 5240],[16880, 5232],[16872, 5232],[16872, 5216],[16864, 5216],[16864, 5168],[16856, 5168],[16856, 5160],[16816, 5160],[16816, 5168],[16784, 5168],[16784, 5160],[16760, 5160],[16760, 5152],[16720, 5152],[16720, 5160],[16696, 5160]]]},"properties":{"objectType":"annotation","classification":{"name":"Ignore*","color":[180, 180, 180]}}},{"type":"Feature","id":"a2b93d99-86b8-419e-aaf3-8a87387050f3","geometry":{"type":"Polygon","coordinates":[[[13032, 5296],[13032, 5304],[13040, 5304],[13040, 5320],[13048, 5320],[13048, 5328],[13064, 5328],[13064, 5320],[13072, 5320],[13072, 5312],[13080, 5312],[13080, 5296],[13088, 5296],[13088, 5272],[13080, 5272],[13080, 5264],[13056, 5264],[13056, 5272],[13048, 5272],[13048, 5280],[13040, 5280],[13040, 5296],[13032, 5296]]]},"properties":{"objectType":"annotation","classification":{"name":"Ignore*","color":[180, 180, 180]}}},{"type":"Feature","id":"bd77451b-f7b9-4f3c-96c1-772e4a2d6916","geometry":{"type":"Polygon","coordinates":[[[12360, 5504],[12360, 5552],[12392, 5552],[12392, 5544],[12408, 5544],[12408, 5528],[12416, 5528],[12416, 5512],[12424, 5512],[12424, 5504],[12432, 5504],[12432, 5496],[12440, 5496],[12440, 5488],[12448, 5488],[12448, 5480],[12456, 5480],[12456, 5472],[12472, 5472],[12472, 5464],[12480, 5464],[12480, 5456],[12488, 5456],[12488, 5448],[12496, 5448],[12496, 5440],[12504, 5440],[12504, 5432],[12512, 5432],[12512, 5424],[12520, 5424],[12520, 5408],[12528, 5408],[12528, 5392],[12536, 5392],[12536, 5376],[12544, 5376],[12544, 5352],[12552, 5352],[12552, 5320],[12544, 5320],[12544, 5296],[12536, 5296],[12536, 5280],[12528, 5280],[12528, 5264],[12520, 5264],[12520, 5248],[12512, 5248],[12512, 5240],[12496, 5240],[12496, 5232],[12480, 5232],[12480, 5240],[12472, 5240],[12472, 5312],[12480, 5312],[12480, 5344],[12472, 5344],[12472, 5360],[12464, 5360],[12464, 5376],[12456, 5376],[12456, 5392],[12448, 5392],[12448, 5400],[12440, 5400],[12440, 5416],[12424, 5416],[12424, 5424],[12416, 5424],[12416, 5432],[12408, 5432],[12408, 5440],[12400, 5440],[12400, 5456],[12392, 5456],[12392, 5464],[12384, 5464],[12384, 5480],[12376, 5480],[12376, 5488],[12368, 5488],[12368, 5504],[12360, 5504]]]},"properties":{"objectType":"annotation","classification":{"name":"Ignore*","color":[180, 180, 180]}}},{"type":"Feature","id":"fee79a32-40c7-4ed7-ace9-8a47537465fe","geometry":{"type":"Polygon","coordinates":[[[10176, 5432],[10176, 5456],[10184, 5456],[10184, 5496],[10192, 5496],[10192, 5520],[10200, 5520],[10200, 5536],[10208, 5536],[10208, 5552],[10216, 5552],[10216, 5560],[10232, 5560],[10232, 5568],[10256, 5568],[10256, 5560],[10272, 5560],[10272, 5544],[10280, 5544],[10280, 5536],[10288, 5536],[10288, 5488],[10296, 5488],[10296, 5464],[10288, 5464],[10288, 5448],[10256, 5448],[10256, 5440],[10224, 5440],[10224, 5432],[10208, 5432],[10208, 5424],[10184, 5424],[10184, 5432],[10176, 5432]]]},"properties":{"objectType":"annotation","classification":{"name":"Ignore*","color":[180, 180, 180]}}},{"type":"Feature","id":"6c3b2301-8191-433d-aaeb-278c698b112e","geometry":{"type":"Polygon","coordinates":[[[13176, 5512],[13176, 5528],[13184, 5528],[13184, 5536],[13192, 5536],[13192, 5544],[13208, 5544],[13208, 5536],[13224, 5536],[13224, 5528],[13232, 5528],[13232, 5504],[13184, 5504],[13184, 5512],[13176, 5512]]]},"properties":{"objectType":"annotation","classification":{"name":"Ignore*","color":[180, 180, 180]}}},{"type":"Feature","id":"f212a4d0-53c6-46c6-bb46-3e1c6463aa15","geometry":{"type":"Polygon","coordinates":[[[12512, 5576],[12512, 5592],[12520, 5592],[12520, 5616],[12528, 5616],[12528, 5624],[12536, 5624],[12536, 5632],[12568, 5632],[12568, 5624],[12576, 5624],[12576, 5616],[12584, 5616],[12584, 5592],[12592, 5592],[12592, 5528],[12584, 5528],[12584, 5520],[12544, 5520],[12544, 5528],[12536, 5528],[12536, 5536],[12528, 5536],[12528, 5552],[12520, 5552],[12520, 5576],[12512, 5576]]]},"properties":{"objectType":"annotation","classification":{"name":"Ignore*","color":[180, 180, 180]}}},{"type":"Feature","id":"9ef31428-5624-4753-9fd8-5df6813d05c9","geometry":{"type":"Polygon","coordinates":[[[10040, 5704],[10040, 5728],[10048, 5728],[10048, 5744],[10056, 5744],[10056, 5752],[10136, 5752],[10136, 5744],[10144, 5744],[10144, 5736],[10152, 5736],[10152, 5728],[10160, 5728],[10160, 5712],[10168, 5712],[10168, 5680],[10096, 5680],[10096, 5688],[10080, 5688],[10080, 5696],[10064, 5696],[10064, 5704],[10040, 5704]]]},"properties":{"objectType":"annotation","classification":{"name":"Ignore*","color":[180, 180, 180]}}},{"type":"Feature","id":"3d670f7c-63d1-4cbb-ab08-d1f2fbbd31d2","geometry":{"type":"Polygon","coordinates":[[[15512, 5688],[15512, 5712],[15520, 5712],[15520, 5736],[15528, 5736],[15528, 5744],[15536, 5744],[15536, 5752],[15544, 5752],[15544, 5760],[15560, 5760],[15560, 5768],[15576, 5768],[15576, 5776],[15624, 5776],[15624, 5768],[15640, 5768],[15640, 5760],[15648, 5760],[15648, 5744],[15656, 5744],[15656, 5712],[15648, 5712],[15648, 5696],[15640, 5696],[15640, 5688],[15632, 5688],[15632, 5680],[15600, 5680],[15600, 5672],[15592, 5672],[15592, 5680],[15584, 5680],[15584, 5672],[15528, 5672],[15528, 5680],[15520, 5680],[15520, 5688],[15512, 5688]]]},"properties":{"objectType":"annotation","classification":{"name":"Ignore*","color":[180, 180, 180]}}},{"type":"Feature","id":"7a4db10d-6ed1-42b7-9f50-410d8e2f08d8","geometry":{"type":"Polygon","coordinates":[[[10416, 5768],[10416, 5784],[10424, 5784],[10424, 5792],[10440, 5792],[10440, 5776],[10432, 5776],[10432, 5768],[10416, 5768]]]},"properties":{"objectType":"annotation","classification":{"name":"Ignore*","color":[180, 180, 180]}}},{"type":"Feature","id":"b8f82276-0b0a-4b59-a189-e08412a66b25","geometry":{"type":"Polygon","coordinates":[[[9936, 5784],[9936, 5816],[9944, 5816],[9944, 5824],[9952, 5824],[9952, 5840],[9960, 5840],[9960, 5864],[9968, 5864],[9968, 5872],[9976, 5872],[9976, 5880],[9984, 5880],[9984, 5888],[9992, 5888],[9992, 5896],[10008, 5896],[10008, 5904],[10016, 5904],[10016, 5896],[10032, 5896],[10032, 5888],[10040, 5888],[10040, 5880],[10048, 5880],[10048, 5816],[10056, 5816],[10056, 5768],[10048, 5768],[10048, 5760],[10016, 5760],[10016, 5768],[9960, 5768],[9960, 5776],[9944, 5776],[9944, 5784],[9936, 5784]]]},"properties":{"objectType":"annotation","classification":{"name":"Ignore*","color":[180, 180, 180]}}},{"type":"Feature","id":"b4efb049-a575-43c9-bff6-183ff1f294bb","geometry":{"type":"Polygon","coordinates":[[[16896, 6040],[16896, 6064],[16904, 6064],[16904, 6088],[16912, 6088],[16912, 6120],[16920, 6120],[16920, 6128],[16928, 6128],[16928, 6136],[16960, 6136],[16960, 6128],[16968, 6128],[16968, 6096],[16960, 6096],[16960, 6048],[16952, 6048],[16952, 6040],[16944, 6040],[16944, 6032],[16928, 6032],[16928, 6024],[16912, 6024],[16912, 6032],[16904, 6032],[16904, 6040],[16896, 6040]]]},"properties":{"objectType":"annotation","classification":{"name":"Ignore*","color":[180, 180, 180]}}},{"type":"Feature","id":"50eb44fd-0c60-4704-95ab-4fdfff80fc2f","geometry":{"type":"Polygon","coordinates":[[[9648, 6328],[9648, 6360],[9656, 6360],[9656, 6368],[9664, 6368],[9664, 6376],[9672, 6376],[9672, 6384],[9680, 6384],[9680, 6392],[9688, 6392],[9688, 6400],[9696, 6400],[9696, 6440],[9720, 6440],[9720, 6432],[9728, 6432],[9728, 6408],[9744, 6408],[9744, 6400],[9760, 6400],[9760, 6360],[9752, 6360],[9752, 6352],[9744, 6352],[9744, 6344],[9736, 6344],[9736, 6336],[9728, 6336],[9728, 6328],[9720, 6328],[9720, 6320],[9712, 6320],[9712, 6312],[9696, 6312],[9696, 6304],[9672, 6304],[9672, 6312],[9656, 6312],[9656, 6328],[9648, 6328]]]},"properties":{"objectType":"annotation","classification":{"name":"Ignore*","color":[180, 180, 180]}}},{"type":"Feature","id":"676a6ca1-4829-4201-8f17-533ac9d38db8","geometry":{"type":"Polygon","coordinates":[[[17304, 6432],[17304, 6440],[17312, 6440],[17312, 6448],[17320, 6448],[17320, 6456],[17352, 6456],[17352, 6448],[17368, 6448],[17368, 6440],[17376, 6440],[17376, 6408],[17344, 6408],[17344, 6416],[17320, 6416],[17320, 6424],[17312, 6424],[17312, 6432],[17304, 6432]]]},"properties":{"objectType":"annotation","classification":{"name":"Ignore*","color":[180, 180, 180]}}},{"type":"Feature","id":"642d09b9-53ae-476d-9597-735dd37f8403","geometry":{"type":"Polygon","coordinates":[[[10552, 6440],[10552, 6464],[10576, 6464],[10576, 6440],[10552, 6440]]]},"properties":{"objectType":"annotation","classification":{"name":"Ignore*","color":[180, 180, 180]}}},{"type":"Feature","id":"f0981eeb-7d26-47b0-b46b-2f5447fa3bc5","geometry":{"type":"Polygon","coordinates":[[[11880, 6568],[11880, 6608],[11888, 6608],[11888, 6624],[11912, 6624],[11912, 6608],[11920, 6608],[11920, 6592],[11928, 6592],[11928, 6576],[11936, 6576],[11936, 6560],[11928, 6560],[11928, 6536],[11920, 6536],[11920, 6528],[11896, 6528],[11896, 6544],[11888, 6544],[11888, 6568],[11880, 6568]]]},"properties":{"objectType":"annotation","classification":{"name":"Ignore*","color":[180, 180, 180]}}},{"type":"Feature","id":"eb92e9ba-7b94-4aec-b57d-6fc577d98d46","geometry":{"type":"Polygon","coordinates":[[[10512, 6576],[10512, 6600],[10520, 6600],[10520, 6608],[10528, 6608],[10528, 6616],[10544, 6616],[10544, 6624],[10552, 6624],[10552, 6648],[10560, 6648],[10560, 6672],[10568, 6672],[10568, 6680],[10616, 6680],[10616, 6672],[10624, 6672],[10624, 6664],[10632, 6664],[10632, 6656],[10640, 6656],[10640, 6632],[10648, 6632],[10648, 6616],[10656, 6616],[10656, 6608],[10664, 6608],[10664, 6592],[10672, 6592],[10672, 6576],[10664, 6576],[10664, 6560],[10656, 6560],[10656, 6552],[10616, 6552],[10616, 6544],[10568, 6544],[10568, 6552],[10544, 6552],[10544, 6560],[10528, 6560],[10528, 6568],[10520, 6568],[10520, 6576],[10512, 6576]]]},"properties":{"objectType":"annotation","classification":{"name":"Ignore*","color":[180, 180, 180]}}},{"type":"Feature","id":"14fc3aa1-11ed-4bf8-a6be-f40a8e3e50c1","geometry":{"type":"Polygon","coordinates":[[[12552, 6632],[12552, 6664],[12560, 6664],[12560, 6680],[12576, 6680],[12576, 6688],[12584, 6688],[12584, 6696],[12592, 6696],[12592, 6688],[12608, 6688],[12608, 6680],[12616, 6680],[12616, 6664],[12624, 6664],[12624, 6648],[12616, 6648],[12616, 6632],[12608, 6632],[12608, 6624],[12600, 6624],[12600, 6616],[12568, 6616],[12568, 6624],[12560, 6624],[12560, 6632],[12552, 6632]]]},"properties":{"objectType":"annotation","classification":{"name":"Ignore*","color":[180, 180, 180]}}},{"type":"Feature","id":"c06ec37b-a5e5-4e1d-87a3-727049192a8a","geometry":{"type":"Polygon","coordinates":[[[16912, 6648],[16912, 6672],[16920, 6672],[16920, 6680],[16928, 6680],[16928, 6696],[16936, 6696],[16936, 6704],[16952, 6704],[16952, 6712],[16992, 6712],[16992, 6704],[17000, 6704],[17000, 6680],[17008, 6680],[17008, 6672],[17000, 6672],[17000, 6648],[16992, 6648],[16992, 6640],[16984, 6640],[16984, 6632],[16960, 6632],[16960, 6624],[16936, 6624],[16936, 6632],[16920, 6632],[16920, 6648],[16912, 6648]]]},"properties":{"objectType":"annotation","classification":{"name":"Ignore*","color":[180, 180, 180]}}},{"type":"Feature","id":"878e67e1-d0da-40e2-b5f6-b0f1e3ecb1c0","geometry":{"type":"Polygon","coordinates":[[[12528, 6752],[12528, 6800],[12536, 6800],[12536, 6816],[12560, 6816],[12560, 6808],[12568, 6808],[12568, 6800],[12576, 6800],[12576, 6784],[12584, 6784],[12584, 6744],[12576, 6744],[12576, 6736],[12552, 6736],[12552, 6744],[12536, 6744],[12536, 6752],[12528, 6752]]]},"properties":{"objectType":"annotation","classification":{"name":"Ignore*","color":[180, 180, 180]}}},{"type":"Feature","id":"a8789821-a52b-4984-afa0-65e78a8841fb","geometry":{"type":"Polygon","coordinates":[[[11448, 6784],[11448, 6816],[11456, 6816],[11456, 6824],[11464, 6824],[11464, 6832],[11488, 6832],[11488, 6824],[11496, 6824],[11496, 6800],[11488, 6800],[11488, 6792],[11480, 6792],[11480, 6784],[11448, 6784]]]},"properties":{"objectType":"annotation","classification":{"name":"Ignore*","color":[180, 180, 180]}}},{"type":"Feature","id":"4f0e7bd8-2bfc-47f9-ab43-cc9396a14cf5","geometry":{"type":"Polygon","coordinates":[[[12112, 6880],[12112, 6936],[12120, 6936],[12120, 6944],[12128, 6944],[12128, 6952],[12136, 6952],[12136, 6944],[12160, 6944],[12160, 6936],[12168, 6936],[12168, 6920],[12176, 6920],[12176, 6904],[12184, 6904],[12184, 6864],[12192, 6864],[12192, 6848],[12184, 6848],[12184, 6792],[12176, 6792],[12176, 6760],[12168, 6760],[12168, 6736],[12160, 6736],[12160, 6728],[12152, 6728],[12152, 6712],[12136, 6712],[12136, 6720],[12128, 6720],[12128, 6848],[12120, 6848],[12120, 6880],[12112, 6880]]]},"properties":{"objectType":"annotation","classification":{"name":"Ignore*","color":[180, 180, 180]}}},{"type":"Feature","id":"c2d46bc6-efc2-47ba-86da-520465240c79","geometry":{"type":"Polygon","coordinates":[[[11848, 6824],[11848, 6920],[11856, 6920],[11856, 6936],[11864, 6936],[11864, 6944],[11872, 6944],[11872, 6952],[11888, 6952],[11888, 6944],[11896, 6944],[11896, 6936],[11904, 6936],[11904, 6920],[11912, 6920],[11912, 6888],[11920, 6888],[11920, 6864],[11928, 6864],[11928, 6808],[11920, 6808],[11920, 6784],[11912, 6784],[11912, 6776],[11880, 6776],[11880, 6784],[11864, 6784],[11864, 6800],[11856, 6800],[11856, 6824],[11848, 6824]]]},"properties":{"objectType":"annotation","classification":{"name":"Ignore*","color":[180, 180, 180]}}},{"type":"Feature","id":"179ca858-fd2e-4900-8786-da6653c547d6","geometry":{"type":"Polygon","coordinates":[[[10600, 6944],[10600, 6968],[10608, 6968],[10608, 6976],[10616, 6976],[10616, 6984],[10648, 6984],[10648, 6976],[10656, 6976],[10656, 6960],[10648, 6960],[10648, 6952],[10640, 6952],[10640, 6944],[10600, 6944]]]},"properties":{"objectType":"annotation","classification":{"name":"Ignore*","color":[180, 180, 180]}}},{"type":"Feature","id":"f2d640de-132c-4287-8606-b25983d270ae","geometry":{"type":"Polygon","coordinates":[[[10584, 7104],[10584, 7144],[10592, 7144],[10592, 7152],[10608, 7152],[10608, 7144],[10624, 7144],[10624, 7128],[10632, 7128],[10632, 7120],[10640, 7120],[10640, 7112],[10648, 7112],[10648, 7104],[10656, 7104],[10656, 7096],[10664, 7096],[10664, 7088],[10672, 7088],[10672, 7080],[10680, 7080],[10680, 7072],[10688, 7072],[10688, 7064],[10696, 7064],[10696, 7048],[10704, 7048],[10704, 7040],[10712, 7040],[10712, 7032],[10720, 7032],[10720, 7024],[10752, 7024],[10752, 7016],[10776, 7016],[10776, 7008],[10784, 7008],[10784, 7000],[10792, 7000],[10792, 6976],[10800, 6976],[10800, 6928],[10808, 6928],[10808, 6912],[10800, 6912],[10800, 6896],[10792, 6896],[10792, 6888],[10776, 6888],[10776, 6880],[10768, 6880],[10768, 6872],[10752, 6872],[10752, 6864],[10736, 6864],[10736, 6856],[10728, 6856],[10728, 6864],[10712, 6864],[10712, 6872],[10704, 6872],[10704, 6880],[10696, 6880],[10696, 6912],[10688, 6912],[10688, 6936],[10680, 6936],[10680, 6952],[10672, 6952],[10672, 6976],[10680, 6976],[10680, 7008],[10672, 7008],[10672, 7024],[10656, 7024],[10656, 7032],[10648, 7032],[10648, 7040],[10640, 7040],[10640, 7048],[10632, 7048],[10632, 7056],[10624, 7056],[10624, 7072],[10616, 7072],[10616, 7080],[10608, 7080],[10608, 7088],[10600, 7088],[10600, 7096],[10592, 7096],[10592, 7104],[10584, 7104]]]},"properties":{"objectType":"annotation","classification":{"name":"Ignore*","color":[180, 180, 180]}}},{"type":"Feature","id":"2284cee2-af22-47d9-a541-fe305258995e","geometry":{"type":"Polygon","coordinates":[[[12312, 7064],[12312, 7072],[12320, 7072],[12320, 7096],[12328, 7096],[12328, 7104],[12344, 7104],[12344, 7120],[12352, 7120],[12352, 7128],[12360, 7128],[12360, 7136],[12400, 7136],[12400, 7128],[12416, 7128],[12416, 7120],[12424, 7120],[12424, 7112],[12432, 7112],[12432, 7104],[12440, 7104],[12440, 7088],[12448, 7088],[12448, 7040],[12440, 7040],[12440, 7032],[12432, 7032],[12432, 7024],[12416, 7024],[12416, 7016],[12400, 7016],[12400, 7008],[12376, 7008],[12376, 7000],[12336, 7000],[12336, 7008],[12328, 7008],[12328, 7016],[12320, 7016],[12320, 7064],[12312, 7064]]]},"properties":{"objectType":"annotation","classification":{"name":"Ignore*","color":[180, 180, 180]}}},{"type":"Feature","id":"15e4955b-1e4e-4c53-a12f-f12ca5758f5e","geometry":{"type":"Polygon","coordinates":[[[9392, 7096],[9392, 7144],[9400, 7144],[9400, 7152],[9408, 7152],[9408, 7160],[9440, 7160],[9440, 7152],[9448, 7152],[9448, 7144],[9456, 7144],[9456, 7128],[9464, 7128],[9464, 7112],[9480, 7112],[9480, 7104],[9488, 7104],[9488, 7096],[9496, 7096],[9496, 7080],[9504, 7080],[9504, 7064],[9496, 7064],[9496, 7056],[9488, 7056],[9488, 7048],[9472, 7048],[9472, 7040],[9456, 7040],[9456, 7048],[9440, 7048],[9440, 7056],[9424, 7056],[9424, 7064],[9416, 7064],[9416, 7072],[9408, 7072],[9408, 7080],[9400, 7080],[9400, 7096],[9392, 7096]]]},"properties":{"objectType":"annotation","classification":{"name":"Ignore*","color":[180, 180, 180]}}},{"type":"Feature","id":"24b2398b-987e-4ffe-ab29-260129c86d83","geometry":{"type":"Polygon","coordinates":[[[11560, 7152],[11560, 7176],[11568, 7176],[11568, 7184],[11576, 7184],[11576, 7192],[11584, 7192],[11584, 7200],[11592, 7200],[11592, 7208],[11624, 7208],[11624, 7200],[11632, 7200],[11632, 7184],[11640, 7184],[11640, 7176],[11632, 7176],[11632, 7136],[11640, 7136],[11640, 7120],[11648, 7120],[11648, 7104],[11640, 7104],[11640, 7096],[11608, 7096],[11608, 7104],[11600, 7104],[11600, 7136],[11584, 7136],[11584, 7144],[11568, 7144],[11568, 7152],[11560, 7152]]]},"properties":{"objectType":"annotation","classification":{"name":"Ignore*","color":[180, 180, 180]}}},{"type":"Feature","id":"bb83b01d-b477-49ca-810f-ee57ffa77518","geometry":{"type":"Polygon","coordinates":[[[17312, 7152],[17312, 7168],[17320, 7168],[17320, 7184],[17328, 7184],[17328, 7200],[17336, 7200],[17336, 7216],[17344, 7216],[17344, 7224],[17368, 7224],[17368, 7216],[17376, 7216],[17376, 7208],[17384, 7208],[17384, 7184],[17392, 7184],[17392, 7168],[17400, 7168],[17400, 7136],[17392, 7136],[17392, 7128],[17384, 7128],[17384, 7120],[17368, 7120],[17368, 7112],[17344, 7112],[17344, 7120],[17336, 7120],[17336, 7128],[17328, 7128],[17328, 7136],[17320, 7136],[17320, 7152],[17312, 7152]]]},"properties":{"objectType":"annotation","classification":{"name":"Ignore*","color":[180, 180, 180]}}},{"type":"Feature","id":"36eea5f3-0e26-4a54-8df1-58f88501e737","geometry":{"type":"Polygon","coordinates":[[[11696, 7208],[11696, 7240],[11712, 7240],[11712, 7248],[11736, 7248],[11736, 7240],[11752, 7240],[11752, 7232],[11760, 7232],[11760, 7216],[11768, 7216],[11768, 7200],[11760, 7200],[11760, 7192],[11720, 7192],[11720, 7200],[11704, 7200],[11704, 7208],[11696, 7208]]]},"properties":{"objectType":"annotation","classification":{"name":"Ignore*","color":[180, 180, 180]}}},{"type":"Feature","id":"040e601d-f04a-42c9-b98a-7a39608e4b2d","geometry":{"type":"Polygon","coordinates":[[[10344, 7224],[10344, 7264],[10368, 7264],[10368, 7256],[10376, 7256],[10376, 7248],[10384, 7248],[10384, 7240],[10392, 7240],[10392, 7232],[10400, 7232],[10400, 7208],[10392, 7208],[10392, 7200],[10368, 7200],[10368, 7208],[10360, 7208],[10360, 7216],[10352, 7216],[10352, 7224],[10344, 7224]]]},"properties":{"objectType":"annotation","classification":{"name":"Ignore*","color":[180, 180, 180]}}},{"type":"Feature","id":"86551c77-c8d1-4a63-a1a3-f54e1d4bb5ac","geometry":{"type":"Polygon","coordinates":[[[17256, 7232],[17256, 7272],[17280, 7272],[17280, 7248],[17288, 7248],[17288, 7240],[17280, 7240],[17280, 7224],[17264, 7224],[17264, 7232],[17256, 7232]]]},"properties":{"objectType":"annotation","classification":{"name":"Ignore*","color":[180, 180, 180]}}},{"type":"Feature","id":"470425b4-e3e7-442e-b747-dd74af5ae05c","geometry":{"type":"Polygon","coordinates":[[[10456, 7248],[10456, 7296],[10464, 7296],[10464, 7304],[10488, 7304],[10488, 7296],[10504, 7296],[10504, 7288],[10512, 7288],[10512, 7256],[10504, 7256],[10504, 7248],[10496, 7248],[10496, 7240],[10464, 7240],[10464, 7248],[10456, 7248]]]},"properties":{"objectType":"annotation","classification":{"name":"Ignore*","color":[180, 180, 180]}}},{"type":"Feature","id":"23b8597b-6fce-444c-9951-c775d77d1cbe","geometry":{"type":"Polygon","coordinates":[[[10176, 7312],[10176, 7320],[10184, 7320],[10184, 7328],[10192, 7328],[10192, 7336],[10200, 7336],[10200, 7344],[10216, 7344],[10216, 7352],[10240, 7352],[10240, 7344],[10248, 7344],[10248, 7336],[10256, 7336],[10256, 7304],[10248, 7304],[10248, 7296],[10240, 7296],[10240, 7288],[10224, 7288],[10224, 7280],[10200, 7280],[10200, 7288],[10192, 7288],[10192, 7296],[10184, 7296],[10184, 7312],[10176, 7312]]]},"properties":{"objectType":"annotation","classification":{"name":"Ignore*","color":[180, 180, 180]}}},{"type":"Feature","id":"02764fb2-9455-4cb9-9ee6-55630b503b6b","geometry":{"type":"Polygon","coordinates":[[[6144, 7352],[6144, 7360],[6152, 7360],[6152, 7368],[6168, 7368],[6168, 7360],[6224, 7360],[6224, 7368],[6248, 7368],[6248, 7376],[6256, 7376],[6256, 7368],[6288, 7368],[6288, 7360],[6320, 7360],[6320, 7352],[6336, 7352],[6336, 7344],[6344, 7344],[6344, 7336],[6352, 7336],[6352, 7320],[6360, 7320],[6360, 7288],[6352, 7288],[6352, 7272],[6312, 7272],[6312, 7280],[6296, 7280],[6296, 7288],[6272, 7288],[6272, 7296],[6224, 7296],[6224, 7304],[6208, 7304],[6208, 7312],[6192, 7312],[6192, 7320],[6176, 7320],[6176, 7328],[6168, 7328],[6168, 7336],[6160, 7336],[6160, 7344],[6152, 7344],[6152, 7352],[6144, 7352]]]},"properties":{"objectType":"annotation","classification":{"name":"Ignore*","color":[180, 180, 180]}}},{"type":"Feature","id":"a74a381c-190f-4326-a1f7-6658fcb1bd63","geometry":{"type":"Polygon","coordinates":[[[12448, 7344],[12448, 7400],[12456, 7400],[12456, 7424],[12464, 7424],[12464, 7432],[12480, 7432],[12480, 7440],[12512, 7440],[12512, 7448],[12536, 7448],[12536, 7440],[12560, 7440],[12560, 7432],[12568, 7432],[12568, 7376],[12560, 7376],[12560, 7360],[12552, 7360],[12552, 7352],[12536, 7352],[12536, 7344],[12520, 7344],[12520, 7336],[12504, 7336],[12504, 7328],[12496, 7328],[12496, 7320],[12464, 7320],[12464, 7328],[12456, 7328],[12456, 7344],[12448, 7344]]]},"properties":{"objectType":"annotation","classification":{"name":"Ignore*","color":[180, 180, 180]}}},{"type":"Feature","id":"b835137f-d205-46d3-886a-f2741125f067","geometry":{"type":"Polygon","coordinates":[[[10224, 7400],[10224, 7416],[10232, 7416],[10232, 7432],[10264, 7432],[10264, 7424],[10272, 7424],[10272, 7400],[10264, 7400],[10264, 7392],[10248, 7392],[10248, 7384],[10240, 7384],[10240, 7392],[10232, 7392],[10232, 7400],[10224, 7400]]]},"properties":{"objectType":"annotation","classification":{"name":"Ignore*","color":[180, 180, 180]}}},{"type":"Feature","id":"5fb1c868-3f33-4cf4-8ac9-481dfa883282","geometry":{"type":"Polygon","coordinates":[[[17128, 7464],[17128, 7496],[17136, 7496],[17136, 7504],[17176, 7504],[17176, 7496],[17192, 7496],[17192, 7488],[17200, 7488],[17200, 7480],[17208, 7480],[17208, 7472],[17216, 7472],[17216, 7456],[17224, 7456],[17224, 7424],[17216, 7424],[17216, 7392],[17208, 7392],[17208, 7384],[17200, 7384],[17200, 7376],[17192, 7376],[17192, 7368],[17184, 7368],[17184, 7360],[17160, 7360],[17160, 7368],[17152, 7368],[17152, 7376],[17144, 7376],[17144, 7456],[17136, 7456],[17136, 7464],[17128, 7464]]]},"properties":{"objectType":"annotation","classification":{"name":"Ignore*","color":[180, 180, 180]}}},{"type":"Feature","id":"d1e59869-a93f-41d7-85c8-4d96b35bef33","geometry":{"type":"Polygon","coordinates":[[[11968, 7552],[11968, 7584],[11976, 7584],[11976, 7592],[11984, 7592],[11984, 7600],[11992, 7600],[11992, 7592],[12008, 7592],[12008, 7584],[12016, 7584],[12016, 7576],[12024, 7576],[12024, 7568],[12032, 7568],[12032, 7560],[12040, 7560],[12040, 7544],[12048, 7544],[12048, 7520],[12056, 7520],[12056, 7504],[12064, 7504],[12064, 7496],[12080, 7496],[12080, 7488],[12088, 7488],[12088, 7480],[12096, 7480],[12096, 7464],[12104, 7464],[12104, 7448],[12112, 7448],[12112, 7424],[12120, 7424],[12120, 7352],[12128, 7352],[12128, 7320],[12136, 7320],[12136, 7288],[12104, 7288],[12104, 7296],[12096, 7296],[12096, 7304],[12088, 7304],[12088, 7312],[12080, 7312],[12080, 7336],[12072, 7336],[12072, 7352],[12064, 7352],[12064, 7368],[12056, 7368],[12056, 7376],[12048, 7376],[12048, 7392],[12040, 7392],[12040, 7400],[12032, 7400],[12032, 7408],[12024, 7408],[12024, 7424],[12016, 7424],[12016, 7456],[12008, 7456],[12008, 7480],[12000, 7480],[12000, 7504],[11992, 7504],[11992, 7520],[11984, 7520],[11984, 7528],[11976, 7528],[11976, 7552],[11968, 7552]]]},"properties":{"objectType":"annotation","classification":{"name":"Ignore*","color":[180, 180, 180]}}},{"type":"Feature","id":"2c553860-651f-4fda-86b2-2cb7dfdf4b18","geometry":{"type":"Polygon","coordinates":[[[10328, 7440],[10328, 7480],[10336, 7480],[10336, 7488],[10352, 7488],[10352, 7496],[10384, 7496],[10384, 7504],[10408, 7504],[10408, 7496],[10424, 7496],[10424, 7488],[10432, 7488],[10432, 7480],[10440, 7480],[10440, 7408],[10432, 7408],[10432, 7392],[10384, 7392],[10384, 7400],[10376, 7400],[10376, 7416],[10368, 7416],[10368, 7424],[10352, 7424],[10352, 7432],[10336, 7432],[10336, 7440],[10328, 7440]]]},"properties":{"objectType":"annotation","classification":{"name":"Ignore*","color":[180, 180, 180]}}},{"type":"Feature","id":"452d3dd9-e540-4ecc-9f7d-8b147ebc5d3e","geometry":{"type":"Polygon","coordinates":[[[11624, 7680],[11624, 7688],[11632, 7688],[11632, 7696],[11656, 7696],[11656, 7688],[11664, 7688],[11664, 7680],[11672, 7680],[11672, 7672],[11680, 7672],[11680, 7664],[11688, 7664],[11688, 7656],[11696, 7656],[11696, 7648],[11704, 7648],[11704, 7592],[11696, 7592],[11696, 7576],[11688, 7576],[11688, 7560],[11680, 7560],[11680, 7552],[11640, 7552],[11640, 7568],[11632, 7568],[11632, 7608],[11640, 7608],[11640, 7640],[11632, 7640],[11632, 7680],[11624, 7680]]]},"properties":{"objectType":"annotation","classification":{"name":"Ignore*","color":[180, 180, 180]}}},{"type":"Feature","id":"64cead71-ce34-4300-a1d6-6fecba896f08","geometry":{"type":"Polygon","coordinates":[[[17088, 7544],[17088, 7584],[17096, 7584],[17096, 7592],[17104, 7592],[17104, 7600],[17112, 7600],[17112, 7608],[17120, 7608],[17120, 7648],[17128, 7648],[17128, 7720],[17136, 7720],[17136, 7728],[17168, 7728],[17168, 7712],[17176, 7712],[17176, 7696],[17168, 7696],[17168, 7672],[17160, 7672],[17160, 7656],[17152, 7656],[17152, 7608],[17144, 7608],[17144, 7584],[17136, 7584],[17136, 7560],[17128, 7560],[17128, 7552],[17120, 7552],[17120, 7544],[17088, 7544]]]},"properties":{"objectType":"annotation","classification":{"name":"Ignore*","color":[180, 180, 180]}}},{"type":"Feature","id":"51ca8085-acf3-4ebb-aa0a-7f86830fbac8","geometry":{"type":"Polygon","coordinates":[[[17200, 7624],[17200, 7632],[17208, 7632],[17208, 7640],[17200, 7640],[17200, 7656],[17208, 7656],[17208, 7664],[17224, 7664],[17224, 7672],[17280, 7672],[17280, 7624],[17272, 7624],[17272, 7616],[17256, 7616],[17256, 7608],[17224, 7608],[17224, 7600],[17216, 7600],[17216, 7608],[17208, 7608],[17208, 7624],[17200, 7624]]]},"properties":{"objectType":"annotation","classification":{"name":"Ignore*","color":[180, 180, 180]}}},{"type":"Feature","id":"65492511-d52b-42de-95f4-d87e23555a09","geometry":{"type":"Polygon","coordinates":[[[21208, 7656],[21208, 7704],[21216, 7704],[21216, 7712],[21232, 7712],[21232, 7720],[21240, 7720],[21240, 7712],[21256, 7712],[21256, 7680],[21264, 7680],[21264, 7656],[21272, 7656],[21272, 7632],[21280, 7632],[21280, 7568],[21272, 7568],[21272, 7560],[21256, 7560],[21256, 7568],[21248, 7568],[21248, 7576],[21240, 7576],[21240, 7592],[21232, 7592],[21232, 7624],[21224, 7624],[21224, 7648],[21216, 7648],[21216, 7656],[21208, 7656]]]},"properties":{"objectType":"annotation","classification":{"name":"Ignore*","color":[180, 180, 180]}}},{"type":"Feature","id":"573980a4-e591-4eef-9b7b-4934719c0068","geometry":{"type":"Polygon","coordinates":[[[12440, 7648],[12440, 7688],[12448, 7688],[12448, 7696],[12464, 7696],[12464, 7704],[12480, 7704],[12480, 7696],[12488, 7696],[12488, 7688],[12496, 7688],[12496, 7648],[12488, 7648],[12488, 7640],[12480, 7640],[12480, 7632],[12456, 7632],[12456, 7640],[12448, 7640],[12448, 7648],[12440, 7648]]]},"properties":{"objectType":"annotation","classification":{"name":"Ignore*","color":[180, 180, 180]}}},{"type":"Feature","id":"a9364eb1-fd5f-4874-841a-8d064e584088","geometry":{"type":"Polygon","coordinates":[[[12544, 7680],[12544, 7696],[12552, 7696],[12552, 7712],[12560, 7712],[12560, 7720],[12568, 7720],[12568, 7728],[12584, 7728],[12584, 7720],[12592, 7720],[12592, 7712],[12600, 7712],[12600, 7696],[12608, 7696],[12608, 7680],[12600, 7680],[12600, 7672],[12592, 7672],[12592, 7664],[12552, 7664],[12552, 7680],[12544, 7680]]]},"properties":{"objectType":"annotation","classification":{"name":"Ignore*","color":[180, 180, 180]}}},{"type":"Feature","id":"00bc42a6-1ad7-46f6-9332-1d80340bf30a","geometry":{"type":"Polygon","coordinates":[[[6288, 7656],[6288, 7680],[6296, 7680],[6296, 7688],[6312, 7688],[6312, 7696],[6296, 7696],[6296, 7736],[6312, 7736],[6312, 7744],[6328, 7744],[6328, 7736],[6360, 7736],[6360, 7728],[6368, 7728],[6368, 7720],[6376, 7720],[6376, 7680],[6368, 7680],[6368, 7672],[6352, 7672],[6352, 7664],[6320, 7664],[6320, 7656],[6312, 7656],[6312, 7648],[6296, 7648],[6296, 7656],[6288, 7656]]]},"properties":{"objectType":"annotation","classification":{"name":"Ignore*","color":[180, 180, 180]}}},{"type":"Feature","id":"3a42d03e-c3c8-47c6-81a2-848b8958b852","geometry":{"type":"Polygon","coordinates":[[[17000, 7752],[17000, 7760],[17008, 7760],[17008, 7784],[17048, 7784],[17048, 7776],[17064, 7776],[17064, 7768],[17072, 7768],[17072, 7760],[17080, 7760],[17080, 7752],[17088, 7752],[17088, 7744],[17096, 7744],[17096, 7712],[17088, 7712],[17088, 7704],[17080, 7704],[17080, 7696],[17072, 7696],[17072, 7688],[17064, 7688],[17064, 7680],[17032, 7680],[17032, 7688],[17024, 7688],[17024, 7696],[17016, 7696],[17016, 7720],[17008, 7720],[17008, 7752],[17000, 7752]]]},"properties":{"objectType":"annotation","classification":{"name":"Ignore*","color":[180, 180, 180]}}},{"type":"Feature","id":"f1e63cbc-15cb-4565-b614-5871cdef33ab","geometry":{"type":"Polygon","coordinates":[[[11472, 7752],[11472, 7784],[11480, 7784],[11480, 7800],[11496, 7800],[11496, 7808],[11512, 7808],[11512, 7800],[11528, 7800],[11528, 7792],[11544, 7792],[11544, 7776],[11552, 7776],[11552, 7768],[11560, 7768],[11560, 7752],[11568, 7752],[11568, 7736],[11576, 7736],[11576, 7720],[11568, 7720],[11568, 7712],[11544, 7712],[11544, 7720],[11504, 7720],[11504, 7728],[11488, 7728],[11488, 7736],[11480, 7736],[11480, 7752],[11472, 7752]]]},"properties":{"objectType":"annotation","classification":{"name":"Ignore*","color":[180, 180, 180]}}},{"type":"Feature","id":"cd6446fc-4754-44fa-a378-458d7279836c","geometry":{"type":"Polygon","coordinates":[[[16832, 7768],[16832, 7784],[16840, 7784],[16840, 7792],[16896, 7792],[16896, 7784],[16904, 7784],[16904, 7776],[16912, 7776],[16912, 7768],[16904, 7768],[16904, 7752],[16872, 7752],[16872, 7760],[16840, 7760],[16840, 7768],[16832, 7768]]]},"properties":{"objectType":"annotation","classification":{"name":"Ignore*","color":[180, 180, 180]}}},{"type":"Feature","id":"fd879298-b67f-4ada-b32b-23e60c30616e","geometry":{"type":"Polygon","coordinates":[[[21136, 7824],[21136, 7840],[21144, 7840],[21144, 7856],[21152, 7856],[21152, 7864],[21160, 7864],[21160, 7872],[21168, 7872],[21168, 7840],[21160, 7840],[21160, 7824],[21152, 7824],[21152, 7816],[21144, 7816],[21144, 7824],[21136, 7824]]]},"properties":{"objectType":"annotation","classification":{"name":"Ignore*","color":[180, 180, 180]}}},{"type":"Feature","id":"408e1e8b-a950-4a65-bd6e-a65945ed7b83","geometry":{"type":"Polygon","coordinates":[[[5944, 7824],[5944, 7880],[5952, 7880],[5952, 7888],[5960, 7888],[5960, 7896],[5968, 7896],[5968, 7904],[6000, 7904],[6000, 7896],[6008, 7896],[6008, 7888],[6016, 7888],[6016, 7880],[6024, 7880],[6024, 7864],[6032, 7864],[6032, 7808],[6024, 7808],[6024, 7800],[5976, 7800],[5976, 7808],[5960, 7808],[5960, 7816],[5952, 7816],[5952, 7824],[5944, 7824]]]},"properties":{"objectType":"annotation","classification":{"name":"Ignore*","color":[180, 180, 180]}}},{"type":"Feature","id":"5181cd18-669e-46ba-84e7-155f795c75f7","geometry":{"type":"Polygon","coordinates":[[[16912, 7856],[16912, 7880],[16952, 7880],[16952, 7856],[16912, 7856]]]},"properties":{"objectType":"annotation","classification":{"name":"Ignore*","color":[180, 180, 180]}}},{"type":"Feature","id":"0f5faeda-5e2f-42ec-afa1-842a25c45f50","geometry":{"type":"Polygon","coordinates":[[[9192, 8320],[9192, 8336],[9200, 8336],[9200, 8344],[9208, 8344],[9208, 8352],[9232, 8352],[9232, 8344],[9240, 8344],[9240, 8312],[9232, 8312],[9232, 8304],[9208, 8304],[9208, 8312],[9200, 8312],[9200, 8320],[9192, 8320]]]},"properties":{"objectType":"annotation","classification":{"name":"Ignore*","color":[180, 180, 180]}}},{"type":"Feature","id":"e71b16e2-4ac1-4453-a362-be4b1489e08f","geometry":{"type":"Polygon","coordinates":[[[10752, 8328],[10752, 8368],[10760, 8368],[10760, 8376],[10768, 8376],[10768, 8384],[10792, 8384],[10792, 8368],[10800, 8368],[10800, 8360],[10792, 8360],[10792, 8328],[10800, 8328],[10800, 8312],[10808, 8312],[10808, 8288],[10800, 8288],[10800, 8280],[10776, 8280],[10776, 8288],[10768, 8288],[10768, 8296],[10760, 8296],[10760, 8328],[10752, 8328]]]},"properties":{"objectType":"annotation","classification":{"name":"Ignore*","color":[180, 180, 180]}}},{"type":"Feature","id":"bae153b9-5cab-4dac-8404-d2601ccbcf2a","geometry":{"type":"Polygon","coordinates":[[[9848, 8376],[9848, 8440],[9856, 8440],[9856, 8448],[9864, 8448],[9864, 8456],[9896, 8456],[9896, 8448],[9904, 8448],[9904, 8440],[9912, 8440],[9912, 8432],[9920, 8432],[9920, 8384],[9912, 8384],[9912, 8376],[9904, 8376],[9904, 8368],[9888, 8368],[9888, 8360],[9864, 8360],[9864, 8368],[9856, 8368],[9856, 8376],[9848, 8376]]]},"properties":{"objectType":"annotation","classification":{"name":"Ignore*","color":[180, 180, 180]}}},{"type":"Feature","id":"64d5bddd-b2fc-45ce-b41d-d58bfa14d9f4","geometry":{"type":"Polygon","coordinates":[[[18920, 8408],[18920, 8440],[18928, 8440],[18928, 8456],[18936, 8456],[18936, 8512],[18944, 8512],[18944, 8520],[18952, 8520],[18952, 8528],[18984, 8528],[18984, 8520],[18992, 8520],[18992, 8512],[19000, 8512],[19000, 8488],[19008, 8488],[19008, 8440],[19000, 8440],[19000, 8432],[18992, 8432],[18992, 8416],[18976, 8416],[18976, 8408],[18968, 8408],[18968, 8400],[18928, 8400],[18928, 8408],[18920, 8408]]]},"properties":{"objectType":"annotation","classification":{"name":"Ignore*","color":[180, 180, 180]}}},{"type":"Feature","id":"316fa8e7-86b3-490c-ace6-f3a05af46a69","geometry":{"type":"Polygon","coordinates":[[[10640, 8472],[10640, 8512],[10648, 8512],[10648, 8520],[10656, 8520],[10656, 8528],[10696, 8528],[10696, 8520],[10704, 8520],[10704, 8472],[10696, 8472],[10696, 8464],[10680, 8464],[10680, 8456],[10656, 8456],[10656, 8464],[10648, 8464],[10648, 8472],[10640, 8472]]]},"properties":{"objectType":"annotation","classification":{"name":"Ignore*","color":[180, 180, 180]}}},{"type":"Feature","id":"99e52040-cf51-4429-860c-381d1b6e2319","geometry":{"type":"Polygon","coordinates":[[[10848, 8592],[10848, 8624],[10856, 8624],[10856, 8632],[10872, 8632],[10872, 8592],[10848, 8592]]]},"properties":{"objectType":"annotation","classification":{"name":"Ignore*","color":[180, 180, 180]}}},{"type":"Feature","id":"13d0102c-c461-4eab-9737-abb548d70fd4","geometry":{"type":"Polygon","coordinates":[[[18648, 8688],[18648, 8712],[18656, 8712],[18656, 8720],[18664, 8720],[18664, 8728],[18672, 8728],[18672, 8736],[18680, 8736],[18680, 8744],[18688, 8744],[18688, 8752],[18696, 8752],[18696, 8760],[18712, 8760],[18712, 8768],[18736, 8768],[18736, 8776],[18760, 8776],[18760, 8784],[18776, 8784],[18776, 8792],[18816, 8792],[18816, 8784],[18824, 8784],[18824, 8760],[18816, 8760],[18816, 8744],[18808, 8744],[18808, 8736],[18800, 8736],[18800, 8728],[18792, 8728],[18792, 8720],[18768, 8720],[18768, 8712],[18752, 8712],[18752, 8704],[18744, 8704],[18744, 8696],[18728, 8696],[18728, 8688],[18712, 8688],[18712, 8680],[18656, 8680],[18656, 8688],[18648, 8688]]]},"properties":{"objectType":"annotation","classification":{"name":"Ignore*","color":[180, 180, 180]}}},{"type":"Feature","id":"eaee8b24-f6cf-4b91-b320-bbf884895d12","geometry":{"type":"Polygon","coordinates":[[[9360, 8736],[9360, 8792],[9368, 8792],[9368, 8808],[9384, 8808],[9384, 8816],[9424, 8816],[9424, 8808],[9432, 8808],[9432, 8728],[9424, 8728],[9424, 8712],[9416, 8712],[9416, 8704],[9384, 8704],[9384, 8712],[9376, 8712],[9376, 8720],[9368, 8720],[9368, 8736],[9360, 8736]]]},"properties":{"objectType":"annotation","classification":{"name":"Ignore*","color":[180, 180, 180]}}},{"type":"Feature","id":"60e106fe-08e6-4a48-b5c4-73349002d706","geometry":{"type":"Polygon","coordinates":[[[10000, 8816],[10000, 8832],[10008, 8832],[10008, 8840],[10024, 8840],[10024, 8832],[10032, 8832],[10032, 8824],[10040, 8824],[10040, 8808],[10048, 8808],[10048, 8792],[10040, 8792],[10040, 8784],[10024, 8784],[10024, 8792],[10016, 8792],[10016, 8800],[10008, 8800],[10008, 8816],[10000, 8816]]]},"properties":{"objectType":"annotation","classification":{"name":"Ignore*","color":[180, 180, 180]}}},{"type":"Feature","id":"dfa60114-ecc9-4403-8b90-6611068a7b01","geometry":{"type":"Polygon","coordinates":[[[9824, 8896],[9824, 8944],[9832, 8944],[9832, 8960],[9840, 8960],[9840, 8968],[9856, 8968],[9856, 8976],[9872, 8976],[9872, 8984],[9888, 8984],[9888, 8976],[9896, 8976],[9896, 8968],[9904, 8968],[9904, 8960],[9920, 8960],[9920, 8952],[9928, 8952],[9928, 8944],[9936, 8944],[9936, 8936],[9944, 8936],[9944, 8912],[9952, 8912],[9952, 8904],[9944, 8904],[9944, 8872],[9936, 8872],[9936, 8848],[9928, 8848],[9928, 8840],[9912, 8840],[9912, 8832],[9904, 8832],[9904, 8840],[9872, 8840],[9872, 8848],[9864, 8848],[9864, 8856],[9856, 8856],[9856, 8864],[9848, 8864],[9848, 8880],[9840, 8880],[9840, 8888],[9832, 8888],[9832, 8896],[9824, 8896]]]},"properties":{"objectType":"annotation","classification":{"name":"Ignore*","color":[180, 180, 180]}}},{"type":"Feature","id":"09bd8d5c-e196-4524-b75f-f2493e4890a2","geometry":{"type":"Polygon","coordinates":[[[9008, 8928],[9008, 8952],[9016, 8952],[9016, 8960],[9024, 8960],[9024, 8968],[9048, 8968],[9048, 8952],[9056, 8952],[9056, 8936],[9048, 8936],[9048, 8928],[9040, 8928],[9040, 8920],[9016, 8920],[9016, 8928],[9008, 8928]]]},"properties":{"objectType":"annotation","classification":{"name":"Ignore*","color":[180, 180, 180]}}},{"type":"Feature","id":"76b45fad-a3ed-48d5-8dcf-848ce1b6d809","geometry":{"type":"Polygon","coordinates":[[[9336, 8984],[9336, 9008],[9344, 9008],[9344, 9032],[9352, 9032],[9352, 9040],[9360, 9040],[9360, 9048],[9368, 9048],[9368, 9056],[9384, 9056],[9384, 9064],[9400, 9064],[9400, 9072],[9424, 9072],[9424, 9080],[9432, 9080],[9432, 9088],[9440, 9088],[9440, 9096],[9448, 9096],[9448, 9104],[9512, 9104],[9512, 9096],[9528, 9096],[9528, 9088],[9536, 9088],[9536, 9080],[9544, 9080],[9544, 9064],[9552, 9064],[9552, 9056],[9544, 9056],[9544, 9040],[9536, 9040],[9536, 9032],[9520, 9032],[9520, 9024],[9512, 9024],[9512, 9016],[9496, 9016],[9496, 9008],[9488, 9008],[9488, 9000],[9480, 9000],[9480, 8992],[9472, 8992],[9472, 8984],[9432, 8984],[9432, 8992],[9416, 8992],[9416, 8984],[9408, 8984],[9408, 8968],[9400, 8968],[9400, 8952],[9392, 8952],[9392, 8944],[9384, 8944],[9384, 8936],[9368, 8936],[9368, 8944],[9360, 8944],[9360, 8952],[9352, 8952],[9352, 8968],[9344, 8968],[9344, 8984],[9336, 8984]]]},"properties":{"objectType":"annotation","classification":{"name":"Ignore*","color":[180, 180, 180]}}},{"type":"Feature","id":"5e602cc2-73c1-4fd3-98ac-21456bacfa47","geometry":{"type":"Polygon","coordinates":[[[12192, 9032],[12192, 9072],[12200, 9072],[12200, 9080],[12240, 9080],[12240, 9072],[12256, 9072],[12256, 9064],[12272, 9064],[12272, 9056],[12280, 9056],[12280, 9040],[12288, 9040],[12288, 9024],[12280, 9024],[12280, 9008],[12272, 9008],[12272, 9000],[12264, 9000],[12264, 8992],[12208, 8992],[12208, 9000],[12200, 9000],[12200, 9032],[12192, 9032]]]},"properties":{"objectType":"annotation","classification":{"name":"Ignore*","color":[180, 180, 180]}}},{"type":"Feature","id":"32499a64-f7b1-4fc9-8f21-7dc1d79401b5","geometry":{"type":"Polygon","coordinates":[[[10776, 9048],[10776, 9072],[10792, 9072],[10792, 9048],[10776, 9048]]]},"properties":{"objectType":"annotation","classification":{"name":"Ignore*","color":[180, 180, 180]}}},{"type":"Feature","id":"6194935a-4602-42d3-bcfb-f81ec0e4b691","geometry":{"type":"Polygon","coordinates":[[[9272, 9128],[9272, 9144],[9280, 9144],[9280, 9152],[9288, 9152],[9288, 9160],[9328, 9160],[9328, 9120],[9320, 9120],[9320, 9112],[9288, 9112],[9288, 9120],[9280, 9120],[9280, 9128],[9272, 9128]]]},"properties":{"objectType":"annotation","classification":{"name":"Ignore*","color":[180, 180, 180]}}},{"type":"Feature","id":"c3f9bbb6-18b1-4a22-ac2d-ec442de3cd19","geometry":{"type":"Polygon","coordinates":[[[8064, 9120],[8064, 9160],[8072, 9160],[8072, 9168],[8080, 9168],[8080, 9176],[8088, 9176],[8088, 9184],[8112, 9184],[8112, 9176],[8128, 9176],[8128, 9160],[8136, 9160],[8136, 9136],[8144, 9136],[8144, 9112],[8136, 9112],[8136, 9104],[8128, 9104],[8128, 9096],[8104, 9096],[8104, 9104],[8080, 9104],[8080, 9112],[8072, 9112],[8072, 9120],[8064, 9120]]]},"properties":{"objectType":"annotation","classification":{"name":"Ignore*","color":[180, 180, 180]}}},{"type":"Feature","id":"f68332b1-37aa-47a8-8eb4-6afd358612a4","geometry":{"type":"Polygon","coordinates":[[[9104, 9112],[9104, 9128],[9112, 9128],[9112, 9144],[9120, 9144],[9120, 9152],[9128, 9152],[9128, 9160],[9136, 9160],[9136, 9168],[9144, 9168],[9144, 9184],[9152, 9184],[9152, 9192],[9160, 9192],[9160, 9200],[9168, 9200],[9168, 9208],[9200, 9208],[9200, 9200],[9216, 9200],[9216, 9192],[9224, 9192],[9224, 9176],[9232, 9176],[9232, 9160],[9224, 9160],[9224, 9144],[9216, 9144],[9216, 9136],[9168, 9136],[9168, 9128],[9152, 9128],[9152, 9112],[9144, 9112],[9144, 9104],[9152, 9104],[9152, 9088],[9160, 9088],[9160, 9080],[9152, 9080],[9152, 9072],[9136, 9072],[9136, 9080],[9128, 9080],[9128, 9096],[9120, 9096],[9120, 9104],[9112, 9104],[9112, 9112],[9104, 9112]]]},"properties":{"objectType":"annotation","classification":{"name":"Ignore*","color":[180, 180, 180]}}},{"type":"Feature","id":"0704d607-480d-441d-ae2f-2fabbd9d6701","geometry":{"type":"Polygon","coordinates":[[[19888, 9264],[19888, 9304],[19896, 9304],[19896, 9320],[19904, 9320],[19904, 9336],[19912, 9336],[19912, 9352],[19920, 9352],[19920, 9384],[19928, 9384],[19928, 9400],[19944, 9400],[19944, 9408],[19992, 9408],[19992, 9392],[20000, 9392],[20000, 9368],[19992, 9368],[19992, 9352],[19984, 9352],[19984, 9344],[19976, 9344],[19976, 9336],[19960, 9336],[19960, 9328],[19952, 9328],[19952, 9296],[19960, 9296],[19960, 9288],[19976, 9288],[19976, 9280],[19992, 9280],[19992, 9272],[20000, 9272],[20000, 9264],[20008, 9264],[20008, 9216],[20000, 9216],[20000, 9208],[19976, 9208],[19976, 9216],[19952, 9216],[19952, 9208],[19944, 9208],[19944, 9200],[19936, 9200],[19936, 9192],[19920, 9192],[19920, 9184],[19912, 9184],[19912, 9192],[19904, 9192],[19904, 9200],[19896, 9200],[19896, 9224],[19904, 9224],[19904, 9256],[19896, 9256],[19896, 9264],[19888, 9264]]]},"properties":{"objectType":"annotation","classification":{"name":"Ignore*","color":[180, 180, 180]}}},{"type":"Feature","id":"67ceb590-6bdb-43c7-8e26-16875f894e8e","geometry":{"type":"Polygon","coordinates":[[[8504, 9408],[8504, 9464],[8512, 9464],[8512, 9472],[8520, 9472],[8520, 9480],[8528, 9480],[8528, 9488],[8552, 9488],[8552, 9480],[8560, 9480],[8560, 9472],[8568, 9472],[8568, 9456],[8576, 9456],[8576, 9448],[8584, 9448],[8584, 9432],[8592, 9432],[8592, 9416],[8600, 9416],[8600, 9400],[8608, 9400],[8608, 9392],[8616, 9392],[8616, 9384],[8624, 9384],[8624, 9376],[8632, 9376],[8632, 9368],[8640, 9368],[8640, 9352],[8648, 9352],[8648, 9336],[8656, 9336],[8656, 9312],[8664, 9312],[8664, 9304],[8672, 9304],[8672, 9296],[8680, 9296],[8680, 9288],[8688, 9288],[8688, 9280],[8696, 9280],[8696, 9248],[8680, 9248],[8680, 9240],[8632, 9240],[8632, 9248],[8616, 9248],[8616, 9256],[8608, 9256],[8608, 9272],[8600, 9272],[8600, 9304],[8592, 9304],[8592, 9320],[8584, 9320],[8584, 9328],[8576, 9328],[8576, 9336],[8568, 9336],[8568, 9352],[8560, 9352],[8560, 9360],[8552, 9360],[8552, 9368],[8544, 9368],[8544, 9376],[8536, 9376],[8536, 9384],[8528, 9384],[8528, 9392],[8520, 9392],[8520, 9400],[8512, 9400],[8512, 9408],[8504, 9408]]]},"properties":{"objectType":"annotation","classification":{"name":"Ignore*","color":[180, 180, 180]}}},{"type":"Feature","id":"9ee1537d-7c2c-47ab-8b89-abde2fa999cb","geometry":{"type":"Polygon","coordinates":[[[6928, 9408],[6928, 9448],[6936, 9448],[6936, 9456],[6944, 9456],[6944, 9464],[6952, 9464],[6952, 9472],[6960, 9472],[6960, 9480],[6968, 9480],[6968, 9488],[6992, 9488],[6992, 9480],[7000, 9480],[7000, 9464],[7008, 9464],[7008, 9440],[7000, 9440],[7000, 9424],[6992, 9424],[6992, 9416],[6984, 9416],[6984, 9408],[6976, 9408],[6976, 9400],[6944, 9400],[6944, 9408],[6928, 9408]]]},"properties":{"objectType":"annotation","classification":{"name":"Ignore*","color":[180, 180, 180]}}},{"type":"Feature","id":"01aff44f-e43c-4f80-995f-67d14d598055","geometry":{"type":"Polygon","coordinates":[[[8032, 9456],[8032, 9480],[8040, 9480],[8040, 9496],[8048, 9496],[8048, 9504],[8096, 9504],[8096, 9496],[8112, 9496],[8112, 9488],[8120, 9488],[8120, 9480],[8136, 9480],[8136, 9472],[8152, 9472],[8152, 9464],[8160, 9464],[8160, 9456],[8168, 9456],[8168, 9424],[8136, 9424],[8136, 9416],[8128, 9416],[8128, 9384],[8120, 9384],[8120, 9376],[8096, 9376],[8096, 9384],[8088, 9384],[8088, 9392],[8080, 9392],[8080, 9400],[8072, 9400],[8072, 9408],[8056, 9408],[8056, 9416],[8048, 9416],[8048, 9432],[8040, 9432],[8040, 9456],[8032, 9456]]]},"properties":{"objectType":"annotation","classification":{"name":"Ignore*","color":[180, 180, 180]}}},{"type":"Feature","id":"0b3fdc60-b8c7-455f-8aa4-af498627ff9f","geometry":{"type":"Polygon","coordinates":[[[7616, 9440],[7616, 9456],[7640, 9456],[7640, 9448],[7632, 9448],[7632, 9440],[7616, 9440]]]},"properties":{"objectType":"annotation","classification":{"name":"Ignore*","color":[180, 180, 180]}}},{"type":"Feature","id":"79d7adfa-87f0-4daf-9950-23ef8c3e24e7","geometry":{"type":"Polygon","coordinates":[[[8320, 9480],[8320, 9496],[8328, 9496],[8328, 9520],[8336, 9520],[8336, 9528],[8368, 9528],[8368, 9520],[8376, 9520],[8376, 9512],[8384, 9512],[8384, 9472],[8376, 9472],[8376, 9464],[8360, 9464],[8360, 9456],[8344, 9456],[8344, 9464],[8328, 9464],[8328, 9480],[8320, 9480]]]},"properties":{"objectType":"annotation","classification":{"name":"Ignore*","color":[180, 180, 180]}}},{"type":"Feature","id":"9df029e5-524c-4730-b511-7393a124db2c","geometry":{"type":"Polygon","coordinates":[[[10576, 9536],[10576, 9576],[10584, 9576],[10584, 9584],[10592, 9584],[10592, 9592],[10608, 9592],[10608, 9600],[10640, 9600],[10640, 9608],[10648, 9608],[10648, 9600],[10672, 9600],[10672, 9584],[10680, 9584],[10680, 9568],[10688, 9568],[10688, 9536],[10696, 9536],[10696, 9520],[10688, 9520],[10688, 9504],[10680, 9504],[10680, 9496],[10640, 9496],[10640, 9488],[10616, 9488],[10616, 9496],[10608, 9496],[10608, 9504],[10600, 9504],[10600, 9520],[10592, 9520],[10592, 9528],[10584, 9528],[10584, 9536],[10576, 9536]]]},"properties":{"objectType":"annotation","classification":{"name":"Ignore*","color":[180, 180, 180]}}},{"type":"Feature","id":"b0424ecd-00ad-420d-b829-318b9df3706f","geometry":{"type":"Polygon","coordinates":[[[7136, 9536],[7136, 9560],[7144, 9560],[7144, 9576],[7160, 9576],[7160, 9584],[7168, 9584],[7168, 9592],[7184, 9592],[7184, 9600],[7216, 9600],[7216, 9592],[7224, 9592],[7224, 9520],[7216, 9520],[7216, 9504],[7208, 9504],[7208, 9496],[7168, 9496],[7168, 9504],[7152, 9504],[7152, 9520],[7144, 9520],[7144, 9536],[7136, 9536]]]},"properties":{"objectType":"annotation","classification":{"name":"Ignore*","color":[180, 180, 180]}}},{"type":"Feature","id":"7a9299ef-d070-46b2-85b1-0efc470ca41d","geometry":{"type":"Polygon","coordinates":[[[8504, 9576],[8504, 9584],[8512, 9584],[8512, 9600],[8592, 9600],[8592, 9592],[8640, 9592],[8640, 9600],[8656, 9600],[8656, 9592],[8664, 9592],[8664, 9584],[8672, 9584],[8672, 9552],[8664, 9552],[8664, 9504],[8656, 9504],[8656, 9488],[8640, 9488],[8640, 9480],[8616, 9480],[8616, 9488],[8600, 9488],[8600, 9496],[8584, 9496],[8584, 9504],[8576, 9504],[8576, 9512],[8568, 9512],[8568, 9520],[8552, 9520],[8552, 9528],[8544, 9528],[8544, 9536],[8536, 9536],[8536, 9544],[8528, 9544],[8528, 9552],[8520, 9552],[8520, 9560],[8512, 9560],[8512, 9576],[8504, 9576]]]},"properties":{"objectType":"annotation","classification":{"name":"Ignore*","color":[180, 180, 180]}}},{"type":"Feature","id":"076d5584-ea53-486c-a4f5-2a9ed46a88a9","geometry":{"type":"Polygon","coordinates":[[[7472, 9536],[7472, 9568],[7480, 9568],[7480, 9576],[7488, 9576],[7488, 9584],[7504, 9584],[7504, 9592],[7528, 9592],[7528, 9584],[7544, 9584],[7544, 9528],[7536, 9528],[7536, 9520],[7520, 9520],[7520, 9512],[7504, 9512],[7504, 9520],[7488, 9520],[7488, 9528],[7480, 9528],[7480, 9536],[7472, 9536]]]},"properties":{"objectType":"annotation","classification":{"name":"Ignore*","color":[180, 180, 180]}}},{"type":"Feature","id":"59a1318a-a077-4d7b-ae0f-b37a0c08725e","geometry":{"type":"Polygon","coordinates":[[[9776, 9632],[9776, 9664],[9784, 9664],[9784, 9672],[9792, 9672],[9792, 9680],[9848, 9680],[9848, 9672],[9864, 9672],[9864, 9664],[9928, 9664],[9928, 9656],[9944, 9656],[9944, 9648],[9960, 9648],[9960, 9632],[9968, 9632],[9968, 9624],[9976, 9624],[9976, 9616],[9984, 9616],[9984, 9608],[9992, 9608],[9992, 9592],[10000, 9592],[10000, 9568],[10008, 9568],[10008, 9552],[10016, 9552],[10016, 9536],[10024, 9536],[10024, 9528],[10032, 9528],[10032, 9512],[10040, 9512],[10040, 9488],[10048, 9488],[10048, 9472],[10056, 9472],[10056, 9432],[10048, 9432],[10048, 9424],[10040, 9424],[10040, 9416],[10008, 9416],[10008, 9424],[10000, 9424],[10000, 9432],[9992, 9432],[9992, 9440],[9984, 9440],[9984, 9464],[9976, 9464],[9976, 9488],[9968, 9488],[9968, 9552],[9960, 9552],[9960, 9560],[9952, 9560],[9952, 9568],[9944, 9568],[9944, 9576],[9936, 9576],[9936, 9584],[9920, 9584],[9920, 9592],[9896, 9592],[9896, 9600],[9872, 9600],[9872, 9608],[9848, 9608],[9848, 9616],[9808, 9616],[9808, 9624],[9784, 9624],[9784, 9632],[9776, 9632]]]},"properties":{"objectType":"annotation","classification":{"name":"Ignore*","color":[180, 180, 180]}}},{"type":"Feature","id":"aa1a5b8b-dba4-4e8f-8574-b542976fc694","geometry":{"type":"Polygon","coordinates":[[[8256, 9560],[8256, 9608],[8272, 9608],[8272, 9616],[8304, 9616],[8304, 9608],[8312, 9608],[8312, 9600],[8320, 9600],[8320, 9560],[8312, 9560],[8312, 9552],[8264, 9552],[8264, 9560],[8256, 9560]]]},"properties":{"objectType":"annotation","classification":{"name":"Ignore*","color":[180, 180, 180]}}},{"type":"Feature","id":"cb2b255a-9251-4df0-a508-0d09cec0957f","geometry":{"type":"Polygon","coordinates":[[[7624, 9640],[7624, 9656],[7632, 9656],[7632, 9672],[7640, 9672],[7640, 9680],[7672, 9680],[7672, 9672],[7680, 9672],[7680, 9632],[7672, 9632],[7672, 9624],[7632, 9624],[7632, 9640],[7624, 9640]]]},"properties":{"objectType":"annotation","classification":{"name":"Ignore*","color":[180, 180, 180]}}},{"type":"Feature","id":"bcd1123e-cbfe-405c-9bda-4dfb99a48b57","geometry":{"type":"Polygon","coordinates":[[[6584, 9776],[6584, 9824],[6592, 9824],[6592, 9840],[6608, 9840],[6608, 9848],[6624, 9848],[6624, 9840],[6648, 9840],[6648, 9832],[6656, 9832],[6656, 9816],[6664, 9816],[6664, 9808],[6672, 9808],[6672, 9800],[6680, 9800],[6680, 9784],[6688, 9784],[6688, 9768],[6696, 9768],[6696, 9752],[6688, 9752],[6688, 9736],[6680, 9736],[6680, 9728],[6672, 9728],[6672, 9720],[6664, 9720],[6664, 9712],[6656, 9712],[6656, 9704],[6632, 9704],[6632, 9712],[6616, 9712],[6616, 9720],[6608, 9720],[6608, 9736],[6600, 9736],[6600, 9752],[6592, 9752],[6592, 9776],[6584, 9776]]]},"properties":{"objectType":"annotation","classification":{"name":"Ignore*","color":[180, 180, 180]}}},{"type":"Feature","id":"fd463b12-7a55-4aed-8d20-7056b3bc3ab7","geometry":{"type":"Polygon","coordinates":[[[7160, 9848],[7160, 9856],[7168, 9856],[7168, 9872],[7176, 9872],[7176, 9880],[7184, 9880],[7184, 9888],[7192, 9888],[7192, 9896],[7232, 9896],[7232, 9888],[7240, 9888],[7240, 9880],[7248, 9880],[7248, 9840],[7240, 9840],[7240, 9832],[7232, 9832],[7232, 9824],[7224, 9824],[7224, 9816],[7208, 9816],[7208, 9808],[7192, 9808],[7192, 9816],[7176, 9816],[7176, 9832],[7168, 9832],[7168, 9848],[7160, 9848]]]},"properties":{"objectType":"annotation","classification":{"name":"Ignore*","color":[180, 180, 180]}}},{"type":"Feature","id":"aa3b2a15-d3bb-4c0e-945d-7d4e3494b2d2","geometry":{"type":"Polygon","coordinates":[[[19904, 9880],[19904, 9920],[19912, 9920],[19912, 9928],[19920, 9928],[19920, 9936],[19960, 9936],[19960, 9928],[19968, 9928],[19968, 9920],[19976, 9920],[19976, 9880],[19968, 9880],[19968, 9864],[19952, 9864],[19952, 9856],[19920, 9856],[19920, 9864],[19912, 9864],[19912, 9880],[19904, 9880]]]},"properties":{"objectType":"annotation","classification":{"name":"Ignore*","color":[180, 180, 180]}}},{"type":"Feature","id":"d875f7ef-50d5-47c0-a20e-f34e8dc3f483","geometry":{"type":"Polygon","coordinates":[[[12696, 9904],[12696, 9912],[12704, 9912],[12704, 9920],[12720, 9920],[12720, 9904],[12712, 9904],[12712, 9896],[12704, 9896],[12704, 9904],[12696, 9904]]]},"properties":{"objectType":"annotation","classification":{"name":"Ignore*","color":[180, 180, 180]}}},{"type":"Feature","id":"660a4962-06be-4a3b-bd21-6fc78b002bd5","geometry":{"type":"Polygon","coordinates":[[[20960, 9904],[20960, 9944],[20968, 9944],[20968, 9960],[20976, 9960],[20976, 9976],[20984, 9976],[20984, 9984],[20992, 9984],[20992, 9992],[21000, 9992],[21000, 10008],[21008, 10008],[21008, 10016],[21016, 10016],[21016, 10024],[21024, 10024],[21024, 10032],[21032, 10032],[21032, 10040],[21040, 10040],[21040, 10048],[21048, 10048],[21048, 10056],[21064, 10056],[21064, 10064],[21112, 10064],[21112, 10056],[21120, 10056],[21120, 10040],[21128, 10040],[21128, 10016],[21120, 10016],[21120, 9992],[21112, 9992],[21112, 9984],[21104, 9984],[21104, 9976],[21096, 9976],[21096, 9968],[21088, 9968],[21088, 9960],[21080, 9960],[21080, 9952],[21072, 9952],[21072, 9936],[21064, 9936],[21064, 9928],[21048, 9928],[21048, 9920],[21032, 9920],[21032, 9912],[21024, 9912],[21024, 9904],[21016, 9904],[21016, 9896],[21008, 9896],[21008, 9888],[20992, 9888],[20992, 9880],[20976, 9880],[20976, 9888],[20968, 9888],[20968, 9904],[20960, 9904]]]},"properties":{"objectType":"annotation","classification":{"name":"Ignore*","color":[180, 180, 180]}}},{"type":"Feature","id":"d6a645a9-24d8-48c1-ad9c-75c5b981b878","geometry":{"type":"Polygon","coordinates":[[[12616, 10000],[12616, 10008],[12624, 10008],[12624, 10016],[12640, 10016],[12640, 10008],[12632, 10008],[12632, 10000],[12616, 10000]]]},"properties":{"objectType":"annotation","classification":{"name":"Ignore*","color":[180, 180, 180]}}},{"type":"Feature","id":"33d10972-490b-40a0-a9d0-6d0e28846425","geometry":{"type":"Polygon","coordinates":[[[12760, 10048],[12760, 10056],[12768, 10056],[12768, 10064],[12784, 10064],[12784, 10072],[12808, 10072],[12808, 10080],[12832, 10080],[12832, 10088],[12848, 10088],[12848, 10080],[12856, 10080],[12856, 10072],[12864, 10072],[12864, 10056],[12872, 10056],[12872, 10048],[12864, 10048],[12864, 10040],[12856, 10040],[12856, 10032],[12816, 10032],[12816, 10040],[12768, 10040],[12768, 10048],[12760, 10048]]]},"properties":{"objectType":"annotation","classification":{"name":"Ignore*","color":[180, 180, 180]}}},{"type":"Feature","id":"20dfeecb-ffdb-41f3-b9eb-125a9c513db8","geometry":{"type":"Polygon","coordinates":[[[8376, 10096],[8376, 10128],[8384, 10128],[8384, 10136],[8440, 10136],[8440, 10128],[8464, 10128],[8464, 10088],[8456, 10088],[8456, 10080],[8448, 10080],[8448, 10072],[8440, 10072],[8440, 10064],[8400, 10064],[8400, 10072],[8392, 10072],[8392, 10080],[8384, 10080],[8384, 10096],[8376, 10096]]]},"properties":{"objectType":"annotation","classification":{"name":"Ignore*","color":[180, 180, 180]}}},{"type":"Feature","id":"5545e1b9-89c4-4f3c-b62a-8b11c639b103","geometry":{"type":"Polygon","coordinates":[[[12920, 10088],[12920, 10144],[12928, 10144],[12928, 10168],[12936, 10168],[12936, 10176],[12944, 10176],[12944, 10184],[12960, 10184],[12960, 10192],[12968, 10192],[12968, 10184],[12976, 10184],[12976, 10160],[12984, 10160],[12984, 10136],[12992, 10136],[12992, 10120],[12984, 10120],[12984, 10096],[12976, 10096],[12976, 10080],[12928, 10080],[12928, 10088],[12920, 10088]]]},"properties":{"objectType":"annotation","classification":{"name":"Ignore*","color":[180, 180, 180]}}},{"type":"Feature","id":"ac47b692-5952-499a-8ab8-1c3ea61eef67","geometry":{"type":"Polygon","coordinates":[[[9680, 10272],[9680, 10296],[9728, 10296],[9728, 10288],[9736, 10288],[9736, 10280],[9744, 10280],[9744, 10272],[9752, 10272],[9752, 10264],[9760, 10264],[9760, 10256],[9768, 10256],[9768, 10240],[9776, 10240],[9776, 10224],[9784, 10224],[9784, 10216],[9792, 10216],[9792, 10208],[9800, 10208],[9800, 10200],[9816, 10200],[9816, 10192],[9824, 10192],[9824, 10184],[9832, 10184],[9832, 10176],[9840, 10176],[9840, 10160],[9848, 10160],[9848, 10144],[9856, 10144],[9856, 10136],[9864, 10136],[9864, 10120],[9872, 10120],[9872, 10048],[9864, 10048],[9864, 10032],[9856, 10032],[9856, 10024],[9848, 10024],[9848, 10016],[9832, 10016],[9832, 10008],[9808, 10008],[9808, 10016],[9800, 10016],[9800, 10024],[9792, 10024],[9792, 10040],[9784, 10040],[9784, 10048],[9776, 10048],[9776, 10056],[9768, 10056],[9768, 10064],[9760, 10064],[9760, 10088],[9752, 10088],[9752, 10112],[9744, 10112],[9744, 10128],[9736, 10128],[9736, 10152],[9728, 10152],[9728, 10176],[9720, 10176],[9720, 10192],[9712, 10192],[9712, 10224],[9704, 10224],[9704, 10240],[9696, 10240],[9696, 10256],[9688, 10256],[9688, 10272],[9680, 10272]]]},"properties":{"objectType":"annotation","classification":{"name":"Ignore*","color":[180, 180, 180]}}},{"type":"Feature","id":"1c19f93e-85a7-43c7-984e-7762980f8c09","geometry":{"type":"Polygon","coordinates":[[[9488, 10184],[9488, 10232],[9496, 10232],[9496, 10240],[9544, 10240],[9544, 10224],[9552, 10224],[9552, 10208],[9544, 10208],[9544, 10176],[9536, 10176],[9536, 10168],[9512, 10168],[9512, 10176],[9496, 10176],[9496, 10184],[9488, 10184]]]},"properties":{"objectType":"annotation","classification":{"name":"Ignore*","color":[180, 180, 180]}}},{"type":"Feature","id":"31f05682-a405-45c8-aeb6-4c3eb0608483","geometry":{"type":"Polygon","coordinates":[[[9600, 10352],[9600, 10376],[9608, 10376],[9608, 10400],[9616, 10400],[9616, 10416],[9632, 10416],[9632, 10424],[9640, 10424],[9640, 10416],[9648, 10416],[9648, 10408],[9656, 10408],[9656, 10392],[9664, 10392],[9664, 10384],[9672, 10384],[9672, 10376],[9680, 10376],[9680, 10328],[9672, 10328],[9672, 10304],[9632, 10304],[9632, 10320],[9624, 10320],[9624, 10328],[9616, 10328],[9616, 10336],[9608, 10336],[9608, 10352],[9600, 10352]]]},"properties":{"objectType":"annotation","classification":{"name":"Ignore*","color":[180, 180, 180]}}},{"type":"Feature","id":"aa81e5ad-9dee-4caa-8eee-c24ca9e1cf04","geometry":{"type":"Polygon","coordinates":[[[9256, 10392],[9256, 10400],[9264, 10400],[9264, 10408],[9304, 10408],[9304, 10400],[9312, 10400],[9312, 10384],[9320, 10384],[9320, 10368],[9328, 10368],[9328, 10360],[9296, 10360],[9296, 10368],[9288, 10368],[9288, 10376],[9272, 10376],[9272, 10384],[9264, 10384],[9264, 10392],[9256, 10392]]]},"properties":{"objectType":"annotation","classification":{"name":"Ignore*","color":[180, 180, 180]}}},{"type":"Feature","id":"31b970fc-a51b-43c9-a3ef-194458934bd2","geometry":{"type":"Polygon","coordinates":[[[13280, 10344],[13280, 10400],[13288, 10400],[13288, 10440],[13312, 10440],[13312, 10448],[13328, 10448],[13328, 10456],[13344, 10456],[13344, 10464],[13400, 10464],[13400, 10456],[13432, 10456],[13432, 10464],[13480, 10464],[13480, 10456],[13496, 10456],[13496, 10448],[13520, 10448],[13520, 10440],[13552, 10440],[13552, 10448],[13568, 10448],[13568, 10440],[13584, 10440],[13584, 10416],[13592, 10416],[13592, 10376],[13584, 10376],[13584, 10360],[13576, 10360],[13576, 10352],[13560, 10352],[13560, 10344],[13528, 10344],[13528, 10336],[13456, 10336],[13456, 10344],[13440, 10344],[13440, 10352],[13424, 10352],[13424, 10360],[13384, 10360],[13384, 10352],[13368, 10352],[13368, 10344],[13344, 10344],[13344, 10336],[13288, 10336],[13288, 10344],[13280, 10344]]]},"properties":{"objectType":"annotation","classification":{"name":"Ignore*","color":[180, 180, 180]}}},{"type":"Feature","id":"2617febf-9eae-4a74-8561-ae441d7d1995","geometry":{"type":"Polygon","coordinates":[[[9344, 10568],[9344, 10584],[9352, 10584],[9352, 10608],[9360, 10608],[9360, 10616],[9400, 10616],[9400, 10608],[9408, 10608],[9408, 10600],[9416, 10600],[9416, 10592],[9432, 10592],[9432, 10584],[9464, 10584],[9464, 10576],[9480, 10576],[9480, 10568],[9488, 10568],[9488, 10560],[9496, 10560],[9496, 10552],[9512, 10552],[9512, 10544],[9536, 10544],[9536, 10536],[9552, 10536],[9552, 10528],[9576, 10528],[9576, 10520],[9592, 10520],[9592, 10512],[9600, 10512],[9600, 10496],[9608, 10496],[9608, 10480],[9600, 10480],[9600, 10464],[9592, 10464],[9592, 10456],[9576, 10456],[9576, 10448],[9544, 10448],[9544, 10456],[9520, 10456],[9520, 10464],[9496, 10464],[9496, 10472],[9480, 10472],[9480, 10464],[9472, 10464],[9472, 10400],[9480, 10400],[9480, 10384],[9488, 10384],[9488, 10376],[9496, 10376],[9496, 10368],[9504, 10368],[9504, 10360],[9528, 10360],[9528, 10352],[9544, 10352],[9544, 10344],[9552, 10344],[9552, 10304],[9544, 10304],[9544, 10296],[9528, 10296],[9528, 10288],[9496, 10288],[9496, 10280],[9480, 10280],[9480, 10272],[9472, 10272],[9472, 10264],[9440, 10264],[9440, 10272],[9424, 10272],[9424, 10280],[9408, 10280],[9408, 10288],[9400, 10288],[9400, 10296],[9392, 10296],[9392, 10312],[9384, 10312],[9384, 10320],[9376, 10320],[9376, 10328],[9368, 10328],[9368, 10336],[9360, 10336],[9360, 10344],[9352, 10344],[9352, 10360],[9360, 10360],[9360, 10376],[9368, 10376],[9368, 10400],[9376, 10400],[9376, 10432],[9384, 10432],[9384, 10456],[9416, 10456],[9416, 10464],[9440, 10464],[9440, 10472],[9448, 10472],[9448, 10480],[9440, 10480],[9440, 10488],[9432, 10488],[9432, 10496],[9416, 10496],[9416, 10504],[9392, 10504],[9392, 10512],[9376, 10512],[9376, 10520],[9368, 10520],[9368, 10528],[9360, 10528],[9360, 10536],[9352, 10536],[9352, 10568],[9344, 10568]]]},"properties":{"objectType":"annotation","classification":{"name":"Ignore*","color":[180, 180, 180]}}},{"type":"Feature","id":"b17f8248-154c-44aa-b7bb-60f9877b4968","geometry":{"type":"Polygon","coordinates":[[[16224, 10560],[16224, 10584],[16232, 10584],[16232, 10600],[16272, 10600],[16272, 10592],[16288, 10592],[16288, 10584],[16304, 10584],[16304, 10576],[16312, 10576],[16312, 10536],[16304, 10536],[16304, 10528],[16296, 10528],[16296, 10520],[16272, 10520],[16272, 10528],[16248, 10528],[16248, 10536],[16240, 10536],[16240, 10544],[16232, 10544],[16232, 10560],[16224, 10560]]]},"properties":{"objectType":"annotation","classification":{"name":"Ignore*","color":[180, 180, 180]}}},{"type":"Feature","id":"57cde156-8f50-481b-ad86-f31ad02756fc","geometry":{"type":"Polygon","coordinates":[[[16472, 10608],[16472, 10648],[16480, 10648],[16480, 10664],[16496, 10664],[16496, 10672],[16528, 10672],[16528, 10664],[16608, 10664],[16608, 10672],[16632, 10672],[16632, 10664],[16664, 10664],[16664, 10656],[16688, 10656],[16688, 10648],[16720, 10648],[16720, 10640],[16736, 10640],[16736, 10632],[16744, 10632],[16744, 10624],[16752, 10624],[16752, 10616],[16760, 10616],[16760, 10608],[16768, 10608],[16768, 10584],[16760, 10584],[16760, 10568],[16752, 10568],[16752, 10552],[16744, 10552],[16744, 10544],[16736, 10544],[16736, 10536],[16720, 10536],[16720, 10528],[16688, 10528],[16688, 10520],[16680, 10520],[16680, 10512],[16664, 10512],[16664, 10504],[16656, 10504],[16656, 10496],[16640, 10496],[16640, 10488],[16616, 10488],[16616, 10496],[16600, 10496],[16600, 10504],[16552, 10504],[16552, 10512],[16544, 10512],[16544, 10520],[16536, 10520],[16536, 10544],[16544, 10544],[16544, 10592],[16536, 10592],[16536, 10600],[16488, 10600],[16488, 10608],[16472, 10608]]]},"properties":{"objectType":"annotation","classification":{"name":"Ignore*","color":[180, 180, 180]}}},{"type":"Feature","id":"4e3eddcc-af20-4575-8f1d-2aece9bc1223","geometry":{"type":"Polygon","coordinates":[[[9448, 10968],[9448, 10992],[9472, 10992],[9472, 10984],[9480, 10984],[9480, 10976],[9488, 10976],[9488, 10968],[9496, 10968],[9496, 10960],[9512, 10960],[9512, 10952],[9520, 10952],[9520, 10944],[9536, 10944],[9536, 10928],[9544, 10928],[9544, 10920],[9552, 10920],[9552, 10904],[9560, 10904],[9560, 10896],[9568, 10896],[9568, 10880],[9576, 10880],[9576, 10856],[9584, 10856],[9584, 10840],[9592, 10840],[9592, 10824],[9600, 10824],[9600, 10800],[9608, 10800],[9608, 10776],[9616, 10776],[9616, 10760],[9624, 10760],[9624, 10744],[9632, 10744],[9632, 10720],[9640, 10720],[9640, 10704],[9648, 10704],[9648, 10680],[9656, 10680],[9656, 10664],[9664, 10664],[9664, 10656],[9672, 10656],[9672, 10640],[9680, 10640],[9680, 10632],[9688, 10632],[9688, 10624],[9696, 10624],[9696, 10616],[9704, 10616],[9704, 10600],[9712, 10600],[9712, 10592],[9720, 10592],[9720, 10576],[9728, 10576],[9728, 10568],[9736, 10568],[9736, 10560],[9744, 10560],[9744, 10552],[9752, 10552],[9752, 10544],[9760, 10544],[9760, 10536],[9768, 10536],[9768, 10528],[9776, 10528],[9776, 10520],[9784, 10520],[9784, 10512],[9800, 10512],[9800, 10504],[9808, 10504],[9808, 10496],[9816, 10496],[9816, 10488],[9832, 10488],[9832, 10480],[9840, 10480],[9840, 10472],[9848, 10472],[9848, 10464],[9864, 10464],[9864, 10456],[9872, 10456],[9872, 10448],[9880, 10448],[9880, 10440],[9888, 10440],[9888, 10432],[9896, 10432],[9896, 10416],[9904, 10416],[9904, 10408],[9912, 10408],[9912, 10400],[9920, 10400],[9920, 10392],[9928, 10392],[9928, 10384],[9936, 10384],[9936, 10376],[9944, 10376],[9944, 10368],[9952, 10368],[9952, 10360],[9960, 10360],[9960, 10352],[9968, 10352],[9968, 10336],[9976, 10336],[9976, 10328],[9984, 10328],[9984, 10320],[9992, 10320],[9992, 10304],[10000, 10304],[10000, 10296],[10008, 10296],[10008, 10272],[10016, 10272],[10016, 10248],[10008, 10248],[10008, 10240],[9984, 10240],[9984, 10248],[9976, 10248],[9976, 10256],[9968, 10256],[9968, 10272],[9960, 10272],[9960, 10288],[9952, 10288],[9952, 10296],[9944, 10296],[9944, 10304],[9936, 10304],[9936, 10312],[9928, 10312],[9928, 10320],[9912, 10320],[9912, 10328],[9896, 10328],[9896, 10336],[9880, 10336],[9880, 10344],[9872, 10344],[9872, 10360],[9864, 10360],[9864, 10368],[9856, 10368],[9856, 10376],[9848, 10376],[9848, 10384],[9832, 10384],[9832, 10400],[9816, 10400],[9816, 10408],[9808, 10408],[9808, 10416],[9800, 10416],[9800, 10424],[9792, 10424],[9792, 10448],[9784, 10448],[9784, 10456],[9776, 10456],[9776, 10464],[9768, 10464],[9768, 10472],[9760, 10472],[9760, 10480],[9752, 10480],[9752, 10488],[9736, 10488],[9736, 10496],[9720, 10496],[9720, 10504],[9712, 10504],[9712, 10512],[9704, 10512],[9704, 10520],[9696, 10520],[9696, 10528],[9688, 10528],[9688, 10536],[9680, 10536],[9680, 10544],[9664, 10544],[9664, 10552],[9656, 10552],[9656, 10560],[9640, 10560],[9640, 10568],[9632, 10568],[9632, 10584],[9624, 10584],[9624, 10600],[9616, 10600],[9616, 10608],[9608, 10608],[9608, 10624],[9600, 10624],[9600, 10640],[9592, 10640],[9592, 10656],[9584, 10656],[9584, 10672],[9576, 10672],[9576, 10712],[9568, 10712],[9568, 10736],[9560, 10736],[9560, 10768],[9552, 10768],[9552, 10792],[9544, 10792],[9544, 10808],[9536, 10808],[9536, 10816],[9528, 10816],[9528, 10832],[9520, 10832],[9520, 10840],[9512, 10840],[9512, 10856],[9504, 10856],[9504, 10872],[9496, 10872],[9496, 10888],[9488, 10888],[9488, 10896],[9480, 10896],[9480, 10904],[9472, 10904],[9472, 10928],[9464, 10928],[9464, 10952],[9456, 10952],[9456, 10968],[9448, 10968]]]},"properties":{"objectType":"annotation","classification":{"name":"Ignore*","color":[180, 180, 180]}}},{"type":"Feature","id":"da48970f-ecc9-4f94-9171-ea509fc2d062","geometry":{"type":"Polygon","coordinates":[[[15784, 10664],[15784, 10688],[15792, 10688],[15792, 10696],[15848, 10696],[15848, 10688],[15864, 10688],[15864, 10680],[15872, 10680],[15872, 10672],[15880, 10672],[15880, 10664],[15888, 10664],[15888, 10656],[15896, 10656],[15896, 10632],[15856, 10632],[15856, 10640],[15832, 10640],[15832, 10648],[15808, 10648],[15808, 10656],[15792, 10656],[15792, 10664],[15784, 10664]]]},"properties":{"objectType":"annotation","classification":{"name":"Ignore*","color":[180, 180, 180]}}},{"type":"Feature","id":"cad3e757-9176-4772-be3c-f923d6719aa2","geometry":{"type":"Polygon","coordinates":[[[15976, 10680],[15976, 10736],[15984, 10736],[15984, 10744],[15992, 10744],[15992, 10752],[16016, 10752],[16016, 10744],[16032, 10744],[16032, 10728],[16024, 10728],[16024, 10720],[16016, 10720],[16016, 10704],[16008, 10704],[16008, 10688],[16000, 10688],[16000, 10680],[15976, 10680]]]},"properties":{"objectType":"annotation","classification":{"name":"Ignore*","color":[180, 180, 180]}}},{"type":"Feature","id":"bac2cb46-18c4-405c-b5e7-8656e932d48f","geometry":{"type":"Polygon","coordinates":[[[8256, 10704],[8256, 10752],[8264, 10752],[8264, 10760],[8296, 10760],[8296, 10752],[8304, 10752],[8304, 10744],[8312, 10744],[8312, 10728],[8320, 10728],[8320, 10712],[8328, 10712],[8328, 10688],[8320, 10688],[8320, 10680],[8280, 10680],[8280, 10688],[8272, 10688],[8272, 10696],[8264, 10696],[8264, 10704],[8256, 10704]]]},"properties":{"objectType":"annotation","classification":{"name":"Ignore*","color":[180, 180, 180]}}},{"type":"Feature","id":"b46b8116-c8cc-4e50-931f-2b4e4557b58e","geometry":{"type":"Polygon","coordinates":[[[8984, 10904],[8984, 10960],[9040, 10960],[9040, 10944],[9048, 10944],[9048, 10928],[9056, 10928],[9056, 10912],[9064, 10912],[9064, 10880],[9072, 10880],[9072, 10864],[9080, 10864],[9080, 10848],[9096, 10848],[9096, 10840],[9104, 10840],[9104, 10848],[9112, 10848],[9112, 10856],[9128, 10856],[9128, 10864],[9136, 10864],[9136, 10872],[9168, 10872],[9168, 10856],[9176, 10856],[9176, 10808],[9184, 10808],[9184, 10776],[9192, 10776],[9192, 10768],[9200, 10768],[9200, 10752],[9208, 10752],[9208, 10736],[9216, 10736],[9216, 10704],[9208, 10704],[9208, 10696],[9160, 10696],[9160, 10688],[9152, 10688],[9152, 10680],[9160, 10680],[9160, 10656],[9168, 10656],[9168, 10624],[9176, 10624],[9176, 10592],[9184, 10592],[9184, 10584],[9192, 10584],[9192, 10568],[9200, 10568],[9200, 10544],[9208, 10544],[9208, 10520],[9216, 10520],[9216, 10496],[9208, 10496],[9208, 10504],[9200, 10504],[9200, 10512],[9192, 10512],[9192, 10520],[9184, 10520],[9184, 10536],[9176, 10536],[9176, 10544],[9168, 10544],[9168, 10552],[9160, 10552],[9160, 10560],[9152, 10560],[9152, 10568],[9144, 10568],[9144, 10584],[9136, 10584],[9136, 10608],[9128, 10608],[9128, 10624],[9120, 10624],[9120, 10632],[9112, 10632],[9112, 10648],[9104, 10648],[9104, 10656],[9096, 10656],[9096, 10672],[9088, 10672],[9088, 10688],[9080, 10688],[9080, 10696],[9072, 10696],[9072, 10712],[9064, 10712],[9064, 10720],[9056, 10720],[9056, 10736],[9048, 10736],[9048, 10752],[9040, 10752],[9040, 10768],[9032, 10768],[9032, 10784],[9024, 10784],[9024, 10808],[9016, 10808],[9016, 10824],[9008, 10824],[9008, 10840],[9000, 10840],[9000, 10864],[8992, 10864],[8992, 10904],[8984, 10904]]]},"properties":{"objectType":"annotation","classification":{"name":"Ignore*","color":[180, 180, 180]}}},{"type":"Feature","id":"18706423-bb43-404c-90af-ddc24009a39e","geometry":{"type":"Polygon","coordinates":[[[17648, 11032],[17648, 11064],[17656, 11064],[17656, 11072],[17664, 11072],[17664, 11080],[17680, 11080],[17680, 11088],[17728, 11088],[17728, 11080],[17736, 11080],[17736, 11072],[17744, 11072],[17744, 11056],[17752, 11056],[17752, 11048],[17760, 11048],[17760, 11032],[17768, 11032],[17768, 11024],[17776, 11024],[17776, 10984],[17768, 10984],[17768, 10976],[17760, 10976],[17760, 10968],[17736, 10968],[17736, 10976],[17720, 10976],[17720, 10984],[17696, 10984],[17696, 10992],[17680, 10992],[17680, 11000],[17672, 11000],[17672, 11008],[17664, 11008],[17664, 11016],[17656, 11016],[17656, 11032],[17648, 11032]]]},"properties":{"objectType":"annotation","classification":{"name":"Ignore*","color":[180, 180, 180]}}},{"type":"Feature","id":"c24987e3-698a-42e4-abbb-42687c55a02b","geometry":{"type":"Polygon","coordinates":[[[17576, 11024],[17576, 11048],[17584, 11048],[17584, 11056],[17616, 11056],[17616, 11048],[17624, 11048],[17624, 11032],[17616, 11032],[17616, 11024],[17608, 11024],[17608, 11016],[17584, 11016],[17584, 11024],[17576, 11024]]]},"properties":{"objectType":"annotation","classification":{"name":"Ignore*","color":[180, 180, 180]}}},{"type":"Feature","id":"976c1945-9549-45a2-8ee6-cb9b53ccb392","geometry":{"type":"Polygon","coordinates":[[[9168, 11048],[9168, 11072],[9176, 11072],[9176, 11080],[9184, 11080],[9184, 11088],[9192, 11088],[9192, 11096],[9200, 11096],[9200, 11104],[9208, 11104],[9208, 11112],[9216, 11112],[9216, 11120],[9232, 11120],[9232, 11128],[9248, 11128],[9248, 11136],[9312, 11136],[9312, 11128],[9320, 11128],[9320, 11120],[9328, 11120],[9328, 11072],[9320, 11072],[9320, 11056],[9312, 11056],[9312, 11040],[9304, 11040],[9304, 11032],[9296, 11032],[9296, 11024],[9280, 11024],[9280, 11016],[9192, 11016],[9192, 11024],[9184, 11024],[9184, 11032],[9176, 11032],[9176, 11048],[9168, 11048]]]},"properties":{"objectType":"annotation","classification":{"name":"Ignore*","color":[180, 180, 180]}}},{"type":"Feature","id":"6c89145f-f8d0-49fe-ac90-7a8bb1e80f4a","geometry":{"type":"Polygon","coordinates":[[[9448, 11256],[9448, 11280],[9472, 11280],[9472, 11256],[9448, 11256]]]},"properties":{"objectType":"annotation","classification":{"name":"Ignore*","color":[180, 180, 180]}}},{"type":"Feature","id":"e6fedf40-3bab-495e-9e6d-767417fb5a32","geometry":{"type":"Polygon","coordinates":[[[8664, 11344],[8664, 11408],[8672, 11408],[8672, 11416],[8680, 11416],[8680, 11424],[8728, 11424],[8728, 11408],[8736, 11408],[8736, 11392],[8744, 11392],[8744, 11376],[8752, 11376],[8752, 11360],[8760, 11360],[8760, 11352],[8768, 11352],[8768, 11344],[8776, 11344],[8776, 11328],[8784, 11328],[8784, 11312],[8792, 11312],[8792, 11288],[8784, 11288],[8784, 11264],[8776, 11264],[8776, 11272],[8768, 11272],[8768, 11288],[8760, 11288],[8760, 11296],[8744, 11296],[8744, 11304],[8736, 11304],[8736, 11312],[8720, 11312],[8720, 11320],[8704, 11320],[8704, 11328],[8688, 11328],[8688, 11336],[8672, 11336],[8672, 11344],[8664, 11344]]]},"properties":{"objectType":"annotation","classification":{"name":"Ignore*","color":[180, 180, 180]}}},{"type":"Feature","id":"9d3aa49e-8cf6-4c7f-8db4-951a78b4bac4","geometry":{"type":"Polygon","coordinates":[[[8168, 11560],[8168, 11640],[8176, 11640],[8176, 11648],[8184, 11648],[8184, 11656],[8208, 11656],[8208, 11648],[8232, 11648],[8232, 11640],[8248, 11640],[8248, 11632],[8256, 11632],[8256, 11608],[8264, 11608],[8264, 11584],[8256, 11584],[8256, 11560],[8264, 11560],[8264, 11544],[8272, 11544],[8272, 11512],[8264, 11512],[8264, 11504],[8256, 11504],[8256, 11496],[8248, 11496],[8248, 11488],[8240, 11488],[8240, 11480],[8208, 11480],[8208, 11488],[8200, 11488],[8200, 11496],[8192, 11496],[8192, 11504],[8184, 11504],[8184, 11520],[8176, 11520],[8176, 11560],[8168, 11560]]]},"properties":{"objectType":"annotation","classification":{"name":"Ignore*","color":[180, 180, 180]}}},{"type":"Feature","id":"ea559ce9-33e4-4fc0-a09d-47bf97b4bb8f","geometry":{"type":"Polygon","coordinates":[[[8392, 11736],[8392, 11768],[8400, 11768],[8400, 11776],[8408, 11776],[8408, 11784],[8432, 11784],[8432, 11776],[8448, 11776],[8448, 11768],[8456, 11768],[8456, 11760],[8464, 11760],[8464, 11752],[8472, 11752],[8472, 11736],[8480, 11736],[8480, 11712],[8488, 11712],[8488, 11696],[8496, 11696],[8496, 11656],[8488, 11656],[8488, 11640],[8472, 11640],[8472, 11632],[8456, 11632],[8456, 11640],[8448, 11640],[8448, 11648],[8440, 11648],[8440, 11664],[8432, 11664],[8432, 11680],[8424, 11680],[8424, 11696],[8416, 11696],[8416, 11704],[8408, 11704],[8408, 11720],[8400, 11720],[8400, 11736],[8392, 11736]]]},"properties":{"objectType":"annotation","classification":{"name":"Ignore*","color":[180, 180, 180]}}},{"type":"Feature","id":"187dbd0d-e2cd-4fd1-af2e-89b1ec77c56f","geometry":{"type":"Polygon","coordinates":[[[9328, 11848],[9328, 11872],[9336, 11872],[9336, 11880],[9352, 11880],[9352, 11872],[9360, 11872],[9360, 11840],[9344, 11840],[9344, 11848],[9328, 11848]]]},"properties":{"objectType":"annotation","classification":{"name":"Ignore*","color":[180, 180, 180]}}},{"type":"Feature","id":"989e2365-1825-45ee-89dc-40d13f31bf46","geometry":{"type":"Polygon","coordinates":[[[8848, 11912],[8848, 11920],[8856, 11920],[8856, 11912],[8848, 11912]]]},"properties":{"objectType":"annotation","classification":{"name":"Ignore*","color":[180, 180, 180]}}},{"type":"Feature","id":"5d6f0e2f-c21c-4221-afb4-7b433279dad7","geometry":{"type":"Polygon","coordinates":[[[8096, 12248],[8096, 12280],[8104, 12280],[8104, 12288],[8136, 12288],[8136, 12280],[8144, 12280],[8144, 12272],[8152, 12272],[8152, 12264],[8160, 12264],[8160, 12256],[8168, 12256],[8168, 12240],[8176, 12240],[8176, 12232],[8184, 12232],[8184, 12224],[8192, 12224],[8192, 12208],[8200, 12208],[8200, 12192],[8208, 12192],[8208, 12184],[8216, 12184],[8216, 12176],[8224, 12176],[8224, 12160],[8232, 12160],[8232, 12128],[8240, 12128],[8240, 12112],[8248, 12112],[8248, 12096],[8256, 12096],[8256, 12080],[8264, 12080],[8264, 12064],[8272, 12064],[8272, 12056],[8280, 12056],[8280, 12048],[8296, 12048],[8296, 12032],[8304, 12032],[8304, 12016],[8312, 12016],[8312, 12000],[8320, 12000],[8320, 11952],[8296, 11952],[8296, 11960],[8272, 11960],[8272, 11968],[8256, 11968],[8256, 11976],[8248, 11976],[8248, 11984],[8240, 11984],[8240, 11992],[8232, 11992],[8232, 12008],[8224, 12008],[8224, 12016],[8216, 12016],[8216, 12040],[8208, 12040],[8208, 12064],[8200, 12064],[8200, 12080],[8192, 12080],[8192, 12088],[8184, 12088],[8184, 12096],[8176, 12096],[8176, 12112],[8168, 12112],[8168, 12128],[8160, 12128],[8160, 12136],[8152, 12136],[8152, 12152],[8144, 12152],[8144, 12176],[8136, 12176],[8136, 12192],[8128, 12192],[8128, 12200],[8120, 12200],[8120, 12216],[8112, 12216],[8112, 12232],[8104, 12232],[8104, 12248],[8096, 12248]]]},"properties":{"objectType":"annotation","classification":{"name":"Ignore*","color":[180, 180, 180]}}},{"type":"Feature","id":"00f5b317-5462-43be-b17e-746d96b25f14","geometry":{"type":"Polygon","coordinates":[[[9048, 12144],[9048, 12152],[9056, 12152],[9056, 12144],[9048, 12144]]]},"properties":{"objectType":"annotation","classification":{"name":"Ignore*","color":[180, 180, 180]}}},{"type":"Feature","id":"2a36eb0a-96f6-477e-84e5-8dcfcd9b0d67","geometry":{"type":"Polygon","coordinates":[[[7248, 12216],[7248, 12296],[7256, 12296],[7256, 12312],[7264, 12312],[7264, 12320],[7272, 12320],[7272, 12328],[7312, 12328],[7312, 12320],[7328, 12320],[7328, 12312],[7336, 12312],[7336, 12304],[7344, 12304],[7344, 12288],[7352, 12288],[7352, 12280],[7360, 12280],[7360, 12264],[7368, 12264],[7368, 12216],[7360, 12216],[7360, 12200],[7352, 12200],[7352, 12184],[7344, 12184],[7344, 12160],[7336, 12160],[7336, 12136],[7328, 12136],[7328, 12128],[7304, 12128],[7304, 12136],[7288, 12136],[7288, 12152],[7280, 12152],[7280, 12176],[7272, 12176],[7272, 12192],[7264, 12192],[7264, 12200],[7256, 12200],[7256, 12216],[7248, 12216]]]},"properties":{"objectType":"annotation","classification":{"name":"Ignore*","color":[180, 180, 180]}}},{"type":"Feature","id":"cb1eebdc-539f-44f7-b10e-1f41d70c177d","geometry":{"type":"Polygon","coordinates":[[[6216, 12264],[6216, 12280],[6224, 12280],[6224, 12288],[6240, 12288],[6240, 12280],[6248, 12280],[6248, 12272],[6256, 12272],[6256, 12248],[6232, 12248],[6232, 12256],[6224, 12256],[6224, 12264],[6216, 12264]]]},"properties":{"objectType":"annotation","classification":{"name":"Ignore*","color":[180, 180, 180]}}},{"type":"Feature","id":"ff9842be-dcd1-40fc-86a6-0f715f048bff","geometry":{"type":"Polygon","coordinates":[[[7176, 12520],[7176, 12528],[7184, 12528],[7184, 12544],[7200, 12544],[7200, 12552],[7240, 12552],[7240, 12560],[7264, 12560],[7264, 12552],[7288, 12552],[7288, 12544],[7296, 12544],[7296, 12552],[7320, 12552],[7320, 12560],[7344, 12560],[7344, 12552],[7352, 12552],[7352, 12544],[7360, 12544],[7360, 12528],[7376, 12528],[7376, 12536],[7392, 12536],[7392, 12528],[7408, 12528],[7408, 12520],[7424, 12520],[7424, 12512],[7432, 12512],[7432, 12432],[7424, 12432],[7424, 12424],[7392, 12424],[7392, 12432],[7376, 12432],[7376, 12440],[7360, 12440],[7360, 12456],[7352, 12456],[7352, 12464],[7320, 12464],[7320, 12456],[7280, 12456],[7280, 12464],[7264, 12464],[7264, 12472],[7240, 12472],[7240, 12480],[7208, 12480],[7208, 12488],[7192, 12488],[7192, 12496],[7184, 12496],[7184, 12520],[7176, 12520]]]},"properties":{"objectType":"annotation","classification":{"name":"Ignore*","color":[180, 180, 180]}}},{"type":"Feature","id":"9abbff08-7812-4fcd-a559-339298573228","geometry":{"type":"Polygon","coordinates":[[[10256, 12544],[10256, 12616],[10272, 12616],[10272, 12608],[10280, 12608],[10280, 12600],[10288, 12600],[10288, 12576],[10296, 12576],[10296, 12544],[10304, 12544],[10304, 12512],[10296, 12512],[10296, 12496],[10272, 12496],[10272, 12512],[10264, 12512],[10264, 12544],[10256, 12544]]]},"properties":{"objectType":"annotation","classification":{"name":"Ignore*","color":[180, 180, 180]}}},{"type":"Feature","id":"beaee521-77c4-453a-92ba-98cf047b7bfe","geometry":{"type":"Polygon","coordinates":[[[9048, 12792],[9048, 12816],[9056, 12816],[9056, 12824],[9080, 12824],[9080, 12832],[9096, 12832],[9096, 12824],[9120, 12824],[9120, 12816],[9128, 12816],[9128, 12808],[9136, 12808],[9136, 12800],[9152, 12800],[9152, 12784],[9160, 12784],[9160, 12776],[9168, 12776],[9168, 12768],[9176, 12768],[9176, 12760],[9184, 12760],[9184, 12752],[9192, 12752],[9192, 12744],[9200, 12744],[9200, 12736],[9208, 12736],[9208, 12728],[9216, 12728],[9216, 12720],[9224, 12720],[9224, 12712],[9232, 12712],[9232, 12704],[9240, 12704],[9240, 12696],[9248, 12696],[9248, 12688],[9264, 12688],[9264, 12672],[9272, 12672],[9272, 12632],[9264, 12632],[9264, 12616],[9256, 12616],[9256, 12608],[9248, 12608],[9248, 12600],[9208, 12600],[9208, 12592],[9192, 12592],[9192, 12584],[9184, 12584],[9184, 12576],[9176, 12576],[9176, 12560],[9168, 12560],[9168, 12552],[9160, 12552],[9160, 12544],[9128, 12544],[9128, 12552],[9120, 12552],[9120, 12560],[9112, 12560],[9112, 12568],[9104, 12568],[9104, 12584],[9096, 12584],[9096, 12608],[9104, 12608],[9104, 12624],[9112, 12624],[9112, 12632],[9120, 12632],[9120, 12640],[9128, 12640],[9128, 12648],[9136, 12648],[9136, 12656],[9144, 12656],[9144, 12664],[9152, 12664],[9152, 12688],[9144, 12688],[9144, 12704],[9136, 12704],[9136, 12720],[9120, 12720],[9120, 12728],[9096, 12728],[9096, 12736],[9088, 12736],[9088, 12744],[9080, 12744],[9080, 12752],[9072, 12752],[9072, 12760],[9064, 12760],[9064, 12776],[9056, 12776],[9056, 12792],[9048, 12792]]]},"properties":{"objectType":"annotation","classification":{"name":"Ignore*","color":[180, 180, 180]}}},{"type":"Feature","id":"4cae07ac-b321-4ffe-b72e-e1a1ac83fee1","geometry":{"type":"Polygon","coordinates":[[[6328, 12688],[6328, 12704],[6336, 12704],[6336, 12720],[6352, 12720],[6352, 12728],[6392, 12728],[6392, 12720],[6400, 12720],[6400, 12680],[6392, 12680],[6392, 12656],[6384, 12656],[6384, 12648],[6360, 12648],[6360, 12656],[6352, 12656],[6352, 12664],[6344, 12664],[6344, 12672],[6336, 12672],[6336, 12688],[6328, 12688]]]},"properties":{"objectType":"annotation","classification":{"name":"Ignore*","color":[180, 180, 180]}}},{"type":"Feature","id":"cb7fd4c7-8b64-4918-9960-ea0127405a7a","geometry":{"type":"Polygon","coordinates":[[[8296, 12688],[8296, 12728],[8304, 12728],[8304, 12736],[8320, 12736],[8320, 12728],[8336, 12728],[8336, 12688],[8328, 12688],[8328, 12680],[8304, 12680],[8304, 12688],[8296, 12688]]]},"properties":{"objectType":"annotation","classification":{"name":"Ignore*","color":[180, 180, 180]}}},{"type":"Feature","id":"8efb49ce-c307-49cf-b458-dd7017722f04","geometry":{"type":"Polygon","coordinates":[[[7872, 12768],[7872, 12808],[7888, 12808],[7888, 12816],[7904, 12816],[7904, 12824],[7920, 12824],[7920, 12832],[7936, 12832],[7936, 12840],[7960, 12840],[7960, 12832],[7976, 12832],[7976, 12824],[7992, 12824],[7992, 12816],[8000, 12816],[8000, 12808],[8008, 12808],[8008, 12800],[8016, 12800],[8016, 12792],[8032, 12792],[8032, 12784],[8048, 12784],[8048, 12776],[8056, 12776],[8056, 12768],[8064, 12768],[8064, 12760],[8072, 12760],[8072, 12728],[8064, 12728],[8064, 12712],[8056, 12712],[8056, 12704],[8040, 12704],[8040, 12696],[8016, 12696],[8016, 12688],[8000, 12688],[8000, 12680],[7984, 12680],[7984, 12688],[7928, 12688],[7928, 12696],[7904, 12696],[7904, 12704],[7888, 12704],[7888, 12712],[7880, 12712],[7880, 12768],[7872, 12768]]]},"properties":{"objectType":"annotation","classification":{"name":"Ignore*","color":[180, 180, 180]}}},{"type":"Feature","id":"d3da36d4-9bee-454c-a002-e6af1263121c","geometry":{"type":"Polygon","coordinates":[[[6392, 12784],[6392, 12832],[6400, 12832],[6400, 12840],[6408, 12840],[6408, 12848],[6416, 12848],[6416, 12856],[6448, 12856],[6448, 12848],[6472, 12848],[6472, 12840],[6488, 12840],[6488, 12832],[6504, 12832],[6504, 12824],[6512, 12824],[6512, 12816],[6520, 12816],[6520, 12808],[6528, 12808],[6528, 12768],[6520, 12768],[6520, 12760],[6504, 12760],[6504, 12752],[6432, 12752],[6432, 12760],[6408, 12760],[6408, 12768],[6400, 12768],[6400, 12784],[6392, 12784]]]},"properties":{"objectType":"annotation","classification":{"name":"Ignore*","color":[180, 180, 180]}}},{"type":"Feature","id":"3ce53e37-4769-4713-a96b-68030f4d56e6","geometry":{"type":"Polygon","coordinates":[[[7680, 12792],[7680, 12808],[7688, 12808],[7688, 12824],[7696, 12824],[7696, 12832],[7704, 12832],[7704, 12840],[7712, 12840],[7712, 12848],[7720, 12848],[7720, 12856],[7744, 12856],[7744, 12808],[7736, 12808],[7736, 12800],[7728, 12800],[7728, 12792],[7712, 12792],[7712, 12784],[7688, 12784],[7688, 12792],[7680, 12792]]]},"properties":{"objectType":"annotation","classification":{"name":"Ignore*","color":[180, 180, 180]}}},{"type":"Feature","id":"caf09208-77b0-4b19-b0ca-aef9c3339833","geometry":{"type":"Polygon","coordinates":[[[4696, 12816],[4696, 12840],[4712, 12840],[4712, 12848],[4728, 12848],[4728, 12840],[4736, 12840],[4736, 12824],[4728, 12824],[4728, 12816],[4696, 12816]]]},"properties":{"objectType":"annotation","classification":{"name":"Ignore*","color":[180, 180, 180]}}},{"type":"Feature","id":"8cf8bb38-cbf1-494d-9fd4-75dcce47e2fd","geometry":{"type":"Polygon","coordinates":[[[7384, 12832],[7384, 12864],[7392, 12864],[7392, 12880],[7400, 12880],[7400, 12888],[7408, 12888],[7408, 12904],[7416, 12904],[7416, 12888],[7424, 12888],[7424, 12864],[7432, 12864],[7432, 12848],[7440, 12848],[7440, 12832],[7432, 12832],[7432, 12816],[7416, 12816],[7416, 12808],[7408, 12808],[7408, 12816],[7392, 12816],[7392, 12832],[7384, 12832]]]},"properties":{"objectType":"annotation","classification":{"name":"Ignore*","color":[180, 180, 180]}}},{"type":"Feature","id":"f3ffcf3c-3fda-42f0-8c0e-3e896feeb6a5","geometry":{"type":"Polygon","coordinates":[[[7120, 12872],[7120, 12920],[7128, 12920],[7128, 12936],[7144, 12936],[7144, 12944],[7152, 12944],[7152, 12952],[7168, 12952],[7168, 12960],[7200, 12960],[7200, 12952],[7224, 12952],[7224, 12944],[7240, 12944],[7240, 12952],[7304, 12952],[7304, 12944],[7312, 12944],[7312, 12904],[7304, 12904],[7304, 12896],[7296, 12896],[7296, 12872],[7288, 12872],[7288, 12856],[7280, 12856],[7280, 12840],[7272, 12840],[7272, 12832],[7264, 12832],[7264, 12824],[7240, 12824],[7240, 12816],[7232, 12816],[7232, 12824],[7200, 12824],[7200, 12832],[7168, 12832],[7168, 12840],[7152, 12840],[7152, 12848],[7136, 12848],[7136, 12856],[7128, 12856],[7128, 12872],[7120, 12872]]]},"properties":{"objectType":"annotation","classification":{"name":"Ignore*","color":[180, 180, 180]}}},{"type":"Feature","id":"cb0223bd-415b-4fc9-8ab1-ddfd93edbe08","geometry":{"type":"Polygon","coordinates":[[[5952, 13000],[5952, 13056],[5960, 13056],[5960, 13064],[5976, 13064],[5976, 13072],[5992, 13072],[5992, 13064],[6008, 13064],[6008, 13056],[6024, 13056],[6024, 13048],[6032, 13048],[6032, 12992],[6040, 12992],[6040, 12968],[6048, 12968],[6048, 12960],[6040, 12960],[6040, 12952],[6032, 12952],[6032, 12944],[6024, 12944],[6024, 12936],[6000, 12936],[6000, 12944],[5992, 12944],[5992, 12952],[5984, 12952],[5984, 12968],[5976, 12968],[5976, 12984],[5960, 12984],[5960, 13000],[5952, 13000]]]},"properties":{"objectType":"annotation","classification":{"name":"Ignore*","color":[180, 180, 180]}}},{"type":"Feature","id":"fe36e3da-4263-4dd8-871c-5991cc2a75ab","geometry":{"type":"Polygon","coordinates":[[[10032, 13112],[10032, 13136],[10040, 13136],[10040, 13144],[10056, 13144],[10056, 13152],[10080, 13152],[10080, 13144],[10088, 13144],[10088, 13136],[10096, 13136],[10096, 13128],[10104, 13128],[10104, 13088],[10056, 13088],[10056, 13096],[10048, 13096],[10048, 13104],[10040, 13104],[10040, 13112],[10032, 13112]]]},"properties":{"objectType":"annotation","classification":{"name":"Ignore*","color":[180, 180, 180]}}},{"type":"Feature","id":"fb0f487b-ada7-4004-b2b0-9cc43ec68a5d","geometry":{"type":"Polygon","coordinates":[[[6496, 13192],[6496, 13232],[6512, 13232],[6512, 13240],[6528, 13240],[6528, 13232],[6536, 13232],[6536, 13224],[6544, 13224],[6544, 13216],[6552, 13216],[6552, 13184],[6544, 13184],[6544, 13176],[6536, 13176],[6536, 13168],[6512, 13168],[6512, 13176],[6504, 13176],[6504, 13192],[6496, 13192]]]},"properties":{"objectType":"annotation","classification":{"name":"Ignore*","color":[180, 180, 180]}}},{"type":"Feature","id":"7ee85cc7-ec29-4aa6-81b3-8bd4ab1242f6","geometry":{"type":"Polygon","coordinates":[[[8240, 13208],[8240, 13248],[8248, 13248],[8248, 13264],[8256, 13264],[8256, 13272],[8264, 13272],[8264, 13280],[8296, 13280],[8296, 13288],[8320, 13288],[8320, 13296],[8456, 13296],[8456, 13288],[8464, 13288],[8464, 13280],[8472, 13280],[8472, 13264],[8464, 13264],[8464, 13240],[8456, 13240],[8456, 13216],[8448, 13216],[8448, 13208],[8424, 13208],[8424, 13200],[8400, 13200],[8400, 13192],[8392, 13192],[8392, 13184],[8384, 13184],[8384, 13176],[8368, 13176],[8368, 13168],[8360, 13168],[8360, 13160],[8352, 13160],[8352, 13152],[8344, 13152],[8344, 13144],[8336, 13144],[8336, 13136],[8328, 13136],[8328, 13128],[8320, 13128],[8320, 13112],[8312, 13112],[8312, 13096],[8304, 13096],[8304, 13080],[8296, 13080],[8296, 13056],[8288, 13056],[8288, 13048],[8280, 13048],[8280, 13056],[8272, 13056],[8272, 13064],[8264, 13064],[8264, 13080],[8256, 13080],[8256, 13104],[8248, 13104],[8248, 13208],[8240, 13208]]]},"properties":{"objectType":"annotation","classification":{"name":"Ignore*","color":[180, 180, 180]}}},{"type":"Feature","id":"5df3782f-c022-41a0-9895-2433f0e0ac7e","geometry":{"type":"Polygon","coordinates":[[[7040, 13232],[7040, 13256],[7048, 13256],[7048, 13264],[7072, 13264],[7072, 13248],[7080, 13248],[7080, 13240],[7072, 13240],[7072, 13224],[7048, 13224],[7048, 13232],[7040, 13232]]]},"properties":{"objectType":"annotation","classification":{"name":"Ignore*","color":[180, 180, 180]}}},{"type":"Feature","id":"2e49b1e0-391c-45ae-8ee3-c65203926d86","geometry":{"type":"Polygon","coordinates":[[[9064, 13248],[9064, 13280],[9072, 13280],[9072, 13288],[9080, 13288],[9080, 13296],[9088, 13296],[9088, 13304],[9096, 13304],[9096, 13312],[9128, 13312],[9128, 13304],[9136, 13304],[9136, 13296],[9144, 13296],[9144, 13288],[9152, 13288],[9152, 13256],[9160, 13256],[9160, 13232],[9168, 13232],[9168, 13224],[9176, 13224],[9176, 13192],[9168, 13192],[9168, 13184],[9136, 13184],[9136, 13192],[9128, 13192],[9128, 13200],[9120, 13200],[9120, 13208],[9104, 13208],[9104, 13216],[9096, 13216],[9096, 13224],[9088, 13224],[9088, 13232],[9080, 13232],[9080, 13240],[9072, 13240],[9072, 13248],[9064, 13248]]]},"properties":{"objectType":"annotation","classification":{"name":"Ignore*","color":[180, 180, 180]}}},{"type":"Feature","id":"25b4ec32-33ac-44f6-a5bc-00a6dab8939d","geometry":{"type":"Polygon","coordinates":[[[8088, 13224],[8088, 13248],[8096, 13248],[8096, 13288],[8104, 13288],[8104, 13304],[8120, 13304],[8120, 13296],[8128, 13296],[8128, 13272],[8136, 13272],[8136, 13232],[8128, 13232],[8128, 13216],[8096, 13216],[8096, 13224],[8088, 13224]]]},"properties":{"objectType":"annotation","classification":{"name":"Ignore*","color":[180, 180, 180]}}},{"type":"Feature","id":"cc97b0f2-bc92-4111-90f4-c56ecf5580c1","geometry":{"type":"Polygon","coordinates":[[[8488, 13272],[8488, 13288],[8504, 13288],[8504, 13296],[8512, 13296],[8512, 13304],[8520, 13304],[8520, 13312],[8528, 13312],[8528, 13328],[8536, 13328],[8536, 13336],[8544, 13336],[8544, 13344],[8560, 13344],[8560, 13352],[8576, 13352],[8576, 13344],[8624, 13344],[8624, 13336],[8640, 13336],[8640, 13328],[8648, 13328],[8648, 13320],[8664, 13320],[8664, 13312],[8680, 13312],[8680, 13304],[8704, 13304],[8704, 13288],[8712, 13288],[8712, 13272],[8704, 13272],[8704, 13264],[8696, 13264],[8696, 13256],[8688, 13256],[8688, 13248],[8672, 13248],[8672, 13240],[8600, 13240],[8600, 13232],[8584, 13232],[8584, 13224],[8576, 13224],[8576, 13216],[8536, 13216],[8536, 13224],[8528, 13224],[8528, 13232],[8520, 13232],[8520, 13240],[8512, 13240],[8512, 13248],[8504, 13248],[8504, 13256],[8496, 13256],[8496, 13272],[8488, 13272]]]},"properties":{"objectType":"annotation","classification":{"name":"Ignore*","color":[180, 180, 180]}}},{"type":"Feature","id":"9dc30def-59a4-4ee1-a835-fbfa39098e7f","geometry":{"type":"Polygon","coordinates":[[[5576, 13216],[5576, 13256],[5584, 13256],[5584, 13280],[5592, 13280],[5592, 13296],[5600, 13296],[5600, 13304],[5632, 13304],[5632, 13312],[5640, 13312],[5640, 13320],[5656, 13320],[5656, 13328],[5664, 13328],[5664, 13336],[5672, 13336],[5672, 13352],[5680, 13352],[5680, 13368],[5688, 13368],[5688, 13376],[5696, 13376],[5696, 13384],[5736, 13384],[5736, 13392],[5752, 13392],[5752, 13400],[5760, 13400],[5760, 13408],[5768, 13408],[5768, 13416],[5776, 13416],[5776, 13424],[5784, 13424],[5784, 13432],[5792, 13432],[5792, 13440],[5800, 13440],[5800, 13448],[5816, 13448],[5816, 13456],[5840, 13456],[5840, 13448],[5848, 13448],[5848, 13440],[5856, 13440],[5856, 13408],[5848, 13408],[5848, 13392],[5840, 13392],[5840, 13368],[5832, 13368],[5832, 13360],[5824, 13360],[5824, 13352],[5816, 13352],[5816, 13344],[5808, 13344],[5808, 13336],[5800, 13336],[5800, 13328],[5792, 13328],[5792, 13312],[5784, 13312],[5784, 13304],[5776, 13304],[5776, 13288],[5768, 13288],[5768, 13280],[5752, 13280],[5752, 13272],[5744, 13272],[5744, 13264],[5736, 13264],[5736, 13256],[5720, 13256],[5720, 13248],[5712, 13248],[5712, 13240],[5704, 13240],[5704, 13232],[5696, 13232],[5696, 13224],[5688, 13224],[5688, 13216],[5672, 13216],[5672, 13208],[5648, 13208],[5648, 13200],[5632, 13200],[5632, 13192],[5624, 13192],[5624, 13200],[5600, 13200],[5600, 13208],[5584, 13208],[5584, 13216],[5576, 13216]]]},"properties":{"objectType":"annotation","classification":{"name":"Ignore*","color":[180, 180, 180]}}},{"type":"Feature","id":"f7bbea40-f24f-4924-9a75-e1ed7bbeef79","geometry":{"type":"Polygon","coordinates":[[[6648, 13280],[6648, 13312],[6656, 13312],[6656, 13328],[6664, 13328],[6664, 13336],[6672, 13336],[6672, 13352],[6680, 13352],[6680, 13376],[6688, 13376],[6688, 13416],[6696, 13416],[6696, 13424],[6704, 13424],[6704, 13432],[6720, 13432],[6720, 13440],[6728, 13440],[6728, 13448],[6736, 13448],[6736, 13456],[6744, 13456],[6744, 13464],[6752, 13464],[6752, 13472],[6776, 13472],[6776, 13464],[6784, 13464],[6784, 13440],[6792, 13440],[6792, 13432],[6808, 13432],[6808, 13424],[6816, 13424],[6816, 13416],[6824, 13416],[6824, 13392],[6832, 13392],[6832, 13384],[6840, 13384],[6840, 13376],[6848, 13376],[6848, 13368],[6864, 13368],[6864, 13360],[6904, 13360],[6904, 13352],[6912, 13352],[6912, 13344],[6920, 13344],[6920, 13288],[6912, 13288],[6912, 13272],[6904, 13272],[6904, 13264],[6896, 13264],[6896, 13256],[6880, 13256],[6880, 13248],[6872, 13248],[6872, 13240],[6856, 13240],[6856, 13248],[6840, 13248],[6840, 13256],[6824, 13256],[6824, 13264],[6816, 13264],[6816, 13272],[6808, 13272],[6808, 13280],[6800, 13280],[6800, 13288],[6792, 13288],[6792, 13296],[6776, 13296],[6776, 13304],[6768, 13304],[6768, 13312],[6760, 13312],[6760, 13320],[6752, 13320],[6752, 13328],[6744, 13328],[6744, 13336],[6728, 13336],[6728, 13328],[6720, 13328],[6720, 13304],[6712, 13304],[6712, 13288],[6704, 13288],[6704, 13272],[6688, 13272],[6688, 13264],[6664, 13264],[6664, 13272],[6656, 13272],[6656, 13280],[6648, 13280]]]},"properties":{"objectType":"annotation","classification":{"name":"Ignore*","color":[180, 180, 180]}}},{"type":"Feature","id":"dddb6a00-6470-40f4-8779-d8dab3abc1a9","geometry":{"type":"Polygon","coordinates":[[[6360, 13392],[6360, 13408],[6368, 13408],[6368, 13416],[6376, 13416],[6376, 13424],[6432, 13424],[6432, 13416],[6440, 13416],[6440, 13400],[6424, 13400],[6424, 13392],[6360, 13392]]]},"properties":{"objectType":"annotation","classification":{"name":"Ignore*","color":[180, 180, 180]}}},{"type":"Feature","id":"6b0af75c-2d11-4cec-a8ae-875c7008fa3a","geometry":{"type":"Polygon","coordinates":[[[7160, 13480],[7160, 13504],[7168, 13504],[7168, 13520],[7176, 13520],[7176, 13528],[7200, 13528],[7200, 13520],[7208, 13520],[7208, 13512],[7216, 13512],[7216, 13504],[7224, 13504],[7224, 13480],[7232, 13480],[7232, 13464],[7240, 13464],[7240, 13424],[7224, 13424],[7224, 13416],[7216, 13416],[7216, 13424],[7208, 13424],[7208, 13432],[7200, 13432],[7200, 13440],[7192, 13440],[7192, 13448],[7184, 13448],[7184, 13456],[7176, 13456],[7176, 13464],[7168, 13464],[7168, 13480],[7160, 13480]]]},"properties":{"objectType":"annotation","classification":{"name":"Ignore*","color":[180, 180, 180]}}},{"type":"Feature","id":"e62e9b33-3783-45cb-9c7d-f09e8c7cb587","geometry":{"type":"Polygon","coordinates":[[[8504, 13512],[8504, 13528],[8512, 13528],[8512, 13536],[8520, 13536],[8520, 13544],[8600, 13544],[8600, 13536],[8616, 13536],[8616, 13528],[8624, 13528],[8624, 13520],[8632, 13520],[8632, 13512],[8640, 13512],[8640, 13504],[8720, 13504],[8720, 13496],[8736, 13496],[8736, 13488],[8744, 13488],[8744, 13480],[8752, 13480],[8752, 13440],[8744, 13440],[8744, 13432],[8736, 13432],[8736, 13424],[8696, 13424],[8696, 13432],[8680, 13432],[8680, 13440],[8672, 13440],[8672, 13448],[8632, 13448],[8632, 13456],[8592, 13456],[8592, 13464],[8576, 13464],[8576, 13472],[8560, 13472],[8560, 13480],[8536, 13480],[8536, 13488],[8520, 13488],[8520, 13496],[8512, 13496],[8512, 13512],[8504, 13512]]]},"properties":{"objectType":"annotation","classification":{"name":"Ignore*","color":[180, 180, 180]}}},{"type":"Feature","id":"28d8103a-f96b-4b95-9421-3a1ddfb5c139","geometry":{"type":"Polygon","coordinates":[[[9624, 13768],[9624, 13776],[9632, 13776],[9632, 13792],[9640, 13792],[9640, 13808],[9648, 13808],[9648, 13816],[9656, 13816],[9656, 13824],[9672, 13824],[9672, 13832],[9696, 13832],[9696, 13840],[9712, 13840],[9712, 13848],[9720, 13848],[9720, 13856],[9736, 13856],[9736, 13864],[9744, 13864],[9744, 13880],[9752, 13880],[9752, 13888],[9784, 13888],[9784, 13880],[9792, 13880],[9792, 13864],[9800, 13864],[9800, 13856],[9792, 13856],[9792, 13832],[9784, 13832],[9784, 13824],[9776, 13824],[9776, 13792],[9784, 13792],[9784, 13768],[9792, 13768],[9792, 13752],[9784, 13752],[9784, 13720],[9792, 13720],[9792, 13680],[9784, 13680],[9784, 13656],[9776, 13656],[9776, 13600],[9768, 13600],[9768, 13568],[9760, 13568],[9760, 13512],[9768, 13512],[9768, 13496],[9776, 13496],[9776, 13472],[9784, 13472],[9784, 13448],[9792, 13448],[9792, 13432],[9800, 13432],[9800, 13416],[9808, 13416],[9808, 13400],[9816, 13400],[9816, 13384],[9824, 13384],[9824, 13376],[9832, 13376],[9832, 13360],[9840, 13360],[9840, 13336],[9848, 13336],[9848, 13320],[9856, 13320],[9856, 13304],[9864, 13304],[9864, 13288],[9872, 13288],[9872, 13256],[9880, 13256],[9880, 13224],[9888, 13224],[9888, 13160],[9880, 13160],[9880, 13152],[9864, 13152],[9864, 13160],[9848, 13160],[9848, 13168],[9840, 13168],[9840, 13176],[9832, 13176],[9832, 13192],[9824, 13192],[9824, 13216],[9816, 13216],[9816, 13240],[9808, 13240],[9808, 13256],[9800, 13256],[9800, 13264],[9792, 13264],[9792, 13280],[9784, 13280],[9784, 13288],[9776, 13288],[9776, 13296],[9768, 13296],[9768, 13304],[9752, 13304],[9752, 13312],[9728, 13312],[9728, 13320],[9712, 13320],[9712, 13328],[9704, 13328],[9704, 13336],[9688, 13336],[9688, 13344],[9680, 13344],[9680, 13352],[9672, 13352],[9672, 13360],[9664, 13360],[9664, 13376],[9656, 13376],[9656, 13384],[9648, 13384],[9648, 13416],[9656, 13416],[9656, 13424],[9664, 13424],[9664, 13432],[9672, 13432],[9672, 13440],[9688, 13440],[9688, 13432],[9720, 13432],[9720, 13440],[9728, 13440],[9728, 13480],[9720, 13480],[9720, 13544],[9712, 13544],[9712, 13560],[9704, 13560],[9704, 13584],[9696, 13584],[9696, 13600],[9688, 13600],[9688, 13616],[9680, 13616],[9680, 13640],[9672, 13640],[9672, 13672],[9664, 13672],[9664, 13696],[9656, 13696],[9656, 13720],[9648, 13720],[9648, 13736],[9640, 13736],[9640, 13752],[9632, 13752],[9632, 13768],[9624, 13768]]]},"properties":{"objectType":"annotation","classification":{"name":"Ignore*","color":[180, 180, 180]}}},{"type":"Feature","id":"abe9e19b-7c9a-4b28-8058-bbd87cd3f19b","geometry":{"type":"Polygon","coordinates":[[[7392, 13424],[7392, 13472],[7400, 13472],[7400, 13488],[7408, 13488],[7408, 13496],[7416, 13496],[7416, 13504],[7424, 13504],[7424, 13512],[7440, 13512],[7440, 13528],[7448, 13528],[7448, 13544],[7456, 13544],[7456, 13560],[7464, 13560],[7464, 13568],[7472, 13568],[7472, 13576],[7488, 13576],[7488, 13584],[7512, 13584],[7512, 13576],[7528, 13576],[7528, 13568],[7536, 13568],[7536, 13560],[7544, 13560],[7544, 13552],[7552, 13552],[7552, 13544],[7568, 13544],[7568, 13536],[7616, 13536],[7616, 13544],[7624, 13544],[7624, 13552],[7632, 13552],[7632, 13600],[7640, 13600],[7640, 13608],[7656, 13608],[7656, 13616],[7688, 13616],[7688, 13624],[7720, 13624],[7720, 13632],[7744, 13632],[7744, 13640],[7760, 13640],[7760, 13648],[7776, 13648],[7776, 13656],[7792, 13656],[7792, 13664],[7808, 13664],[7808, 13672],[7832, 13672],[7832, 13680],[7856, 13680],[7856, 13672],[7888, 13672],[7888, 13664],[7904, 13664],[7904, 13648],[7912, 13648],[7912, 13632],[7904, 13632],[7904, 13624],[7896, 13624],[7896, 13616],[7880, 13616],[7880, 13608],[7864, 13608],[7864, 13600],[7840, 13600],[7840, 13592],[7824, 13592],[7824, 13584],[7808, 13584],[7808, 13576],[7792, 13576],[7792, 13568],[7768, 13568],[7768, 13560],[7752, 13560],[7752, 13552],[7736, 13552],[7736, 13544],[7728, 13544],[7728, 13536],[7712, 13536],[7712, 13520],[7704, 13520],[7704, 13504],[7696, 13504],[7696, 13488],[7680, 13488],[7680, 13480],[7592, 13480],[7592, 13472],[7568, 13472],[7568, 13464],[7552, 13464],[7552, 13456],[7536, 13456],[7536, 13448],[7520, 13448],[7520, 13440],[7496, 13440],[7496, 13432],[7472, 13432],[7472, 13424],[7464, 13424],[7464, 13416],[7456, 13416],[7456, 13408],[7408, 13408],[7408, 13416],[7400, 13416],[7400, 13424],[7392, 13424]]]},"properties":{"objectType":"annotation","classification":{"name":"Ignore*","color":[180, 180, 180]}}},{"type":"Feature","id":"a0eb6dcd-c0b5-415a-aba5-da23c348aaeb","geometry":{"type":"Polygon","coordinates":[[[7264, 13536],[7264, 13568],[7272, 13568],[7272, 13576],[7280, 13576],[7280, 13584],[7288, 13584],[7288, 13592],[7328, 13592],[7328, 13584],[7336, 13584],[7336, 13528],[7328, 13528],[7328, 13512],[7320, 13512],[7320, 13504],[7288, 13504],[7288, 13512],[7280, 13512],[7280, 13520],[7272, 13520],[7272, 13536],[7264, 13536]]]},"properties":{"objectType":"annotation","classification":{"name":"Ignore*","color":[180, 180, 180]}}},{"type":"Feature","id":"7efb2ae8-5c8e-483d-9603-4a056c52c4a2","geometry":{"type":"Polygon","coordinates":[[[8192, 13552],[8192, 13584],[8200, 13584],[8200, 13592],[8232, 13592],[8232, 13584],[8248, 13584],[8248, 13576],[8256, 13576],[8256, 13568],[8264, 13568],[8264, 13536],[8248, 13536],[8248, 13528],[8216, 13528],[8216, 13536],[8208, 13536],[8208, 13544],[8200, 13544],[8200, 13552],[8192, 13552]]]},"properties":{"objectType":"annotation","classification":{"name":"Ignore*","color":[180, 180, 180]}}},{"type":"Feature","id":"fb9eac79-cc23-4663-8c1a-d57a96c29c37","geometry":{"type":"Polygon","coordinates":[[[5920, 13488],[5920, 13520],[5936, 13520],[5936, 13512],[5952, 13512],[5952, 13520],[5960, 13520],[5960, 13528],[5976, 13528],[5976, 13536],[6016, 13536],[6016, 13520],[6024, 13520],[6024, 13504],[6032, 13504],[6032, 13496],[6040, 13496],[6040, 13488],[6056, 13488],[6056, 13512],[6048, 13512],[6048, 13528],[6040, 13528],[6040, 13536],[6032, 13536],[6032, 13576],[6040, 13576],[6040, 13592],[6048, 13592],[6048, 13608],[6056, 13608],[6056, 13616],[6064, 13616],[6064, 13624],[6072, 13624],[6072, 13632],[6080, 13632],[6080, 13640],[6088, 13640],[6088, 13648],[6096, 13648],[6096, 13688],[6104, 13688],[6104, 13760],[6120, 13760],[6120, 13768],[6144, 13768],[6144, 13760],[6176, 13760],[6176, 13752],[6192, 13752],[6192, 13744],[6200, 13744],[6200, 13736],[6208, 13736],[6208, 13728],[6216, 13728],[6216, 13720],[6224, 13720],[6224, 13672],[6232, 13672],[6232, 13664],[6240, 13664],[6240, 13656],[6248, 13656],[6248, 13648],[6272, 13648],[6272, 13656],[6280, 13656],[6280, 13664],[6296, 13664],[6296, 13672],[6312, 13672],[6312, 13680],[6368, 13680],[6368, 13688],[6384, 13688],[6384, 13696],[6400, 13696],[6400, 13704],[6408, 13704],[6408, 13712],[6424, 13712],[6424, 13720],[6440, 13720],[6440, 13712],[6456, 13712],[6456, 13656],[6448, 13656],[6448, 13640],[6440, 13640],[6440, 13632],[6432, 13632],[6432, 13624],[6408, 13624],[6408, 13632],[6392, 13632],[6392, 13640],[6368, 13640],[6368, 13632],[6360, 13632],[6360, 13624],[6352, 13624],[6352, 13616],[6344, 13616],[6344, 13608],[6328, 13608],[6328, 13600],[6304, 13600],[6304, 13608],[6288, 13608],[6288, 13616],[6272, 13616],[6272, 13624],[6264, 13624],[6264, 13632],[6240, 13632],[6240, 13624],[6232, 13624],[6232, 13616],[6216, 13616],[6216, 13608],[6184, 13608],[6184, 13600],[6144, 13600],[6144, 13592],[6128, 13592],[6128, 13544],[6136, 13544],[6136, 13528],[6144, 13528],[6144, 13520],[6152, 13520],[6152, 13488],[6144, 13488],[6144, 13472],[6128, 13472],[6128, 13464],[6080, 13464],[6080, 13440],[6088, 13440],[6088, 13424],[6096, 13424],[6096, 13392],[6088, 13392],[6088, 13384],[6072, 13384],[6072, 13376],[6064, 13376],[6064, 13368],[6048, 13368],[6048, 13360],[6032, 13360],[6032, 13352],[6000, 13352],[6000, 13344],[5976, 13344],[5976, 13336],[5952, 13336],[5952, 13344],[5936, 13344],[5936, 13352],[5928, 13352],[5928, 13392],[5936, 13392],[5936, 13440],[5944, 13440],[5944, 13464],[5936, 13464],[5936, 13472],[5928, 13472],[5928, 13488],[5920, 13488]]]},"properties":{"objectType":"annotation","classification":{"name":"Ignore*","color":[180, 180, 180]}}},{"type":"Feature","id":"fc3757d4-2412-4b25-afdf-89f64fa3770d","geometry":{"type":"Polygon","coordinates":[[[6704, 13624],[6704, 13656],[6720, 13656],[6720, 13664],[6776, 13664],[6776, 13656],[6800, 13656],[6800, 13648],[6816, 13648],[6816, 13640],[6824, 13640],[6824, 13632],[6832, 13632],[6832, 13608],[6824, 13608],[6824, 13600],[6816, 13600],[6816, 13592],[6792, 13592],[6792, 13584],[6776, 13584],[6776, 13576],[6760, 13576],[6760, 13584],[6744, 13584],[6744, 13592],[6736, 13592],[6736, 13600],[6720, 13600],[6720, 13608],[6712, 13608],[6712, 13624],[6704, 13624]]]},"properties":{"objectType":"annotation","classification":{"name":"Ignore*","color":[180, 180, 180]}}},{"type":"Feature","id":"38fd66d0-4ed1-49dd-88e5-bc132c43e4b4","geometry":{"type":"Polygon","coordinates":[[[9816, 13624],[9816, 13672],[9848, 13672],[9848, 13664],[9856, 13664],[9856, 13648],[9864, 13648],[9864, 13616],[9856, 13616],[9856, 13608],[9824, 13608],[9824, 13624],[9816, 13624]]]},"properties":{"objectType":"annotation","classification":{"name":"Ignore*","color":[180, 180, 180]}}},{"type":"Feature","id":"b42e9942-8653-453a-82fc-32ecaa383339","geometry":{"type":"Polygon","coordinates":[[[7944, 13832],[7968, 13904],[8024, 13920],[8064, 13880],[8208, 13816],[8192, 13744],[8064, 13752],[8040, 13712],[7968, 13728],[7976, 13800],[7944, 13832]]]},"properties":{"objectType":"annotation","classification":{"name":"Tumor","color":[102, 77, 179]}}},{"type":"Feature","id":"35ef26d5-8aef-4ba0-b152-73da3a1277c6","geometry":{"type":"Polygon","coordinates":[[[6344, 13864],[6344, 13912],[6352, 13912],[6352, 13920],[6456, 13920],[6456, 13912],[6464, 13912],[6464, 13904],[6472, 13904],[6472, 13896],[6488, 13896],[6488, 13888],[6496, 13888],[6496, 13880],[6512, 13880],[6512, 13872],[6520, 13872],[6520, 13856],[6528, 13856],[6528, 13816],[6520, 13816],[6520, 13808],[6512, 13808],[6512, 13800],[6464, 13800],[6464, 13792],[6448, 13792],[6448, 13800],[6432, 13800],[6432, 13808],[6416, 13808],[6416, 13816],[6408, 13816],[6408, 13824],[6400, 13824],[6400, 13832],[6384, 13832],[6384, 13840],[6376, 13840],[6376, 13848],[6368, 13848],[6368, 13856],[6360, 13856],[6360, 13864],[6344, 13864]]]},"properties":{"objectType":"annotation","classification":{"name":"Ignore*","color":[180, 180, 180]}}},{"type":"Feature","id":"9e12b0ce-f938-4483-ba50-ac0addcdf716","geometry":{"type":"Polygon","coordinates":[[[9168, 13880],[9168, 13896],[9176, 13896],[9176, 13920],[9184, 13920],[9184, 13928],[9192, 13928],[9192, 13936],[9200, 13936],[9200, 13944],[9208, 13944],[9208, 13952],[9232, 13952],[9232, 13944],[9240, 13944],[9240, 13936],[9248, 13936],[9248, 13920],[9256, 13920],[9256, 13904],[9264, 13904],[9264, 13888],[9272, 13888],[9272, 13848],[9264, 13848],[9264, 13840],[9256, 13840],[9256, 13832],[9248, 13832],[9248, 13824],[9240, 13824],[9240, 13816],[9224, 13816],[9224, 13824],[9200, 13824],[9200, 13832],[9192, 13832],[9192, 13840],[9184, 13840],[9184, 13856],[9176, 13856],[9176, 13880],[9168, 13880]]]},"properties":{"objectType":"annotation","classification":{"name":"Ignore*","color":[180, 180, 180]}}},{"type":"Feature","id":"98c7bf54-e8cb-48c6-a3b3-af0c9061de86","geometry":{"type":"Polygon","coordinates":[[[7760, 13880],[7760, 13904],[7768, 13904],[7768, 13912],[7784, 13912],[7784, 13904],[7792, 13904],[7792, 13880],[7784, 13880],[7784, 13872],[7768, 13872],[7768, 13880],[7760, 13880]]]},"properties":{"objectType":"annotation","classification":{"name":"Ignore*","color":[180, 180, 180]}}},{"type":"Feature","id":"97e47360-78cb-49de-84cd-1d6e713215a4","geometry":{"type":"Polygon","coordinates":[[[8368, 14016],[8368, 14048],[8376, 14048],[8376, 14056],[8424, 14056],[8424, 14048],[8440, 14048],[8440, 14032],[8448, 14032],[8448, 14008],[8440, 14008],[8440, 14000],[8424, 14000],[8424, 13992],[8400, 13992],[8400, 14000],[8384, 14000],[8384, 14008],[8376, 14008],[8376, 14016],[8368, 14016]]]},"properties":{"objectType":"annotation","classification":{"name":"Ignore*","color":[180, 180, 180]}}},{"type":"Feature","id":"12a55d3d-2c6c-41bb-a858-3bf4f2b3639b","geometry":{"type":"Polygon","coordinates":[[[8808, 14136],[8808, 14160],[8816, 14160],[8816, 14200],[8824, 14200],[8824, 14216],[8832, 14216],[8832, 14224],[8840, 14224],[8840, 14232],[8856, 14232],[8856, 14240],[8872, 14240],[8872, 14248],[8880, 14248],[8880, 14256],[8896, 14256],[8896, 14264],[8920, 14264],[8920, 14256],[8936, 14256],[8936, 14248],[8944, 14248],[8944, 14192],[8936, 14192],[8936, 14128],[8928, 14128],[8928, 14120],[8896, 14120],[8896, 14128],[8816, 14128],[8816, 14136],[8808, 14136]]]},"properties":{"objectType":"annotation","classification":{"name":"Ignore*","color":[180, 180, 180]}}},{"type":"Feature","id":"4715bec4-739a-4411-9553-76244e2d34d8","geometry":{"type":"Polygon","coordinates":[[[9144, 14288],[9144, 14320],[9152, 14320],[9152, 14336],[9168, 14336],[9168, 14344],[9200, 14344],[9200, 14336],[9224, 14336],[9224, 14328],[9232, 14328],[9232, 14320],[9240, 14320],[9240, 14312],[9248, 14312],[9248, 14296],[9256, 14296],[9256, 14280],[9264, 14280],[9264, 14272],[9272, 14272],[9272, 14264],[9280, 14264],[9280, 14248],[9272, 14248],[9272, 14240],[9264, 14240],[9264, 14232],[9256, 14232],[9256, 14224],[9248, 14224],[9248, 14176],[9256, 14176],[9256, 14160],[9248, 14160],[9248, 14152],[9240, 14152],[9240, 14144],[9232, 14144],[9232, 14136],[9216, 14136],[9216, 14128],[9200, 14128],[9200, 14136],[9184, 14136],[9184, 14144],[9176, 14144],[9176, 14160],[9168, 14160],[9168, 14168],[9160, 14168],[9160, 14192],[9168, 14192],[9168, 14200],[9176, 14200],[9176, 14208],[9184, 14208],[9184, 14240],[9176, 14240],[9176, 14248],[9168, 14248],[9168, 14264],[9160, 14264],[9160, 14272],[9152, 14272],[9152, 14288],[9144, 14288]]]},"properties":{"objectType":"annotation","classification":{"name":"Ignore*","color":[180, 180, 180]}}},{"type":"Feature","id":"bdca57c8-5893-435a-a318-54e27f5c8dd9","geometry":{"type":"Polygon","coordinates":[[[7320, 14232],[7320, 14288],[7328, 14288],[7328, 14296],[7336, 14296],[7336, 14304],[7352, 14304],[7352, 14312],[7400, 14312],[7400, 14304],[7440, 14304],[7440, 14296],[7448, 14296],[7448, 14288],[7456, 14288],[7456, 14280],[7464, 14280],[7464, 14272],[7472, 14272],[7472, 14256],[7480, 14256],[7480, 14216],[7472, 14216],[7472, 14200],[7464, 14200],[7464, 14192],[7456, 14192],[7456, 14184],[7448, 14184],[7448, 14176],[7424, 14176],[7424, 14168],[7400, 14168],[7400, 14176],[7376, 14176],[7376, 14184],[7368, 14184],[7368, 14192],[7360, 14192],[7360, 14200],[7352, 14200],[7352, 14208],[7344, 14208],[7344, 14216],[7336, 14216],[7336, 14224],[7328, 14224],[7328, 14232],[7320, 14232]]]},"properties":{"objectType":"annotation","classification":{"name":"Ignore*","color":[180, 180, 180]}}},{"type":"Feature","id":"1f85143a-79da-49f5-b9d4-946ee737ad56","geometry":{"type":"Polygon","coordinates":[[[8504, 14336],[8504, 14392],[8512, 14392],[8512, 14424],[8520, 14424],[8520, 14440],[8528, 14440],[8528, 14456],[8536, 14456],[8536, 14472],[8544, 14472],[8544, 14488],[8552, 14488],[8552, 14496],[8584, 14496],[8584, 14488],[8592, 14488],[8592, 14480],[8600, 14480],[8600, 14464],[8608, 14464],[8608, 14448],[8616, 14448],[8616, 14424],[8624, 14424],[8624, 14408],[8632, 14408],[8632, 14384],[8624, 14384],[8624, 14368],[8616, 14368],[8616, 14360],[8608, 14360],[8608, 14336],[8600, 14336],[8600, 14320],[8592, 14320],[8592, 14304],[8584, 14304],[8584, 14296],[8576, 14296],[8576, 14288],[8536, 14288],[8536, 14296],[8528, 14296],[8528, 14304],[8520, 14304],[8520, 14320],[8512, 14320],[8512, 14336],[8504, 14336]]]},"properties":{"objectType":"annotation","classification":{"name":"Ignore*","color":[180, 180, 180]}}},{"type":"Feature","id":"facc84ae-4478-448b-85de-230ca9302312","geometry":{"type":"Polygon","coordinates":[[[8968, 14640],[8968, 14664],[8976, 14664],[8976, 14672],[9008, 14672],[9008, 14680],[9024, 14680],[9024, 14672],[9032, 14672],[9032, 14664],[9048, 14664],[9048, 14656],[9056, 14656],[9056, 14648],[9064, 14648],[9064, 14640],[9072, 14640],[9072, 14632],[9080, 14632],[9080, 14624],[9088, 14624],[9088, 14576],[9080, 14576],[9080, 14568],[9072, 14568],[9072, 14560],[9064, 14560],[9064, 14552],[9048, 14552],[9048, 14560],[9040, 14560],[9040, 14568],[9032, 14568],[9032, 14576],[9024, 14576],[9024, 14584],[9016, 14584],[9016, 14592],[9008, 14592],[9008, 14600],[9000, 14600],[9000, 14616],[8992, 14616],[8992, 14624],[8984, 14624],[8984, 14632],[8976, 14632],[8976, 14640],[8968, 14640]]]},"properties":{"objectType":"annotation","classification":{"name":"Ignore*","color":[180, 180, 180]}}},{"type":"Feature","id":"2c52e36d-633d-4b4a-afd1-5399db6e02e9","geometry":{"type":"Polygon","coordinates":[[[8112, 14616],[8112, 14656],[8120, 14656],[8120, 14672],[8128, 14672],[8128, 14680],[8136, 14680],[8136, 14688],[8144, 14688],[8144, 14696],[8168, 14696],[8168, 14688],[8176, 14688],[8176, 14680],[8184, 14680],[8184, 14664],[8192, 14664],[8192, 14640],[8200, 14640],[8200, 14624],[8208, 14624],[8208, 14608],[8216, 14608],[8216, 14584],[8208, 14584],[8208, 14576],[8200, 14576],[8200, 14568],[8184, 14568],[8184, 14560],[8168, 14560],[8168, 14568],[8152, 14568],[8152, 14576],[8144, 14576],[8144, 14584],[8136, 14584],[8136, 14592],[8128, 14592],[8128, 14608],[8120, 14608],[8120, 14616],[8112, 14616]]]},"properties":{"objectType":"annotation","classification":{"name":"Ignore*","color":[180, 180, 180]}}},{"type":"Feature","id":"78bccb88-ded0-4fb0-84b3-3ea3a1284547","geometry":{"type":"Polygon","coordinates":[[[8496, 14592],[8496, 14632],[8504, 14632],[8504, 14656],[8512, 14656],[8512, 14664],[8520, 14664],[8520, 14672],[8528, 14672],[8528, 14680],[8536, 14680],[8536, 14688],[8544, 14688],[8544, 14696],[8552, 14696],[8552, 14704],[8560, 14704],[8560, 14712],[8576, 14712],[8576, 14720],[8600, 14720],[8600, 14712],[8608, 14712],[8608, 14696],[8616, 14696],[8616, 14640],[8624, 14640],[8624, 14624],[8632, 14624],[8632, 14616],[8640, 14616],[8640, 14584],[8616, 14584],[8616, 14576],[8600, 14576],[8600, 14568],[8520, 14568],[8520, 14576],[8504, 14576],[8504, 14592],[8496, 14592]]]},"properties":{"objectType":"annotation","classification":{"name":"Ignore*","color":[180, 180, 180]}}},{"type":"Feature","id":"04baf3b3-cfd1-41a0-90fb-d7d1f8205183","geometry":{"type":"Polygon","coordinates":[[[8848, 14688],[8848, 14704],[8856, 14704],[8856, 14720],[8864, 14720],[8864, 14728],[8880, 14728],[8880, 14736],[8904, 14736],[8904, 14728],[8920, 14728],[8920, 14720],[8928, 14720],[8928, 14680],[8920, 14680],[8920, 14672],[8912, 14672],[8912, 14664],[8888, 14664],[8888, 14656],[8880, 14656],[8880, 14664],[8864, 14664],[8864, 14672],[8856, 14672],[8856, 14688],[8848, 14688]]]},"properties":{"objectType":"annotation","classification":{"name":"Ignore*","color":[180, 180, 180]}}},{"type":"Feature","id":"c22e050f-5e2f-4a0e-8955-c657c7fc52f1","geometry":{"type":"Polygon","coordinates":[[[5944, 15480],[5944, 15512],[5952, 15512],[5952, 15528],[5960, 15528],[5960, 15536],[5968, 15536],[5968, 15552],[5976, 15552],[5976, 15640],[5984, 15640],[5984, 15664],[5992, 15664],[5992, 15672],[6000, 15672],[6000, 15680],[6008, 15680],[6008, 15688],[6040, 15688],[6040, 15680],[6048, 15680],[6048, 15672],[6056, 15672],[6056, 15664],[6064, 15664],[6064, 15648],[6072, 15648],[6072, 15640],[6080, 15640],[6080, 15624],[6088, 15624],[6088, 15616],[6104, 15616],[6104, 15624],[6112, 15624],[6112, 15632],[6120, 15632],[6120, 15640],[6128, 15640],[6128, 15648],[6168, 15648],[6168, 15640],[6200, 15640],[6200, 15632],[6208, 15632],[6208, 15624],[6200, 15624],[6200, 15608],[6192, 15608],[6192, 15584],[6184, 15584],[6184, 15568],[6176, 15568],[6176, 15560],[6168, 15560],[6168, 15552],[6160, 15552],[6160, 15544],[6096, 15544],[6096, 15536],[6088, 15536],[6088, 15520],[6112, 15520],[6112, 15512],[6128, 15512],[6128, 15504],[6136, 15504],[6136, 15488],[6144, 15488],[6144, 15440],[6152, 15440],[6152, 15416],[6160, 15416],[6160, 15392],[6168, 15392],[6168, 15328],[6176, 15328],[6176, 15280],[6184, 15280],[6184, 15224],[6192, 15224],[6192, 15200],[6200, 15200],[6200, 15176],[6208, 15176],[6208, 15120],[6216, 15120],[6216, 15104],[6224, 15104],[6224, 15088],[6232, 15088],[6232, 15040],[6240, 15040],[6240, 15016],[6248, 15016],[6248, 14968],[6256, 14968],[6256, 14944],[6264, 14944],[6264, 14928],[6272, 14928],[6272, 14912],[6280, 14912],[6280, 14888],[6288, 14888],[6288, 14840],[6296, 14840],[6296, 14808],[6304, 14808],[6304, 14792],[6312, 14792],[6312, 14784],[6320, 14784],[6320, 14768],[6328, 14768],[6328, 14760],[6336, 14760],[6336, 14744],[6344, 14744],[6344, 14688],[6352, 14688],[6352, 14664],[6360, 14664],[6360, 14648],[6368, 14648],[6368, 14632],[6376, 14632],[6376, 14624],[6384, 14624],[6384, 14616],[6392, 14616],[6392, 14600],[6400, 14600],[6400, 14592],[6408, 14592],[6408, 14584],[6416, 14584],[6416, 14576],[6424, 14576],[6424, 14568],[6432, 14568],[6432, 14560],[6440, 14560],[6440, 14544],[6448, 14544],[6448, 14536],[6456, 14536],[6456, 14528],[6464, 14528],[6464, 14520],[6472, 14520],[6472, 14504],[6480, 14504],[6480, 14496],[6496, 14496],[6496, 14488],[6504, 14488],[6504, 14472],[6512, 14472],[6512, 14464],[6528, 14464],[6528, 14456],[6552, 14456],[6552, 14464],[6592, 14464],[6592, 14456],[6600, 14456],[6600, 14416],[6592, 14416],[6592, 14288],[6600, 14288],[6600, 14264],[6608, 14264],[6608, 14248],[6616, 14248],[6616, 14224],[6624, 14224],[6624, 14216],[6632, 14216],[6632, 14208],[6640, 14208],[6640, 14192],[6648, 14192],[6648, 14168],[6656, 14168],[6656, 14144],[6664, 14144],[6664, 14136],[6696, 14136],[6696, 14128],[6712, 14128],[6712, 14120],[6720, 14120],[6720, 14088],[6728, 14088],[6728, 14056],[6736, 14056],[6736, 14008],[6744, 14008],[6744, 13992],[6736, 13992],[6736, 13968],[6728, 13968],[6728, 13960],[6720, 13960],[6720, 13944],[6704, 13944],[6704, 13936],[6696, 13936],[6696, 13944],[6680, 13944],[6680, 13952],[6672, 13952],[6672, 13960],[6664, 13960],[6664, 13968],[6656, 13968],[6656, 13984],[6648, 13984],[6648, 14008],[6640, 14008],[6640, 14024],[6632, 14024],[6632, 14040],[6624, 14040],[6624, 14064],[6616, 14064],[6616, 14080],[6608, 14080],[6608, 14096],[6600, 14096],[6600, 14120],[6592, 14120],[6592, 14136],[6584, 14136],[6584, 14144],[6576, 14144],[6576, 14152],[6568, 14152],[6568, 14160],[6560, 14160],[6560, 14176],[6552, 14176],[6552, 14192],[6544, 14192],[6544, 14216],[6536, 14216],[6536, 14232],[6528, 14232],[6528, 14248],[6520, 14248],[6520, 14264],[6512, 14264],[6512, 14272],[6504, 14272],[6504, 14280],[6496, 14280],[6496, 14288],[6488, 14288],[6488, 14304],[6480, 14304],[6480, 14312],[6472, 14312],[6472, 14328],[6464, 14328],[6464, 14336],[6456, 14336],[6456, 14344],[6448, 14344],[6448, 14352],[6432, 14352],[6432, 14360],[6424, 14360],[6424, 14368],[6416, 14368],[6416, 14376],[6400, 14376],[6400, 14384],[6384, 14384],[6384, 14392],[6360, 14392],[6360, 14400],[6344, 14400],[6344, 14408],[6328, 14408],[6328, 14448],[6336, 14448],[6336, 14464],[6344, 14464],[6344, 14472],[6360, 14472],[6360, 14480],[6376, 14480],[6376, 14472],[6400, 14472],[6400, 14496],[6392, 14496],[6392, 14504],[6384, 14504],[6384, 14512],[6376, 14512],[6376, 14520],[6368, 14520],[6368, 14528],[6360, 14528],[6360, 14536],[6344, 14536],[6344, 14544],[6336, 14544],[6336, 14552],[6328, 14552],[6328, 14560],[6320, 14560],[6320, 14568],[6312, 14568],[6312, 14576],[6304, 14576],[6304, 14584],[6296, 14584],[6296, 14600],[6288, 14600],[6288, 14616],[6280, 14616],[6280, 14632],[6272, 14632],[6272, 14640],[6264, 14640],[6264, 14656],[6256, 14656],[6256, 14664],[6248, 14664],[6248, 14672],[6240, 14672],[6240, 14680],[6232, 14680],[6232, 14688],[6224, 14688],[6224, 14696],[6216, 14696],[6216, 14712],[6208, 14712],[6208, 14728],[6200, 14728],[6200, 14752],[6192, 14752],[6192, 14760],[6184, 14760],[6184, 14768],[6176, 14768],[6176, 14776],[6152, 14776],[6152, 14784],[6136, 14784],[6136, 14792],[6128, 14792],[6128, 14800],[6120, 14800],[6120, 14816],[6128, 14816],[6128, 14832],[6136, 14832],[6136, 14840],[6152, 14840],[6152, 14832],[6176, 14832],[6176, 14824],[6200, 14824],[6200, 14840],[6208, 14840],[6208, 14848],[6216, 14848],[6216, 14864],[6224, 14864],[6224, 14920],[6216, 14920],[6216, 14960],[6208, 14960],[6208, 14976],[6200, 14976],[6200, 14992],[6192, 14992],[6192, 15008],[6184, 15008],[6184, 15016],[6176, 15016],[6176, 15032],[6168, 15032],[6168, 15048],[6160, 15048],[6160, 15064],[6152, 15064],[6152, 15080],[6144, 15080],[6144, 15096],[6136, 15096],[6136, 15112],[6128, 15112],[6128, 15120],[6120, 15120],[6120, 15136],[6112, 15136],[6112, 15168],[6120, 15168],[6120, 15200],[6112, 15200],[6112, 15216],[6104, 15216],[6104, 15296],[6096, 15296],[6096, 15312],[6088, 15312],[6088, 15368],[6096, 15368],[6096, 15376],[6088, 15376],[6088, 15416],[6080, 15416],[6080, 15440],[6088, 15440],[6088, 15496],[6048, 15496],[6048, 15488],[6040, 15488],[6040, 15472],[6032, 15472],[6032, 15464],[6024, 15464],[6024, 15456],[5968, 15456],[5968, 15464],[5952, 15464],[5952, 15480],[5944, 15480]]]},"properties":{"objectType":"annotation","classification":{"name":"Ignore*","color":[180, 180, 180]}}},{"type":"Feature","id":"24186d31-7d06-489d-830b-44739e06c141","geometry":{"type":"Polygon","coordinates":[[[3616, 14880],[3616, 14936],[3624, 14936],[3624, 14960],[3632, 14960],[3632, 14968],[3640, 14968],[3640, 14976],[3656, 14976],[3656, 14984],[3672, 14984],[3672, 14976],[3680, 14976],[3680, 14968],[3688, 14968],[3688, 14952],[3696, 14952],[3696, 14936],[3704, 14936],[3704, 14920],[3712, 14920],[3712, 14904],[3720, 14904],[3720, 14896],[3728, 14896],[3728, 14872],[3736, 14872],[3736, 14840],[3744, 14840],[3744, 14824],[3752, 14824],[3752, 14808],[3760, 14808],[3760, 14784],[3768, 14784],[3768, 14776],[3760, 14776],[3760, 14760],[3752, 14760],[3752, 14752],[3744, 14752],[3744, 14744],[3712, 14744],[3712, 14752],[3696, 14752],[3696, 14768],[3688, 14768],[3688, 14792],[3680, 14792],[3680, 14816],[3672, 14816],[3672, 14832],[3664, 14832],[3664, 14848],[3656, 14848],[3656, 14856],[3640, 14856],[3640, 14864],[3632, 14864],[3632, 14872],[3624, 14872],[3624, 14880],[3616, 14880]]]},"properties":{"objectType":"annotation","classification":{"name":"Ignore*","color":[180, 180, 180]}}},{"type":"Feature","id":"6a1523c3-83a8-474b-b861-523225ebf0fd","geometry":{"type":"Polygon","coordinates":[[[6416, 14944],[6416, 14984],[6424, 14984],[6424, 14992],[6488, 14992],[6488, 14984],[6504, 14984],[6504, 14968],[6512, 14968],[6512, 14960],[6520, 14960],[6520, 14952],[6528, 14952],[6528, 14944],[6536, 14944],[6536, 14936],[6552, 14936],[6552, 14928],[6568, 14928],[6568, 14920],[6576, 14920],[6576, 14912],[6600, 14912],[6600, 14904],[6624, 14904],[6624, 14896],[6640, 14896],[6640, 14888],[6648, 14888],[6648, 14880],[6664, 14880],[6664, 14872],[6672, 14872],[6672, 14856],[6680, 14856],[6680, 14840],[6688, 14840],[6688, 14816],[6680, 14816],[6680, 14792],[6672, 14792],[6672, 14776],[6664, 14776],[6664, 14768],[6656, 14768],[6656, 14760],[6648, 14760],[6648, 14752],[6624, 14752],[6624, 14760],[6568, 14760],[6568, 14768],[6552, 14768],[6552, 14776],[6544, 14776],[6544, 14784],[6536, 14784],[6536, 14792],[6528, 14792],[6528, 14808],[6520, 14808],[6520, 14816],[6512, 14816],[6512, 14824],[6504, 14824],[6504, 14832],[6496, 14832],[6496, 14840],[6488, 14840],[6488, 14856],[6480, 14856],[6480, 14864],[6464, 14864],[6464, 14872],[6456, 14872],[6456, 14880],[6448, 14880],[6448, 14888],[6440, 14888],[6440, 14896],[6432, 14896],[6432, 14912],[6424, 14912],[6424, 14944],[6416, 14944]]]},"properties":{"objectType":"annotation","classification":{"name":"Ignore*","color":[180, 180, 180]}}},{"type":"Feature","id":"3ae30985-eb3b-465b-95df-dd778b977ad8","geometry":{"type":"Polygon","coordinates":[[[9152, 14880],[9152, 14952],[9160, 14952],[9160, 14960],[9168, 14960],[9168, 14968],[9192, 14968],[9192, 14976],[9232, 14976],[9232, 14968],[9240, 14968],[9240, 14960],[9248, 14960],[9248, 14864],[9240, 14864],[9240, 14856],[9224, 14856],[9224, 14848],[9200, 14848],[9200, 14856],[9184, 14856],[9184, 14864],[9168, 14864],[9168, 14872],[9160, 14872],[9160, 14880],[9152, 14880]]]},"properties":{"objectType":"annotation","classification":{"name":"Ignore*","color":[180, 180, 180]}}},{"type":"Feature","id":"731dea31-274e-4aa8-8562-e8bd4d8a1ac0","geometry":{"type":"Polygon","coordinates":[[[3872, 14944],[3872, 14968],[3960, 14968],[3960, 14976],[3976, 14976],[3976, 14984],[4008, 14984],[4008, 14976],[4016, 14976],[4016, 14912],[4008, 14912],[4008, 14904],[4000, 14904],[4000, 14888],[3992, 14888],[3992, 14864],[3984, 14864],[3984, 14848],[3952, 14848],[3952, 14856],[3944, 14856],[3944, 14864],[3936, 14864],[3936, 14872],[3920, 14872],[3920, 14880],[3912, 14880],[3912, 14888],[3904, 14888],[3904, 14896],[3896, 14896],[3896, 14912],[3888, 14912],[3888, 14928],[3880, 14928],[3880, 14944],[3872, 14944]]]},"properties":{"objectType":"annotation","classification":{"name":"Ignore*","color":[180, 180, 180]}}},{"type":"Feature","id":"d348c343-7db4-4655-bf0f-5ec8a6630cf4","geometry":{"type":"Polygon","coordinates":[[[3560, 14976],[3560, 15000],[3592, 15000],[3592, 14992],[3600, 14992],[3600, 14984],[3608, 14984],[3608, 14968],[3600, 14968],[3600, 14960],[3568, 14960],[3568, 14976],[3560, 14976]]]},"properties":{"objectType":"annotation","classification":{"name":"Ignore*","color":[180, 180, 180]}}},{"type":"Feature","id":"459f7f9b-1a5e-4b05-8979-9704e055c28b","geometry":{"type":"Polygon","coordinates":[[[6552, 15016],[6552, 15040],[6560, 15040],[6560, 15056],[6568, 15056],[6568, 15040],[6576, 15040],[6576, 15000],[6560, 15000],[6560, 15016],[6552, 15016]]]},"properties":{"objectType":"annotation","classification":{"name":"Ignore*","color":[180, 180, 180]}}},{"type":"Feature","id":"cad8bdb2-84d9-4cf7-a43a-863b1566ca69","geometry":{"type":"Polygon","coordinates":[[[3496, 15032],[3496, 15064],[3504, 15064],[3504, 15072],[3536, 15072],[3536, 15064],[3544, 15064],[3544, 15048],[3552, 15048],[3552, 15024],[3544, 15024],[3544, 15016],[3504, 15016],[3504, 15032],[3496, 15032]]]},"properties":{"objectType":"annotation","classification":{"name":"Ignore*","color":[180, 180, 180]}}},{"type":"Feature","id":"f9260725-5243-4ed9-aba3-0bf79ede5448","geometry":{"type":"Polygon","coordinates":[[[4032, 15024],[4032, 15056],[4040, 15056],[4040, 15072],[4072, 15072],[4072, 15064],[4080, 15064],[4080, 15048],[4072, 15048],[4072, 15032],[4064, 15032],[4064, 15024],[4032, 15024]]]},"properties":{"objectType":"annotation","classification":{"name":"Ignore*","color":[180, 180, 180]}}},{"type":"Feature","id":"be4a1b2f-6eca-4867-b138-d5e27968fb69","geometry":{"type":"Polygon","coordinates":[[[6640, 15072],[6640, 15088],[6648, 15088],[6648, 15096],[6656, 15096],[6656, 15088],[6664, 15088],[6664, 15080],[6672, 15080],[6672, 15056],[6648, 15056],[6648, 15072],[6640, 15072]]]},"properties":{"objectType":"annotation","classification":{"name":"Ignore*","color":[180, 180, 180]}}},{"type":"Feature","id":"6e501569-b6c4-40e3-86e3-ef943b4b1bbd","geometry":{"type":"Polygon","coordinates":[[[8064, 14976],[8064, 14992],[8080, 14992],[8080, 15120],[8088, 15120],[8088, 15136],[8096, 15136],[8096, 15144],[8120, 15144],[8120, 15136],[8128, 15136],[8128, 15128],[8152, 15128],[8152, 15136],[8160, 15136],[8160, 15144],[8168, 15144],[8168, 15152],[8216, 15152],[8216, 15144],[8240, 15144],[8240, 15136],[8248, 15136],[8248, 15128],[8256, 15128],[8256, 15088],[8248, 15088],[8248, 15064],[8240, 15064],[8240, 15056],[8224, 15056],[8224, 15048],[8184, 15048],[8184, 15040],[8160, 15040],[8160, 15032],[8152, 15032],[8152, 15016],[8144, 15016],[8144, 15008],[8136, 15008],[8136, 15000],[8120, 15000],[8120, 14992],[8112, 14992],[8112, 14984],[8096, 14984],[8096, 14976],[8064, 14976]]]},"properties":{"objectType":"annotation","classification":{"name":"Ignore*","color":[180, 180, 180]}}},{"type":"Feature","id":"7fa1d776-499c-479f-b773-ec5ec1623182","geometry":{"type":"Polygon","coordinates":[[[8080, 15312],[8080, 15352],[8104, 15352],[8104, 15344],[8112, 15344],[8112, 15320],[8104, 15320],[8104, 15312],[8080, 15312]]]},"properties":{"objectType":"annotation","classification":{"name":"Ignore*","color":[180, 180, 180]}}},{"type":"Feature","id":"a1369cd7-2e55-4ffb-85d6-f14d9bddc46d","geometry":{"type":"Polygon","coordinates":[[[3336, 15344],[3336, 15424],[3344, 15424],[3344, 15432],[3384, 15432],[3384, 15424],[3392, 15424],[3392, 15416],[3400, 15416],[3400, 15408],[3408, 15408],[3408, 15392],[3416, 15392],[3416, 15384],[3432, 15384],[3432, 15368],[3440, 15368],[3440, 15352],[3448, 15352],[3448, 15336],[3440, 15336],[3440, 15320],[3432, 15320],[3432, 15304],[3416, 15304],[3416, 15296],[3392, 15296],[3392, 15304],[3368, 15304],[3368, 15312],[3352, 15312],[3352, 15328],[3344, 15328],[3344, 15344],[3336, 15344]]]},"properties":{"objectType":"annotation","classification":{"name":"Ignore*","color":[180, 180, 180]}}},{"type":"Feature","id":"f58e8967-fe72-434f-bbca-cbd7cfdcea5a","geometry":{"type":"Polygon","coordinates":[[[2888, 15392],[2888, 15400],[2904, 15400],[2904, 15392],[2920, 15392],[2920, 15384],[2928, 15384],[2928, 15376],[2904, 15376],[2904, 15384],[2896, 15384],[2896, 15392],[2888, 15392]]]},"properties":{"objectType":"annotation","classification":{"name":"Ignore*","color":[180, 180, 180]}}},{"type":"Feature","id":"8517a871-3787-4ff2-90d8-07767cc213f9","geometry":{"type":"Polygon","coordinates":[[[4408, 15440],[4408, 15472],[4416, 15472],[4416, 15480],[4424, 15480],[4424, 15488],[4432, 15488],[4432, 15480],[4440, 15480],[4440, 15472],[4448, 15472],[4448, 15456],[4456, 15456],[4456, 15424],[4440, 15424],[4440, 15416],[4432, 15416],[4432, 15424],[4416, 15424],[4416, 15440],[4408, 15440]]]},"properties":{"objectType":"annotation","classification":{"name":"Ignore*","color":[180, 180, 180]}}},{"type":"Feature","id":"ccd6c4dd-717e-47d2-9e1d-2637c98f1977","geometry":{"type":"Polygon","coordinates":[[[5632, 15536],[5632, 15544],[5640, 15544],[5640, 15536],[5632, 15536]]]},"properties":{"objectType":"annotation","classification":{"name":"Ignore*","color":[180, 180, 180]}}},{"type":"Feature","id":"a3988acf-9a45-446c-9b3a-3ecdeb092bfb","geometry":{"type":"Polygon","coordinates":[[[3816, 15600],[3816, 15608],[3824, 15608],[3824, 15624],[3832, 15624],[3832, 15632],[3840, 15632],[3840, 15640],[3864, 15640],[3864, 15632],[3880, 15632],[3880, 15624],[3888, 15624],[3888, 15608],[3896, 15608],[3896, 15560],[3888, 15560],[3888, 15552],[3880, 15552],[3880, 15544],[3856, 15544],[3856, 15552],[3840, 15552],[3840, 15560],[3832, 15560],[3832, 15568],[3824, 15568],[3824, 15600],[3816, 15600]]]},"properties":{"objectType":"annotation","classification":{"name":"Ignore*","color":[180, 180, 180]}}},{"type":"Feature","id":"b393237f-3fb3-42fa-a1f7-124b6be17192","geometry":{"type":"Polygon","coordinates":[[[9192, 15576],[9192, 15616],[9200, 15616],[9200, 15624],[9240, 15624],[9240, 15616],[9248, 15616],[9248, 15592],[9240, 15592],[9240, 15576],[9232, 15576],[9232, 15568],[9200, 15568],[9200, 15576],[9192, 15576]]]},"properties":{"objectType":"annotation","classification":{"name":"Ignore*","color":[180, 180, 180]}}},{"type":"Feature","id":"fa137579-5e17-4b2d-ad8a-9a51e05fd6c1","geometry":{"type":"Polygon","coordinates":[[[8408, 15712],[8408, 15768],[8416, 15768],[8416, 15784],[8456, 15784],[8456, 15776],[8464, 15776],[8464, 15768],[8472, 15768],[8472, 15760],[8480, 15760],[8480, 15752],[8496, 15752],[8496, 15744],[8504, 15744],[8504, 15736],[8512, 15736],[8512, 15728],[8520, 15728],[8520, 15720],[8536, 15720],[8536, 15712],[8544, 15712],[8544, 15704],[8552, 15704],[8552, 15696],[8560, 15696],[8560, 15688],[8568, 15688],[8568, 15664],[8560, 15664],[8560, 15648],[8552, 15648],[8552, 15640],[8544, 15640],[8544, 15632],[8512, 15632],[8512, 15640],[8496, 15640],[8496, 15648],[8480, 15648],[8480, 15656],[8464, 15656],[8464, 15664],[8456, 15664],[8456, 15672],[8448, 15672],[8448, 15680],[8440, 15680],[8440, 15688],[8432, 15688],[8432, 15696],[8424, 15696],[8424, 15704],[8416, 15704],[8416, 15712],[8408, 15712]]]},"properties":{"objectType":"annotation","classification":{"name":"Ignore*","color":[180, 180, 180]}}},{"type":"Feature","id":"5e822403-1c0d-4e11-8908-05287eb13c39","geometry":{"type":"Polygon","coordinates":[[[4288, 15608],[4288, 15640],[4296, 15640],[4296, 15648],[4304, 15648],[4304, 15656],[4312, 15656],[4312, 15672],[4320, 15672],[4320, 15816],[4328, 15816],[4328, 15840],[4368, 15840],[4368, 15848],[4384, 15848],[4384, 15856],[4400, 15856],[4400, 15864],[4408, 15864],[4408, 15872],[4424, 15872],[4424, 15880],[4440, 15880],[4440, 15872],[4448, 15872],[4448, 15864],[4456, 15864],[4456, 15856],[4464, 15856],[4464, 15816],[4456, 15816],[4456, 15808],[4448, 15808],[4448, 15800],[4432, 15800],[4432, 15792],[4408, 15792],[4408, 15800],[4376, 15800],[4376, 15776],[4368, 15776],[4368, 15728],[4376, 15728],[4376, 15696],[4384, 15696],[4384, 15680],[4416, 15680],[4416, 15640],[4408, 15640],[4408, 15624],[4360, 15624],[4360, 15568],[4304, 15568],[4304, 15584],[4296, 15584],[4296, 15608],[4288, 15608]]]},"properties":{"objectType":"annotation","classification":{"name":"Ignore*","color":[180, 180, 180]}}},{"type":"Feature","id":"ef821210-bf62-4bf1-8419-f0f4ba5979e1","geometry":{"type":"Polygon","coordinates":[[[5536, 15672],[5536, 15688],[5544, 15688],[5544, 15696],[5552, 15696],[5552, 15712],[5560, 15712],[5560, 15760],[5568, 15760],[5568, 15776],[5576, 15776],[5576, 15784],[5592, 15784],[5592, 15792],[5608, 15792],[5608, 15784],[5624, 15784],[5624, 15744],[5616, 15744],[5616, 15728],[5608, 15728],[5608, 15688],[5600, 15688],[5600, 15672],[5584, 15672],[5584, 15664],[5544, 15664],[5544, 15672],[5536, 15672]]]},"properties":{"objectType":"annotation","classification":{"name":"Ignore*","color":[180, 180, 180]}}},{"type":"Feature","id":"571aa1b6-c367-46aa-acf7-61740aa09813","geometry":{"type":"Polygon","coordinates":[[[3736, 15736],[3736, 15792],[3744, 15792],[3744, 15800],[3752, 15800],[3752, 15808],[3776, 15808],[3776, 15800],[3784, 15800],[3784, 15792],[3792, 15792],[3792, 15744],[3784, 15744],[3784, 15728],[3768, 15728],[3768, 15720],[3752, 15720],[3752, 15728],[3744, 15728],[3744, 15736],[3736, 15736]]]},"properties":{"objectType":"annotation","classification":{"name":"Ignore*","color":[180, 180, 180]}}},{"type":"Feature","id":"ae010591-4a82-45e8-84c7-54477d75d39b","geometry":{"type":"Polygon","coordinates":[[[5848, 15808],[5848, 15832],[5864, 15832],[5864, 15808],[5848, 15808]]]},"properties":{"objectType":"annotation","classification":{"name":"Ignore*","color":[180, 180, 180]}}},{"type":"Feature","id":"99298870-f6f1-4a70-b192-b6ade8a05d81","geometry":{"type":"Polygon","coordinates":[[[8080, 15808],[8080, 15824],[8088, 15824],[8088, 15840],[8096, 15840],[8096, 15848],[8104, 15848],[8104, 15856],[8128, 15856],[8128, 15864],[8144, 15864],[8144, 15872],[8176, 15872],[8176, 15864],[8184, 15864],[8184, 15832],[8176, 15832],[8176, 15824],[8160, 15824],[8160, 15816],[8144, 15816],[8144, 15808],[8128, 15808],[8128, 15800],[8088, 15800],[8088, 15808],[8080, 15808]]]},"properties":{"objectType":"annotation","classification":{"name":"Ignore*","color":[180, 180, 180]}}},{"type":"Feature","id":"c3ac42d4-97d4-4b35-a209-7d415b641d23","geometry":{"type":"Polygon","coordinates":[[[3040, 15904],[3040, 15912],[3048, 15912],[3048, 15920],[3056, 15920],[3056, 15928],[3064, 15928],[3064, 15936],[3072, 15936],[3072, 15944],[3080, 15944],[3080, 15952],[3088, 15952],[3088, 15960],[3096, 15960],[3096, 15976],[3112, 15976],[3112, 15984],[3120, 15984],[3120, 15976],[3136, 15976],[3136, 15984],[3160, 15984],[3160, 15992],[3168, 15992],[3168, 16000],[3184, 16000],[3184, 15992],[3232, 15992],[3232, 16000],[3248, 16000],[3248, 16008],[3256, 16008],[3256, 16016],[3264, 16016],[3264, 16024],[3280, 16024],[3280, 16032],[3288, 16032],[3288, 16040],[3304, 16040],[3304, 16048],[3312, 16048],[3312, 16056],[3320, 16056],[3320, 16064],[3336, 16064],[3336, 16072],[3344, 16072],[3344, 16080],[3352, 16080],[3352, 16088],[3360, 16088],[3360, 16096],[3368, 16096],[3368, 16104],[3376, 16104],[3376, 16112],[3384, 16112],[3384, 16120],[3392, 16120],[3392, 16128],[3416, 16128],[3416, 16120],[3424, 16120],[3424, 16072],[3416, 16072],[3416, 16040],[3408, 16040],[3408, 16016],[3400, 16016],[3400, 16008],[3392, 16008],[3392, 16000],[3384, 16000],[3384, 15992],[3376, 15992],[3376, 15976],[3368, 15976],[3368, 15968],[3360, 15968],[3360, 15952],[3352, 15952],[3352, 15936],[3344, 15936],[3344, 15928],[3336, 15928],[3336, 15920],[3312, 15920],[3312, 15912],[3304, 15912],[3304, 15904],[3288, 15904],[3288, 15896],[3280, 15896],[3280, 15888],[3272, 15888],[3272, 15880],[3264, 15880],[3264, 15872],[3256, 15872],[3256, 15864],[3128, 15864],[3128, 15872],[3120, 15872],[3120, 15864],[3096, 15864],[3096, 15856],[3072, 15856],[3072, 15864],[3064, 15864],[3064, 15872],[3056, 15872],[3056, 15888],[3048, 15888],[3048, 15904],[3040, 15904]]]},"properties":{"objectType":"annotation","classification":{"name":"Ignore*","color":[180, 180, 180]}}},{"type":"Feature","id":"3039153c-7350-4c18-8bbe-c7203afd2c88","geometry":{"type":"Polygon","coordinates":[[[5416, 15944],[5416, 15984],[5424, 15984],[5424, 15992],[5440, 15992],[5440, 16000],[5504, 16000],[5504, 15992],[5520, 15992],[5520, 15976],[5528, 15976],[5528, 15968],[5520, 15968],[5520, 15952],[5512, 15952],[5512, 15944],[5504, 15944],[5504, 15936],[5488, 15936],[5488, 15928],[5440, 15928],[5440, 15936],[5424, 15936],[5424, 15944],[5416, 15944]]]},"properties":{"objectType":"annotation","classification":{"name":"Ignore*","color":[180, 180, 180]}}},{"type":"Feature","id":"b2b945d5-ac5e-42e5-ac00-87956107987e","geometry":{"type":"Polygon","coordinates":[[[5560, 15944],[5560, 15992],[5568, 15992],[5568, 16000],[5576, 16000],[5576, 16008],[5592, 16008],[5592, 16016],[5600, 16016],[5600, 16048],[5608, 16048],[5608, 16056],[5616, 16056],[5616, 16064],[5624, 16064],[5624, 16072],[5632, 16072],[5632, 16080],[5640, 16080],[5640, 16088],[5648, 16088],[5648, 16096],[5656, 16096],[5656, 16104],[5672, 16104],[5672, 16112],[5720, 16112],[5720, 16104],[5736, 16104],[5736, 16096],[5744, 16096],[5744, 16088],[5760, 16088],[5760, 16072],[5768, 16072],[5768, 16056],[5760, 16056],[5760, 16048],[5744, 16048],[5744, 16040],[5736, 16040],[5736, 16016],[5752, 16016],[5752, 16008],[5768, 16008],[5768, 16000],[5784, 16000],[5784, 15992],[5800, 15992],[5800, 15984],[5808, 15984],[5808, 15960],[5800, 15960],[5800, 15944],[5792, 15944],[5792, 15936],[5776, 15936],[5776, 15928],[5760, 15928],[5760, 15920],[5752, 15920],[5752, 15912],[5736, 15912],[5736, 15920],[5728, 15920],[5728, 15928],[5648, 15928],[5648, 15936],[5640, 15936],[5640, 15944],[5632, 15944],[5632, 15952],[5616, 15952],[5616, 15944],[5600, 15944],[5600, 15936],[5568, 15936],[5568, 15944],[5560, 15944]]]},"properties":{"objectType":"annotation","classification":{"name":"Ignore*","color":[180, 180, 180]}}},{"type":"Feature","id":"b281a56a-9454-421c-8a7e-dffd2a6c11dc","geometry":{"type":"Polygon","coordinates":[[[7824, 16112],[7824, 16144],[7832, 16144],[7832, 16168],[7840, 16168],[7840, 16184],[7880, 16184],[7880, 16192],[7888, 16192],[7888, 16200],[7896, 16200],[7896, 16216],[7904, 16216],[7904, 16224],[7912, 16224],[7912, 16232],[7920, 16232],[7920, 16224],[7928, 16224],[7928, 16168],[7936, 16168],[7936, 16136],[7944, 16136],[7944, 16120],[7952, 16120],[7952, 16048],[7960, 16048],[7960, 16000],[7968, 16000],[7968, 15976],[7976, 15976],[7976, 15952],[7984, 15952],[7984, 15920],[7992, 15920],[7992, 15864],[7984, 15864],[7984, 15856],[7976, 15856],[7976, 15848],[7912, 15848],[7912, 15840],[7904, 15840],[7904, 15832],[7896, 15832],[7896, 15824],[7888, 15824],[7888, 15808],[7880, 15808],[7880, 15800],[7872, 15800],[7872, 15824],[7880, 15824],[7880, 15840],[7872, 15840],[7872, 15856],[7864, 15856],[7864, 15864],[7856, 15864],[7856, 15872],[7848, 15872],[7848, 15880],[7840, 15880],[7840, 15896],[7832, 15896],[7832, 15936],[7840, 15936],[7840, 15952],[7848, 15952],[7848, 15968],[7856, 15968],[7856, 15984],[7864, 15984],[7864, 16000],[7872, 16000],[7872, 16040],[7864, 16040],[7864, 16056],[7856, 16056],[7856, 16080],[7848, 16080],[7848, 16096],[7840, 16096],[7840, 16104],[7832, 16104],[7832, 16112],[7824, 16112]]]},"properties":{"objectType":"annotation","classification":{"name":"Ignore*","color":[180, 180, 180]}}},{"type":"Feature","id":"e0f97a31-5a38-43b0-aadb-7a48e7cb5313","geometry":{"type":"Polygon","coordinates":[[[7976, 16088],[7976, 16104],[7984, 16104],[7984, 16112],[7992, 16112],[7992, 16104],[8000, 16104],[8000, 16096],[8008, 16096],[8008, 16080],[8000, 16080],[8000, 16072],[7992, 16072],[7992, 16080],[7984, 16080],[7984, 16088],[7976, 16088]]]},"properties":{"objectType":"annotation","classification":{"name":"Ignore*","color":[180, 180, 180]}}},{"type":"Feature","id":"5db37d02-faac-40a2-96a7-6765e3aeb590","geometry":{"type":"Polygon","coordinates":[[[5384, 16080],[5384, 16104],[5392, 16104],[5392, 16120],[5400, 16120],[5400, 16128],[5408, 16128],[5408, 16144],[5416, 16144],[5416, 16152],[5440, 16152],[5440, 16144],[5448, 16144],[5448, 16136],[5456, 16136],[5456, 16128],[5464, 16128],[5464, 16120],[5472, 16120],[5472, 16088],[5464, 16088],[5464, 16072],[5448, 16072],[5448, 16064],[5400, 16064],[5400, 16072],[5392, 16072],[5392, 16080],[5384, 16080]]]},"properties":{"objectType":"annotation","classification":{"name":"Ignore*","color":[180, 180, 180]}}},{"type":"Feature","id":"0551c181-5fae-4a28-95b6-e913c105e2cd","geometry":{"type":"Polygon","coordinates":[[[4776, 16040],[4776, 16064],[4784, 16064],[4784, 16088],[4792, 16088],[4792, 16104],[4800, 16104],[4800, 16112],[4808, 16112],[4808, 16128],[4816, 16128],[4816, 16232],[4824, 16232],[4824, 16256],[4832, 16256],[4832, 16264],[4840, 16264],[4840, 16272],[4872, 16272],[4872, 16280],[4880, 16280],[4880, 16288],[4888, 16288],[4888, 16296],[4896, 16296],[4896, 16320],[4904, 16320],[4904, 16360],[4912, 16360],[4912, 16408],[4920, 16408],[4920, 16432],[4928, 16432],[4928, 16440],[4936, 16440],[4936, 16448],[4944, 16448],[4944, 16456],[4952, 16456],[4952, 16448],[4960, 16448],[4960, 16440],[4968, 16440],[4968, 16432],[4976, 16432],[4976, 16416],[4968, 16416],[4968, 16400],[4960, 16400],[4960, 16384],[4952, 16384],[4952, 16368],[4944, 16368],[4944, 16360],[4936, 16360],[4936, 16336],[4928, 16336],[4928, 16320],[4920, 16320],[4920, 16304],[4912, 16304],[4912, 16296],[4904, 16296],[4904, 16272],[4896, 16272],[4896, 16232],[4888, 16232],[4888, 16192],[4880, 16192],[4880, 16160],[4872, 16160],[4872, 16128],[4864, 16128],[4864, 16072],[4872, 16072],[4872, 16032],[4864, 16032],[4864, 16024],[4856, 16024],[4856, 16016],[4848, 16016],[4848, 16008],[4840, 16008],[4840, 16000],[4800, 16000],[4800, 16008],[4792, 16008],[4792, 16016],[4784, 16016],[4784, 16040],[4776, 16040]]]},"properties":{"objectType":"annotation","classification":{"name":"Ignore*","color":[180, 180, 180]}}},{"type":"Feature","id":"c6574f9e-fd24-4238-a38e-de24d3067666","geometry":{"type":"Polygon","coordinates":[[[3688, 16160],[3688, 16216],[3696, 16216],[3696, 16232],[3704, 16232],[3704, 16240],[3712, 16240],[3712, 16248],[3752, 16248],[3752, 16240],[3760, 16240],[3760, 16232],[3768, 16232],[3768, 16168],[3760, 16168],[3760, 16152],[3752, 16152],[3752, 16144],[3744, 16144],[3744, 16136],[3720, 16136],[3720, 16144],[3704, 16144],[3704, 16152],[3696, 16152],[3696, 16160],[3688, 16160]]]},"properties":{"objectType":"annotation","classification":{"name":"Ignore*","color":[180, 180, 180]}}},{"type":"Feature","id":"3b0e5019-8f26-473a-935e-ee76d3fa915d","geometry":{"type":"Polygon","coordinates":[[[3472, 16208],[3472, 16256],[3480, 16256],[3480, 16264],[3488, 16264],[3488, 16272],[3496, 16272],[3496, 16280],[3512, 16280],[3512, 16272],[3528, 16272],[3528, 16256],[3536, 16256],[3536, 16208],[3528, 16208],[3528, 16200],[3520, 16200],[3520, 16192],[3496, 16192],[3496, 16200],[3480, 16200],[3480, 16208],[3472, 16208]]]},"properties":{"objectType":"annotation","classification":{"name":"Ignore*","color":[180, 180, 180]}}},{"type":"Feature","id":"ded0a258-37cd-44f0-b3c8-3aef7090428e","geometry":{"type":"Polygon","coordinates":[[[7864, 16312],[7864, 16344],[7904, 16344],[7904, 16336],[7912, 16336],[7912, 16328],[7920, 16328],[7920, 16320],[7928, 16320],[7928, 16296],[7920, 16296],[7920, 16288],[7912, 16288],[7912, 16296],[7880, 16296],[7880, 16304],[7872, 16304],[7872, 16312],[7864, 16312]]]},"properties":{"objectType":"annotation","classification":{"name":"Ignore*","color":[180, 180, 180]}}},{"type":"Feature","id":"f59ff604-7b53-4a92-9a19-7da57d0a955f","geometry":{"type":"Polygon","coordinates":[[[4040, 16352],[4040, 16408],[4048, 16408],[4048, 16416],[4072, 16416],[4072, 16424],[4096, 16424],[4096, 16432],[4120, 16432],[4120, 16424],[4128, 16424],[4128, 16416],[4136, 16416],[4136, 16408],[4144, 16408],[4144, 16392],[4152, 16392],[4152, 16376],[4160, 16376],[4160, 16344],[4168, 16344],[4168, 16328],[4160, 16328],[4160, 16312],[4152, 16312],[4152, 16304],[4144, 16304],[4144, 16296],[4088, 16296],[4088, 16304],[4080, 16304],[4080, 16312],[4072, 16312],[4072, 16320],[4064, 16320],[4064, 16328],[4056, 16328],[4056, 16336],[4048, 16336],[4048, 16352],[4040, 16352]]]},"properties":{"objectType":"annotation","classification":{"name":"Ignore*","color":[180, 180, 180]}}},{"type":"Feature","id":"ced331d9-e329-4f53-ae16-ccf714b75e95","geometry":{"type":"Polygon","coordinates":[[[7456, 16400],[7456, 16408],[7472, 16408],[7472, 16400],[7480, 16400],[7480, 16384],[7472, 16384],[7472, 16392],[7464, 16392],[7464, 16400],[7456, 16400]]]},"properties":{"objectType":"annotation","classification":{"name":"Ignore*","color":[180, 180, 180]}}},{"type":"Feature","id":"1fbdaba0-227e-4559-9e9b-8d3039569b58","geometry":{"type":"Polygon","coordinates":[[[7448, 16408],[7448, 16416],[7456, 16416],[7456, 16408],[7448, 16408]]]},"properties":{"objectType":"annotation","classification":{"name":"Ignore*","color":[180, 180, 180]}}},{"type":"Feature","id":"437c68e7-346c-421e-97e8-b6cd2d9af0cd","geometry":{"type":"Polygon","coordinates":[[[7432, 16424],[7432, 16432],[7448, 16432],[7448, 16416],[7440, 16416],[7440, 16424],[7432, 16424]]]},"properties":{"objectType":"annotation","classification":{"name":"Ignore*","color":[180, 180, 180]}}},{"type":"Feature","id":"9c4b72ff-b053-4f55-965c-8a5a2a924c81","geometry":{"type":"Polygon","coordinates":[[[3520, 16480],[3520, 16528],[3528, 16528],[3528, 16536],[3536, 16536],[3536, 16544],[3544, 16544],[3544, 16552],[3560, 16552],[3560, 16560],[3576, 16560],[3576, 16568],[3592, 16568],[3592, 16576],[3616, 16576],[3616, 16584],[3632, 16584],[3632, 16592],[3648, 16592],[3648, 16600],[3656, 16600],[3656, 16608],[3664, 16608],[3664, 16616],[3680, 16616],[3680, 16624],[3688, 16624],[3688, 16616],[3696, 16616],[3696, 16608],[3704, 16608],[3704, 16584],[3712, 16584],[3712, 16568],[3704, 16568],[3704, 16544],[3696, 16544],[3696, 16536],[3688, 16536],[3688, 16528],[3672, 16528],[3672, 16520],[3640, 16520],[3640, 16512],[3632, 16512],[3632, 16504],[3624, 16504],[3624, 16496],[3616, 16496],[3616, 16488],[3600, 16488],[3600, 16480],[3592, 16480],[3592, 16472],[3576, 16472],[3576, 16464],[3568, 16464],[3568, 16456],[3544, 16456],[3544, 16464],[3528, 16464],[3528, 16480],[3520, 16480]]]},"properties":{"objectType":"annotation","classification":{"name":"Ignore*","color":[180, 180, 180]}}},{"type":"Feature","id":"1bd5cf72-317d-412d-b3b0-a21c37f71c0b","geometry":{"type":"Polygon","coordinates":[[[4280, 16744],[4280, 16760],[4288, 16760],[4288, 16776],[4304, 16776],[4304, 16784],[4320, 16784],[4320, 16776],[4328, 16776],[4328, 16768],[4336, 16768],[4336, 16744],[4344, 16744],[4344, 16736],[4352, 16736],[4352, 16728],[4400, 16728],[4400, 16720],[4440, 16720],[4440, 16712],[4456, 16712],[4456, 16672],[4448, 16672],[4448, 16664],[4440, 16664],[4440, 16656],[4432, 16656],[4432, 16648],[4416, 16648],[4416, 16640],[4368, 16640],[4368, 16648],[4344, 16648],[4344, 16656],[4336, 16656],[4336, 16664],[4328, 16664],[4328, 16680],[4320, 16680],[4320, 16688],[4312, 16688],[4312, 16696],[4304, 16696],[4304, 16704],[4296, 16704],[4296, 16720],[4288, 16720],[4288, 16744],[4280, 16744]]]},"properties":{"objectType":"annotation","classification":{"name":"Ignore*","color":[180, 180, 180]}}},{"type":"Feature","id":"fd6acf38-f9c4-46d5-a6fd-c74beec4edbd","geometry":{"type":"Polygon","coordinates":[[[3080, 16664],[3080, 16704],[3088, 16704],[3088, 16712],[3096, 16712],[3096, 16720],[3104, 16720],[3104, 16728],[3112, 16728],[3112, 16736],[3120, 16736],[3120, 16744],[3128, 16744],[3128, 16752],[3136, 16752],[3136, 16768],[3144, 16768],[3144, 16792],[3152, 16792],[3152, 16800],[3160, 16800],[3160, 16808],[3168, 16808],[3168, 16824],[3176, 16824],[3176, 16832],[3192, 16832],[3192, 16840],[3208, 16840],[3208, 16848],[3232, 16848],[3232, 16840],[3248, 16840],[3248, 16832],[3256, 16832],[3256, 16824],[3272, 16824],[3272, 16816],[3280, 16816],[3280, 16808],[3288, 16808],[3288, 16792],[3296, 16792],[3296, 16768],[3288, 16768],[3288, 16760],[3272, 16760],[3272, 16752],[3240, 16752],[3240, 16744],[3216, 16744],[3216, 16736],[3208, 16736],[3208, 16720],[3200, 16720],[3200, 16704],[3208, 16704],[3208, 16616],[3200, 16616],[3200, 16600],[3184, 16600],[3184, 16592],[3168, 16592],[3168, 16600],[3160, 16600],[3160, 16608],[3152, 16608],[3152, 16624],[3144, 16624],[3144, 16632],[3136, 16632],[3136, 16640],[3112, 16640],[3112, 16648],[3096, 16648],[3096, 16656],[3088, 16656],[3088, 16664],[3080, 16664]]]},"properties":{"objectType":"annotation","classification":{"name":"Ignore*","color":[180, 180, 180]}}},{"type":"Feature","id":"c2efa136-a8a6-4861-9583-221905c14de8","geometry":{"type":"Polygon","coordinates":[[[6624, 16816],[6624, 16856],[6632, 16856],[6632, 16872],[6648, 16872],[6648, 16880],[6656, 16880],[6656, 16888],[6672, 16888],[6672, 16896],[6696, 16896],[6696, 16904],[6760, 16904],[6760, 16896],[6776, 16896],[6776, 16888],[6784, 16888],[6784, 16872],[6792, 16872],[6792, 16856],[6784, 16856],[6784, 16840],[6776, 16840],[6776, 16832],[6768, 16832],[6768, 16824],[6752, 16824],[6752, 16816],[6736, 16816],[6736, 16808],[6728, 16808],[6728, 16800],[6720, 16800],[6720, 16792],[6704, 16792],[6704, 16784],[6696, 16784],[6696, 16776],[6688, 16776],[6688, 16768],[6680, 16768],[6680, 16752],[6672, 16752],[6672, 16744],[6680, 16744],[6680, 16736],[6688, 16736],[6688, 16720],[6696, 16720],[6696, 16664],[6688, 16664],[6688, 16648],[6672, 16648],[6672, 16640],[6664, 16640],[6664, 16648],[6656, 16648],[6656, 16656],[6648, 16656],[6648, 16720],[6656, 16720],[6656, 16736],[6664, 16736],[6664, 16752],[6656, 16752],[6656, 16768],[6648, 16768],[6648, 16776],[6640, 16776],[6640, 16792],[6632, 16792],[6632, 16816],[6624, 16816]]]},"properties":{"objectType":"annotation","classification":{"name":"Ignore*","color":[180, 180, 180]}}},{"type":"Feature","id":"fb0c19f6-3b8b-4300-80bc-4cdf0c560bcf","geometry":{"type":"Polygon","coordinates":[[[3976, 16904],[3976, 16928],[3984, 16928],[3984, 16944],[4000, 16944],[4000, 16952],[4024, 16952],[4024, 16944],[4040, 16944],[4040, 16936],[4048, 16936],[4048, 16928],[4056, 16928],[4056, 16920],[4072, 16920],[4072, 16912],[4088, 16912],[4088, 16896],[4096, 16896],[4096, 16848],[4008, 16848],[4008, 16864],[4000, 16864],[4000, 16880],[3992, 16880],[3992, 16888],[3984, 16888],[3984, 16904],[3976, 16904]]]},"properties":{"objectType":"annotation","classification":{"name":"Ignore*","color":[180, 180, 180]}}},{"type":"Feature","id":"3adc6e50-0876-422b-9e8e-f98ebbfa7ff3","geometry":{"type":"Polygon","coordinates":[[[3216, 17016],[3216, 17072],[3224, 17072],[3224, 17080],[3232, 17080],[3232, 17088],[3248, 17088],[3248, 17096],[3280, 17096],[3280, 17104],[3312, 17104],[3312, 17096],[3328, 17096],[3328, 17088],[3336, 17088],[3336, 17064],[3344, 17064],[3344, 17016],[3336, 17016],[3336, 17000],[3328, 17000],[3328, 16984],[3248, 16984],[3248, 16992],[3232, 16992],[3232, 17000],[3224, 17000],[3224, 17016],[3216, 17016]]]},"properties":{"objectType":"annotation","classification":{"name":"Ignore*","color":[180, 180, 180]}}},{"type":"Feature","id":"f8825d90-0937-42f5-86c0-8908147e2c62","geometry":{"type":"Polygon","coordinates":[[[6736, 17080],[6736, 17096],[6744, 17096],[6744, 17104],[6760, 17104],[6760, 17088],[6752, 17088],[6752, 17080],[6736, 17080]]]},"properties":{"objectType":"annotation","classification":{"name":"Ignore*","color":[180, 180, 180]}}},{"type":"Feature","id":"90c2f77e-c034-44be-85c3-698e376b08f5","geometry":{"type":"Polygon","coordinates":[[[2656, 17128],[2656, 17136],[2664, 17136],[2664, 17152],[2672, 17152],[2672, 17160],[2680, 17160],[2680, 17168],[2688, 17168],[2688, 17176],[2696, 17176],[2696, 17192],[2704, 17192],[2704, 17200],[2712, 17200],[2712, 17216],[2720, 17216],[2720, 17232],[2728, 17232],[2728, 17240],[2736, 17240],[2736, 17248],[2752, 17248],[2752, 17256],[2768, 17256],[2768, 17264],[2792, 17264],[2792, 17272],[2904, 17272],[2904, 17264],[2920, 17264],[2920, 17256],[2936, 17256],[2936, 17248],[2960, 17248],[2960, 17240],[2976, 17240],[2976, 17232],[2992, 17232],[2992, 17224],[3008, 17224],[3008, 17216],[3016, 17216],[3016, 17208],[3024, 17208],[3024, 17200],[3032, 17200],[3032, 17192],[3040, 17192],[3040, 17184],[3032, 17184],[3032, 17176],[3024, 17176],[3024, 17168],[2992, 17168],[2992, 17160],[2944, 17160],[2944, 17168],[2928, 17168],[2928, 17176],[2904, 17176],[2904, 17184],[2848, 17184],[2848, 17176],[2824, 17176],[2824, 17168],[2792, 17168],[2792, 17160],[2776, 17160],[2776, 17152],[2768, 17152],[2768, 17144],[2760, 17144],[2760, 17136],[2752, 17136],[2752, 17128],[2736, 17128],[2736, 17120],[2712, 17120],[2712, 17112],[2664, 17112],[2664, 17128],[2656, 17128]]]},"properties":{"objectType":"annotation","classification":{"name":"Ignore*","color":[180, 180, 180]}}},{"type":"Feature","id":"0fd56f7c-815a-4abb-8b7f-e9593b94d845","geometry":{"type":"Polygon","coordinates":[[[6744, 17200],[6744, 17240],[6752, 17240],[6752, 17248],[6768, 17248],[6768, 17240],[6776, 17240],[6776, 17192],[6752, 17192],[6752, 17200],[6744, 17200]]]},"properties":{"objectType":"annotation","classification":{"name":"Ignore*","color":[180, 180, 180]}}},{"type":"Feature","id":"6fc6a1b5-f36f-4129-ae86-1dc3be7c1954","geometry":{"type":"Polygon","coordinates":[[[6224, 17248],[6224, 17272],[6232, 17272],[6232, 17280],[6240, 17280],[6240, 17288],[6248, 17288],[6248, 17296],[6256, 17296],[6256, 17304],[6272, 17304],[6272, 17312],[6304, 17312],[6304, 17304],[6336, 17304],[6336, 17296],[6344, 17296],[6344, 17288],[6352, 17288],[6352, 17280],[6360, 17280],[6360, 17272],[6368, 17272],[6368, 17264],[6376, 17264],[6376, 17256],[6384, 17256],[6384, 17248],[6392, 17248],[6392, 17240],[6400, 17240],[6400, 17232],[6408, 17232],[6408, 17216],[6416, 17216],[6416, 17192],[6424, 17192],[6424, 17184],[6416, 17184],[6416, 17168],[6384, 17168],[6384, 17176],[6368, 17176],[6368, 17184],[6360, 17184],[6360, 17192],[6352, 17192],[6352, 17200],[6344, 17200],[6344, 17208],[6336, 17208],[6336, 17216],[6320, 17216],[6320, 17224],[6304, 17224],[6304, 17232],[6240, 17232],[6240, 17240],[6232, 17240],[6232, 17248],[6224, 17248]]]},"properties":{"objectType":"annotation","classification":{"name":"Ignore*","color":[180, 180, 180]}}},{"type":"Feature","id":"b0604cb5-a7e8-4178-916b-e974926bd98d","geometry":{"type":"Polygon","coordinates":[[[5696, 17216],[5696, 17264],[5704, 17264],[5704, 17280],[5712, 17280],[5712, 17288],[5720, 17288],[5720, 17296],[5728, 17296],[5728, 17312],[5736, 17312],[5736, 17328],[5744, 17328],[5744, 17344],[5752, 17344],[5752, 17360],[5760, 17360],[5760, 17368],[5768, 17368],[5768, 17376],[5800, 17376],[5800, 17368],[5816, 17368],[5816, 17360],[5824, 17360],[5824, 17352],[5832, 17352],[5832, 17344],[5840, 17344],[5840, 17336],[5848, 17336],[5848, 17320],[5856, 17320],[5856, 17296],[5864, 17296],[5864, 17248],[5856, 17248],[5856, 17240],[5848, 17240],[5848, 17232],[5840, 17232],[5840, 17224],[5832, 17224],[5832, 17232],[5808, 17232],[5808, 17240],[5792, 17240],[5792, 17232],[5776, 17232],[5776, 17224],[5768, 17224],[5768, 17208],[5760, 17208],[5760, 17200],[5752, 17200],[5752, 17192],[5712, 17192],[5712, 17200],[5704, 17200],[5704, 17216],[5696, 17216]]]},"properties":{"objectType":"annotation","classification":{"name":"Ignore*","color":[180, 180, 180]}}},{"type":"Feature","id":"00df5b85-82d8-42e8-be28-d6bc5b05196f","geometry":{"type":"Polygon","coordinates":[[[6480, 17408],[6480, 17432],[6488, 17432],[6488, 17440],[6496, 17440],[6496, 17448],[6512, 17448],[6512, 17440],[6528, 17440],[6528, 17432],[6536, 17432],[6536, 17424],[6544, 17424],[6544, 17408],[6552, 17408],[6552, 17392],[6560, 17392],[6560, 17384],[6568, 17384],[6568, 17368],[6576, 17368],[6576, 17336],[6584, 17336],[6584, 17328],[6576, 17328],[6576, 17320],[6552, 17320],[6552, 17328],[6544, 17328],[6544, 17336],[6536, 17336],[6536, 17344],[6528, 17344],[6528, 17352],[6520, 17352],[6520, 17360],[6512, 17360],[6512, 17376],[6504, 17376],[6504, 17384],[6496, 17384],[6496, 17392],[6488, 17392],[6488, 17408],[6480, 17408]]]},"properties":{"objectType":"annotation","classification":{"name":"Ignore*","color":[180, 180, 180]}}},{"type":"Feature","id":"189df28b-d318-4200-b86b-b3a9f6bb2f1e","geometry":{"type":"Polygon","coordinates":[[[3568, 17392],[3568, 17480],[3576, 17480],[3576, 17488],[3584, 17488],[3584, 17496],[3592, 17496],[3592, 17504],[3608, 17504],[3608, 17512],[3624, 17512],[3624, 17520],[3632, 17520],[3632, 17512],[3640, 17512],[3640, 17504],[3648, 17504],[3648, 17448],[3656, 17448],[3656, 17432],[3648, 17432],[3648, 17408],[3640, 17408],[3640, 17392],[3632, 17392],[3632, 17376],[3624, 17376],[3624, 17368],[3592, 17368],[3592, 17376],[3584, 17376],[3584, 17384],[3576, 17384],[3576, 17392],[3568, 17392]]]},"properties":{"objectType":"annotation","classification":{"name":"Ignore*","color":[180, 180, 180]}}},{"type":"Feature","id":"9314325a-4e55-4892-a3e1-8fb154b63685","geometry":{"type":"Polygon","coordinates":[[[6968, 17448],[6968, 17472],[6992, 17472],[6992, 17480],[7024, 17480],[7024, 17416],[6992, 17416],[6992, 17424],[6984, 17424],[6984, 17432],[6976, 17432],[6976, 17448],[6968, 17448]]]},"properties":{"objectType":"annotation","classification":{"name":"Ignore*","color":[180, 180, 180]}}},{"type":"Feature","id":"5bda58b8-3af2-41fa-9c5a-e9453e81161a","geometry":{"type":"Polygon","coordinates":[[[7032, 17488],[7032, 17560],[7040, 17560],[7040, 17576],[7048, 17576],[7048, 17584],[7056, 17584],[7056, 17592],[7064, 17592],[7064, 17600],[7080, 17600],[7080, 17608],[7088, 17608],[7088, 17600],[7104, 17600],[7104, 17584],[7112, 17584],[7112, 17552],[7120, 17552],[7120, 17528],[7136, 17528],[7136, 17520],[7152, 17520],[7152, 17512],[7160, 17512],[7160, 17504],[7168, 17504],[7168, 17496],[7176, 17496],[7176, 17480],[7184, 17480],[7184, 17464],[7192, 17464],[7192, 17448],[7200, 17448],[7200, 17440],[7208, 17440],[7208, 17432],[7216, 17432],[7216, 17424],[7224, 17424],[7224, 17416],[7232, 17416],[7232, 17408],[7240, 17408],[7240, 17400],[7248, 17400],[7248, 17392],[7256, 17392],[7256, 17384],[7264, 17384],[7264, 17328],[7256, 17328],[7256, 17320],[7224, 17320],[7224, 17312],[7208, 17312],[7208, 17320],[7192, 17320],[7192, 17328],[7184, 17328],[7184, 17344],[7176, 17344],[7176, 17352],[7168, 17352],[7168, 17368],[7152, 17368],[7152, 17376],[7144, 17376],[7144, 17384],[7136, 17384],[7136, 17392],[7128, 17392],[7128, 17400],[7120, 17400],[7120, 17408],[7112, 17408],[7112, 17416],[7104, 17416],[7104, 17432],[7096, 17432],[7096, 17440],[7088, 17440],[7088, 17448],[7080, 17448],[7080, 17456],[7072, 17456],[7072, 17464],[7064, 17464],[7064, 17472],[7048, 17472],[7048, 17480],[7040, 17480],[7040, 17488],[7032, 17488]]]},"properties":{"objectType":"annotation","classification":{"name":"Ignore*","color":[180, 180, 180]}}},{"type":"Feature","id":"f44a8f7d-604a-48e5-aec4-551f3becf0e1","geometry":{"type":"Polygon","coordinates":[[[4136, 17464],[4136, 17488],[4144, 17488],[4144, 17496],[4152, 17496],[4152, 17504],[4160, 17504],[4160, 17496],[4176, 17496],[4176, 17488],[4192, 17488],[4192, 17480],[4200, 17480],[4200, 17440],[4192, 17440],[4192, 17432],[4168, 17432],[4168, 17440],[4160, 17440],[4160, 17448],[4152, 17448],[4152, 17456],[4144, 17456],[4144, 17464],[4136, 17464]]]},"properties":{"objectType":"annotation","classification":{"name":"Ignore*","color":[180, 180, 180]}}},{"type":"Feature","id":"37c6f62d-8e31-48c8-ac2b-a2ddd42efa96","geometry":{"type":"Polygon","coordinates":[[[5616, 17504],[5616, 17512],[5624, 17512],[5624, 17520],[5648, 17520],[5648, 17512],[5656, 17512],[5656, 17504],[5640, 17504],[5640, 17496],[5624, 17496],[5624, 17504],[5616, 17504]]]},"properties":{"objectType":"annotation","classification":{"name":"Ignore*","color":[180, 180, 180]}}},{"type":"Feature","id":"ee170845-adf4-4605-a17b-bb902924a489","geometry":{"type":"Polygon","coordinates":[[[5424, 17672],[5424, 17696],[5432, 17696],[5432, 17728],[5440, 17728],[5440, 17744],[5448, 17744],[5448, 17752],[5456, 17752],[5456, 17768],[5464, 17768],[5464, 17784],[5472, 17784],[5472, 17792],[5480, 17792],[5480, 17808],[5488, 17808],[5488, 17816],[5496, 17816],[5496, 17824],[5520, 17824],[5520, 17832],[5536, 17832],[5536, 17840],[5544, 17840],[5544, 17856],[5552, 17856],[5552, 17864],[5560, 17864],[5560, 17872],[5568, 17872],[5568, 17880],[5576, 17880],[5576, 17888],[5600, 17888],[5600, 17880],[5616, 17880],[5616, 17864],[5624, 17864],[5624, 17832],[5616, 17832],[5616, 17824],[5608, 17824],[5608, 17816],[5600, 17816],[5600, 17808],[5592, 17808],[5592, 17800],[5584, 17800],[5584, 17792],[5576, 17792],[5576, 17760],[5568, 17760],[5568, 17736],[5560, 17736],[5560, 17704],[5552, 17704],[5552, 17696],[5544, 17696],[5544, 17688],[5536, 17688],[5536, 17680],[5520, 17680],[5520, 17672],[5504, 17672],[5504, 17680],[5480, 17680],[5480, 17672],[5464, 17672],[5464, 17664],[5432, 17664],[5432, 17672],[5424, 17672]]]},"properties":{"objectType":"annotation","classification":{"name":"Ignore*","color":[180, 180, 180]}}},{"type":"Feature","id":"234de25e-7a4c-458d-918e-3066fceb8f52","geometry":{"type":"Polygon","coordinates":[[[2384, 18104],[2384, 18160],[2392, 18160],[2392, 18168],[2432, 18168],[2432, 18160],[2440, 18160],[2440, 18152],[2448, 18152],[2448, 18144],[2464, 18144],[2464, 18136],[2472, 18136],[2472, 18128],[2488, 18128],[2488, 18120],[2512, 18120],[2512, 18112],[2520, 18112],[2520, 18104],[2528, 18104],[2528, 18088],[2536, 18088],[2536, 18056],[2544, 18056],[2544, 18032],[2552, 18032],[2552, 18016],[2560, 18016],[2560, 18000],[2568, 18000],[2568, 17984],[2576, 17984],[2576, 17968],[2584, 17968],[2584, 17952],[2576, 17952],[2576, 17944],[2568, 17944],[2568, 17936],[2560, 17936],[2560, 17928],[2536, 17928],[2536, 17920],[2496, 17920],[2496, 17928],[2480, 17928],[2480, 17944],[2472, 17944],[2472, 17960],[2464, 17960],[2464, 17976],[2456, 17976],[2456, 18032],[2464, 18032],[2464, 18040],[2456, 18040],[2456, 18056],[2448, 18056],[2448, 18064],[2424, 18064],[2424, 18072],[2416, 18072],[2416, 18080],[2408, 18080],[2408, 18088],[2400, 18088],[2400, 18096],[2392, 18096],[2392, 18104],[2384, 18104]]]},"properties":{"objectType":"annotation","classification":{"name":"Ignore*","color":[180, 180, 180]}}},{"type":"Feature","id":"6e822952-5036-4638-b810-afe3bb7dd2f5","geometry":{"type":"Polygon","coordinates":[[[6744, 18176],[6744, 18216],[6752, 18216],[6752, 18224],[6760, 18224],[6760, 18232],[6792, 18232],[6792, 18240],[6808, 18240],[6808, 18232],[6824, 18232],[6824, 18224],[6832, 18224],[6832, 18208],[6840, 18208],[6840, 18160],[6832, 18160],[6832, 18144],[6824, 18144],[6824, 18136],[6808, 18136],[6808, 18128],[6760, 18128],[6760, 18144],[6752, 18144],[6752, 18176],[6744, 18176]]]},"properties":{"objectType":"annotation","classification":{"name":"Ignore*","color":[180, 180, 180]}}},{"type":"Feature","id":"242545be-bc13-4030-8281-430a8159db9c","geometry":{"type":"Polygon","coordinates":[[[6832, 17936],[6832, 17960],[6840, 17960],[6840, 17968],[6848, 17968],[6848, 17976],[6856, 17976],[6856, 17992],[6864, 17992],[6864, 18064],[6872, 18064],[6872, 18096],[6880, 18096],[6880, 18120],[6888, 18120],[6888, 18136],[6896, 18136],[6896, 18168],[6904, 18168],[6904, 18232],[6896, 18232],[6896, 18240],[6888, 18240],[6888, 18248],[6880, 18248],[6880, 18256],[6872, 18256],[6872, 18272],[6864, 18272],[6864, 18328],[6872, 18328],[6872, 18336],[6880, 18336],[6880, 18344],[6920, 18344],[6920, 18352],[6928, 18352],[6928, 18360],[6936, 18360],[6936, 18392],[6944, 18392],[6944, 18408],[6952, 18408],[6952, 18416],[6960, 18416],[6960, 18424],[6976, 18424],[6976, 18432],[7000, 18432],[7000, 18424],[7016, 18424],[7016, 18416],[7024, 18416],[7024, 18408],[7032, 18408],[7032, 18368],[7024, 18368],[7024, 18288],[7016, 18288],[7016, 18264],[7008, 18264],[7008, 18240],[7000, 18240],[7000, 18208],[6992, 18208],[6992, 18184],[6984, 18184],[6984, 18088],[6976, 18088],[6976, 18056],[6968, 18056],[6968, 18040],[6960, 18040],[6960, 18032],[6952, 18032],[6952, 18016],[6944, 18016],[6944, 18008],[6936, 18008],[6936, 18000],[6920, 18000],[6920, 17992],[6912, 17992],[6912, 17984],[6896, 17984],[6896, 17976],[6888, 17976],[6888, 17968],[6880, 17968],[6880, 17952],[6872, 17952],[6872, 17936],[6864, 17936],[6864, 17928],[6840, 17928],[6840, 17936],[6832, 17936]]]},"properties":{"objectType":"annotation","classification":{"name":"Ignore*","color":[180, 180, 180]}}},{"type":"Feature","id":"e7948c06-98c0-4b8a-945a-56e86d4dade2","geometry":{"type":"Polygon","coordinates":[[[4000, 18312],[4000, 18320],[4008, 18320],[4008, 18328],[4024, 18328],[4024, 18320],[4016, 18320],[4016, 18312],[4000, 18312]]]},"properties":{"objectType":"annotation","classification":{"name":"Ignore*","color":[180, 180, 180]}}},{"type":"Feature","id":"e53628ae-bb52-441c-b4fd-7a22e7e8e7ab","geometry":{"type":"Polygon","coordinates":[[[2800, 18312],[2800, 18384],[2808, 18384],[2808, 18400],[2816, 18400],[2816, 18408],[2824, 18408],[2824, 18416],[2840, 18416],[2840, 18408],[2848, 18408],[2848, 18400],[2856, 18400],[2856, 18384],[2864, 18384],[2864, 18368],[2872, 18368],[2872, 18320],[2864, 18320],[2864, 18304],[2856, 18304],[2856, 18296],[2808, 18296],[2808, 18312],[2800, 18312]]]},"properties":{"objectType":"annotation","classification":{"name":"Ignore*","color":[180, 180, 180]}}},{"type":"Feature","id":"cfc20232-56ce-4b79-97ec-a3a6054c255c","geometry":{"type":"Polygon","coordinates":[[[3880, 18344],[3880, 18376],[3888, 18376],[3888, 18384],[3896, 18384],[3896, 18392],[3912, 18392],[3912, 18400],[3960, 18400],[3960, 18392],[3968, 18392],[3968, 18368],[3976, 18368],[3976, 18360],[3968, 18360],[3968, 18336],[3960, 18336],[3960, 18320],[3952, 18320],[3952, 18312],[3944, 18312],[3944, 18304],[3920, 18304],[3920, 18312],[3912, 18312],[3912, 18320],[3904, 18320],[3904, 18328],[3896, 18328],[3896, 18336],[3888, 18336],[3888, 18344],[3880, 18344]]]},"properties":{"objectType":"annotation","classification":{"name":"Ignore*","color":[180, 180, 180]}}},{"type":"Feature","id":"0a0d77a4-7943-491e-bfa0-3f546a903ac1","geometry":{"type":"Polygon","coordinates":[[[2408, 18368],[2408, 18408],[2416, 18408],[2416, 18416],[2448, 18416],[2448, 18408],[2456, 18408],[2456, 18400],[2464, 18400],[2464, 18352],[2456, 18352],[2456, 18344],[2424, 18344],[2424, 18352],[2416, 18352],[2416, 18368],[2408, 18368]]]},"properties":{"objectType":"annotation","classification":{"name":"Ignore*","color":[180, 180, 180]}}},{"type":"Feature","id":"bcee3863-aaaa-414e-9bf6-1cd04bb21fcf","geometry":{"type":"Polygon","coordinates":[[[3992, 18432],[3992, 18456],[4000, 18456],[4000, 18472],[4008, 18472],[4008, 18480],[4016, 18480],[4016, 18488],[4032, 18488],[4032, 18480],[4040, 18480],[4040, 18472],[4056, 18472],[4056, 18480],[4064, 18480],[4064, 18488],[4072, 18488],[4072, 18496],[4088, 18496],[4088, 18504],[4112, 18504],[4112, 18496],[4120, 18496],[4120, 18480],[4128, 18480],[4128, 18432],[4120, 18432],[4120, 18400],[4112, 18400],[4112, 18392],[4104, 18392],[4104, 18384],[4064, 18384],[4064, 18376],[4040, 18376],[4040, 18392],[4032, 18392],[4032, 18408],[4016, 18408],[4016, 18416],[4000, 18416],[4000, 18432],[3992, 18432]]]},"properties":{"objectType":"annotation","classification":{"name":"Ignore*","color":[180, 180, 180]}}},{"type":"Feature","id":"35023189-7ad9-448b-b6ef-85465ab21080","geometry":{"type":"Polygon","coordinates":[[[7496, 18784],[7496, 18832],[7504, 18832],[7504, 18840],[7552, 18840],[7552, 18832],[7568, 18832],[7568, 18824],[7576, 18824],[7576, 18768],[7568, 18768],[7568, 18760],[7560, 18760],[7560, 18752],[7512, 18752],[7512, 18768],[7504, 18768],[7504, 18784],[7496, 18784]]]},"properties":{"objectType":"annotation","classification":{"name":"Ignore*","color":[180, 180, 180]}}},{"type":"Feature","id":"cd5c65df-2f93-4b0c-bb69-33a50e7f0c50","geometry":{"type":"Polygon","coordinates":[[[2272, 18792],[2272, 18824],[2280, 18824],[2280, 18832],[2288, 18832],[2288, 18840],[2312, 18840],[2312, 18832],[2320, 18832],[2320, 18824],[2328, 18824],[2328, 18808],[2320, 18808],[2320, 18800],[2312, 18800],[2312, 18792],[2272, 18792]]]},"properties":{"objectType":"annotation","classification":{"name":"Ignore*","color":[180, 180, 180]}}},{"type":"Feature","id":"db2d20a7-4bbd-4eb6-a009-6db9b8fed1bd","geometry":{"type":"Polygon","coordinates":[[[2920, 18840],[2920, 18872],[2928, 18872],[2928, 18880],[2936, 18880],[2936, 18888],[2944, 18888],[2944, 18896],[2960, 18896],[2960, 18904],[3016, 18904],[3016, 18896],[3040, 18896],[3040, 18888],[3048, 18888],[3048, 18832],[3040, 18832],[3040, 18816],[3032, 18816],[3032, 18808],[3024, 18808],[3024, 18792],[3008, 18792],[3008, 18784],[3000, 18784],[3000, 18776],[2976, 18776],[2976, 18784],[2960, 18784],[2960, 18792],[2952, 18792],[2952, 18808],[2944, 18808],[2944, 18816],[2936, 18816],[2936, 18824],[2928, 18824],[2928, 18840],[2920, 18840]]]},"properties":{"objectType":"annotation","classification":{"name":"Ignore*","color":[180, 180, 180]}}},{"type":"Feature","id":"4f370e5b-fef3-4731-9d1f-4e1769d0d2f9","geometry":{"type":"Polygon","coordinates":[[[2168, 18848],[2168, 18856],[2176, 18856],[2176, 18848],[2168, 18848]]]},"properties":{"objectType":"annotation","classification":{"name":"Ignore*","color":[180, 180, 180]}}},{"type":"Feature","id":"90edfb37-48e4-4509-85ff-b47696d4c9dc","geometry":{"type":"Polygon","coordinates":[[[2160, 18856],[2160, 18864],[2168, 18864],[2168, 18856],[2160, 18856]]]},"properties":{"objectType":"annotation","classification":{"name":"Ignore*","color":[180, 180, 180]}}},{"type":"Feature","id":"741c7294-91f9-4175-9178-036507de696f","geometry":{"type":"Polygon","coordinates":[[[3592, 18888],[3592, 18912],[3600, 18912],[3600, 18920],[3608, 18920],[3608, 18928],[3624, 18928],[3624, 18944],[3632, 18944],[3632, 18952],[3640, 18952],[3640, 18960],[3664, 18960],[3664, 18968],[3696, 18968],[3696, 18976],[3736, 18976],[3736, 18968],[3744, 18968],[3744, 18960],[3752, 18960],[3752, 18952],[3760, 18952],[3760, 18920],[3752, 18920],[3752, 18912],[3744, 18912],[3744, 18904],[3736, 18904],[3736, 18896],[3704, 18896],[3704, 18888],[3664, 18888],[3664, 18880],[3600, 18880],[3600, 18888],[3592, 18888]]]},"properties":{"objectType":"annotation","classification":{"name":"Ignore*","color":[180, 180, 180]}}},{"type":"Feature","id":"37ed3222-c36c-4e25-86d6-3ce7d218439c","geometry":{"type":"Polygon","coordinates":[[[2400, 18976],[2400, 19040],[2408, 19040],[2408, 19080],[2416, 19080],[2416, 19120],[2424, 19120],[2424, 19136],[2432, 19136],[2432, 19144],[2448, 19144],[2448, 19152],[2464, 19152],[2464, 19144],[2488, 19144],[2488, 19136],[2496, 19136],[2496, 19128],[2504, 19128],[2504, 19096],[2496, 19096],[2496, 19064],[2504, 19064],[2504, 19056],[2512, 19056],[2512, 19048],[2528, 19048],[2528, 19040],[2536, 19040],[2536, 19024],[2544, 19024],[2544, 19016],[2552, 19016],[2552, 19000],[2560, 19000],[2560, 18992],[2576, 18992],[2576, 18984],[2584, 18984],[2584, 18976],[2600, 18976],[2600, 18968],[2616, 18968],[2616, 18952],[2624, 18952],[2624, 18912],[2584, 18912],[2584, 18920],[2568, 18920],[2568, 18928],[2552, 18928],[2552, 18936],[2544, 18936],[2544, 18944],[2528, 18944],[2528, 18952],[2512, 18952],[2512, 18960],[2504, 18960],[2504, 18968],[2496, 18968],[2496, 18976],[2488, 18976],[2488, 18984],[2480, 18984],[2480, 18976],[2464, 18976],[2464, 18960],[2456, 18960],[2456, 18952],[2440, 18952],[2440, 18944],[2416, 18944],[2416, 18952],[2408, 18952],[2408, 18976],[2400, 18976]]]},"properties":{"objectType":"annotation","classification":{"name":"Ignore*","color":[180, 180, 180]}}},{"type":"Feature","id":"43240c16-f17a-4855-b899-2eaa754ee802","geometry":{"type":"Polygon","coordinates":[[[3400, 19024],[3400, 19048],[3408, 19048],[3408, 19056],[3416, 19056],[3416, 19064],[3472, 19064],[3472, 19056],[3496, 19056],[3496, 19064],[3512, 19064],[3512, 19072],[3520, 19072],[3520, 19080],[3552, 19080],[3552, 19072],[3560, 19072],[3560, 19064],[3568, 19064],[3568, 19048],[3576, 19048],[3576, 19032],[3568, 19032],[3568, 19008],[3560, 19008],[3560, 18992],[3544, 18992],[3544, 18984],[3448, 18984],[3448, 18992],[3432, 18992],[3432, 19000],[3424, 19000],[3424, 19008],[3416, 19008],[3416, 19016],[3408, 19016],[3408, 19024],[3400, 19024]]]},"properties":{"objectType":"annotation","classification":{"name":"Ignore*","color":[180, 180, 180]}}},{"type":"Feature","id":"5b51f8b8-c5d0-4f49-864a-d5f24cf7cdee","geometry":{"type":"Polygon","coordinates":[[[6688, 19528],[6688, 19560],[6696, 19560],[6696, 19584],[6704, 19584],[6704, 19592],[6712, 19592],[6712, 19600],[6728, 19600],[6728, 19608],[6744, 19608],[6744, 19600],[6752, 19600],[6752, 19592],[6760, 19592],[6760, 19488],[6752, 19488],[6752, 19480],[6736, 19480],[6736, 19472],[6720, 19472],[6720, 19480],[6704, 19480],[6704, 19496],[6696, 19496],[6696, 19528],[6688, 19528]]]},"properties":{"objectType":"annotation","classification":{"name":"Ignore*","color":[180, 180, 180]}}},{"type":"Feature","id":"2b64fd48-8ac3-4f76-8ac9-44e248feff1b","geometry":{"type":"Polygon","coordinates":[[[3744, 19600],[3744, 19616],[3752, 19616],[3752, 19632],[3760, 19632],[3760, 19640],[3768, 19640],[3768, 19648],[3816, 19648],[3816, 19656],[3824, 19656],[3824, 19664],[3832, 19664],[3832, 19680],[3840, 19680],[3840, 19688],[3856, 19688],[3856, 19680],[3864, 19680],[3864, 19672],[3872, 19672],[3872, 19664],[3888, 19664],[3888, 19656],[3904, 19656],[3904, 19648],[3912, 19648],[3912, 19640],[3920, 19640],[3920, 19624],[3928, 19624],[3928, 19584],[3936, 19584],[3936, 19576],[3944, 19576],[3944, 19560],[3952, 19560],[3952, 19520],[3944, 19520],[3944, 19504],[3936, 19504],[3936, 19496],[3920, 19496],[3920, 19488],[3912, 19488],[3912, 19480],[3864, 19480],[3864, 19496],[3856, 19496],[3856, 19504],[3824, 19504],[3824, 19512],[3808, 19512],[3808, 19520],[3800, 19520],[3800, 19528],[3784, 19528],[3784, 19536],[3776, 19536],[3776, 19544],[3768, 19544],[3768, 19568],[3760, 19568],[3760, 19584],[3752, 19584],[3752, 19600],[3744, 19600]]]},"properties":{"objectType":"annotation","classification":{"name":"Ignore*","color":[180, 180, 180]}}},{"type":"Feature","id":"6f304bbb-2aab-4052-9d2d-c95ce6a1bca5","geometry":{"type":"Polygon","coordinates":[[[3048, 19600],[3048, 19640],[3056, 19640],[3056, 19648],[3064, 19648],[3064, 19656],[3080, 19656],[3080, 19664],[3104, 19664],[3104, 19672],[3184, 19672],[3184, 19680],[3208, 19680],[3208, 19672],[3224, 19672],[3224, 19664],[3232, 19664],[3232, 19648],[3240, 19648],[3240, 19632],[3232, 19632],[3232, 19624],[3224, 19624],[3224, 19616],[3216, 19616],[3216, 19608],[3208, 19608],[3208, 19600],[3200, 19600],[3200, 19592],[3168, 19592],[3168, 19600],[3120, 19600],[3120, 19592],[3104, 19592],[3104, 19584],[3072, 19584],[3072, 19592],[3056, 19592],[3056, 19600],[3048, 19600]]]},"properties":{"objectType":"annotation","classification":{"name":"Ignore*","color":[180, 180, 180]}}},{"type":"Feature","id":"ab9afb42-fc54-42bc-bb26-ec3df30f5dfd","geometry":{"type":"Polygon","coordinates":[[[3656, 19680],[3656, 19704],[3664, 19704],[3664, 19712],[3680, 19712],[3680, 19720],[3728, 19720],[3728, 19728],[3760, 19728],[3760, 19712],[3768, 19712],[3768, 19704],[3776, 19704],[3776, 19680],[3656, 19680]]]},"properties":{"objectType":"annotation","classification":{"name":"Ignore*","color":[180, 180, 180]}}},{"type":"Feature","id":"44293c8f-6c51-47ed-ac13-2c8fd1b94cb4","geometry":{"type":"Polygon","coordinates":[[[3832, 19760],[3832, 19800],[3840, 19800],[3840, 19808],[3872, 19808],[3872, 19800],[3880, 19800],[3880, 19792],[3888, 19792],[3888, 19784],[3896, 19784],[3896, 19760],[3888, 19760],[3888, 19752],[3848, 19752],[3848, 19760],[3832, 19760]]]},"properties":{"objectType":"annotation","classification":{"name":"Ignore*","color":[180, 180, 180]}}},{"type":"Feature","id":"f9495f71-95c3-410e-9b42-ae26ae1c3f0c","geometry":{"type":"Polygon","coordinates":[[[2720, 19952],[2720, 19968],[2728, 19968],[2728, 19952],[2720, 19952]]]},"properties":{"objectType":"annotation","classification":{"name":"Ignore*","color":[180, 180, 180]}}},{"type":"Feature","id":"f6c3523f-0a31-41bb-a512-9c4712fe0ffe","geometry":{"type":"Polygon","coordinates":[[[6248, 19984],[6248, 19992],[6256, 19992],[6256, 20016],[6264, 20016],[6264, 20024],[6272, 20024],[6272, 20032],[6280, 20032],[6280, 20040],[6304, 20040],[6304, 20048],[6320, 20048],[6320, 20040],[6336, 20040],[6336, 20032],[6344, 20032],[6344, 20024],[6352, 20024],[6352, 20008],[6360, 20008],[6360, 19976],[6352, 19976],[6352, 19960],[6344, 19960],[6344, 19944],[6328, 19944],[6328, 19936],[6288, 19936],[6288, 19944],[6280, 19944],[6280, 19952],[6272, 19952],[6272, 19960],[6264, 19960],[6264, 19968],[6256, 19968],[6256, 19984],[6248, 19984]]]},"properties":{"objectType":"annotation","classification":{"name":"Ignore*","color":[180, 180, 180]}}},{"type":"Feature","id":"f5a57683-81af-43d6-bd33-184f2fb8234f","geometry":{"type":"Polygon","coordinates":[[[2936, 20224],[2936, 20240],[2944, 20240],[2944, 20248],[2952, 20248],[2952, 20256],[2960, 20256],[2960, 20264],[2976, 20264],[2976, 20272],[3000, 20272],[3000, 20280],[3016, 20280],[3016, 20272],[3032, 20272],[3032, 20264],[3040, 20264],[3040, 20248],[3048, 20248],[3048, 20216],[3040, 20216],[3040, 20192],[3032, 20192],[3032, 20176],[2984, 20176],[2984, 20184],[2968, 20184],[2968, 20192],[2960, 20192],[2960, 20200],[2952, 20200],[2952, 20208],[2944, 20208],[2944, 20224],[2936, 20224]]]},"properties":{"objectType":"annotation","classification":{"name":"Ignore*","color":[180, 180, 180]}}},{"type":"Feature","id":"7a42e276-727a-43df-aef9-0d2e178983b1","geometry":{"type":"Polygon","coordinates":[[[7488, 20672],[7488, 20728],[7496, 20728],[7496, 20736],[7504, 20736],[7504, 20744],[7512, 20744],[7512, 20752],[7520, 20752],[7520, 20760],[7528, 20760],[7528, 20776],[7536, 20776],[7536, 20784],[7544, 20784],[7544, 20792],[7584, 20792],[7584, 20784],[7592, 20784],[7592, 20776],[7600, 20776],[7600, 20768],[7608, 20768],[7608, 20752],[7616, 20752],[7616, 20744],[7624, 20744],[7624, 20736],[7632, 20736],[7632, 20728],[7640, 20728],[7640, 20712],[7632, 20712],[7632, 20704],[7624, 20704],[7624, 20696],[7616, 20696],[7616, 20688],[7608, 20688],[7608, 20680],[7592, 20680],[7592, 20672],[7584, 20672],[7584, 20664],[7568, 20664],[7568, 20656],[7512, 20656],[7512, 20664],[7496, 20664],[7496, 20672],[7488, 20672]]]},"properties":{"objectType":"annotation","classification":{"name":"Ignore*","color":[180, 180, 180]}}},{"type":"Feature","id":"d22fe153-31f7-44fa-ad9f-add3a4e73af6","geometry":{"type":"Polygon","coordinates":[[[9552, 20824],[9552, 20832],[9568, 20832],[9568, 20824],[9552, 20824]]]},"properties":{"objectType":"annotation","classification":{"name":"Ignore*","color":[180, 180, 180]}}},{"type":"Feature","id":"2278cea6-1f3d-4536-a4fb-671c8300fb30","geometry":{"type":"Polygon","coordinates":[[[9576, 20880],[9576, 20936],[9584, 20936],[9584, 20944],[9600, 20944],[9600, 20936],[9608, 20936],[9608, 20896],[9600, 20896],[9600, 20880],[9576, 20880]]]},"properties":{"objectType":"annotation","classification":{"name":"Ignore*","color":[180, 180, 180]}}},{"type":"Feature","id":"89cd5318-930f-47ab-bb86-14c767e68077","geometry":{"type":"Polygon","coordinates":[[[7216, 21472],[7216, 21496],[7224, 21496],[7224, 21504],[7232, 21504],[7232, 21496],[7240, 21496],[7240, 21472],[7216, 21472]]]},"properties":{"objectType":"annotation","classification":{"name":"Ignore*","color":[180, 180, 180]}}},{"type":"Feature","id":"901fb3db-4bed-4970-90c5-cda4b3617703","geometry":{"type":"Polygon","coordinates":[[[7488, 21632],[7488, 21688],[7496, 21688],[7496, 21696],[7504, 21696],[7504, 21704],[7512, 21704],[7512, 21712],[7528, 21712],[7528, 21720],[7544, 21720],[7544, 21728],[7568, 21728],[7568, 21720],[7584, 21720],[7584, 21704],[7592, 21704],[7592, 21648],[7584, 21648],[7584, 21640],[7568, 21640],[7568, 21632],[7552, 21632],[7552, 21624],[7504, 21624],[7504, 21632],[7488, 21632]]]},"properties":{"objectType":"annotation","classification":{"name":"Ignore*","color":[180, 180, 180]}}},{"type":"Feature","id":"3f6b5c56-3b75-4372-a03f-8b0feff87947","geometry":{"type":"Polygon","coordinates":[[[8704, 21848],[8704, 21864],[8712, 21864],[8712, 21872],[8720, 21872],[8720, 21880],[8736, 21880],[8736, 21888],[8760, 21888],[8760, 21880],[8776, 21880],[8776, 21872],[8784, 21872],[8784, 21840],[8776, 21840],[8776, 21832],[8760, 21832],[8760, 21824],[8744, 21824],[8744, 21832],[8720, 21832],[8720, 21840],[8712, 21840],[8712, 21848],[8704, 21848]]]},"properties":{"objectType":"annotation","classification":{"name":"Ignore*","color":[180, 180, 180]}}},{"type":"Feature","id":"89e10245-67ca-497e-a06d-3ecda5990d0e","geometry":{"type":"Polygon","coordinates":[[[7472, 22072],[7472, 22112],[7480, 22112],[7480, 22128],[7488, 22128],[7488, 22136],[7496, 22136],[7496, 22144],[7528, 22144],[7528, 22136],[7536, 22136],[7536, 22088],[7528, 22088],[7528, 22080],[7520, 22080],[7520, 22072],[7512, 22072],[7512, 22064],[7480, 22064],[7480, 22072],[7472, 22072]]]},"properties":{"objectType":"annotation","classification":{"name":"Ignore*","color":[180, 180, 180]}}},{"type":"Feature","id":"ee4470cc-d80f-49c1-a664-76a1440314a7","geometry":{"type":"Polygon","coordinates":[[[5232, 22208],[5232, 22264],[5240, 22264],[5240, 22280],[5248, 22280],[5248, 22288],[5272, 22288],[5272, 22280],[5280, 22280],[5280, 22272],[5288, 22272],[5288, 22248],[5296, 22248],[5296, 22216],[5288, 22216],[5288, 22208],[5280, 22208],[5280, 22200],[5264, 22200],[5264, 22192],[5248, 22192],[5248, 22200],[5240, 22200],[5240, 22208],[5232, 22208]]]},"properties":{"objectType":"annotation","classification":{"name":"Ignore*","color":[180, 180, 180]}}},{"type":"Feature","id":"76e7746e-ce76-4fe2-93df-f7f5f2f2e639","geometry":{"type":"Polygon","coordinates":[[[6320, 22448],[6320, 22520],[6328, 22520],[6328, 22528],[6336, 22528],[6336, 22536],[6376, 22536],[6376, 22528],[6400, 22528],[6400, 22520],[6408, 22520],[6408, 22512],[6416, 22512],[6416, 22464],[6408, 22464],[6408, 22448],[6400, 22448],[6400, 22432],[6392, 22432],[6392, 22424],[6384, 22424],[6384, 22416],[6344, 22416],[6344, 22424],[6336, 22424],[6336, 22432],[6328, 22432],[6328, 22448],[6320, 22448]]]},"properties":{"objectType":"annotation","classification":{"name":"Ignore*","color":[180, 180, 180]}}},{"type":"Feature","id":"3f61b21d-90a3-45a2-a817-efb7424e7b3d","geometry":{"type":"Polygon","coordinates":[[[6480, 22568],[6480, 22592],[6488, 22592],[6488, 22608],[6496, 22608],[6496, 22616],[6512, 22616],[6512, 22624],[6528, 22624],[6528, 22616],[6536, 22616],[6536, 22600],[6544, 22600],[6544, 22584],[6536, 22584],[6536, 22552],[6528, 22552],[6528, 22544],[6520, 22544],[6520, 22536],[6504, 22536],[6504, 22544],[6496, 22544],[6496, 22552],[6488, 22552],[6488, 22568],[6480, 22568]]]},"properties":{"objectType":"annotation","classification":{"name":"Ignore*","color":[180, 180, 180]}}},{"type":"Feature","id":"70406d46-6dcc-406d-b6d9-c1d6d2d82494","geometry":{"type":"Polygon","coordinates":[[[3653, 10075],[3709, 10312],[3742, 10473],[3742, 10477],[3746, 10477],[3746, 10481],[3750, 10489],[3750, 10497],[3842, 10750],[3902, 10976],[4107, 11249],[4111, 11249],[4252, 11314],[4490, 11446],[4900, 11693],[4903, 11691],[4903, 11688],[4905, 11688],[5132, 11631],[5135, 11631],[5135, 11628],[5497, 11537],[5594, 11504],[5816, 11442],[5818, 11442],[5970, 11485],[6072, 11569],[6159, 11645],[6161, 11645],[6161, 11647],[6161, 11650],[6161, 11653],[6232, 11763],[6348, 12215],[6348, 12217],[6348, 12220],[6348, 12223],[6442, 12612],[6561, 12714],[6748, 12878],[6943, 12864],[7085, 12516],[7094, 12516],[7228, 12079],[7308, 11910],[7531, 12249],[7442, 12650],[7442, 12659],[7415, 13095],[7807, 13488],[7968, 13604],[7286, 14189],[6983, 14616],[6884, 14897],[6884, 14899],[6884, 14901],[6882, 14901],[6624, 15298],[6624, 15300],[6622, 15300],[6285, 16031],[6020, 16509],[5927, 16840],[5914, 16840],[5542, 16814],[5277, 16615],[4746, 16867],[4746, 16880],[4281, 17557],[4281, 17570],[4281, 17584],[4480, 18048],[4374, 18699],[4640, 19190],[4985, 19522],[5463, 19561],[5688, 19362],[5768, 20013],[6047, 20026],[6392, 19813],[6684, 19946],[6697, 19946],[7082, 20013],[7122, 19813],[7122, 19800],[7122, 19787],[6936, 19296],[6538, 18884],[6193, 19044],[5993, 19030],[6060, 18539],[6073, 18154],[6232, 17716],[6166, 17464],[6073, 17225],[6445, 16960],[6604, 16734],[6634, 16618],[6704, 16626],[6764, 16713],[6850, 16762],[7169, 16797],[7263, 16653],[7263, 16651],[7274, 16486],[7236, 16194],[7204, 15908],[7325, 15803],[7420, 15776],[7571, 15886],[7785, 15838],[7787, 15838],[8071, 15462],[8071, 15460],[8071, 15457],[8041, 15303],[8041, 15300],[8041, 15298],[8041, 15295],[8038, 15292],[8038, 15287],[7982, 15127],[7982, 15125],[7982, 15122],[7982, 15117],[7982, 15111],[7982, 15108],[7982, 15103],[8022, 14900],[8025, 14898],[8038, 14584],[8259, 13939],[8306, 13694],[8179, 13636],[8104, 13560],[7765, 13146],[7765, 13142],[7628, 12916],[7628, 12912],[7628, 12908],[7628, 12896],[7652, 12671],[8114, 11834],[8168, 11344],[8498, 10960],[8515, 10960],[8943, 10782],[8943, 10773],[8952, 10773],[8952, 10764],[9122, 10381],[9131, 10381],[9345, 10149],[9353, 10149],[9781, 9908],[9701, 9712],[9871, 9454],[9790, 9258],[9532, 9204],[9006, 9418],[8614, 9730],[8257, 9721],[7981, 9668],[7704, 9748],[7374, 9737],[6895, 9563],[6919, 9383],[7092, 9305],[7392, 9401],[7404, 9401],[7571, 9371],[7685, 9401],[7805, 9473],[7919, 9419],[8045, 9305],[8050, 9305],[8050, 9299],[8230, 9228],[8458, 9180],[8685, 9060],[9253, 8622],[9738, 8388],[9947, 8299],[10031, 8490],[10193, 8838],[10288, 8999],[10468, 9005],[10600, 8957],[10756, 8323],[10767, 8323],[10941, 7945],[10947, 7945],[11169, 7904],[11390, 8245],[11390, 8251],[11978, 8221],[11939, 9427],[12670, 10355],[13638, 10849],[13678, 10849],[14923, 10988],[14942, 10988],[16069, 10948],[16128, 10948],[17235, 10593],[17274, 10593],[18341, 10632],[18341, 10652],[18401, 10652],[18420, 10672],[18460, 10672],[19626, 10849],[19645, 10849],[20752, 10929],[20752, 10909],[20772, 10909],[20772, 10889],[20811, 10889],[20851, 10869],[20871, 10849],[21661, 10395],[21661, 10375],[21898, 9782],[21898, 9763],[21898, 9743],[21898, 9723],[21720, 8458],[21720, 8439],[21108, 6107],[20041, 4565],[19191, 4071],[18855, 3676],[18855, 3656],[18065, 2965],[17432, 2550],[17174, 2211],[17174, 2202],[16926, 1835],[16587, 1815],[16583, 1815],[16578, 1811],[16254, 1553],[16244, 1548],[15953, 1429],[15394, 1318],[14036, 2068],[14036, 2091],[14844, 1991],[14844, 1995],[14873, 2187],[14661, 2935],[14170, 3540],[13661, 3732],[13440, 3869],[13404, 3762],[13475, 3684],[13481, 3678],[13481, 3672],[13487, 3672],[13553, 3456],[13553, 3450],[13553, 3444],[13553, 3438],[13559, 3426],[13565, 3414],[13655, 3007],[13661, 3007],[13661, 3001],[13535, 2887],[12769, 3336],[11979, 3809],[11595, 4169],[11595, 4175],[11212, 4516],[10841, 4821],[10500, 5061],[10332, 5432],[10422, 5624],[10524, 5749],[10374, 5905],[10350, 6420],[10649, 6396],[11338, 6546],[11913, 6677],[12571, 6510],[12691, 6653],[12691, 6659],[12673, 7252],[12637, 7504],[12913, 7091],[13104, 7312],[12883, 7791],[12577, 7905],[11530, 8186],[11488, 7743],[11488, 7737],[11619, 7306],[11553, 7126],[11559, 7126],[11559, 7120],[11559, 7115],[11380, 6977],[11200, 7007],[11134, 6827],[10859, 6701],[10853, 6857],[10822, 6985],[10685, 7149],[10589, 7220],[9838, 6482],[9535, 6339],[8867, 6259],[8189, 6464],[7387, 6883],[6762, 7498],[6649, 7703],[6460, 7953],[6166, 8017],[5945, 7940],[5941, 7940],[5720, 7796],[5245, 7599],[4284, 8407],[3794, 9026],[3862, 9653],[3790, 9942],[3790, 9946],[3653, 10075]]]},"properties":{"objectType":"annotation","isLocked":true}},{"type":"Feature","id":"99b1da64-c750-47d9-8b15-02f98b515a95","geometry":{"type":"Polygon","coordinates":[[[13576, 2952],[13544, 2968],[13512, 2968],[13464, 2992],[13440, 2992],[13440, 3024],[13384, 3072],[13376, 3096],[13376, 3192],[13328, 3200],[13320, 3184],[13280, 3168],[13240, 3176],[13216, 3208],[13216, 3176],[13176, 3160],[13144, 3200],[13168, 3240],[13136, 3216],[13088, 3208],[13080, 3240],[13048, 3248],[13016, 3280],[12992, 3280],[12984, 3312],[12944, 3312],[12960, 3360],[12928, 3360],[12920, 3376],[12888, 3368],[12864, 3400],[12864, 3432],[12816, 3472],[12808, 3528],[12784, 3544],[12784, 3576],[12760, 3576],[12752, 3664],[12736, 3688],[12768, 3680],[12760, 3736],[12696, 3736],[12672, 3800],[12720, 3832],[12728, 3856],[12752, 3856],[12792, 3904],[12784, 3952],[12808, 3952],[12808, 4048],[12800, 4104],[12817, 4131],[12760, 4174],[12721, 4182],[12622, 4182],[12577, 4200],[12541, 4200],[12460, 4227],[12415, 4227],[12361, 4254],[12325, 4254],[12244, 4290],[12199, 4299],[12136, 4335],[12100, 4344],[12028, 4344],[11947, 4380],[11904, 4384],[11875, 4407],[11794, 4416],[11731, 4443],[11683, 4455],[11683, 4480],[11616, 4496],[11608, 4520],[11592, 4504],[11528, 4528],[11496, 4528],[11432, 4560],[11392, 4560],[11376, 4584],[11328, 4592],[11312, 4632],[11248, 4656],[11224, 4656],[11208, 4680],[11104, 4696],[11104, 4728],[11016, 4792],[10912, 4888],[10920, 4968],[10912, 4992],[10952, 5040],[10960, 5072],[10992, 5104],[11048, 5112],[11080, 5096],[11184, 5088],[11232, 5056],[11232, 5040],[11416, 5040],[11472, 5016],[11472, 5000],[11520, 4992],[11520, 5016],[11544, 5016],[11616, 4952],[11696, 4944],[11720, 4952],[11808, 4928],[11816, 4912],[11893, 4911],[11912, 4928],[11944, 4928],[11966.25, 4904],[12085, 4893],[12121, 4875],[12211, 4875],[12247, 4866],[12325.81, 4824],[12382, 4785],[12508, 4785],[12598, 4749],[12643, 4749],[12733, 4704],[12778, 4695],[12848, 4664],[12880, 4608],[12877, 4578],[12902, 4598],[12904, 4656],[12968, 4658],[13024, 4648],[13042, 4632],[13136, 4624],[13146, 4608],[13197, 4581],[13219.56, 4544],[13280, 4512],[13336, 4520],[13400, 4496],[13456, 4496],[13472, 4472],[13512, 4472],[13552, 4448],[13552, 4432],[13600, 4416],[13600, 4400],[13648, 4392],[13720, 4328],[13720, 4312],[13752, 4288],[13784, 4216],[13808, 4208],[13808, 4184],[13848, 4152],[13912, 4120],[14016, 4080],[14048, 4056],[14064, 4024],[14104, 4016],[14104, 3984],[14120, 3952],[14168, 3896],[14168, 3872],[14192, 3840],[14200, 3792],[14200, 3728],[14176, 3696],[14128, 3680],[14032, 3680],[14008, 3712],[14008, 3744],[13984, 3776],[13912, 3816],[13904, 3856],[13856, 3856],[13816, 3872],[13688, 3872],[13616, 3896],[13544, 3896],[13520, 3928],[13504, 3928],[13440, 3960],[13416, 3960],[13392, 3984],[13344, 4000],[13312, 4024],[13280, 4024],[13272, 4048],[13128, 4048],[13088, 4024],[13088, 3968],[13104, 3952],[13144, 3952],[13192, 3976],[13264, 3976],[13344, 3920],[13360, 3896],[13368, 3832],[13336, 3840],[13320, 3816],[13272, 3808],[13280, 3768],[13264, 3736],[13344, 3744],[13400, 3704],[13416, 3672],[13416, 3640],[13440, 3632],[13464, 3600],[13472, 3496],[13440, 3480],[13368, 3480],[13312, 3520],[13256, 3584],[13240, 3584],[13224, 3624],[13224, 3696],[13208, 3680],[13168, 3696],[13144, 3728],[13144, 3768],[13120, 3792],[13120, 3816],[13160, 3848],[13208, 3840],[13208, 3856],[13176, 3880],[13120, 3872],[13088, 3848],[13088, 3752],[13104, 3744],[13096, 3712],[13112, 3680],[13144, 3656],[13144, 3632],[13184, 3608],[13184, 3584],[13208, 3568],[13216, 3536],[13256, 3496],[13256, 3440],[13288, 3416],[13304, 3312],[13288, 3304],[13288, 3272],[13312, 3288],[13360, 3296],[13384, 3328],[13424, 3320],[13464, 3296],[13504, 3296],[13504, 3264],[13528, 3264],[13552, 3208],[13544, 3176],[13560, 3176],[13608, 3080],[13608, 2992],[13576, 2952]],[[12448, 4245],[12447.25, 4248],[12442.38, 4248],[12448, 4245]]]},"properties":{"objectType":"annotation","classification":{"name":"Tumor","color":[102, 77, 179]}}},{"type":"Feature","id":"e62a3ce9-27a5-4799-944d-05894e44ce4f","geometry":{"type":"Polygon","coordinates":[[[15136, 2216],[15152, 2312],[15200, 2352],[15280, 2352],[15336, 2216],[15288, 2144],[15184, 2144],[15136, 2216]]]},"properties":{"objectType":"annotation","classification":{"name":"Tumor","color":[102, 77, 179]}}},{"type":"Feature","id":"bd70c1eb-4c8f-4808-aa4b-d86b1a41d58f","geometry":{"type":"Polygon","coordinates":[[[17304, 1904],[17336, 2024],[17448, 2040],[17520, 1952],[17488, 1856],[17408, 1800],[17344, 1816],[17304, 1904]]]},"properties":{"objectType":"annotation","classification":{"name":"Tumor","color":[102, 77, 179]}}},{"type":"Feature","id":"e04051ee-6643-4c48-87eb-7796d0587cb9","geometry":{"type":"Polygon","coordinates":[[[16624, 4000],[16624, 4032],[16632, 4032],[16632, 4048],[16640, 4048],[16640, 4056],[16704, 4056],[16704, 4064],[16712, 4064],[16712, 4072],[16720, 4072],[16720, 4080],[16728, 4080],[16728, 4088],[16736, 4088],[16736, 4096],[16744, 4096],[16744, 4104],[16776, 4104],[16776, 4096],[16784, 4096],[16784, 4088],[16792, 4088],[16792, 4040],[16784, 4040],[16784, 4016],[16776, 4016],[16776, 3992],[16768, 3992],[16768, 3976],[16760, 3976],[16760, 3960],[16752, 3960],[16752, 3952],[16736, 3952],[16736, 3944],[16704, 3944],[16704, 3952],[16688, 3952],[16688, 3960],[16680, 3960],[16680, 3968],[16664, 3968],[16664, 3976],[16648, 3976],[16648, 3984],[16640, 3984],[16640, 3992],[16632, 3992],[16632, 4000],[16624, 4000]]]},"properties":{"objectType":"annotation","classification":{"name":"Ignore*","color":[180, 180, 180]}}},{"type":"Feature","id":"23fecc3f-6fb2-463c-a910-d1800aaca14f","geometry":{"type":"Polygon","coordinates":[[[16792, 3944],[16792, 3976],[16800, 3976],[16800, 3984],[16816, 3984],[16816, 3992],[16872, 3992],[16872, 3984],[16880, 3984],[16880, 3944],[16872, 3944],[16872, 3936],[16864, 3936],[16864, 3928],[16848, 3928],[16848, 3920],[16816, 3920],[16816, 3928],[16808, 3928],[16808, 3936],[16800, 3936],[16800, 3944],[16792, 3944]]]},"properties":{"objectType":"annotation","classification":{"name":"Ignore*","color":[180, 180, 180]}}},{"type":"Feature","id":"f02f36cf-b808-48c4-bc40-2e8d46fbc539","geometry":{"type":"Polygon","coordinates":[[[17224, 3856],[17224, 3896],[17232, 3896],[17232, 3912],[17240, 3912],[17240, 3920],[17264, 3920],[17264, 3912],[17280, 3912],[17280, 3896],[17288, 3896],[17288, 3856],[17280, 3856],[17280, 3840],[17272, 3840],[17272, 3832],[17248, 3832],[17248, 3840],[17240, 3840],[17240, 3848],[17232, 3848],[17232, 3856],[17224, 3856]]]},"properties":{"objectType":"annotation","classification":{"name":"Ignore*","color":[180, 180, 180]}}},{"type":"Feature","id":"9f3d9541-989b-4b89-8cea-1dd65fb4fac4","geometry":{"type":"Polygon","coordinates":[[[16984, 4272],[16992, 4336],[17064, 4336],[17144, 4384],[17136, 4472],[17192, 4464],[17200, 4320],[17136, 4216],[17024, 4200],[16984, 4272]]]},"properties":{"objectType":"annotation","classification":{"name":"Tumor","color":[102, 77, 179]}}},{"type":"Feature","id":"0407e7d0-4514-4142-9f12-3d5d537cac27","geometry":{"type":"Polygon","coordinates":[[[17062, 4626],[17089, 4686],[17138, 4700],[17209, 4675],[17246, 4639],[17243, 4606],[17281, 4598],[17306, 4543],[17270, 4486],[17234, 4494],[17224, 4565],[17171, 4563],[17087, 4598],[17062, 4626]]]},"properties":{"objectType":"annotation","classification":{"name":"Tumor","color":[102, 77, 179]}}},{"type":"Feature","id":"31aa12b5-4d5e-4734-8372-344d584c82f5","geometry":{"type":"Polygon","coordinates":[[[17960, 4776],[17952, 4808],[17960, 4824],[17984, 4832],[17984, 4864],[17992, 4864],[17992, 4896],[18000, 4912],[18016, 4912],[18024, 4928],[18040, 4928],[18072, 4968],[18120, 4984],[18120, 4992],[18144, 4992],[18144, 5000],[18224, 5000],[18232, 5016],[18248, 5000],[18272, 5000],[18288, 5016],[18304, 5016],[18312, 5032],[18328, 5032],[18336, 5048],[18360, 5056],[18360, 5072],[18336, 5072],[18336, 5064],[18304, 5064],[18304, 5072],[18240, 5072],[18232, 5088],[18232, 5112],[18224, 5120],[18200, 5120],[18200, 5128],[18176, 5120],[18176, 5144],[18200, 5144],[18208, 5168],[18184, 5184],[18184, 5200],[18200, 5208],[18200, 5232],[18224, 5240],[18224, 5256],[18240, 5264],[18264, 5264],[18264, 5272],[18288, 5272],[18296, 5280],[18296, 5304],[18264, 5304],[18264, 5296],[18200, 5296],[18208, 5320],[18184, 5328],[18184, 5296],[18176, 5288],[18160, 5304],[18136, 5304],[18128, 5296],[18096, 5296],[18088, 5312],[18064, 5312],[18056, 5328],[18048, 5320],[18016, 5320],[18016, 5328],[17968, 5328],[17896, 5376],[17896, 5344],[17880, 5344],[17880, 5368],[17864, 5384],[17832, 5384],[17824, 5408],[17776, 5408],[17768, 5435],[17744, 5446.75],[17736, 5432],[17704, 5464],[17688, 5464],[17689, 5488],[17680, 5472],[17656, 5472],[17648, 5504],[17624, 5504],[17608, 5536],[17573, 5554],[17562, 5571],[17566, 5593],[17592, 5616],[17647, 5621.51],[17656, 5632],[17688, 5640],[17768, 5640],[17784, 5624],[17792, 5600],[17816, 5600],[17840, 5616],[17848, 5640],[17888, 5640],[17888, 5648],[17928, 5648],[17984, 5608],[17992, 5584],[17992, 5608],[18016, 5608],[18032, 5616],[18032, 5592],[18024, 5576],[18056, 5576],[18056, 5568],[18104, 5568],[18120, 5576],[18168, 5552],[18168, 5544],[18200, 5544],[18208, 5520],[18248, 5496],[18248, 5472],[18264, 5464],[18264, 5440],[18296, 5440],[18296, 5400],[18328, 5400],[18336, 5392],[18336, 5424],[18360, 5416],[18360, 5392],[18344, 5392],[18344, 5360],[18352, 5360],[18352, 5320],[18336, 5312],[18344, 5288],[18368, 5288],[18376, 5264],[18392, 5264],[18408, 5248],[18408, 5232],[18432, 5216],[18432, 5176],[18424, 5176],[18424, 5152],[18408, 5136],[18408, 5112],[18400, 5096],[18424, 5104],[18432, 5136],[18448, 5144],[18448, 5160],[18472, 5160],[18488, 5136],[18488, 5080],[18480, 5080],[18480, 5008],[18488, 5008],[18488, 4968],[18480, 4968],[18480, 4944],[18488, 4936],[18472, 4928],[18472, 4912],[18440, 4888],[18400, 4888],[18400, 4880],[18376, 4880],[18368, 4864],[18352, 4864],[18328, 4832],[18312, 4824],[18288, 4824],[18280, 4816],[18280, 4792],[18264, 4808],[18248, 4800],[18216, 4800],[18200, 4792],[18096, 4792],[18080, 4808],[18024, 4808],[18024, 4816],[17992, 4816],[17984, 4776],[17960, 4776]],[[17824, 5456],[17824, 5466.4],[17810.4, 5456],[17824, 5456]],[[17742.33, 5448],[17736, 5453],[17736, 5448],[17742.33, 5448]],[[17672, 5488],[17680, 5495],[17672, 5496],[17672, 5488]]]},"properties":{"objectType":"annotation","classification":{"name":"Tumor","color":[102, 77, 179]}}},{"type":"Feature","id":"201e03c8-2922-43a0-a86d-632f966b9a01","geometry":{"type":"Polygon","coordinates":[[[17176, 5106],[17198, 5169],[17257.06, 5254.36],[17190, 5404],[17200, 5474],[17278, 5472],[17339, 5412],[17354, 5363],[17322.82, 5284.12],[17319, 5213],[17299, 5175],[17348, 5164],[17353, 5137],[17311, 5125],[17296, 5064],[17233, 5019],[17193, 5037],[17176, 5106]]]},"properties":{"objectType":"annotation","classification":{"name":"Tumor","color":[102, 77, 179]}}},{"type":"Feature","id":"0899d6da-9f74-4cef-aa17-87481bbcdd49","geometry":{"type":"Polygon","coordinates":[[[15229, 2616],[15176, 2624],[15168, 2648],[15191, 2660],[15160, 2664],[15151, 2680],[15104, 2688],[15088, 2704],[15073, 2688],[15096, 2688],[15136, 2664],[15136, 2648],[15104, 2648],[15091, 2668],[15000, 2712],[14951, 2749],[14916.07, 2800],[14904, 2800],[14870, 2842],[14824, 2936],[14811, 2971],[14752, 3008],[14751, 3042],[14725, 3080],[14704, 3088],[14704, 3064],[14688, 3064],[14680, 3088],[14648, 3124],[14592, 3168],[14584, 3204],[14516, 3256],[14463, 3275],[14443, 3295],[14410, 3390],[14424, 3430],[14440, 3436],[14458, 3469],[14516, 3503],[14561, 3503],[14632, 3480],[14683, 3429],[14724, 3408],[14765.85, 3368],[14809, 3346],[14874, 3280],[14936, 3208],[14931, 3179],[14960, 3176],[14989, 3136],[15000, 3136],[15024, 3096],[15032, 3062],[15085, 3021],[15138, 2952],[15168, 2952],[15176, 2929.88],[15216, 2912],[15218, 2876],[15240, 2856],[15256, 2824],[15320, 2824],[15320, 2801.71],[15360, 2760],[15394, 2705],[15374, 2689],[15378, 2657],[15341, 2660],[15305, 2632],[15229, 2616]],[[14608, 3200],[14608, 3208],[14600, 3208],[14608, 3200]],[[14512, 3290],[14512, 3299],[14510, 3300],[14512, 3290]],[[14519, 3279],[14520, 3288],[14514, 3288],[14519, 3279]]]},"properties":{"objectType":"annotation","classification":{"name":"Tumor","color":[102, 77, 179]}}},{"type":"Feature","id":"62f917d4-8a93-4049-892c-6e0b785d617f","geometry":{"type":"Polygon","coordinates":[[[16136, 8296],[16152, 8360],[16408, 8272],[16400, 8216],[16240, 8216],[16136, 8296]]]},"properties":{"objectType":"annotation","classification":{"name":"Tumor","color":[102, 77, 179]}}},{"type":"Feature","id":"3fd0b790-c6b4-4049-a92b-00f058fd0c31","geometry":{"type":"Polygon","coordinates":[[[20401, 8334],[20461, 8412],[20566, 8392],[20734, 8466],[20825, 8434],[20862, 8359],[20847, 8251],[20793, 8230],[20677.67, 8274],[20599, 8226],[20494, 8220],[20422, 8268],[20401, 8334]]]},"properties":{"objectType":"annotation","classification":{"name":"Tumor","color":[102, 77, 179]}}},{"type":"Feature","id":"eb54a393-8126-42c7-8d5f-555dda9b780c","geometry":{"type":"Polygon","coordinates":[[[19848, 8783],[19878, 8771],[19875, 8836],[19903, 8834],[19923, 8773],[20049, 8725],[20063, 8668],[20014, 8618],[19931, 8608],[19887, 8638],[19848, 8783]]]},"properties":{"objectType":"annotation","classification":{"name":"Tumor","color":[102, 77, 179]}}},{"type":"Feature","id":"ce02890d-e4a7-4d9d-9a04-a2944d75ec69","geometry":{"type":"Polygon","coordinates":[[[19888, 8882],[19888, 8888],[19891, 8891],[19891, 8898],[19894, 8901],[19894, 8904],[19895, 8904],[19897, 8906],[19897, 8907],[19898, 8907],[19898, 8908],[19901, 8910],[19901, 8914],[19904, 8917],[19904, 8924],[19907, 8927],[19907, 8930],[19914, 8937],[19918, 8937],[19920, 8940],[19921, 8940],[19922, 8941],[19924, 8941],[19927, 8943],[19928, 8944],[19931, 8944],[19933, 8947],[19934, 8947],[19937, 8950],[19940, 8950],[19943, 8953],[19943.77, 8953],[19944, 8953.25],[19944, 8954],[19944.69, 8954],[19953, 8963],[19956, 8963],[19959, 8966],[19960, 8966],[19961, 8967],[19967, 8967],[19968, 8966],[19969, 8966],[19969, 8965.25],[19972, 8963],[19972, 8957],[19969, 8954],[19969, 8951],[19963, 8945],[19963, 8942],[19962, 8942],[19962, 8941],[19959, 8938],[19959, 8934],[19956, 8932],[19956, 8925],[19953, 8922],[19953, 8919],[19952, 8918],[19943, 8908],[19939, 8908],[19936, 8905],[19932, 8905],[19920, 8892.2],[19920, 8889],[19917, 8886],[19910, 8879],[19906, 8879],[19904, 8876],[19895, 8876],[19891.5, 8879],[19891, 8879],[19891, 8879.43],[19888, 8882]]]},"properties":{"objectType":"annotation","classification":{"name":"Ignore*","color":[180, 180, 180]}}},{"type":"Feature","id":"878d65b8-b4dd-4bc8-a38e-a45d39b70539","geometry":{"type":"Polygon","coordinates":[[[4808, 21552],[4856, 21784],[4960, 21776],[5024, 21712],[5088, 21528],[5088, 21448],[4976, 21360],[4910, 21357],[4829, 21409],[4808, 21552]]]},"properties":{"objectType":"annotation","classification":{"name":"Tumor","color":[102, 77, 179]}}},{"type":"Feature","id":"e9753496-38f6-402b-aab3-bfbf7d60ba25","geometry":{"type":"Polygon","coordinates":[[[6392, 20535],[6392, 20544],[6393, 20544],[6394, 20545],[6397, 20545],[6400, 20547.82],[6400, 20548],[6400.19, 20548],[6414, 20561],[6414, 20562],[6418, 20562],[6421, 20565],[6422, 20566],[6424, 20568],[6424, 20569],[6428, 20569],[6435, 20575],[6435, 20576],[6439, 20576],[6456, 20593],[6457, 20594],[6459, 20596],[6459, 20597],[6463, 20597],[6466, 20600],[6467, 20600],[6467, 20601],[6498, 20601],[6501, 20603],[6501, 20604],[6505, 20604],[6508, 20607],[6509, 20607],[6509, 20608],[6512, 20608],[6515, 20610],[6515, 20611],[6519, 20611],[6522, 20614],[6523, 20614],[6523, 20615],[6558, 20615],[6561, 20617],[6561, 20618],[6568, 20618],[6571, 20621],[6572, 20621],[6572, 20622],[6575, 20622],[6578, 20624],[6578, 20625],[6586, 20625],[6590, 20629],[6603, 20629],[6606, 20631],[6606, 20632],[6617, 20632],[6620, 20635],[6621, 20635],[6621, 20636],[6645, 20636],[6648, 20638],[6648, 20639],[6657, 20639],[6657, 20638],[6657.94, 20637.29],[6659, 20638],[6659, 20639],[6661, 20639],[6661, 20638],[6665, 20635],[6665, 20634],[6666, 20634],[6666, 20627],[6668, 20624],[6669, 20624],[6669, 20619],[6668, 20619],[6668, 20618],[6665, 20618],[6665, 20615],[6664, 20615],[6661, 20612],[6661, 20611],[6653, 20611],[6650, 20608],[6646, 20608],[6643, 20605],[6643, 20604],[6639.57, 20604],[6637, 20601],[6636, 20601],[6629, 20594],[6626, 20594],[6623, 20591],[6623, 20590],[6621.57, 20590],[6619, 20587],[6615, 20587],[6612, 20584],[6612, 20583],[6601, 20583],[6598, 20580],[6583, 20580],[6580, 20577],[6580, 20576],[6569, 20576],[6566, 20573],[6548, 20573],[6545, 20570],[6545, 20569],[6534, 20569],[6531, 20566],[6527, 20566],[6524, 20563],[6524, 20562],[6520, 20562],[6517, 20559],[6510, 20559],[6507, 20556],[6507, 20555],[6478, 20555],[6475, 20552],[6464, 20552],[6461, 20549],[6461, 20548],[6457, 20548],[6454, 20545],[6447, 20545],[6444, 20542],[6444, 20541],[6440, 20541],[6437, 20538],[6433, 20538],[6430, 20535],[6430, 20534],[6422, 20534],[6419, 20531],[6396, 20531],[6393, 20535],[6392, 20535]]]},"properties":{"objectType":"annotation","classification":{"name":"Ignore*","color":[180, 180, 180]}}},{"type":"Feature","id":"a6d96354-bced-4d8b-a978-2b833c74ca80","geometry":{"type":"Polygon","coordinates":[[[6273, 20592],[6273, 20604],[6274, 20604],[6277, 20607],[6277, 20608],[6278, 20608],[6281, 20611],[6281, 20612],[6285, 20612],[6286, 20613],[6289, 20616],[6296, 20616],[6296, 20615],[6297, 20615],[6300, 20612],[6304, 20612],[6304, 20611],[6312, 20603],[6312, 20601],[6312, 20600],[6318, 20594],[6318, 20593],[6319, 20593],[6319, 20591],[6319, 20590],[6321, 20587],[6322, 20587],[6322, 20583],[6325, 20580],[6325, 20579],[6326, 20579],[6326, 20572],[6322, 20568],[6322, 20560],[6321, 20560],[6319, 20557],[6319, 20554],[6318, 20554],[6318, 20553],[6307, 20543],[6307, 20542],[6305, 20542],[6305, 20543],[6302, 20546],[6298, 20546],[6298, 20550],[6295, 20553],[6294, 20553],[6294, 20557],[6291, 20560],[6291, 20561],[6291, 20564],[6288, 20567],[6287, 20567],[6287, 20573],[6285, 20575],[6284, 20575],[6284, 20578],[6281, 20581],[6280, 20581],[6280, 20585],[6277.43, 20588],[6277, 20588],[6277, 20588.5],[6274, 20592],[6273, 20592]]]},"properties":{"objectType":"annotation","classification":{"name":"Ignore*","color":[180, 180, 180]}}},{"type":"Feature","id":"2823e313-b761-4262-8754-b9de214be59e","geometry":{"type":"Polygon","coordinates":[[[6739, 20693],[6739, 20695],[6742, 20698],[6742, 20699],[6742, 20703],[6742, 20706],[6745, 20709],[6745, 20730],[6745, 20731],[6746, 20731],[6749, 20734],[6749, 20737],[6749, 20741],[6752, 20744],[6752, 20748],[6752, 20751],[6752, 20752],[6753, 20752],[6756, 20755],[6756, 20758],[6756, 20762],[6759, 20765],[6763, 20769],[6764, 20770],[6767, 20773],[6768, 20774],[6785, 20774],[6791, 20768],[6791, 20765],[6793, 20762],[6794, 20762],[6794, 20751],[6794, 20744],[6795, 20744],[6795, 20740],[6795, 20733],[6795, 20728],[6794, 20728],[6792, 20725],[6792, 20722],[6791, 20722],[6791, 20721],[6784, 20714.39],[6784, 20714],[6783.59, 20714],[6780, 20710.61],[6780, 20710],[6779.35, 20710],[6773, 20704],[6773, 20703],[6771.83, 20703],[6769, 20700],[6766, 20700],[6763, 20697],[6763, 20696],[6761, 20696],[6758, 20693],[6755.5, 20693],[6752, 20690],[6752, 20689],[6742, 20689],[6742, 20690],[6742, 20690.75],[6739, 20693]]]},"properties":{"objectType":"annotation","classification":{"name":"Ignore*","color":[180, 180, 180]}}},{"type":"Feature","id":"110b8fc9-e684-43d4-ad47-3a5b882c34b4","geometry":{"type":"Polygon","coordinates":[[[6135, 20200],[6209, 20427],[6279, 20465],[6280, 20541],[6352, 20512],[6328, 20283],[6246, 20166],[6180, 20134],[6135, 20200]]]},"properties":{"objectType":"annotation","classification":{"name":"Tumor","color":[102, 77, 179]}}},{"type":"Feature","id":"728c5679-cd35-44c9-8ad0-cd9c5c3eba06","geometry":{"type":"Polygon","coordinates":[[[5208, 16816],[5208, 16848],[5192, 16856],[5152, 16848],[5136, 16856],[5136, 16928],[5144, 16952],[5136, 16976],[5120, 16976],[5128, 17008],[5112, 17008],[5088, 17040],[5096, 17080],[5056, 17088],[5064, 17136],[5096, 17136],[5096, 17184],[5080, 17200],[5080, 17256],[5088, 17280],[5064, 17280],[5056, 17312],[5072, 17328],[5048, 17328],[5064, 17376],[5032, 17360],[5032, 17408],[5016, 17416],[5016, 17456],[5032, 17456],[5048, 17400],[5088, 17400],[5096, 17432],[5064, 17464],[5048, 17456],[5040, 17496],[5056, 17496],[5064, 17536],[5024, 17528],[5056, 17568],[4984, 17568],[4936, 17544],[4928, 17512],[4904, 17520],[4904, 17664],[4880, 17672],[4880, 17704],[4856, 17712],[4840, 17736],[4848, 17776],[4784, 17808],[4784, 17840],[4744, 17880],[4736, 17944],[4720, 17952],[4728, 18016],[4720, 18048],[4736, 18064],[4728, 18104],[4752, 18128],[4800, 18128],[4832, 18152],[4848, 18144],[4904, 18144],[4920, 18120],[4960, 18120],[4968, 18096],[4984, 18104],[5008, 18088],[5056, 18096],[5064, 18160],[5088, 18168],[5080, 18184],[5032, 18208],[5032, 18224],[5000, 18232],[5000, 18248],[4952, 18312],[4904, 18344],[4904, 18368],[4872, 18376],[4880, 18416],[4864, 18432],[4832, 18432],[4832, 18456],[4800, 18448],[4792, 18472],[4760, 18472],[4768, 18520],[4744, 18544],[4744, 18592],[4728, 18624],[4728, 18696],[4736, 18728],[4776, 18760],[4856, 18760],[4904, 18800],[4912, 18856],[4872, 18848],[4864, 18880],[4888, 18872],[4888, 18891],[4861, 18911],[4806, 18912],[4796, 18905],[4713, 18944],[4657, 18986],[4636, 19017],[4654, 19069],[4685, 19100],[4741, 19107],[4741, 19136],[4772, 19145],[4769, 19165],[4732, 19202],[4719, 19189],[4702, 19202],[4723, 19230],[4730, 19264],[4720, 19314],[4734, 19335],[4763, 19347],[4804, 19342],[4804, 19377],[4833, 19389],[4858, 19349],[4875, 19353],[4904, 19392],[4920, 19400],[4992, 19400],[4992, 19368],[5024, 19336],[5008, 19272],[4968, 19272],[4968, 19248],[5006, 19221],[5028, 19240],[5028, 19279],[5104, 19360],[5152, 19360],[5184, 19336],[5192, 19304],[5224, 19304],[5232, 19272],[5256, 19240],[5256, 19224],[5280, 19208],[5280, 19176],[5248, 19176],[5248, 19160],[5224, 19144],[5216, 19120],[5160, 19112],[5136, 19096],[5136, 19072],[5120, 19096],[5096, 19104],[5019, 19160],[5007, 19151],[5004, 19002],[5008, 18920],[4992, 18896],[5000, 18864],[4992, 18824],[5008, 18816],[5008, 18760],[5000, 18744],[5032, 18744],[5056, 18760],[5064, 18784],[5088, 18776],[5088, 18760],[5128, 18728],[5168, 18720],[5168, 18672],[5176, 18640],[5192, 18624],[5192, 18600],[5208, 18584],[5208, 18448],[5224, 18440],[5232, 18376],[5256, 18352],[5256, 18304],[5288, 18272],[5288, 18216],[5296, 18184],[5272, 18192],[5248, 18184],[5248, 18160],[5264, 18168],[5296, 18160],[5288, 18128],[5288, 18080],[5272, 18064],[5272, 18040],[5248, 18024],[5232, 17976],[5200, 17976],[5200, 17800],[5216, 17760],[5224, 17704],[5224, 17616],[5232, 17616],[5232, 17552],[5224, 17552],[5216, 17496],[5200, 17504],[5200, 17464],[5232, 17472],[5232, 17456],[5208, 17448],[5208, 17408],[5224, 17400],[5216, 17376],[5216, 17320],[5200, 17312],[5208, 17280],[5208, 17232],[5200, 17232],[5200, 17184],[5192, 17160],[5168, 17152],[5176, 17120],[5176, 17072],[5184, 17056],[5208, 17056],[5264, 17008],[5264, 16984],[5296, 16960],[5296, 17000],[5344, 17000],[5344, 16984],[5312, 16968],[5320, 16920],[5296, 16920],[5296, 16904],[5328, 16904],[5336, 16880],[5304, 16864],[5304, 16888],[5288, 16888],[5272, 16856],[5248, 16856],[5248, 16824],[5208, 16816]],[[5224, 17984],[5224, 17992],[5216, 17992],[5224, 17984]]]},"properties":{"objectType":"annotation","classification":{"name":"Tumor","color":[102, 77, 179]}}},{"type":"Feature","id":"80aa9202-55e3-430b-bb59-19431354e595","geometry":{"type":"Polygon","coordinates":[[[6112, 16552],[6120, 16592],[6136, 16592],[6128, 16632],[6160, 16648],[6160, 16672],[6208, 16664],[6232, 16696],[6256, 16696],[6280, 16728],[6400, 16752],[6440, 16736],[6448, 16720],[6480, 16712],[6512, 16680],[6544, 16672],[6544, 16608],[6576, 16608],[6576, 16488],[6600, 16472],[6568, 16480],[6552, 16464],[6560, 16432],[6616, 16456],[6624, 16504],[6656, 16504],[6672, 16528],[6712, 16552],[6712, 16568],[6744, 16592],[6776, 16592],[6784, 16616],[6824, 16616],[6848, 16640],[6888, 16640],[6912, 16648],[6976, 16592],[6984, 16640],[6976, 16656],[7000, 16656],[7008, 16688],[7040, 16696],[7064, 16728],[7080, 16712],[7120, 16712],[7112, 16752],[7144, 16736],[7152, 16712],[7192, 16704],[7208, 16728],[7224, 16696],[7224, 16672],[7240, 16664],[7200, 16656],[7200, 16624],[7248, 16600],[7248, 16528],[7232, 16536],[7240, 16512],[7224, 16352],[7200, 16336],[7192, 16272],[7168, 16248],[7168, 16208],[7160, 16200],[7112, 16192],[7112, 16176],[7080, 16184],[7032, 16176],[7016, 16192],[6976, 16200],[6968, 16224],[6936, 16240],[6928, 16264],[6864, 16264],[6840, 16280],[6768, 16280],[6752, 16296],[6728, 16296],[6736, 16264],[6784, 16272],[6776, 16232],[6792, 16232],[6792, 16200],[6808, 16176],[6816, 16136],[6840, 16120],[6856, 16136],[6888, 16136],[6896, 16152],[6984, 16152],[7016, 16128],[7008, 16096],[7032, 16112],[7056, 16112],[7056, 16056],[7064, 16056],[7064, 15944],[7080, 15944],[7104, 15912],[7112, 15856],[7128, 15832],[7104, 15824],[7096, 15784],[7144, 15784],[7200, 15760],[7256, 15712],[7264, 15680],[7320, 15632],[7320, 15608],[7344, 15592],[7376, 15544],[7376, 15520],[7400, 15488],[7400, 15464],[7416, 15448],[7456, 15448],[7464, 15464],[7448, 15488],[7416, 15488],[7424, 15528],[7424, 15664],[7456, 15688],[7504, 15680],[7512, 15656],[7544, 15624],[7544, 15584],[7552, 15584],[7552, 15528],[7560, 15528],[7560, 15392],[7584, 15360],[7584, 15328],[7608, 15312],[7616, 15288],[7656, 15288],[7680, 15272],[7696, 15248],[7696, 15144],[7728, 15104],[7760, 15048],[7760, 15024],[7792, 14976],[7848, 14976],[7864, 14944],[7896, 14936],[7928, 14888],[7936, 14856],[7960, 14856],[7960, 14808],[7976, 14808],[7976, 14776],[7992, 14760],[7992, 14712],[7968, 14696],[7944, 14664],[7904, 14672],[7880, 14688],[7848, 14752],[7848, 14792],[7832, 14808],[7832, 14848],[7824, 14864],[7784, 14864],[7792, 14832],[7792, 14792],[7800, 14792],[7800, 14752],[7816, 14736],[7808, 14720],[7816, 14696],[7816, 14656],[7832, 14640],[7832, 14616],[7816, 14608],[7816, 14544],[7848, 14528],[7856, 14504],[7856, 14464],[7880, 14424],[7880, 14384],[7896, 14360],[7896, 14176],[7912, 14160],[7912, 14032],[7904, 14008],[7856, 14008],[7840, 14040],[7816, 14064],[7792, 14032],[7824, 14016],[7824, 13968],[7800, 13984],[7760, 13976],[7728, 13936],[7712, 13944],[7672, 13944],[7640, 13976],[7640, 13960],[7616, 13960],[7608, 13976],[7576, 13992],[7576, 14040],[7568, 14064],[7608, 14096],[7616, 14120],[7632, 14104],[7664, 14112],[7680, 14136],[7712, 14144],[7736, 14160],[7744, 14192],[7720, 14192],[7720, 14176],[7696, 14176],[7656, 14152],[7616, 14152],[7608, 14176],[7576, 14192],[7584, 14248],[7576, 14264],[7552, 14272],[7520, 14304],[7496, 14304],[7488, 14328],[7456, 14320],[7456, 14352],[7440, 14352],[7440, 14392],[7432, 14400],[7384, 14376],[7336, 14376],[7328, 14392],[7304, 14392],[7280, 14416],[7248, 14416],[7240, 14448],[7200, 14472],[7200, 14512],[7176, 14536],[7184, 14568],[7160, 14592],[7152, 14584],[7120, 14592],[7096, 14608],[7096, 14584],[7080, 14576],[7080, 14608],[7056, 14608],[7072, 14624],[7072, 14720],[7096, 14736],[7120, 14736],[7144, 14712],[7168, 14712],[7168, 14736],[7184, 14736],[7208, 14712],[7264, 14712],[7288, 14696],[7288, 14680],[7320, 14680],[7344, 14656],[7352, 14616],[7424, 14616],[7448, 14608],[7456, 14592],[7480, 14584],[7488, 14552],[7528, 14552],[7536, 14528],[7608, 14504],[7648, 14472],[7680, 14416],[7680, 14400],[7736, 14368],[7744, 14392],[7736, 14416],[7712, 14440],[7696, 14480],[7672, 14488],[7648, 14536],[7584, 14568],[7568, 14592],[7552, 14648],[7464, 14648],[7464, 14656],[7416, 14648],[7408, 14664],[7384, 14664],[7336, 14712],[7320, 14712],[7312, 14736],[7280, 14760],[7272, 14792],[7272, 14840],[7288, 14856],[7296, 14904],[7312, 14920],[7384, 14936],[7424, 14912],[7424, 14896],[7456, 14872],[7464, 14832],[7488, 14824],[7488, 14792],[7504, 14760],[7528, 14744],[7544, 14760],[7536, 14800],[7520, 14824],[7520, 14856],[7504, 14872],[7504, 14904],[7480, 14936],[7456, 14952],[7456, 14992],[7448, 15024],[7456, 15040],[7440, 15048],[7440, 15128],[7424, 15136],[7416, 15200],[7392, 15232],[7392, 15280],[7368, 15296],[7368, 15328],[7352, 15344],[7320, 15320],[7312, 15304],[7312, 15240],[7288, 15208],[7288, 15184],[7304, 15176],[7200, 15176],[7168, 15216],[7144, 15224],[7144, 15272],[7128, 15280],[7128, 15304],[7112, 15320],[7096, 15312],[7096, 15216],[7120, 15216],[7120, 15192],[7168, 15168],[7176, 15176],[7232, 15136],[7240, 15104],[7272, 15080],[7296, 15008],[7288, 14968],[7240, 14912],[7184, 14912],[7152, 14904],[7136, 14928],[7080, 14960],[7080, 14976],[7048, 14976],[7032, 15008],[6992, 15032],[6984, 15080],[6952, 15112],[6928, 15112],[6920, 15144],[6920, 15232],[6936, 15248],[6936, 15272],[6976, 15304],[6992, 15328],[7000, 15376],[7048, 15408],[7072, 15416],[7096, 15392],[7144, 15400],[7160, 15432],[7232, 15432],[7256, 15408],[7280, 15408],[7304, 15440],[7280, 15440],[7232, 15464],[7232, 15448],[7152, 15472],[7072, 15472],[7072, 15480],[7032, 15480],[7024, 15496],[6992, 15504],[6984, 15528],[6960, 15528],[6960, 15512],[6936, 15528],[6896, 15568],[6880, 15576],[6824, 15576],[6800, 15608],[6760, 15624],[6712, 15624],[6712, 15600],[6736, 15584],[6712, 15576],[6696, 15608],[6672, 15624],[6656, 15656],[6608, 15656],[6608, 15696],[6576, 15728],[6568, 15760],[6544, 15776],[6536, 15800],[6536, 15872],[6528, 15896],[6552, 15904],[6552, 15992],[6536, 15984],[6488, 15984],[6480, 16016],[6440, 16008],[6432, 16024],[6400, 16024],[6392, 16040],[6368, 16040],[6328, 16064],[6280, 16104],[6248, 16104],[6240, 16120],[6256, 16136],[6232, 16160],[6216, 16160],[6224, 16192],[6200, 16216],[6192, 16248],[6192, 16296],[6216, 16336],[6216, 16352],[6240, 16352],[6264, 16376],[6304, 16376],[6328, 16408],[6352, 16408],[6360, 16432],[6328, 16440],[6288, 16400],[6200, 16400],[6160, 16416],[6160, 16448],[6136, 16464],[6136, 16520],[6112, 16552]]]},"properties":{"objectType":"annotation","classification":{"name":"Tumor","color":[102, 77, 179]}}},{"type":"Feature","id":"b94f608b-9899-4c53-b232-bba07aaa38a0","geometry":{"type":"Polygon","coordinates":[[[7224, 16360],[7248, 16496],[7320, 16512],[7336, 16088],[7424, 16120],[7480, 16080],[7440, 16016],[7320, 15992],[7280, 16024],[7264, 16296],[7224, 16360]]]},"properties":{"objectType":"annotation","classification":{"name":"Tumor","color":[102, 77, 179]}}},{"type":"Feature","id":"83e5136a-acd6-4e0f-8480-d6e1794a8dc5","geometry":{"type":"MultiPolygon","coordinates":[[[[10101, 15075],[10102, 15075],[10102, 15074],[10103, 15074],[10104, 15074],[10104, 15075],[10106, 15075],[10107, 15075],[10108, 15075],[10108, 15076],[10112, 15079],[10113, 15079],[10113, 15080],[10114, 15080],[10115, 15080],[10115, 15081],[10116, 15081],[10117, 15081],[10117, 15082],[10118, 15082],[10121, 15082],[10121, 15083],[10122, 15083],[10122, 15082],[10123, 15082],[10124, 15082],[10124, 15081],[10125, 15081],[10125, 15080],[10126, 15079],[10127, 15078],[10127, 15077],[10128, 15076],[10129, 15076],[10129, 15075],[10130, 15074],[10130, 15073],[10131, 15072],[10141, 15072],[10142, 15072],[10142, 15073],[10143, 15073],[10144, 15073],[10146, 15073],[10146, 15072],[10147, 15072],[10148, 15072],[10149, 15072],[10149, 15071],[10150, 15071],[10150, 15070],[10151, 15070],[10151, 15069],[10151, 15068],[10151, 15067],[10151, 15064],[10152, 15064],[10152, 15063],[10153, 15063],[10154, 15063],[10155, 15063],[10155, 15062],[10156, 15062],[10157, 15062],[10157, 15063],[10158, 15063],[10158, 15062],[10159, 15062],[10161, 15062],[10162, 15062],[10162, 15063],[10166, 15063],[10166, 15062],[10167, 15062],[10167, 15061],[10168, 15061],[10168, 15060],[10169, 15060],[10169, 15059],[10170, 15059],[10170, 15058],[10171, 15057],[10172, 15056],[10173, 15055],[10173, 15054.5],[10173.67, 15054],[10174, 15054],[10175, 15054],[10175, 15053],[10175.86, 15052],[10176, 15052],[10176, 15051.83],[10176.5, 15051.25],[10177, 15051],[10177, 15050.67],[10177.57, 15050],[10178, 15050],[10178, 15049.57],[10181, 15047],[10182, 15046],[10183, 15046],[10183, 15045],[10182, 15044],[10181, 15043],[10181, 15041],[10181, 15040],[10181, 15039],[10182, 15039],[10182, 15038],[10182, 15037],[10182, 15036],[10183, 15036],[10185, 15033],[10186, 15033],[10186, 15032],[10186, 15031],[10187, 15031],[10187, 15030],[10187, 15027],[10187, 15026],[10187, 15025],[10187, 15024],[10188, 15024],[10188, 15023],[10188, 15022],[10189, 15022],[10189, 15021],[10189, 15020],[10190, 15020],[10190, 15019],[10190.67, 15018],[10191, 15018],[10191, 15017.5],[10192, 15016],[10193, 15016],[10193, 15015],[10193, 15013],[10193, 15010],[10192, 15010],[10192, 15009],[10191, 15009],[10190, 15007],[10189, 15007],[10189, 15005],[10189, 15004],[10189, 15002],[10189, 15001],[10191, 14999],[10192, 14998],[10193, 14998],[10193, 14997],[10193, 14995],[10193, 14993],[10193, 14991],[10193, 14990],[10193, 14989],[10192, 14989],[10192, 14987],[10192, 14985],[10191, 14985],[10191, 14984],[10192, 14984],[10192, 14983],[10192, 14981],[10192, 14978],[10191, 14978],[10191, 14977],[10190, 14976],[10189, 14975],[10189, 14974],[10188, 14974],[10188, 14973],[10187, 14973],[10186, 14972],[10186, 14971],[10185, 14971],[10185, 14970],[10184, 14970],[10184, 14969],[10183, 14969],[10183, 14968],[10182, 14968],[10182, 14967],[10176, 14967],[10176, 14960],[10168, 14960],[10168, 14952],[10152, 14952],[10152, 14944],[10112, 14944],[10112, 14947],[10111, 14947],[10111, 14948],[10109, 14948],[10109, 14949],[10108, 14949],[10107, 14949],[10106, 14949],[10105, 14949],[10104, 14949],[10104, 14950],[10098, 14950],[10098, 14951],[10096, 14951],[10095, 14951],[10095, 14952],[10094, 14952],[10093, 14952],[10088, 14952],[10088, 14954],[10087, 14954],[10087, 14955],[10086, 14955],[10085, 14956],[10084, 14956],[10084, 14957],[10081, 14960],[10080, 14960],[10080, 14960.8],[10078.5, 14962],[10078, 14962],[10077.25, 14963],[10076, 14964],[10075, 14965],[10074, 14966],[10072, 14968],[10070, 14969],[10070, 14970],[10069, 14971],[10069, 14972],[10069, 14973],[10068, 14974],[10068, 14975],[10067, 14976],[10067, 14977],[10066, 14978],[10065, 14979],[10065, 14980],[10064, 14980],[10064, 14981],[10064, 14983],[10064, 14984],[10063, 14984],[10063, 14985],[10063, 14986],[10063, 14987],[10063, 14988],[10062, 14988],[10062, 14991],[10061, 14991],[10061, 14992],[10060, 14993],[10060, 14994],[10060, 14995],[10059, 14996],[10059, 14998],[10059, 14999],[10058, 15000],[10058, 15001],[10058, 15002],[10057, 15003],[10056, 15004],[10056, 15005],[10055, 15006],[10055, 15013],[10055, 15015],[10055, 15017],[10054, 15018],[10054.5, 15018.5],[10054, 15019],[10054, 15020],[10054.5, 15020.5],[10054, 15021],[10054, 15022],[10055, 15023],[10055, 15026],[10056, 15026],[10056, 15040],[10061, 15040],[10063, 15040],[10063, 15041],[10064, 15041],[10064, 15056],[10072, 15056],[10072, 15064],[10079, 15064],[10079, 15065],[10079, 15067],[10080, 15068],[10080, 15069],[10081, 15070],[10082, 15070],[10082, 15071],[10085, 15071],[10085, 15072],[10086, 15072],[10086, 15073],[10087, 15073],[10088, 15073],[10088, 15074],[10089, 15074],[10091, 15074],[10092, 15074],[10092, 15075],[10093, 15075],[10094, 15075],[10096, 15075],[10096, 15074],[10097, 15074],[10099, 15074],[10099, 15073],[10100, 15073],[10100, 15074],[10101, 15074],[10101, 15075]]],[[[10100, 15076],[10101, 15076],[10101, 15075],[10100, 15075],[10100, 15076]]]]},"properties":{"objectType":"annotation","classification":{"name":"Ignore*","color":[180, 180, 180]}}},{"type":"Feature","id":"c82380bb-f02a-4e1a-987d-2f1902720570","geometry":{"type":"Polygon","coordinates":[[[9663, 14263],[9664, 14296],[9688, 14344],[9758, 14360],[9766, 14410],[9764, 14502],[9796, 14564],[9866, 14592],[9918, 14570],[9968, 14530],[9984, 14473],[10008, 14436],[10024, 14377],[10056, 14360],[10080, 14384],[10168, 14384],[10232, 14400],[10304, 14400],[10328, 14384],[10336, 14288],[10288, 14248],[10240, 14184],[10224, 14184],[10136, 14104],[10128, 14009],[10150, 14009],[10120, 13976],[10128, 13938],[10160, 13917],[10190, 13871],[10196, 13837],[10184, 13751],[10152, 13720],[10056, 13711],[9984, 13753],[9982, 13861],[9994, 13890],[9976, 13935],[9992, 14056],[10016, 14088],[10000, 14160],[9984, 14184],[9936, 14176],[9904, 14208],[9872, 14211],[9840, 14264],[9800.5, 14264],[9752, 14224],[9712, 14232],[9663, 14263]]]},"properties":{"objectType":"annotation","classification":{"name":"Tumor","color":[102, 77, 179]}}},{"type":"Feature","id":"fba9a91a-1710-47dc-b310-e7e4166747d3","geometry":{"type":"Polygon","coordinates":[[[9752, 13952],[9752, 14000],[9784, 14024],[9787, 14065],[9848, 14104],[9928, 14088],[9944, 14064],[9920, 14048],[9904, 13992],[9840, 13928],[9776, 13928],[9752, 13952]]]},"properties":{"objectType":"annotation","classification":{"name":"Tumor","color":[102, 77, 179]}}},{"type":"Feature","id":"0778c2b7-73d1-43e5-9f99-3a4834b495bd","geometry":{"type":"Polygon","coordinates":[[[9488, 11456],[9544, 11528],[9608, 11528],[9745, 11423],[9776, 11464],[9816, 11432],[9808, 11400],[9750, 11401],[9744, 11361],[9866, 11288],[9896, 11336],[9960, 11376],[10056, 11368],[10152, 11344],[10232, 11248],[10232, 11192],[10184, 11120],[10112, 11088],[10176, 11008],[10192, 10944],[10248, 10888],[10408, 10888],[10472, 10800],[10480, 10696],[10440, 10648],[10338, 10652],[10273, 10724],[10230, 10628],[10185, 10606],[10096, 10608],[10032, 10656],[10009, 10726],[9960, 10711.48],[9936, 10648],[9864, 10648],[9752, 10720],[9688, 10824],[9672, 10912],[9736, 10976],[9797, 10988],[9797, 11043],[9664, 11104],[9661, 11171],[9576, 11192],[9504, 11272],[9504, 11376],[9488, 11456]]]},"properties":{"objectType":"annotation","classification":{"name":"Tumor","color":[102, 77, 179]}}},{"type":"Feature","id":"2e34e2e4-4d1e-46ec-82e8-989ccbcd921d","geometry":{"type":"Polygon","coordinates":[[[10704, 12304],[10640, 12312],[10568, 12376],[10568, 12408],[10608, 12448],[10590, 12493],[10624, 12520],[10720, 12544],[10715, 12615],[10766, 12688],[10757, 12749],[10728, 12792],[10648, 12784],[10616, 12824],[10528, 12888],[10528, 12920],[10592, 12984],[10640, 12960],[10656, 12904],[10688, 12888],[10700, 12929],[10595, 13060],[10556, 13138],[10529, 13165],[10405, 13407],[10381, 13511],[10400, 13648],[10456, 13688],[10520, 13664],[10496, 13744],[10496, 13816],[10552, 13848],[10592, 13848],[10656, 13736],[10696, 13696],[10704, 13656],[10728, 13664],[10744, 13712],[10800, 13696],[10792, 13624],[10712, 13640],[10685, 13589],[10699, 13527],[10675, 13494],[10675, 13448],[10699, 13377],[10751, 13339],[10794, 13272],[10808, 13204],[10784, 13163],[10808, 13125],[10824, 13028],[10824, 12904],[10880, 12776],[10960, 12744],[11040, 12672],[11048, 12592],[10984, 12592],[10936, 12608],[10920, 12592],[10936, 12536],[10936, 12464],[10896, 12408],[10816, 12400],[10792, 12344],[10744, 12336],[10704, 12304]],[[10717.33, 12605],[10717, 12605.28],[10717, 12605],[10717.33, 12605]],[[10614, 13568],[10556, 13632],[10552, 13576],[10614, 13568]]]},"properties":{"objectType":"annotation","classification":{"name":"Tumor","color":[102, 77, 179]}}},{"type":"Feature","id":"a64308de-9256-4309-a993-86b61821833f","geometry":{"type":"Polygon","coordinates":[[[19064, 8584],[19048, 8608],[19008, 8616],[19016, 8696],[18984, 8712],[18957, 8700],[18920, 8728],[18912, 8766],[18882, 8756],[18866, 8772],[18875, 8789],[18840, 8856],[18872, 8856],[18874, 8872],[18852, 8907],[18875, 8926],[18875, 8954],[18858, 9001],[18888, 9080],[18903, 9093],[18907, 9133],[18888, 9168],[18920, 9185],[18920, 9264],[18936, 9248],[18968, 9272],[18936, 9352],[18920, 9360],[18928, 9392],[18904, 9408],[18896, 9472],[18872, 9488],[18872, 9520],[18840, 9552],[18864, 9568],[18832, 9584],[18808, 9632],[18776, 9656],[18696, 9656],[18664, 9696],[18544, 9696],[18544, 9704],[18432, 9704],[18400, 9688],[18344, 9688],[18329, 9663],[18258, 9588],[18240, 9557],[18263, 9539],[18260, 9508],[18228, 9522],[18191, 9470],[18152, 9435],[18136, 9402],[18088, 9377],[18088, 9272],[18112, 9264],[18144, 9296],[18160, 9297],[18208, 9336],[18240, 9336],[18288, 9360],[18344, 9360],[18360, 9368],[18416, 9368],[18440, 9376],[18376, 9400],[18320, 9400],[18288, 9424],[18264, 9464],[18264, 9536],[18280, 9544],[18280, 9592],[18304, 9592],[18320, 9624],[18360, 9632],[18368, 9648],[18432, 9656],[18432, 9680],[18464, 9680],[18472, 9648],[18528, 9640],[18568, 9624],[18568, 9608],[18608, 9600],[18632, 9576],[18688, 9592],[18688, 9576],[18752, 9600],[18784, 9584],[18848, 9504],[18864, 9432],[18864, 9392],[18840, 9392],[18800, 9360],[18720, 9384],[18680, 9408],[18656, 9464],[18600, 9448],[18568, 9408],[18536, 9408],[18512, 9392],[18520, 9368],[18576, 9360],[18608, 9328],[18632, 9328],[18624, 9376],[18632, 9408],[18656, 9384],[18696, 9376],[18728, 9344],[18784, 9344],[18856, 9368],[18848, 9336],[18880, 9336],[18872, 9288],[18904, 9288],[18896, 9264],[18864, 9272],[18856, 9240],[18832, 9208],[18808, 9208],[18800, 9176],[18760, 9168],[18760, 9120],[18776, 9104],[18776, 9008],[18784, 8960],[18768, 8952],[18736, 8864],[18680, 8816],[18680, 8800],[18632, 8784],[18624, 8768],[18584, 8768],[18568, 8752],[18536, 8760],[18488, 8752],[18448, 8776],[18360, 8776],[18336, 8768],[18320, 8784],[18264, 8784],[18240, 8800],[18200, 8800],[18120, 8848],[18032, 8856],[18008, 8896],[17944, 8896],[17912, 8928],[17912, 8944],[17872, 9024],[17840, 9048],[17840, 9064],[17776, 9112],[17776, 9160],[17752, 9168],[17744, 9216],[17744, 9280],[17752, 9280],[17752, 9347.57],[17743, 9369],[17749.29, 9434.28],[17728, 9422],[17735, 9464],[17766.71, 9469.71],[17787, 9512],[17787, 9540],[17824, 9592],[17872, 9624],[17924, 9644],[17991, 9657],[17997, 9673],[17971, 9683],[17958, 9659],[17935, 9663],[17942, 9714],[17991, 9762],[17991, 9782],[18035, 9815],[18086, 9827],[18134, 9819],[18190, 9838],[18236, 9840],[18246, 9829],[18285, 9838],[18290.67, 9825.33],[18344, 9870],[18344, 9858.33],[18416, 9872],[18408, 9888],[18368, 9888],[18336, 9912],[18272, 9928],[18248, 9952],[18200, 9976],[18152, 9984],[18136, 10016],[18072, 10024],[18056, 10064],[18040, 10072],[18048, 10112],[18048, 10176],[18040, 10176],[18040, 10240],[18056, 10256],[18064, 10304],[18088, 10328],[18096, 10360],[18120, 10368],[18144, 10416],[18176, 10440],[18216, 10456],[18304, 10456],[18304, 10464],[18384, 10464],[18408, 10432],[18416, 10400],[18472, 10400],[18520, 10352],[18544, 10352],[18552, 10328],[18632, 10296],[18640, 10280],[18688, 10272],[18744, 10240],[18760, 10208],[18832, 10216],[18856, 10200],[18920, 10200],[18936, 10184],[18936, 10120],[18904, 10088],[18864, 10064],[18864, 10008],[18952, 10016],[18984, 9984],[19040, 9960],[19064, 9928],[19112, 9928],[19096, 9992],[19072, 10008],[19064, 10048],[19048, 10056],[19048, 10112],[19024, 10184],[19040, 10192],[19032, 10280],[19016, 10264],[19016, 10320],[19024, 10320],[19024, 10448],[19032, 10448],[19032, 10512],[19040, 10536],[19024, 10584],[19096, 10608],[19120, 10632],[19168, 10640],[19224, 10640],[19256, 10648],[19256, 10632],[19224, 10608],[19208, 10552],[19192, 10544],[19192, 10512],[19248, 10504],[19296, 10520],[19296, 10536],[19352, 10536],[19400, 10544],[19416, 10472],[19400, 10464],[19376, 10416],[19344, 10408],[19336, 10392],[19296, 10376],[19296, 10352],[19248, 10360],[19248, 10264],[19224, 10272],[19224, 10312],[19200, 10280],[19200, 10208],[19208, 10192],[19256, 10152],[19272, 10128],[19272, 10088],[19296, 10080],[19296, 10048],[19312, 10032],[19320, 9992],[19344, 9992],[19344, 9912],[19368, 9848],[19376, 9792],[19400, 9776],[19368, 9776],[19368, 9744],[19400, 9696],[19416, 9656],[19416, 9616],[19448, 9584],[19448, 9504],[19456, 9504],[19456, 9448],[19464, 9408],[19480, 9376],[19472, 9304],[19488, 9296],[19488, 9136],[19464, 9080],[19472, 9040],[19448, 9016],[19456, 8960],[19432, 8960],[19440, 8920],[19416, 8904],[19416, 8864],[19440, 8872],[19416, 8856],[19416, 8808],[19400, 8808],[19392, 8768],[19360, 8744],[19304, 8672],[19280, 8656],[19224, 8640],[19216, 8624],[19176, 8608],[19144, 8608],[19128, 8592],[19064, 8584]],[[18236, 9600],[18238, 9602],[18232, 9608],[18236, 9600]],[[18251, 9597],[18283, 9630],[18234, 9620],[18251, 9597]],[[18227, 9612],[18227, 9613],[18226, 9613],[18227, 9612]]]},"properties":{"objectType":"annotation","classification":{"name":"Tumor","color":[102, 77, 179]}}},{"type":"Feature","id":"b2adda5b-7762-4e14-82be-80567d5947f8","geometry":{"type":"Polygon","coordinates":[[[3494, 10099],[3410, 10168],[3422.73, 10239.5],[3409, 10388],[3426.88, 10448],[3368, 10480],[3376, 10576],[3328, 10688],[3328, 10744],[3280, 10840],[3280, 10960],[3320, 10976],[3400, 10920],[3456, 11040],[3544, 11120],[3600, 11128],[3668, 11090],[3808, 10960],[3856, 10872],[3792, 10768],[3704, 10760],[3592, 10800],[3584, 10704],[3608, 10696],[3616, 10520],[3595.28, 10403.41],[3680, 10400],[3675, 10261],[3592, 10189],[3559, 10128],[3494, 10099]],[[3752, 10824],[3752, 10835.3],[3738, 10824],[3752, 10824]]]},"properties":{"objectType":"annotation","classification":{"name":"Tumor","color":[102, 77, 179]}}},{"type":"Feature","id":"1b4769f7-e878-42d3-bd85-7989fa05877e","geometry":{"type":"Polygon","coordinates":[[[5254, 12434],[5310, 12458],[5342, 12426],[5390, 12426],[5398, 12465],[5422, 12410],[5382, 12402],[5382, 12338],[5358, 12314],[5318, 12338],[5310, 12378],[5254, 12434]]]},"properties":{"objectType":"annotation","classification":{"name":"Tumor","color":[102, 77, 179]}}},{"type":"Feature","id":"e21764aa-8a0f-4e51-b9eb-5b997fd10688","geometry":{"type":"Polygon","coordinates":[[[5390, 12466],[5390, 12562],[5454, 12618],[5486, 12594],[5486, 12554],[5526, 12546],[5534, 12570],[5590, 12530],[5654, 12506],[5662, 12386],[5622, 12338],[5574, 12338],[5542, 12370],[5534, 12410],[5454, 12410],[5390, 12466]]]},"properties":{"objectType":"annotation","classification":{"name":"Tumor","color":[102, 77, 179]}}},{"type":"Feature","id":"c526e1b6-5753-4839-a9d0-343167481c8e","geometry":{"type":"Polygon","coordinates":[[[6560, 11744],[6528, 11784],[6455, 11795],[6439, 11812],[6391, 11821],[6387, 11842],[6411.25, 11840],[6382, 11863],[6334, 11867],[6360, 11892],[6368, 11968],[6408, 11979],[6408, 12021],[6384, 12064],[6384, 12136],[6400, 12166.5],[6400, 12232],[6392, 12232],[6392, 12312],[6432, 12384],[6512, 12440],[6512, 12472],[6488, 12496],[6488, 12568],[6520, 12624],[6592, 12624],[6616, 12600],[6680, 12592],[6712, 12560],[6704, 12544],[6704, 12472],[6696, 12472],[6696, 12400],[6688, 12400],[6664, 12328],[6640, 12320],[6632, 12256],[6616, 12264],[6600, 12232],[6592, 12176],[6576, 12160],[6576, 12080],[6584, 12032],[6616, 12024],[6640, 12048],[6640, 12080],[6664, 12088],[6688, 12120],[6712, 12104],[6712, 11976],[6680, 11944],[6664, 11952],[6592, 11952],[6592, 11928],[6632, 11896],[6656, 11896],[6704, 11840],[6696, 11808],[6656, 11744],[6560, 11744]],[[6502, 11840],[6496, 11844],[6496, 11840],[6502, 11840]],[[6480, 11798],[6480, 11800],[6478, 11800],[6480, 11798]],[[6456, 11816],[6456, 11817.5],[6454.8, 11816],[6456, 11816]],[[6456, 11806],[6456, 11808],[6454.5, 11808],[6456, 11806]]]},"properties":{"objectType":"annotation","classification":{"name":"Tumor","color":[102, 77, 179]}}},{"type":"Feature","id":"7c581ec2-788f-44fb-a9b1-5974a8249798","geometry":{"type":"Polygon","coordinates":[[[6271, 12179],[6201, 12185],[6170, 12224],[6146, 12225],[6072, 12280],[6024, 12280],[5976, 12328],[5952, 12328],[5944, 12296],[5928, 12280],[5888, 12288],[5840, 12288],[5816, 12312],[5816, 12328],[5784, 12360],[5768, 12360],[5760, 12384],[5712, 12464],[5704, 12520],[5696, 12520],[5696, 12608],[5704, 12624],[5768, 12624],[5840, 12592],[5864, 12576],[5864, 12560],[5896, 12536],[5968, 12536],[6008, 12544],[6048, 12536],[6112, 12512],[6120, 12480],[6152, 12472],[6208, 12424],[6216, 12384],[6200, 12360],[6222, 12357],[6198, 12344],[6225, 12306],[6240, 12318],[6260, 12286],[6262, 12253],[6274, 12247],[6271, 12179]],[[6204, 12304],[6204, 12327],[6192, 12343],[6192, 12328],[6200, 12328],[6204, 12304]],[[6150, 12229],[6148, 12230],[6149, 12229],[6150, 12229]],[[6243, 12220],[6254, 12229],[6232, 12244],[6243, 12220]],[[6155, 12227],[6157, 12229],[6150, 12229],[6155, 12227]],[[6254, 12247],[6253, 12248],[6253, 12247],[6254, 12247]]]},"properties":{"objectType":"annotation","classification":{"name":"Tumor","color":[102, 77, 179]}}},{"type":"Feature","id":"19af6633-43eb-4f2f-81da-b2d5bcca4e53","geometry":{"type":"Polygon","coordinates":[[[5303, 10274],[5303, 10281],[5305, 10282],[5305, 10284],[5309, 10288],[5311, 10288],[5312, 10289],[5312, 10290],[5316, 10290],[5317, 10291],[5318, 10291],[5318, 10292],[5319, 10292],[5321, 10293],[5321, 10296],[5322, 10298],[5322, 10303],[5321, 10304],[5321, 10308],[5319, 10309],[5319, 10316],[5321, 10317],[5321, 10321],[5322, 10322],[5322, 10328],[5327, 10328],[5331, 10324],[5331, 10318],[5329, 10317],[5329, 10315],[5328, 10313],[5328, 10305],[5329, 10304],[5331, 10304],[5331, 10303],[5332, 10302],[5349, 10302],[5350, 10302.5],[5350, 10303],[5351, 10303],[5351, 10304],[5353, 10304],[5354, 10305],[5355, 10306],[5356, 10306],[5359, 10309],[5361, 10309],[5363, 10310],[5363, 10311],[5367, 10311],[5369, 10313],[5374, 10313],[5374, 10312],[5376, 10311],[5380, 10311],[5380, 10310],[5388, 10302],[5389, 10302],[5389, 10300],[5399, 10289],[5399, 10287],[5401, 10286],[5401, 10283],[5401, 10273],[5401, 10272],[5401, 10271],[5399, 10269],[5399, 10268],[5399, 10267],[5399, 10266],[5398, 10266],[5398, 10265],[5398, 10264],[5397, 10264],[5396, 10262],[5396, 10260],[5395, 10260],[5378, 10243],[5376, 10243],[5373, 10239],[5371, 10239],[5362.75, 10231.5],[5359, 10227],[5355, 10227],[5353, 10226],[5353, 10225],[5347, 10225],[5346, 10227],[5343, 10227],[5343, 10228],[5340, 10231],[5340, 10233],[5338, 10234],[5338, 10238],[5332, 10244],[5330, 10244],[5330, 10245],[5328, 10246],[5323, 10246],[5321, 10248],[5317, 10248],[5312, 10253],[5312, 10261],[5310, 10262],[5310, 10264],[5309, 10266],[5308, 10266],[5308, 10268],[5305, 10271],[5305, 10273],[5303, 10274]]]},"properties":{"objectType":"annotation","classification":{"name":"Ignore*","color":[180, 180, 180]}}},{"type":"Feature","id":"e081e218-b947-4e92-b0db-227d4abafeb7","geometry":{"type":"Polygon","coordinates":[[[5203, 10713],[5203, 10715],[5203, 10716],[5205, 10717.5],[5205, 10718],[5205.67, 10718],[5207, 10719],[5207, 10720],[5209, 10720],[5214, 10724],[5214, 10728],[5208, 10728],[5208, 10738],[5207, 10739],[5207, 10741],[5207, 10744],[5207, 10745],[5207, 10751],[5207, 10752],[5208, 10754],[5208, 10759],[5208, 10760],[5209.5, 10760],[5210, 10761],[5210, 10765],[5212, 10766],[5212, 10768],[5216, 10772],[5216, 10776],[5220, 10776],[5224, 10780],[5224, 10792],[5226, 10792],[5226, 10794],[5229, 10797],[5230, 10798],[5232, 10798],[5232, 10800],[5244, 10800],[5245, 10801],[5245, 10802],[5247, 10802],[5248, 10802.5],[5248, 10808],[5259, 10808],[5259, 10809],[5261, 10809],[5265, 10812],[5266, 10812],[5268, 10814],[5269, 10814],[5270, 10815],[5270, 10816],[5278, 10816],[5278, 10815],[5279, 10814],[5283, 10814],[5285, 10812],[5287, 10812],[5288, 10811],[5293, 10811],[5293, 10810],[5294, 10810],[5297, 10807],[5298, 10807],[5298, 10806],[5299, 10805],[5299, 10803],[5300, 10803],[5300, 10802],[5301, 10801],[5301, 10791],[5301, 10789],[5302, 10787],[5303, 10787],[5303, 10786],[5303, 10784],[5304, 10784],[5304, 10782.67],[5306, 10780],[5306, 10779],[5310, 10775],[5310, 10774],[5311, 10773],[5312, 10773],[5312, 10772],[5312, 10771],[5313, 10770],[5313, 10767],[5312, 10766],[5312, 10762],[5312, 10761],[5312, 10736],[5312, 10728],[5312, 10727],[5311, 10727],[5310, 10725],[5310, 10722],[5310, 10720],[5309, 10720],[5308, 10718],[5308, 10716],[5308, 10715],[5307, 10714],[5307, 10713],[5307, 10710],[5306, 10710],[5306, 10709],[5306, 10708],[5305, 10706],[5305, 10704],[5305, 10703],[5304, 10703],[5304, 10702],[5303, 10701.5],[5303, 10700],[5301, 10700],[5301, 10701],[5301, 10704],[5296, 10704],[5296, 10697],[5297, 10697],[5297, 10696],[5298, 10696],[5298, 10695],[5295, 10695],[5294, 10694],[5294, 10693],[5288, 10693],[5288, 10688],[5271, 10688],[5269, 10687],[5269, 10686],[5265, 10686],[5264, 10685],[5260, 10685],[5259, 10683],[5255, 10683],[5253, 10681],[5244, 10681],[5242, 10683],[5238, 10683],[5237, 10685],[5235, 10685],[5231, 10688],[5231, 10690],[5230, 10692],[5229, 10692],[5229, 10694],[5227, 10696],[5224, 10696],[5224, 10699],[5223, 10700],[5221, 10700],[5221, 10701],[5219, 10702],[5217, 10702],[5216, 10704],[5214, 10704],[5212, 10706],[5211, 10707],[5209, 10707],[5209, 10708],[5205, 10711],[5205, 10711.33],[5203, 10713]]]},"properties":{"objectType":"annotation","classification":{"name":"Ignore*","color":[180, 180, 180]}}},{"type":"Feature","id":"668b276d-67b7-4d74-9d09-30c15b538628","geometry":{"type":"Polygon","coordinates":[[[9472, 6432],[9448, 6440],[9352, 6440],[9328, 6456],[9296, 6456],[9280, 6496],[9224, 6496],[9224, 6520],[9192, 6560],[9168, 6560],[9160, 6576],[9160, 6608],[9144, 6640],[9184, 6632],[9192, 6616],[9208, 6616],[9216, 6600],[9248, 6600],[9272, 6576],[9304, 6576],[9304, 6592],[9272, 6616],[9240, 6616],[9240, 6624],[9176, 6680],[9152, 6688],[9128, 6712],[9095, 6717],[9088, 6744],[9076, 6753],[9042, 6753],[9042, 6764],[8984, 6841.89],[8922, 6904],[8910, 6942],[8878, 6958],[8857, 6978],[8856, 6993],[8816, 7050],[8784, 7080],[8784, 7097],[8760, 7112],[8712, 7160],[8696, 7160],[8696, 7216],[8680, 7232],[8640, 7224],[8632, 7256],[8656, 7272],[8642, 7290],[8577, 7287],[8567, 7340],[8554, 7369],[8534.7, 7388],[8504, 7394],[8475, 7375],[8463, 7375],[8466, 7397],[8490, 7404],[8505, 7424],[8475, 7430],[8462, 7414],[8442, 7421],[8416, 7416],[8416, 7400],[8402, 7384],[8382, 7381],[8370, 7362],[8358, 7371],[8304, 7373],[8280, 7336],[8264, 7336],[8256, 7312],[8240, 7328],[8224, 7328],[8216, 7312],[8184, 7304],[8184, 7272],[8152, 7248],[8152, 7232],[8136, 7224],[8128, 7200],[8168, 7200],[8168, 7208],[8224, 7208],[8256, 7200],[8256, 7240],[8296, 7232],[8304, 7256],[8336, 7256],[8352, 7264],[8360, 7248],[8432, 7248],[8456, 7240],[8464, 7208],[8488, 7208],[8504, 7176],[8504, 7144],[8512, 7144],[8488, 7080],[8464, 7064],[8432, 7056],[8424, 7024],[8400, 7016],[8384, 7000],[8360, 7000],[8344, 6984],[8272, 6984],[8272, 6992],[8216, 6992],[8200, 7016],[8176, 7016],[8160, 7032],[8136, 7032],[8128, 7064],[8112, 7072],[8104, 7112],[8096, 7112],[8096, 7144],[8088, 7160],[8112, 7176],[8112, 7192],[8064, 7192],[8056, 7200],[8056, 7240],[8064, 7264],[8048, 7280],[8008, 7280],[8008, 7288],[7928, 7288],[7928, 7296],[7880, 7320],[7872, 7296],[7848, 7296],[7832, 7320],[7800, 7320],[7800, 7328],[7768, 7344],[7696, 7344],[7680, 7360],[7648, 7360],[7648, 7392],[7632, 7408],[7608, 7408],[7608, 7384],[7560, 7392],[7544, 7416],[7512, 7416],[7504, 7448],[7480, 7448],[7472, 7480],[7440, 7504],[7440, 7520],[7424, 7536],[7424, 7560],[7408, 7568],[7384, 7560],[7384, 7584],[7360, 7608],[7360, 7632],[7336, 7632],[7328, 7656],[7312, 7656],[7304, 7672],[7288, 7672],[7280, 7688],[7248, 7712],[7192, 7712],[7192, 7720],[7128, 7720],[7128, 7752],[7152, 7776],[7128, 7776],[7128, 7792],[7088, 7800],[7024, 7800],[7000, 7824],[6976, 7832],[6976, 7856],[6952, 7872],[6952, 7888],[6936, 7904],[6920, 7904],[6896, 7928],[6864, 7928],[6872, 7904],[6856, 7904],[6856, 7944],[6826.23, 7960],[6796, 7963],[6760, 7981],[6735, 8007],[6699, 8025],[6618, 8025],[6591, 8034],[6564, 8052],[6537, 8061],[6510, 8061],[6501, 8070],[6465, 8070],[6455, 8079],[6400, 8098],[6384, 8115],[6335, 8131],[6285, 8142],[6238, 8170],[6194, 8214],[6162, 8236],[6119, 8236],[6105, 8246],[6084, 8235],[6077, 8196],[6044, 8141],[6023, 8131],[5999, 8106],[5969, 8093],[5957, 8098],[5948, 8080],[5929, 8070],[5904, 8044],[5873.6, 8024.6],[5831, 7954],[5813, 7936],[5775, 7917],[5718, 7917],[5712, 7944],[5696, 7928],[5648, 7928],[5640, 7912],[5533, 7910],[5519, 7928],[5496, 7928],[5472, 7949],[5457, 7943],[5458, 7917],[5426, 7923],[5435, 7938],[5426, 7949],[5371, 7940],[5329, 7940],[5312, 7968],[5280, 7968],[5288, 7984],[5321, 7986],[5286, 7986],[5286, 7992],[5247, 8008],[5232, 8028],[5186, 8028],[5156, 8041],[5134, 8064],[5117, 8052],[5088, 8052],[5077, 8072],[5049, 8072],[5036, 8056],[5008, 8072],[5006, 8088],[4984, 8088],[4976, 8103],[4928, 8104],[4944, 8064],[4960, 8064],[4968, 8048],[4984, 8048],[4984, 8032],[5000, 8016],[5032, 8016],[5048, 8008],[5056, 7984],[5080, 7984],[5080, 7968],[5064, 7968],[5064, 7944],[5208, 7944],[5232, 7936],[5248, 7952],[5264, 7952],[5272, 7936],[5288, 7936],[5288, 7832],[5264, 7824],[5256, 7800],[5240, 7792],[5192, 7792],[5176, 7808],[5144, 7808],[5144, 7816],[5104, 7816],[5080, 7824],[5072, 7840],[5056, 7840],[5040, 7880],[5024, 7888],[4976, 7928],[4976, 7944],[4960, 7960],[4928, 7968],[4920, 7992],[4904, 7992],[4904, 8008],[4888, 8016],[4832, 8064],[4832, 8080],[4816, 8088],[4824, 8120],[4880, 8120],[4896, 8112],[4904, 8128],[4848, 8152],[4808, 8152],[4800, 8136],[4784, 8136],[4784, 8120],[4768, 8120],[4760, 8144],[4760, 8176],[4752, 8200],[4720, 8208],[4720, 8296],[4736, 8312],[4760, 8312],[4768, 8328],[4808, 8328],[4808, 8336],[4840, 8336],[4904, 8304],[4934, 8274],[4965, 8278],[4983, 8296],[4974, 8310],[4958, 8306],[4918, 8344],[4909, 8373],[4891, 8394],[4860, 8388],[4853, 8406],[4863, 8424],[4834, 8437],[4811, 8463],[4824, 8480],[4824, 8504],[4784, 8504],[4792, 8480],[4768, 8488],[4736, 8488],[4720, 8496],[4720, 8512],[4688, 8512],[4688, 8520],[4656, 8536],[4640, 8528],[4608, 8528],[4608, 8536],[4520, 8536],[4520, 8544],[4488, 8544],[4480, 8560],[4456, 8560],[4432, 8576],[4432, 8592],[4408, 8600],[4416, 8640],[4456, 8648],[4448, 8680],[4464, 8688],[4464, 8720],[4472, 8744],[4432, 8752],[4408, 8776],[4360, 8768],[4336, 8800],[4256, 8800],[4256, 8808],[4216, 8808],[4208, 8840],[4184, 8872],[4168, 8872],[4168, 8952],[4208, 8952],[4208, 8944],[4264, 8944],[4280, 8936],[4312, 8936],[4336, 8928],[4344, 8944],[4376, 8952],[4376, 8976],[4400, 8976],[4400, 8960],[4432, 8952],[4456, 8960],[4464, 8976],[4488, 8976],[4504, 8992],[4504, 9016],[4488, 9024],[4488, 9056],[4480, 9056],[4480, 9088],[4464, 9088],[4472, 9104],[4496, 9104],[4504, 9128],[4552, 9160],[4608, 9160],[4608, 9176],[4592, 9184],[4592, 9232],[4624, 9232],[4648, 9264],[4696, 9264],[4712, 9256],[4752, 9216],[4752, 9136],[4728, 9136],[4736, 9120],[4704, 9072],[4688, 9072],[4680, 9056],[4624, 9056],[4624, 9048],[4592, 9024],[4584, 8984],[4600, 8976],[4600, 8912],[4592, 8912],[4592, 8872],[4584, 8872],[4584, 8824],[4568, 8816],[4544, 8776],[4512, 8768],[4512, 8736],[4544, 8712],[4544, 8688],[4560, 8696],[4616, 8696],[4616, 8688],[4688, 8688],[4720, 8664],[4720, 8616],[4736, 8608],[4736, 8648],[4768, 8648],[4776, 8672],[4768, 8688],[4744, 8704],[4712, 8712],[4712, 8736],[4688, 8760],[4688, 8800],[4680, 8800],[4680, 8848],[4688, 8848],[4688, 8904],[4696, 8904],[4696, 8976],[4712, 8984],[4712, 9016],[4736, 9024],[4760, 9048],[4808, 9048],[4832, 9040],[4864, 9016],[4864, 9032],[4880, 9032],[4872, 8984],[4888, 8984],[4888, 8952],[4896, 8952],[4896, 8896],[4904, 8896],[4904, 8856],[4896, 8856],[4896, 8784],[4912, 8784],[4944, 8832],[4968, 8832],[4976, 8856],[4992, 8864],[5024, 8864],[5040, 8848],[5048, 8864],[5064, 8864],[5088, 8832],[5120, 8832],[5120, 8816],[5168, 8792],[5184, 8768],[5160, 8768],[5152, 8784],[5136, 8784],[5136, 8736],[5128, 8736],[5096, 8680],[5072, 8680],[5056, 8656],[5024, 8656],[5000, 8624],[4968, 8624],[4968, 8601],[5000, 8600],[5021, 8571],[5056, 8592],[5080, 8624],[5080, 8640],[5104, 8664],[5136, 8664],[5136, 8696],[5160, 8712],[5160, 8728],[5224, 8744],[5248, 8736],[5264, 8720],[5264, 8704],[5280, 8696],[5280, 8616],[5264, 8592],[5264, 8544],[5235, 8535],[5197, 8513],[5175, 8487],[5178, 8464],[5154, 8467],[5139, 8452],[5139, 8427],[5155, 8411],[5192, 8416],[5194, 8384],[5216, 8376],[5227, 8344],[5240, 8336],[5254, 8304],[5284, 8298],[5316, 8320],[5351, 8362],[5368, 8368],[5439, 8359],[5454, 8365],[5454, 8333],[5444, 8284],[5425, 8259],[5409, 8218],[5417, 8212],[5442, 8222],[5465, 8242],[5494, 8238],[5513, 8248],[5561, 8248],[5575, 8241],[5614, 8267],[5669, 8267],[5678.14, 8250.14],[5700, 8259],[5790, 8259],[5826, 8287],[5815, 8297],[5840, 8314],[5836, 8326],[5859, 8319.51],[5869, 8339],[5922, 8391.34],[5931, 8418],[5935, 8471],[5967, 8517],[5989, 8556],[6026, 8577],[6057, 8587],[6098, 8613],[6129, 8624],[6175, 8593],[6249, 8582],[6264, 8572],[6304, 8560],[6317.88, 8545],[6336, 8544],[6348, 8530],[6376, 8528],[6414, 8502],[6440, 8504],[6486, 8475],[6540, 8457],[6621, 8412],[6639, 8412],[6666, 8394],[6688, 8392],[6720.77, 8358],[6731, 8357],[6840, 8248],[6864, 8248],[6944, 8200],[6992, 8184],[7024, 8168],[7024, 8152],[7080, 8104],[7112, 8104],[7136, 8096],[7152, 8080],[7184, 8080],[7192, 8064],[7216, 8064],[7248, 8040],[7296, 8024],[7296, 8016],[7336, 8016],[7336, 8000],[7352, 7992],[7352, 7976],[7384, 7976],[7432, 7944],[7456, 7936],[7464, 7912],[7488, 7912],[7496, 7896],[7520, 7896],[7560, 7872],[7568, 7840],[7592, 7816],[7592, 7752],[7600, 7736],[7632, 7744],[7648, 7816],[7640, 7832],[7664, 7840],[7664, 7856],[7680, 7864],[7680, 7880],[7704, 7888],[7712, 7912],[7728, 7920],[7792, 7920],[7816, 7888],[7816, 7824],[7792, 7808],[7792, 7760],[7880, 7760],[7896, 7744],[7952, 7744],[7952, 7736],[8056, 7736],[8056, 7728],[8128, 7728],[8152, 7752],[8176, 7744],[8224, 7744],[8232, 7728],[8256, 7728],[8264, 7696],[8320, 7696],[8320, 7688],[8352, 7688],[8370, 7664],[8384, 7664],[8398, 7640],[8408, 7640],[8416, 7616],[8441.69, 7616],[8448, 7632],[8472, 7630.67],[8476, 7644.67],[8451, 7655],[8477, 7704],[8476, 7833],[8447, 7884],[8440, 7914],[8424, 7936],[8418, 7958],[8440, 7974],[8425, 8033],[8425, 8065],[8411, 8092],[8412, 8113],[8380, 8155],[8383, 8258],[8392, 8263.33],[8408, 8321.33],[8416, 8384],[8438, 8401],[8440, 8432],[8456, 8456],[8480, 8470],[8480, 8488],[8496, 8489.35],[8496, 8504],[8528, 8504],[8544, 8520],[8592, 8520],[8626, 8482],[8643, 8445],[8672, 8423],[8669, 8352],[8685, 8301],[8688, 8267],[8698, 8236],[8682, 8214],[8696, 8176],[8682, 8154],[8704, 8144],[8708, 8105],[8728, 8088],[8733, 8067],[8724, 8054],[8737, 8007],[8760, 7976],[8760, 7914],[8784, 7896],[8776, 7846],[8792, 7832],[8824, 7752],[8832, 7712],[8864, 7704],[8864, 7664],[8888, 7656],[8888, 7640],[8976, 7560],[8976, 7544],[9000, 7528],[9000, 7512],[9032, 7488],[9056, 7440],[9056, 7416],[9072, 7400],[9072, 7312],[9080, 7312],[9080, 7284],[9096, 7272],[9104, 7224],[9120, 7216],[9152, 7156.08],[9176, 7133],[9180, 7105.33],[9205, 7045],[9244, 6990],[9231, 6971],[9224, 6931],[9251, 6925],[9257, 6943],[9273, 6951],[9280, 6920],[9312, 6885],[9310, 6843],[9328, 6808],[9328, 6752],[9344, 6728],[9368, 6728],[9376, 6704],[9416, 6680],[9424, 6664],[9440, 6664],[9448, 6648],[9504, 6648],[9504, 6640],[9672, 6640],[9672, 6648],[9776, 6648],[9784, 6664],[9832, 6640],[9848, 6616],[9912, 6616],[9912, 6600],[9936, 6584],[9936, 6552],[9896, 6552],[9872, 6568],[9840, 6568],[9816, 6584],[9792, 6576],[9760, 6576],[9760, 6568],[9728, 6568],[9712, 6552],[9664, 6552],[9648, 6544],[9648, 6560],[9680, 6560],[9680, 6568],[9648, 6576],[9640, 6560],[9616, 6560],[9632, 6528],[9608, 6520],[9592, 6496],[9576, 6496],[9552, 6464],[9504, 6464],[9488, 6456],[9472, 6432]],[[5176, 8539],[5176, 8544],[5175, 8544],[5176, 8539]],[[5192, 8527],[5192, 8536],[5179, 8536],[5192, 8527]],[[8432.6, 8069.4],[8433, 8074],[8429, 8074],[8432.6, 8069.4]],[[8330, 7495],[8335, 7497],[8333, 7498],[8330, 7495]],[[8620, 8472],[8617, 8476],[8616, 8476],[8620, 8472]],[[4821, 8584],[4832, 8608],[4816, 8600],[4821, 8584]],[[4919, 8420],[4888, 8472],[4889, 8420],[4919, 8420]],[[5056, 8561],[5056, 8568],[5037, 8568],[5056, 8561]]]},"properties":{"objectType":"annotation","classification":{"name":"Tumor","color":[102, 77, 179]}}},{"type":"Feature","id":"7ea5dd2d-9e93-4c0c-ad2a-95d2c91ab9ac","geometry":{"type":"Polygon","coordinates":[[[6856, 8520],[6848, 8536],[6786, 8562],[6764, 8615],[6742, 8630],[6705, 8606],[6629, 8600],[6566, 8614],[6494, 8652],[6425, 8727],[6425, 8775],[6467, 8823],[6546, 8856],[6584, 8828],[6612, 8836],[6548, 8875],[6541, 8892],[6497, 8897],[6497.73, 8916.73],[6453, 8994],[6458, 9051],[6500, 9145],[6559, 9165],[6602, 9151],[6621, 9176],[6599, 9184],[6616, 9264],[6648, 9312],[6688, 9328],[6784, 9336],[6800, 9304],[6840, 9304],[6912, 9256],[6952, 9160],[6952, 9112],[6968, 9112],[6968, 9032],[7016, 8992],[7032, 8952],[7032, 8864],[6968, 8816],[6936, 8816],[6832, 8872],[6761, 8984],[6744, 9000],[6744, 9044],[6722, 9050],[6717, 8944],[6736, 8878],[6763, 8848],[6792, 8848],[6872, 8784],[6912, 8792],[7000, 8744],[7040, 8704],[7016, 8600],[6968, 8552],[6920, 8544],[6920, 8520],[6856, 8520]],[[6624, 9152],[6624, 9155],[6623, 9154],[6624, 9152]]]},"properties":{"objectType":"annotation","classification":{"name":"Tumor","color":[102, 77, 179]}}},{"type":"Feature","id":"a6864f65-c1c4-4256-94e0-bde4fa9ae84d","geometry":{"type":"Polygon","coordinates":[[[7744, 9336],[7768, 9304],[7792, 9307],[7768, 9352],[7744, 9344],[7744, 9376],[7792, 9408],[7856, 9408],[7864, 9360],[7840, 9360],[7872, 9312],[7923, 9322],[7968, 9304],[8011, 9248],[8029, 9196],[8010, 9179],[8023, 9136],[8020, 9092],[8062, 9037],[8059, 8956],[8012, 8935],[8024, 8880],[8032, 8752],[8051, 8715],[8048, 8680],[8000, 8656],[7976, 8632],[7974, 8654],[7892, 8717],[7850, 8776],[7844, 8811],[7848, 8920],[7880, 8933],[7872, 9027],[7919, 9051],[7936, 9109.4],[7900, 9128],[7880, 9108],[7867, 9129],[7800, 9144],[7792, 9196],[7752, 9272],[7744, 9336]]]},"properties":{"objectType":"annotation","classification":{"name":"Tumor","color":[102, 77, 179]}}},{"type":"Feature","id":"94587d4d-243d-4605-9fb8-c46add223ec5","geometry":{"type":"Polygon","coordinates":[[[7448, 8496],[7440, 8512],[7392, 8512],[7368, 8552],[7344, 8552],[7334, 8622],[7302, 8627],[7288, 8600],[7259, 8591],[7240, 8558],[7184, 8600],[7176, 8623],[7112, 8656],[7088, 8720],[7080, 8776],[7064, 8784],[7064, 8856],[7072, 8872],[7128, 8896],[7168, 8856],[7216, 8848],[7272, 8800],[7273, 8775],[7304, 8736],[7296, 8664],[7341, 8664],[7360, 8696],[7408, 8696],[7474, 8610],[7511, 8595],[7504, 8632],[7508, 8711],[7520, 8736],[7574, 8766],[7577, 8803],[7560, 8836],[7592, 8872],[7624, 8872],[7656, 8888],[7656, 8868],[7688, 8872],[7696, 8888],[7728, 8880],[7752, 8848],[7752, 8816],[7728, 8832],[7736, 8808],[7768, 8800],[7800, 8776],[7792, 8736],[7808, 8736],[7816, 8704],[7880, 8680],[7888, 8608],[7864, 8568],[7824, 8568],[7800, 8544],[7760, 8544],[7717, 8585],[7717, 8674],[7703, 8693],[7706, 8721],[7689, 8728],[7676, 8702],[7695, 8618],[7667, 8552],[7618, 8503],[7569, 8503],[7531, 8554],[7480, 8504],[7448, 8496]],[[7584, 8856],[7584, 8857],[7582.83, 8856],[7584, 8856]]]},"properties":{"objectType":"annotation","classification":{"name":"Tumor","color":[102, 77, 179]}}},{"type":"Feature","id":"10bebc92-a348-412a-90a1-18a23bafb428","geometry":{"type":"Polygon","coordinates":[[[5752, 10600],[5760, 10616],[5760, 10672],[5752, 10704],[5776, 10720],[5792, 10768],[5856, 10808],[5904, 10808],[5928, 10824],[5928, 10904],[5896, 10920],[5920, 10920],[5936, 10936],[5960, 10936],[6000, 10896],[6000, 10880],[6024, 10864],[6032, 10832],[6048, 10824],[6056, 10792],[6072, 10784],[6056, 10760],[6096, 10752],[6096, 10800],[6080, 10808],[6080, 10840],[6040, 10872],[6032, 10912],[6000, 10928],[6000, 10952],[5976, 10960],[5960, 10984],[5960, 11048],[5944, 11024],[5912, 11024],[5920, 11064],[5968, 11064],[5984, 11080],[6016, 11080],[6024, 11056],[6048, 11040],[6056, 11016],[6104, 10992],[6104, 10976],[6144, 10952],[6144, 11040],[6152, 11064],[6128, 11080],[6136, 11112],[6096, 11120],[6096, 11192],[6080, 11200],[6080, 11256],[6056, 11336],[6040, 11352],[6040, 11384],[6024, 11408],[6024, 11472],[6056, 11496],[6112, 11488],[6144, 11464],[6144, 11448],[6184, 11416],[6192, 11392],[6216, 11392],[6232, 11360],[6224, 11320],[6240, 11312],[6240, 11176],[6216, 11128],[6184, 11104],[6192, 11080],[6288, 11080],[6312, 11072],[6376, 11032],[6368, 11024],[6368, 10968],[6344, 10904],[6328, 10904],[6328, 10864],[6240, 10864],[6168, 10928],[6144, 10912],[6144, 10872],[6176, 10872],[6168, 10840],[6200, 10824],[6224, 10800],[6232, 10770],[6288, 10688],[6312, 10672],[6336, 10672],[6352, 10640],[6392, 10640],[6392, 10608],[6416, 10576],[6416, 10488],[6432, 10480],[6432, 10440],[6408, 10400],[6360, 10400],[6312, 10392],[6296, 10424],[6272, 10424],[6248, 10440],[6216, 10496],[6216, 10520],[6200, 10536],[6200, 10488],[6184, 10448],[6152, 10424],[6120, 10432],[6088, 10456],[6072, 10480],[6072, 10512],[6056, 10536],[6032, 10544],[6024, 10576],[6024, 10624],[6008, 10632],[5960, 10576],[5936, 10560],[5904, 10560],[5888, 10544],[5808, 10552],[5784, 10600],[5752, 10600]]]},"properties":{"objectType":"annotation","classification":{"name":"Tumor","color":[102, 77, 179]}}},{"type":"Feature","id":"9683df60-d9c0-4640-9f9c-87e37f8cc4b3","geometry":{"type":"Polygon","coordinates":[[[5640, 9464],[5640, 9488],[5616, 9496],[5616, 9520],[5584, 9552],[5576, 9640],[5600, 9672],[5600, 9696],[5552, 9696],[5520, 9728],[5512, 9760],[5488, 9776],[5488, 9872],[5496, 9896],[5584, 9928],[5627.5, 9904],[5640, 9914.5],[5616, 9992],[5624, 10024],[5544, 10016],[5496, 9992],[5440, 9992],[5432, 10024],[5400, 10032],[5384, 10088],[5424, 10152],[5456, 10176],[5456, 10200],[5480, 10184],[5568, 10192],[5608, 10168],[5688, 10168],[5728, 10128],[5752, 10072],[5824, 10080],[5849, 10065],[5886, 10104],[5928, 10111],[5908, 10137],[5885, 10123],[5860, 10159],[5835, 10153],[5771, 10207],[5746.67, 10240],[5712, 10240],[5696, 10280],[5672, 10296],[5672, 10344],[5712, 10416],[5744, 10432],[5792, 10432],[5792, 10408],[5816, 10368],[5816, 10320],[5832, 10296],[5878, 10278],[5899, 10288],[5901, 10392],[5864, 10440],[5864, 10464],[5888, 10456],[5896, 10488],[5928, 10488],[5968, 10528],[6000, 10528],[6056, 10480],[6072, 10480],[6104, 10402],[6128, 10376],[6128, 10264],[6104, 10232],[6104, 10208],[6072, 10176],[6073, 10131],[6108, 10133],[6132, 10075],[6138, 10106],[6136, 10224],[6168, 10280],[6168, 10304],[6208, 10344],[6312, 10352],[6368, 10320],[6408, 10344],[6424, 10304],[6504, 10288],[6512, 10304],[6552, 10304],[6624, 10288],[6704, 10240],[6704, 10192],[6720, 10176],[6720, 10112],[6696, 10048],[6616, 10000],[6528, 10000],[6464, 10048],[6456, 9944],[6432, 9928],[6432, 9864],[6416, 9864],[6408, 9824],[6376, 9800],[6376, 9776],[6352, 9752],[6352, 9728],[6320, 9720],[6280, 9680],[6216, 9672],[6176, 9688],[6144, 9752],[6144, 9800],[6160, 9824],[6152, 9856],[6128, 9840],[6128, 9808],[6096, 9768],[6072, 9776],[6072, 9800],[5984, 9795],[5896, 9832],[5904, 9792],[5888, 9800],[5888, 9850.11],[5864, 9888],[5832, 9888],[5832, 9832],[5848, 9824],[5800, 9760],[5744, 9776],[5736, 9728],[5688, 9728],[5728, 9704],[5752, 9672],[5760, 9624],[5744, 9568],[5720, 9544],[5720, 9488],[5680, 9488],[5640, 9464]],[[6152, 10097],[6152, 10104],[6147.67, 10104],[6152, 10097]],[[5931, 10260],[5931, 10262],[5929, 10260],[5931, 10260]],[[5844.5, 10052.5],[5846, 10054],[5843, 10054],[5844.5, 10052.5]],[[6160, 10058],[6160, 10096],[6152, 10096],[6160, 10058]],[[5839, 10056],[5838, 10057],[5838, 10056],[5839, 10056]],[[5848, 10054],[5851, 10056],[5851, 10057.6],[5848, 10054]],[[6184, 9912],[6184, 10048],[6147, 10016.91],[6160, 9912],[6184, 9912]],[[6136, 10008],[6120, 10020],[6120, 10008],[6136, 10008]],[[5841, 10054],[5840, 10055],[5840, 10054],[5841, 10054]]]},"properties":{"objectType":"annotation","classification":{"name":"Tumor","color":[102, 77, 179]}}},{"type":"Feature","id":"fd31940e-30da-4095-a529-c7a1ef91c81d","geometry":{"type":"Polygon","coordinates":[[[7512, 12488],[7512, 12600],[7576, 12624],[7592, 12600],[7632, 12600],[7648, 12544],[7624, 12536],[7616, 12496],[7640, 12480],[7664, 12400],[7720, 12320],[7744, 12248],[7776, 12224],[7784, 12184],[7816, 12160],[7832, 12112],[7856, 12112],[7928, 11928],[7936, 11856],[7960, 11832],[8016, 11712],[8040, 11696],[8064, 11632],[8064, 11584],[8088, 11536],[8088, 11464],[8104, 11448],[8120, 11376],[8144, 11360],[8152, 11296],[8176, 11264],[8184, 11184],[8208, 11144],[8232, 11000],[8232, 10896],[8216, 10872],[8168, 10872],[8168, 10888],[8088, 10904],[8088, 10864],[8112, 10832],[8064, 10832],[8032, 10848],[8016, 10888],[7984, 10912],[7984, 10960],[8000, 10968],[7992, 11048],[7952, 11080],[7952, 11112],[7880, 11232],[7848, 11256],[7848, 11312],[7792, 11408],[7792, 11440],[7752, 11488],[7712, 11568],[7704, 11616],[7680, 11648],[7656, 11712],[7648, 11808],[7624, 11864],[7624, 11976],[7608, 12136],[7592, 12176],[7568, 12168],[7568, 12200],[7592, 12224],[7592, 12288],[7568, 12344],[7560, 12400],[7512, 12488]]]},"properties":{"objectType":"annotation","classification":{"name":"Tumor","color":[102, 77, 179]}}},{"type":"Feature","id":"033880d1-2330-4d91-b0d6-44c1ecb738e1","geometry":{"type":"Polygon","coordinates":[[[9616, 7272],[9608, 7288],[9576, 7288],[9560, 7320],[9504, 7352],[9504, 7432],[9520, 7440],[9528, 7480],[9552, 7488],[9560, 7520],[9600, 7520],[9616, 7552],[9632, 7552],[9624, 7576],[9592, 7576],[9576, 7600],[9552, 7592],[9544, 7536],[9512, 7528],[9496, 7496],[9464, 7496],[9448, 7520],[9424, 7528],[9376, 7568],[9368, 7616],[9373, 7669],[9394, 7713],[9360.91, 7751],[9317, 7759],[9287, 7734],[9264, 7745],[9284, 7719],[9305, 7660],[9305, 7629],[9287, 7602],[9237, 7585],[9160, 7656],[9160, 7714],[9152, 7730],[9156, 7773],[9131, 7785],[9075, 7845],[9075, 7875],[9046, 7891],[9033, 7913],[9007, 7921],[9007, 7958],[9020, 7966],[9033, 8013],[9056, 8064],[9112, 8122],[9120, 8144],[9136, 8137],[9232, 8144],[9252, 8129],[9306, 8129],[9336, 8160],[9374, 8171],[9424, 8216],[9496, 8240],[9512, 8256],[9576, 8256],[9584, 8240],[9680, 8240],[9736, 8224],[9752, 8248],[9816, 8248],[9832, 8232],[9856, 8232],[9896, 8192],[9912, 8160],[9920, 8112],[9904, 8104],[9888, 8048],[9856, 8024],[9848, 7992],[9824, 7984],[9824, 7952],[9856, 7920],[9856, 7792],[9848, 7760],[9872, 7752],[9872, 7728],[9888, 7712],[9888, 7680],[9912, 7672],[9912, 7656],[9888, 7640],[9880, 7600],[9848, 7592],[9840, 7576],[9816, 7576],[9808, 7592],[9784, 7592],[9752, 7632],[9744, 7664],[9728, 7656],[9696, 7608],[9696, 7568],[9728, 7560],[9728, 7536],[9760, 7536],[9768, 7488],[9744, 7424],[9760, 7416],[9760, 7368],[9736, 7344],[9744, 7312],[9720, 7304],[9720, 7360],[9688, 7320],[9664, 7320],[9664, 7296],[9688, 7296],[9696, 7272],[9616, 7272]],[[9728, 7368],[9728, 7376],[9720, 7376],[9728, 7368]]]},"properties":{"objectType":"annotation","classification":{"name":"Tumor","color":[102, 77, 179]}}},{"type":"Feature","id":"4ee82773-df72-4214-b113-6a840228f8ab","geometry":{"type":"Polygon","coordinates":[[[10096, 8408],[10096, 8472],[10136, 8544],[10176, 8560],[10256, 8528],[10288, 8488],[10296, 8424],[10320, 8344],[10352, 8304],[10456, 8240],[10520, 8240],[10600, 8224],[10672, 8152],[10688, 8096],[10744, 8048],[10776, 7984],[10800, 7968],[10800, 7904],[10864, 7768],[10872, 7632],[10888, 7616],[10888, 7552],[10936, 7488],[10936, 7448],[10968, 7392],[11008, 7368],[11008, 7344],[11040, 7320],[11072, 7248],[11064, 7208],[11088, 7192],[11104, 7128],[11080, 6920],[11040, 6896],[10976, 6896],[10928, 6920],[10904, 6968],[10880, 6984],[10872, 7048],[10832, 7072],[10800, 7136],[10760, 7160],[10752, 7208],[10720, 7224],[10696, 7320],[10664, 7336],[10680, 7376],[10624, 7392],[10624, 7408],[10576, 7456],[10576, 7512],[10544, 7504],[10544, 7528],[10496, 7592],[10496, 7632],[10472, 7672],[10488, 7696],[10456, 7760],[10408, 7808],[10400, 7848],[10336, 7896],[10336, 7920],[10288, 7960],[10280, 8008],[10296, 8024],[10240, 8040],[10200, 8088],[10152, 8120],[10128, 8176],[10136, 8256],[10152, 8272],[10240, 8272],[10352, 8208],[10344, 8280],[10320, 8296],[10256, 8296],[10224, 8320],[10152, 8320],[10112, 8360],[10096, 8408]]]},"properties":{"objectType":"annotation","classification":{"name":"Tumor","color":[102, 77, 179]}}},{"type":"Feature","id":"87f56135-92cf-48db-bffc-29fa29cc94ea","geometry":{"type":"Polygon","coordinates":[[[10361, 8466],[10382, 8524],[10475, 8554],[10552, 8493],[10611, 8307],[10577, 8257],[10416, 8325],[10361, 8466]]]},"properties":{"objectType":"annotation","classification":{"name":"Tumor","color":[102, 77, 179]}}},{"type":"Feature","id":"6edfee94-07ef-4ffa-a83f-587b34edd08d","geometry":{"type":"Polygon","coordinates":[[[8488, 8936],[8512, 9000],[8568, 9040],[8632, 9040],[8720, 8968],[8768, 8880],[8728, 8728],[8648, 8712],[8510, 8824],[8488, 8936]]]},"properties":{"objectType":"annotation","classification":{"name":"Tumor","color":[102, 77, 179]}}},{"type":"Feature","id":"3029d8db-199b-41d2-9637-e099159370e3","geometry":{"type":"MultiPolygon","coordinates":[[[[18016, 7096],[17944, 7112],[17936, 7144],[17968, 7160],[17970, 7220],[17994, 7252],[18081, 7327],[18119, 7321],[18155, 7372],[18183, 7368],[18184, 7400],[18249, 7434],[18295, 7439],[18360, 7371],[18410, 7374],[18464, 7416],[18520, 7408],[18584, 7368],[18543, 7209],[18506, 7229],[18487.36, 7225.08],[18488, 7227],[18487, 7228],[18487, 7225],[18468, 7221],[18459, 7252],[18402, 7287],[18366, 7269],[18297, 7172],[18221, 7107],[18168, 7096],[18016, 7096]],[[18408, 7315],[18408, 7320],[18404, 7319],[18408, 7315]],[[18392, 7356],[18392, 7369],[18391, 7367],[18392, 7356]],[[18344, 7251],[18345, 7256],[18344, 7256],[18344, 7251]]],[[[18487.36, 7225.08],[18487, 7224],[18487, 7225],[18487.36, 7225.08]]]]},"properties":{"objectType":"annotation","classification":{"name":"Tumor","color":[102, 77, 179]}}},{"type":"Feature","id":"e0e88c92-8341-4475-85d3-158bcd6029ec","geometry":{"type":"Polygon","coordinates":[[[17635, 7379],[17655, 7407],[17704, 7432],[17744, 7432],[17766, 7391],[17794, 7384],[17797, 7369],[17824, 7384],[17856, 7384],[17872, 7400],[17896, 7400],[17952, 7360],[17952, 7344],[17976, 7320],[17952, 7224],[17920, 7224],[17920, 7208],[17896, 7192],[17888, 7160],[17888, 7072],[17840, 7064],[17832, 7040],[17832, 7064],[17800, 7064],[17776, 7088],[17776, 7112],[17744, 7168],[17728, 7168],[17704, 7208],[17704, 7228],[17684, 7244],[17684, 7267],[17656, 7273],[17658, 7299],[17637, 7320],[17642, 7335],[17635, 7379]]]},"properties":{"objectType":"annotation","classification":{"name":"Tumor","color":[102, 77, 179]}}},{"type":"Feature","id":"3d927d92-ad05-410c-989b-e8a9edf74759","geometry":{"type":"Polygon","coordinates":[[[21056, 8144],[21016, 8136],[21000, 8120],[20948.5, 8120],[20938, 8107],[20902, 8093],[20806.09, 8089.38],[20782.09, 8084.24],[20766, 8048],[20748, 8024.33],[20748, 8005],[20740, 7978],[20728, 7959],[20692, 7925],[20692, 7933],[20668, 7921],[20648.96, 7902.73],[20617.67, 7862.67],[20603, 7838],[20575, 7820],[20534, 7813],[20479, 7837],[20448, 7855],[20403, 7870],[20386.45, 7881.16],[20373, 7879],[20349, 7897],[20343, 7916],[20315, 7930],[20288, 7964],[20288, 7975],[20274, 7986],[20286, 8017],[20269, 8037],[20247, 8025],[20244, 8037],[20253, 8051],[20250, 8064.06],[20241, 8047],[20211, 8047],[20192, 8061],[20186, 8075.46],[20165, 8094],[20162, 8104],[20129, 8145],[20107, 8158],[20094, 8158],[20055, 8122],[20035, 8118],[20018, 8093],[19988, 8084],[19963, 8104],[19967, 8072],[19958, 8058],[19941, 8064],[19907, 8066],[19901, 8082],[19887.33, 8086],[19871, 8076],[19880, 8066],[19877, 8052],[19834, 8027],[19804, 8027],[19804, 8033],[19771, 8027],[19750, 8043],[19739, 8068.67],[19715, 8104.89],[19694, 8129],[19694, 8214],[19700, 8231.67],[19696, 8273],[19718, 8324.67],[19718, 8337],[19699, 8357],[19699, 8369],[19714, 8390],[19729, 8396],[19783, 8396],[19817, 8390],[19837, 8396],[19874.67, 8378],[19900, 8375],[19925.67, 8366],[19945, 8366],[19976.67, 8344],[19989, 8344],[20018.67, 8329],[20067, 8332],[20081, 8337],[20136, 8342],[20173, 8340],[20188, 8333],[20194.67, 8319],[20245, 8325],[20312, 8325],[20327, 8319],[20366, 8265],[20401, 8239],[20414, 8215],[20414.33, 8194.33],[20452.86, 8159],[20481, 8167],[20514, 8168],[20529, 8137],[20580, 8153],[20610, 8171],[20615, 8182],[20595, 8183],[20583, 8195],[20602, 8189],[20632, 8195],[20641, 8208],[20647, 8199],[20633, 8190],[20653, 8171],[20649, 8163],[20625, 8162],[20625, 8153],[20677.16, 8155.83],[20705, 8171],[20748, 8173],[20804, 8159],[20854, 8159],[20890, 8162.33],[20932, 8176],[21002.77, 8191.22],[21012, 8200],[21061, 8221],[21088, 8224],[21112, 8221],[21088, 8230],[21088, 8249],[21098, 8282],[21083.25, 8283],[21060, 8259],[21046, 8259],[21058, 8279],[21058, 8296],[21047, 8305],[21008, 8306],[20993.5, 8323],[20952, 8339],[20926, 8353],[20920, 8368],[20879, 8407],[20860, 8407],[20850, 8425],[20871, 8421],[20878, 8440],[20862, 8495],[20867, 8536],[20877, 8547],[20874, 8562],[20882, 8574],[20880, 8593],[20921, 8632],[20983, 8652],[21021, 8654],[21042, 8637],[21115, 8600],[21147, 8564],[21166, 8530.56],[21181.95, 8534.05],[21167, 8544],[21167, 8554],[21192, 8540],[21184, 8560],[21184, 8619.5],[21176, 8640],[21176, 8672],[21192, 8686.5],[21192, 8720],[21184, 8728],[21184, 8704],[21168, 8696],[21176, 8712],[21176, 8752],[21200, 8752],[21208, 8744],[21208, 8784],[21200, 8784],[21200, 8896],[21224, 8896],[21232, 8920],[21288, 8968],[21328, 8968],[21328, 8976],[21352, 8976],[21352, 8984],[21400, 8984],[21408, 8968],[21424, 8968],[21440, 8952],[21440, 8928],[21448, 8928],[21448, 8888],[21464, 8888],[21464, 8864],[21448, 8864],[21448, 8832],[21440, 8816],[21424, 8808],[21424, 8768],[21416, 8768],[21416, 8744],[21456, 8720],[21456, 8704],[21424, 8704],[21424, 8664],[21416, 8664],[21416, 8640],[21424, 8640],[21424, 8600],[21392, 8592],[21392, 8568],[21384, 8568],[21384, 8520],[21416, 8504],[21432, 8520],[21432, 8544],[21440, 8544],[21440, 8576],[21456, 8584],[21464, 8600],[21464, 8632],[21496, 8656],[21504, 8688],[21512, 8688],[21512, 8648],[21496, 8640],[21488, 8624],[21488, 8600],[21480, 8600],[21480, 8576],[21464, 8560],[21464, 8536],[21456, 8520],[21408, 8480],[21400, 8448],[21384, 8440],[21384, 8408],[21360, 8400],[21360, 8416],[21336, 8424],[21328, 8400],[21304, 8368],[21304, 8336],[21296, 8336],[21288, 8304],[21272, 8296],[21272, 8272],[21256, 8264],[21232, 8224],[21208, 8224],[21192, 8208],[21192, 8184],[21240, 8168],[21248, 8192],[21264, 8184],[21256, 8176],[21256, 8128],[21264, 8112],[21232, 8064],[21216, 8064],[21216, 8048],[21168, 8048],[21160, 8072],[21136, 8072],[21120, 8088],[21120, 8128],[21088, 8128],[21056, 8120],[21056, 8144]],[[21079, 8312],[21084, 8316],[21077, 8317],[21079, 8312]],[[21082, 8344],[21077.8, 8346],[21072.5, 8344],[21082, 8344]],[[21033.5, 8312],[21033, 8313],[21033, 8312],[21033.5, 8312]],[[21096, 8240],[21096, 8244],[21094, 8243],[21096, 8240]],[[21144, 8104],[21144, 8128],[21136, 8128],[21144, 8104]],[[21120, 8288],[21120, 8289],[21119, 8288],[21120, 8288]],[[21104, 8248],[21104, 8251],[21097, 8248],[21104, 8248]],[[21056, 8144],[21057, 8144],[21056.5, 8144.1],[21056, 8144]],[[21047, 8310],[21047.5, 8311],[21040.5, 8311],[21047, 8310]],[[21057, 8144],[21064, 8144],[21064, 8145.25],[21057, 8144]],[[21256, 8557],[21258, 8559],[21257, 8560],[21256, 8557]],[[20780, 8161],[20779, 8163],[20772, 8161],[20780, 8161]]]},"properties":{"objectType":"annotation","classification":{"name":"Tumor","color":[102, 77, 179]}}},{"type":"Feature","id":"d6587500-0737-4d7c-82cc-6e309ed3decd","geometry":{"type":"Polygon","coordinates":[[[20512, 6256],[20520, 6392],[20616, 6424],[20640, 6408],[20692.5, 6456],[20720, 6520],[20728, 6640],[20768, 6690],[20832, 6688],[20894, 6578],[20889, 6482],[20844, 6375],[20840, 6288],[20712, 6176],[20680, 6176],[20656, 6224],[20560, 6216],[20512, 6256]]]},"properties":{"objectType":"annotation","classification":{"name":"Tumor","color":[102, 77, 179]}}},{"type":"Feature","id":"99575633-fcb5-43d6-8d3d-a8156b9641a6","geometry":{"type":"MultiPolygon","coordinates":[[[[20009.89, 6425],[20038, 6436],[19987, 6467],[19962, 6518],[19964, 6544],[19984, 6528],[20090, 6603],[20070, 6611],[20075, 6638],[20046, 6626],[20037, 6601],[20007, 6616],[19983, 6589],[19958, 6628],[19987, 6663],[19985, 6682],[20015, 6687],[20016, 6660],[20047, 6688],[20089, 6679],[20144, 6693],[20142, 6654],[20158, 6641],[20142, 6612],[20169, 6610],[20197, 6569],[20253, 6616],[20243, 6586],[20192, 6546],[20210, 6530],[20235, 6471],[20260, 6463],[20268, 6411],[20232, 6400],[20232, 6360],[20272, 6320],[20272, 6288],[20312, 6240],[20304, 6208],[20240, 6144],[20240, 6120],[20216, 6128],[20216, 6152],[20160, 6152],[20129, 6184],[20096, 6176],[20080, 6216],[20088, 6248],[20056, 6248],[20037, 6276],[20044, 6350],[20017, 6355],[19996, 6407.92],[19996, 6416],[19994, 6414],[19994.7, 6411.19],[19992, 6418],[20009.75, 6424.95],[20023, 6424],[20024, 6425],[20009.89, 6425]],[[20005, 6398],[19997, 6406],[20003, 6398],[20005, 6398]],[[20145, 6553],[20145, 6556],[20144, 6555],[20145, 6553]],[[20143, 6587],[20142, 6594],[20140, 6587],[20143, 6587]],[[20139, 6542],[20143, 6551],[20140, 6548],[20139, 6542]],[[20051.2, 6442],[20044, 6454],[20039, 6449],[20051.2, 6442]],[[20048, 6326],[20048, 6328],[20046, 6328],[20048, 6326]],[[20161, 6425],[20170, 6431],[20162, 6436],[20161, 6425]],[[20107, 6353],[20128, 6367],[20103, 6384],[20107, 6353]],[[20145, 6556],[20148, 6558],[20148, 6559],[20145, 6556]],[[20044, 6393],[20046, 6420],[20014, 6412],[20044, 6393]],[[20161, 6514],[20157, 6534],[20138, 6534],[20161, 6514]],[[20089, 6366],[20077, 6401],[20057, 6392],[20089, 6366]],[[20169, 6549],[20183, 6560],[20162, 6559],[20169, 6549]],[[20007, 6396],[20005, 6398],[20005, 6397],[20007, 6396]]],[[[19996, 6406],[19994.7, 6411.19],[19996, 6407.92],[19996, 6406]]],[[[20009.89, 6425],[20009.75, 6424.95],[20009, 6425],[20009.89, 6425]]]]},"properties":{"objectType":"annotation","classification":{"name":"Tumor","color":[102, 77, 179]}}},{"type":"Feature","id":"979b020f-0b04-46e0-90f3-79495aefe771","geometry":{"type":"Polygon","coordinates":[[[19672, 4912],[19664, 4936],[19640, 4960],[19616, 4960],[19616, 4984],[19648, 4992],[19664, 4984],[19664, 4960],[19696, 4960],[19696, 4992],[19712, 4992],[19712, 5008],[19744, 5032],[19752, 5048],[19752, 5112],[19768, 5120],[19768, 5176],[19776, 5176],[19776, 5216],[19800, 5248],[19800, 5272],[19816, 5280],[19816, 5296],[19832, 5304],[19832, 5344],[19840, 5344],[19840, 5384],[19832, 5384],[19832, 5408],[19840, 5408],[19840, 5440],[19816, 5456],[19816, 5472],[19792, 5480],[19792, 5512],[19784, 5520],[19752, 5520],[19736, 5560],[19712, 5576],[19712, 5600],[19688, 5632],[19688, 5696],[19696, 5696],[19696, 5744],[19688, 5744],[19688, 5768],[19680, 5768],[19680, 5792],[19672, 5792],[19672, 5816],[19656, 5832],[19656, 5880],[19632, 5896],[19632, 5928],[19640, 5944],[19624, 5952],[19624, 5992],[19616, 5992],[19616, 6032],[19576, 6064],[19568, 6096],[19520, 6136],[19520, 6160],[19504, 6160],[19496, 6184],[19496, 6224],[19472, 6248],[19456, 6248],[19456, 6272],[19440, 6280],[19440, 6296],[19424, 6304],[19424, 6320],[19408, 6336],[19384, 6344],[19384, 6368],[19352, 6392],[19352, 6416],[19336, 6424],[19336, 6448],[19320, 6456],[19320, 6488],[19312, 6488],[19312, 6528],[19304, 6552],[19248, 6552],[19248, 6488],[19256, 6488],[19256, 6392],[19272, 6376],[19248, 6360],[19240, 6344],[19248, 6312],[19216, 6288],[19216, 6264],[19200, 6264],[19200, 6232],[19224, 6224],[19224, 6208],[19240, 6192],[19272, 6192],[19272, 6200],[19328, 6200],[19368, 6168],[19352, 6144],[19352, 6120],[19368, 6112],[19368, 6088],[19352, 6088],[19336, 6072],[19336, 6040],[19368, 6024],[19384, 6032],[19384, 6016],[19360, 5992],[19360, 5944],[19336, 5912],[19320, 5912],[19304, 5896],[19264, 5896],[19256, 5920],[19216, 5944],[19208, 5992],[19216, 6008],[19240, 6024],[19240, 6040],[19256, 6056],[19272, 6056],[19272, 6072],[19248, 6088],[19240, 6128],[19232, 6128],[19232, 6176],[19208, 6184],[19192, 6168],[19184, 6144],[19104, 6144],[19104, 6176],[19072, 6184],[19096, 6216],[19072, 6240],[19072, 6296],[19088, 6304],[19088, 6336],[19072, 6336],[19064, 6352],[19064, 6424],[19056, 6424],[19056, 6456],[19072, 6464],[19072, 6520],[19096, 6520],[19112, 6544],[19136, 6544],[19144, 6560],[19168, 6544],[19208, 6576],[19208, 6600],[19176, 6648],[19176, 6688],[19152, 6704],[19152, 6728],[19128, 6736],[19128, 6752],[19112, 6768],[19112, 6792],[19088, 6800],[19088, 6816],[19104, 6832],[19088, 6840],[19080, 6872],[19056, 6896],[19056, 6928],[19048, 6928],[19048, 6968],[19032, 6976],[19032, 7024],[19024, 7048],[19032, 7064],[19048, 7064],[19056, 7080],[19072, 7080],[19072, 7056],[19112, 7056],[19120, 7032],[19144, 7032],[19144, 7016],[19168, 7000],[19184, 7008],[19184, 6992],[19200, 6984],[19200, 6936],[19224, 6928],[19232, 6896],[19248, 6896],[19272, 6864],[19304, 6864],[19328, 6896],[19328, 6912],[19280, 6952],[19280, 7000],[19272, 7000],[19272, 7032],[19280, 7032],[19280, 7072],[19288, 7072],[19288, 7152],[19296, 7152],[19296, 7184],[19272, 7200],[19272, 7224],[19296, 7232],[19288, 7272],[19280, 7272],[19280, 7312],[19248, 7328],[19248, 7344],[19224, 7352],[19216, 7368],[19200, 7368],[19192, 7392],[19176, 7400],[19176, 7416],[19144, 7416],[19144, 7456],[19128, 7456],[19120, 7472],[19088, 7480],[19096, 7520],[19112, 7512],[19152, 7512],[19152, 7528],[19128, 7528],[19128, 7560],[19112, 7560],[19104, 7584],[19120, 7584],[19120, 7600],[19096, 7608],[19096, 7624],[19072, 7664],[19040, 7664],[19016, 7672],[19024, 7656],[19000, 7656],[19000, 7672],[18984, 7664],[18944, 7664],[18928, 7648],[18928, 7664],[18896, 7664],[18872, 7672],[18864, 7688],[18840, 7688],[18832, 7656],[18864, 7656],[18864, 7624],[18888, 7616],[18880, 7592],[18864, 7584],[18864, 7568],[18840, 7560],[18760, 7560],[18720, 7584],[18752, 7584],[18744, 7600],[18696, 7600],[18696, 7592],[18648, 7592],[18648, 7584],[18616, 7576],[18624, 7544],[18600, 7544],[18600, 7560],[18576, 7568],[18568, 7544],[18536, 7544],[18528, 7560],[18488, 7560],[18488, 7568],[18432, 7568],[18408, 7560],[18400, 7576],[18384, 7576],[18376, 7592],[18352, 7600],[18352, 7632],[18368, 7648],[18368, 7664],[18392, 7664],[18408, 7688],[18440, 7688],[18448, 7712],[18464, 7704],[18504, 7704],[18520, 7728],[18536, 7728],[18536, 7712.75],[18552, 7720],[18568, 7744],[18584, 7736],[18639, 7736],[18640, 7752],[18680, 7752],[18680, 7760],[18712, 7760],[18712, 7752],[18744, 7752],[18744, 7736],[18720, 7736],[18737, 7712],[18760, 7712],[18776, 7728],[18800, 7736],[18827, 7712],[18840, 7724.33],[18832, 7744],[18832, 7776],[18856, 7784],[18856, 7810.83],[18818, 7828],[18800, 7862],[18776, 7864],[18776, 7840],[18736, 7840],[18736, 7832],[18664, 7832],[18656, 7864],[18669, 7872],[18669, 7888],[18654, 7916],[18624, 7912],[18616, 7888],[18592, 7880],[18576, 7920],[18608, 7912],[18608, 7922.33],[18576, 7952],[18568, 7944],[18568, 7824],[18552, 7824],[18544, 7808],[18530.27, 7808],[18520, 7792],[18488, 7776],[18440, 7776],[18438, 7784],[18384, 7808],[18384, 7824],[18370.75, 7856],[18360, 7856],[18360, 7882.33],[18344, 7888],[18328, 7880],[18328, 7904],[18345, 7904],[18345, 7917],[18320, 7932],[18306, 7932],[18289, 7949],[18285, 7976],[18249.67, 7968],[18224, 7936],[18173, 7920],[18054, 7920],[18019, 7956],[17973, 7956],[17937, 7936],[17888, 7936],[17867, 7948],[17841, 7928],[17815, 7928],[17768, 7952],[17758, 7989],[17743, 8004],[17721, 8008],[17680, 7988],[17640, 7984],[17615, 8004],[17576, 8008],[17521, 8058],[17510, 8085],[17509, 8110],[17496, 8152],[17480, 8152],[17480, 8184],[17493, 8192],[17493, 8220],[17464, 8224],[17472, 8264],[17464, 8264],[17464, 8304],[17512, 8312],[17522, 8304],[17536, 8321.67],[17536, 8336],[17594, 8332],[17608, 8344],[17646, 8344],[17656, 8352],[17720, 8352],[17768, 8336],[17768, 8319],[17780, 8305],[17808, 8304],[17824, 8288],[17824, 8275.8],[17843.5, 8269.13],[17864, 8285.3],[17864, 8296],[17898, 8296],[17928, 8304],[17948, 8272],[17970, 8272],[17992, 8293.08],[17992, 8304],[18048, 8300],[18072, 8304],[18104, 8280],[18104, 8272],[18168, 8272],[18186, 8264],[18216, 8280],[18274, 8280],[18304, 8312],[18336, 8300],[18344, 8320],[18360, 8320],[18360, 8304],[18480, 8304],[18480, 8296],[18512, 8296],[18528, 8280],[18552, 8280],[18580, 8248],[18608.43, 8228],[18664, 8224],[18691, 8192],[18712, 8200],[18704, 8175],[18736, 8144],[18752, 8120],[18752, 8088],[18760, 8072],[18744, 8061],[18744, 8036],[18768, 8040],[18776, 8016],[18800, 8008],[18824, 7984],[18824, 7955],[18836, 7928],[18856, 7920],[18856, 7904],[18880, 7892],[18896, 7912],[18904, 7872],[18928, 7872],[18936, 7856],[18920, 7856],[18920, 7840],[18944, 7824],[18944, 7808],[18976, 7832],[18976, 7840],[19008, 7840],[19040, 7816],[19040, 7808],[19072, 7808],[19088, 7800],[19128, 7800],[19144, 7824],[19136, 7840],[19160, 7848],[19168, 7872],[19184, 7872],[19184, 7912],[19176, 7912],[19176, 7952],[19152, 7968],[19160, 7992],[19136, 7992],[19112, 7968],[19088, 7976],[19056, 7976],[19048, 7984],[19016, 7984],[19024, 8016],[19016, 8032],[18992, 8040],[18992, 8104],[19016, 8112],[19016, 8128],[19056, 8152],[19072, 8176],[19064, 8192],[19112, 8192],[19120, 8200],[19120, 8168],[19144, 8160],[19144, 8136],[19168, 8104],[19160, 8064],[19184, 8056],[19184, 8040],[19200, 8032],[19200, 8008],[19216, 8000],[19224, 7976],[19240, 7968],[19344, 7968],[19360, 7992],[19376, 7984],[19408, 7984],[19416, 8008],[19440, 8008],[19440, 7968],[19448, 7968],[19448, 7936],[19440, 7912],[19424, 7896],[19376, 7896],[19376, 7888],[19344, 7880],[19344, 7848],[19328, 7832],[19312, 7832],[19304, 7816],[19304, 7784],[19280, 7768],[19280, 7720],[19288, 7720],[19288, 7672],[19280, 7632],[19296, 7632],[19296, 7608],[19352, 7608],[19352, 7616],[19392, 7616],[19400, 7624],[19400, 7656],[19432, 7656],[19448, 7664],[19464, 7648],[19464, 7632],[19488, 7640],[19520, 7640],[19536, 7616],[19536, 7600],[19560, 7584],[19560, 7568],[19536, 7560],[19536, 7544],[19560, 7544],[19552, 7496],[19504, 7456],[19504, 7440],[19472, 7440],[19464, 7448],[19448, 7424],[19432, 7424],[19416, 7400],[19392, 7400],[19392, 7368],[19408, 7344],[19408, 7296],[19416, 7280],[19432, 7280],[19456, 7264],[19456, 7240],[19480, 7208],[19512, 7200],[19520, 7160],[19536, 7152],[19528, 7136],[19536, 7104],[19560, 7104],[19560, 7040],[19584, 7024],[19584, 7008],[19616, 6992],[19616, 6976],[19632, 6976],[19640, 6952],[19624, 6944],[19664, 6944],[19664, 6976],[19680, 6968],[19680, 6944],[19688, 6944],[19688, 6920],[19664, 6912],[19664, 6888],[19712, 6848],[19712, 6824],[19728, 6816],[19728, 6776],[19744, 6760],[19736, 6728],[19752, 6720],[19752, 6687.05],[19803, 6694],[19840, 6694.95],[19840, 6720],[19848, 6728],[19944, 6728],[19960, 6712],[19968, 6720],[19992, 6696],[19992, 6688],[20032, 6688],[20022, 6697],[20047, 6699],[20070, 6683],[20093, 6689],[20086, 6726],[20088, 6752],[20105, 6742],[20137, 6773],[20139, 6786],[20126, 6799],[20123, 6817],[20103, 6829],[20065, 6832],[20047, 6820],[20019, 6820],[20003, 6827],[19952, 6872],[19950, 6895],[19959, 6938],[19971, 6956],[20002, 6971],[20011, 6992],[20032, 6985],[20052, 7017],[20031, 7064],[20032, 7088],[20008, 7104],[19992, 7104],[19984, 7128],[19944, 7144],[19944, 7168],[19928, 7184],[19904, 7184],[19904, 7192],[19864, 7192],[19864, 7200],[19840, 7200],[19824, 7208],[19816, 7232],[19800, 7240],[19792, 7264],[19768, 7264],[19768, 7248],[19728, 7232],[19728, 7208],[19696, 7224],[19672, 7224],[19672, 7232],[19640, 7240],[19632, 7256],[19600, 7256],[19600, 7280],[19552, 7296],[19560, 7336],[19536, 7344],[19536, 7360],[19568, 7384],[19600, 7384],[19600, 7392],[19632, 7392],[19648, 7416],[19664, 7408],[19664, 7384],[19688, 7368],[19688, 7352],[19720, 7352],[19720, 7376],[19704, 7392],[19704, 7432],[19696, 7432],[19696, 7488],[19704, 7488],[19704, 7512],[19720, 7520],[19728, 7544],[19752, 7544],[19768, 7560],[19808, 7560],[19808, 7568],[19936, 7568],[19944, 7552],[20024, 7552],[20024, 7560],[20056, 7560],[20056, 7552],[20088, 7552],[20112, 7536],[20112, 7520],[20128, 7512],[20136, 7496],[20136, 7456],[20128, 7456],[20128, 7424],[20112, 7408],[20080, 7400],[20072, 7384],[20048, 7384],[20048, 7376],[20024, 7376],[20024, 7384],[20000, 7384],[20000, 7360],[19992, 7360],[19992, 7328],[20008, 7320],[20016, 7296],[20040, 7296],[20040, 7280],[20072, 7256],[20072, 7248],[20112, 7248],[20136, 7224],[20168, 7200],[20176, 7168],[20208, 7144],[20208.5, 7128],[20224, 7120],[20224, 7065.17],[20232, 7064],[20232, 6926],[20200, 6912],[20200, 6920],[20176, 6912],[20176, 6890],[20186, 6893],[20200, 6876],[20224, 6888],[20224, 6872],[20240, 6880],[20240, 6920],[20264, 6904],[20264, 6888],[20328, 6888],[20328, 6896],[20352, 6896],[20360, 6904],[20360, 6928],[20352, 6928],[20352, 6960],[20368, 6968],[20368, 6992],[20360, 7000],[20336, 7000],[20328, 7016],[20328, 7064],[20312, 7072],[20312, 7096],[20296, 7120],[20296, 7152],[20280, 7160],[20280, 7216],[20288, 7216],[20288, 7245.75],[20264, 7264],[20272, 7288],[20296, 7288],[20304, 7320],[20323.16, 7320],[20346.5, 7360],[20389, 7407],[20440, 7438],[20440, 7472],[20464, 7472],[20480, 7451.7],[20520, 7453],[20544, 7464],[20552, 7449.11],[20576, 7448],[20608, 7432],[20608, 7456],[20592, 7472],[20624, 7472],[20624, 7392],[20648, 7360],[20672, 7360],[20656, 7344],[20656, 7304],[20624, 7280],[20624, 7256],[20600, 7256],[20600, 7248],[20560, 7248],[20560, 7255.42],[20522.8, 7249],[20528, 7232],[20552, 7232],[20592, 7200],[20592, 7136],[20568, 7104],[20568, 7072],[20560, 7072],[20560, 7048],[20544, 7032],[20544, 7008],[20528, 6984],[20528, 6960],[20488, 6928],[20504, 6912],[20504, 6856],[20520, 6840],[20552, 6840],[20576, 6870],[20576, 6880],[20608, 6894],[20624, 6921],[20648, 6944],[20672, 6946],[20696, 6968],[20720, 6968],[20752, 6992],[20800, 6992],[20800, 7000],[20840, 7000],[20840, 7008],[20888, 7008],[20904, 6984],[20928, 6984],[20936, 6976],[20936, 6928],[20928, 6928],[20928, 6896],[20896, 6872],[20896, 6856],[20872, 6848],[20872, 6832],[20856, 6824],[20832, 6824],[20832, 6816],[20806.69, 6816],[20741, 6775],[20718, 6770],[20696, 6776],[20688, 6800],[20648, 6800],[20672, 6784],[20664, 6760],[20621, 6759],[20584, 6744],[20550, 6759],[20493.8, 6760],[20480, 6744],[20448, 6744],[20440, 6728],[20408, 6720],[20392, 6696],[20352, 6696],[20352, 6672],[20336, 6664],[20312, 6664],[20304, 6648],[20280, 6648],[20272, 6624],[20256, 6616],[20248, 6592],[20216, 6584],[20208, 6560],[20192, 6568],[20152, 6568],[20136, 6552],[20136, 6504],[20120, 6512],[20088, 6512],[20080, 6504],[20080, 6480],[20096, 6472],[20104, 6456],[20096, 6424],[20064, 6416],[20056, 6392],[20008, 6392],[20000, 6400],[20000, 6424],[20032, 6424],[20040, 6448],[20024, 6464],[19992, 6464],[19976, 6496],[19944, 6496],[19944, 6504],[19904, 6496],[19904, 6488],[19880, 6488],[19872, 6472],[19872, 6448],[19864, 6448],[19864, 6416],[19856, 6416],[19856, 6368],[19840, 6368],[19840, 6336],[19872, 6328],[19872, 6320],[19896, 6320],[19904, 6296],[19944, 6264],[19944, 6216],[19960, 6208],[19960, 6168],[19984, 6152],[19984, 6120],[19992, 6120],[19992, 6080],[20000, 6080],[20000, 6056],[20008, 6056],[20008, 6016],[19992, 6008],[19992, 5992],[20008, 5984],[20008, 5960],[20024, 5944],[20024, 5880],[20008, 5864],[20008, 5816],[20000, 5816],[20000, 5784],[20008, 5784],[20008, 5760],[19992, 5752],[19992, 5728],[20000, 5728],[20000, 5704],[20008, 5696],[19992, 5688],[20000, 5656],[19984, 5648],[19984, 5600],[19968, 5592],[19968, 5544],[19992, 5528],[20008, 5536],[20008, 5576],[20016, 5584],[20048, 5584],[20048, 5504],[20088, 5472],[20080, 5456],[20080, 5400],[20064, 5392],[20056, 5376],[20056, 5352],[19976, 5208],[19976, 5176],[19968, 5176],[19968, 5104],[19952, 5088],[19936, 5088],[19936, 5072],[19920, 5056],[19864, 5056],[19864, 5064],[19840, 5064],[19824, 5056],[19808, 5032],[19792, 5032],[19784, 5008],[19768, 4992],[19768, 4968],[19760, 4960],[19728, 4984],[19720, 4968],[19720, 4944],[19680, 4944],[19672, 4936],[19672, 4912]],[[20091, 6681],[20099, 6689],[20097, 6688],[20091, 6681]],[[20088, 6680],[20088, 6681],[20073, 6680],[20088, 6680]],[[20052, 6688],[20048, 6692],[20048, 6688],[20052, 6688]]]},"properties":{"objectType":"annotation","classification":{"name":"Tumor","color":[102, 77, 179]}}},{"type":"Feature","id":"973821f7-f88d-47b4-9c5c-315054fb24d4","geometry":{"type":"Polygon","coordinates":[[[19328, 5256],[19328, 5312],[19376, 5320],[19392, 5264],[19368, 5240],[19328, 5256]]]},"properties":{"objectType":"annotation","classification":{"name":"Tumor","color":[102, 77, 179]}}},{"type":"Feature","id":"a1e652f0-203c-40c1-b6b3-5d53e397c52a","geometry":{"type":"Polygon","coordinates":[[[12056, 8776],[12056, 8864],[12064, 8864],[12064, 8936],[12104, 8952],[12136, 8976],[12168, 8968],[12216, 8936],[12224, 8920],[12272, 8904],[12336, 8848],[12360, 8848],[12360, 8800],[12400, 8768],[12432, 8720],[12472, 8712],[12520, 8680],[12560, 8664],[12600, 8624],[12624, 8624],[12640, 8592],[12664, 8592],[12712, 8544],[12712, 8520],[12752, 8520],[12760, 8536],[12800, 8520],[12808, 8496],[12840, 8504],[12864, 8480],[12896, 8480],[12928, 8464],[12920, 8440],[12984, 8432],[13016, 8440],[13024, 8424],[13104, 8408],[13176, 8352],[13224, 8336],[13320, 8264],[13352, 8232],[13368, 8192],[13392, 8184],[13392, 8160],[13448, 8136],[13504, 8080],[13552, 8056],[13552, 8032],[13600, 8008],[13632, 7976],[13688, 7952],[13728, 7912],[13760, 7904],[13768, 7888],[13824, 7872],[13872, 7840],[13880, 7792],[13896, 7784],[13904, 7728],[13936, 7728],[13968, 7760],[13968, 7832],[14008, 7880],[14008, 7896],[14048, 7936],[14064, 7984],[14080, 7984],[14080, 8024],[14104, 8040],[14112, 8080],[14160, 8112],[14216, 8112],[14264, 8072],[14272, 8024],[14272, 7960],[14336, 7928],[14408, 7864],[14504, 7856],[14512, 7832],[14536, 7824],[14592, 7824],[14592, 7808],[14624, 7800],[14640, 7776],[14696, 7768],[14728, 7736],[14752, 7744],[14752, 7664],[14696, 7656],[14696, 7640],[14632, 7640],[14632, 7632],[14576, 7640],[14568, 7656],[14528, 7672],[14456, 7680],[14416, 7712],[14344, 7712],[14344, 7704],[14288, 7704],[14240, 7696],[14224, 7720],[14168, 7736],[14144, 7776],[14120, 7768],[14120, 7720],[14024, 7616],[13960, 7608],[13928, 7584],[13936, 7520],[13968, 7504],[13992, 7456],[14048, 7424],[14088, 7432],[14112, 7424],[14136, 7456],[14152, 7456],[14200, 7408],[14200, 7376],[14224, 7336],[14256, 7336],[14280, 7360],[14280, 7408],[14296, 7416],[14296, 7456],[14336, 7448],[14344, 7480],[14408, 7480],[14416, 7496],[14512, 7496],[14520, 7480],[14608, 7472],[14632, 7456],[14656, 7408],[14680, 7408],[14704, 7384],[14704, 7408],[14736, 7432],[14800, 7440],[14808, 7416],[14848, 7416],[14880, 7384],[14888, 7352],[14920, 7344],[14928, 7312],[14952, 7280],[14984, 7264],[14992, 7240],[15056, 7232],[15080, 7240],[15088, 7264],[14992, 7336],[14984, 7368],[14952, 7392],[14952, 7408],[14912, 7440],[14912, 7520],[14920, 7544],[14960, 7576],[14984, 7608],[15016, 7616],[15016, 7648],[15056, 7648],[15072, 7664],[15120, 7680],[15168, 7680],[15232, 7632],[15240, 7600],[15272, 7568],[15272, 7528],[15296, 7472],[15304, 7416],[15288, 7408],[15288, 7368],[15264, 7352],[15264, 7328],[15200, 7288],[15176, 7280],[15176, 7248],[15208, 7240],[15216, 7216],[15232, 7232],[15286, 7232],[15286, 7278],[15331, 7333],[15389, 7359],[15384, 7389],[15367, 7410],[15360, 7488],[15392, 7544],[15448, 7568],[15464, 7584],[15552, 7576],[15562, 7560],[15600, 7552],[15640, 7488],[15640, 7418.5],[15660, 7402],[15720, 7440],[15760, 7447],[15784, 7472],[15872, 7472],[15904, 7480],[15904, 7496],[15880, 7504],[15832, 7504],[15808, 7512],[15728, 7512],[15728, 7520],[15680, 7528],[15680, 7544],[15648, 7600],[15616, 7608],[15600, 7592],[15576, 7600],[15512, 7600],[15512, 7608],[15448, 7608],[15448, 7616],[15352, 7656],[15344, 7640],[15320, 7656],[15344, 7656],[15344, 7752],[15352, 7752],[15352, 7808],[15392, 7816],[15408, 7848],[15456, 7848],[15480, 7864],[15568, 7864],[15568, 7856],[15616, 7856],[15624, 7832],[15672, 7824],[15656, 7856],[15704, 7856],[15704, 7864],[15760, 7864],[15784, 7888],[15816, 7888],[15840, 7904],[15840, 7928],[15856, 7936],[15888, 7928],[15896, 7952],[15872, 7968],[15792, 7960],[15792, 7936],[15776, 7936],[15792, 7976],[15840, 7984],[15872, 8000],[15912, 7968],[15920, 7992],[15944, 8000],[15968, 7992],[15960, 7960],[16016, 7960],[16016, 7936],[16048, 7936],[16048, 7904],[16120, 7904],[16152, 7912],[16176, 7904],[16192, 7928],[16312, 7944],[16312, 7952],[16368, 7952],[16376, 7976],[16352, 7992],[16344, 8016],[16320, 8008],[16256, 8008],[16264, 8056],[16224, 8048],[16232, 8064],[16232, 8112],[16256, 8120],[16264, 8152],[16288, 8152],[16296, 8168],[16328, 8176],[16336, 8160],[16400, 8176],[16416, 8160],[16480, 8160],[16512, 8128],[16512, 8080],[16504, 8080],[16488, 8032],[16472, 8008],[16504, 8016],[16560, 8016],[16568, 8000],[16608, 8008],[16608, 8072],[16624, 8104],[16640, 8104],[16656, 8128],[16672, 8120],[16736, 8120],[16768, 8072],[16768, 8056],[16728, 8024],[16728, 8008],[16792, 8016],[16808, 7984],[16832, 7968],[16824, 7920],[16768, 7896],[16728, 7896],[16680, 7936],[16624, 7944],[16624, 7920],[16552, 7920],[16528, 7888],[16496, 7864],[16496, 7840],[16457, 7832],[16491, 7810],[16538, 7823],[16616, 7828],[16663, 7800],[16662, 7774],[16721, 7760],[16775, 7720],[16800, 7715],[16872, 7648],[16880, 7624],[16912, 7632],[16920, 7560],[16960, 7552],[16968, 7536],[16936, 7528],[16944, 7456],[16912, 7472],[16906, 7445],[16884, 7436],[16888, 7361],[16875, 7324],[16880, 7392],[16872, 7392],[16872, 7336],[16864, 7304],[16848, 7296],[16824, 7256],[16792, 7243.67],[16776, 7208],[16760, 7216],[16760, 7240],[16736, 7240],[16672, 7200],[16664, 7160],[16688, 7160],[16704, 7144],[16720, 7176],[16776, 7176],[16776, 7160],[16816, 7152],[16824, 7096],[16840, 7088],[16840, 7040],[16824, 6992],[16808, 6984],[16808, 6960],[16776, 6944],[16760, 6920],[16728, 6912],[16672, 6912],[16672, 6920],[16624, 6912],[16576, 6968],[16576, 7016],[16568, 7040],[16592, 7056],[16600, 7080],[16640, 7088],[16656, 7104],[16656, 7136],[16600, 7104],[16576, 7104],[16576, 7088],[16543, 7074],[16504, 7074],[16489, 7059],[16525, 7036],[16504, 6992],[16504, 6960],[16472, 6912],[16440, 6896],[16392, 6888],[16392, 6864],[16360, 6840],[16322, 6840],[16281, 6800],[16254, 6800],[16209, 6764],[16104, 6758],[16104, 6736],[16152, 6720],[16160, 6704],[16136, 6672],[16096, 6664],[16088, 6648],[16112, 6640],[16112, 6600],[16144, 6600],[16160, 6616],[16168, 6648],[16200, 6664],[16208, 6688],[16258.67, 6704],[16272, 6720],[16312, 6720],[16352, 6736],[16392, 6696],[16416, 6696],[16440, 6656],[16440, 6618.38],[16456, 6585],[16480, 6560],[16480, 6480],[16456, 6480],[16472, 6464],[16472, 6408],[16456, 6392],[16456, 6368],[16440, 6360],[16432, 6328],[16416, 6320],[16424, 6288],[16408, 6280],[16408, 6256],[16432, 6256],[16432, 6272],[16472, 6272],[16480, 6304],[16504, 6328],[16513, 6382],[16505, 6399],[16541, 6426],[16555, 6458],[16591, 6484],[16605, 6521],[16645, 6547],[16636, 6606],[16672, 6638],[16699, 6647],[16704.19, 6630],[16736, 6664],[16736, 6712],[16744, 6736],[16792, 6744],[16808, 6776],[16808, 6872],[16832, 6888],[16856, 6920],[16896, 6928],[16888, 6952],[16912, 6952],[16912, 6936],[16944, 6920],[16952, 6904],[16992, 6904],[17024, 6880],[17032, 6848],[17032, 6800],[17016, 6792],[17008, 6760],[16992, 6752],[16992, 6728],[16976, 6744],[16912, 6744],[16848, 6704],[16848, 6672],[16872, 6672],[16864, 6624],[16879, 6619],[16912, 6576],[16897, 6548],[16925, 6540],[17016, 6635],[17073, 6683],[17120, 6696],[17128, 6672],[17160, 6680],[17168, 6664],[17162, 6586],[17152, 6560],[17128, 6536],[17117, 6489],[17136, 6479],[17136, 6504],[17152, 6504],[17152, 6476],[17192, 6472],[17219.33, 6432],[17208, 6466],[17216, 6492],[17241, 6500],[17287, 6482],[17308, 6454],[17363, 6455],[17380, 6429],[17364, 6394],[17397, 6394],[17384, 6348],[17384, 6304],[17362, 6304],[17333, 6281],[17308, 6296],[17302, 6279],[17253, 6300],[17229.29, 6294.71],[17184, 6245],[17148.5, 6220.75],[17076, 6153],[16998, 6106],[16965, 6080],[16922, 6027],[16881, 6002],[16832, 5984],[16824, 5968],[16752, 5976],[16728, 5952],[16696, 5952],[16704, 5976],[16753.5, 5992],[16749, 6012],[16771, 6034],[16798, 6034],[16852.01, 6048.6],[16889.38, 6070.63],[16939, 6130],[17008, 6176],[16984, 6176],[16960, 6160],[16912, 6160],[16912, 6136],[16888, 6120],[16888, 6144],[16860, 6139],[16847, 6121],[16790, 6121],[16776, 6144],[16712, 6144],[16712, 6168],[16696, 6184],[16656, 6184],[16648, 6200],[16600, 6216],[16608, 6272],[16600, 6319],[16592, 6288],[16568, 6272],[16568, 6232],[16552, 6224],[16552, 6200],[16488, 6200],[16480, 6168],[16464, 6160],[16464, 6104],[16440, 6104],[16424, 6056],[16408, 6056],[16392, 6032],[16328, 6032],[16320, 6048],[16296, 6040],[16224, 5952],[16200, 5952],[16176, 5928],[16112, 5928],[16112, 5920],[16064, 5944],[16040, 5944],[16016, 5968],[16016, 6024],[16048, 6072],[16080, 6088],[16080, 6112],[16064, 6096],[16056, 6112],[16000, 6112],[15968, 6120],[15960, 6144],[15944, 6136],[15936, 6104],[15952, 6096],[15952, 6032],[15960, 6024],[15928, 6000],[15928, 5984],[15896, 5960],[15816, 5960],[15816, 5968],[15768, 5992],[15752, 6016],[15752, 6088],[15768, 6104],[15776, 6144],[15800, 6152],[15816, 6128],[15840, 6152],[15872, 6144],[15920, 6144],[15936, 6168],[15920, 6176],[15912, 6232],[15936, 6280],[15936, 6352],[15960, 6352],[15968, 6392],[16000, 6416],[16012, 6471],[16000, 6480],[16000, 6512],[16024, 6528],[16024, 6504],[16053, 6520],[16056, 6551],[16040, 6567],[16016, 6567],[16000, 6536],[15968, 6552],[15967, 6577],[15944, 6584],[15944, 6632],[15968, 6648],[16008, 6656],[16008, 6670.19],[15976, 6692],[15885, 6688],[15872, 6664],[15832, 6649],[15800, 6616],[15768, 6608],[15720, 6552],[15704, 6552],[15704, 6520],[15672, 6504],[15680, 6440],[15640, 6400],[15640, 6352],[15648, 6320],[15624, 6320],[15592, 6272],[15536, 6264],[15520, 6248],[15496, 6248],[15488, 6208],[15504, 6192],[15464, 6192],[15448, 6168],[15424, 6176],[15424, 6144],[15400, 6128],[15352, 6136],[15321, 6094],[15272, 6096],[15176, 6056],[15128, 6055],[15112, 6040],[15064, 6040],[15032, 6024],[14976, 6024],[14976, 6016],[14897, 6016],[14864, 6000],[14792, 5992],[14696, 5992],[14615, 6023],[14566, 6028],[14510, 6023],[14440, 6032],[14373, 6059],[14323, 6059],[14287, 6073],[14197, 6086],[14168, 6096],[14134, 6122],[14062, 6122],[14052, 6131],[13992, 6136],[13968, 6128],[13952, 6152],[13962, 6240],[13944, 6232],[13952, 6200],[13888, 6200],[13856, 6224],[13856, 6296],[13872, 6336],[13840, 6344],[13824, 6376],[13792, 6400],[13744, 6408],[13744, 6440],[13720, 6448],[13680, 6480],[13680, 6496],[13648, 6496],[13616, 6544],[13568, 6584],[13504, 6616],[13504, 6640],[13440, 6696],[13384, 6728],[13352, 6776],[13288, 6840],[13232, 6912],[13216, 6912],[13208, 6960],[13176, 6984],[13160, 7024],[13136, 7040],[13136, 7072],[13096, 7120],[13072, 7120],[13064, 7152],[13024, 7184],[13008, 7224],[12992, 7224],[12936, 7280],[12920, 7288],[12744, 7456],[12728, 7504],[12680, 7552],[12680, 7600],[12632, 7648],[12632, 7688],[12664, 7712],[12664, 7776],[12680, 7800],[12752, 7800],[12768, 7808],[12800, 7784],[12800, 7736],[12760, 7672],[12704, 7656],[12704, 7624],[12736, 7608],[12792, 7552],[12808, 7504],[12856, 7464],[12880, 7424],[12880, 7400],[12904, 7384],[12920, 7344],[12968, 7312],[12976, 7296],[13032, 7272],[13088, 7216],[13104, 7216],[13152, 7176],[13152, 7160],[13224, 7104],[13304, 7024],[13304, 7008],[13352, 6984],[13384, 6928],[13408, 6920],[13416, 6896],[13472, 6872],[13520, 6832],[13576, 6776],[13632, 6736],[13632, 6720],[13664, 6712],[13728, 6672],[13736, 6656],[13832, 6624],[13856, 6592],[13888, 6592],[13896, 6560],[13952, 6544],[13984, 6512],[14008, 6504],[14040, 6528],[14072, 6528],[14112, 6552],[14152, 6544],[14216, 6544],[14240, 6512],[14192, 6438],[14222, 6419],[14234.55, 6396.6],[14272, 6376],[14312, 6324],[14342, 6316],[14381, 6324],[14486, 6325],[14543, 6354],[14526, 6388],[14611, 6374],[14651, 6396],[14703, 6387],[14807, 6424],[14852, 6451],[14884, 6456],[14932.5, 6478],[14960, 6505],[15024, 6505],[15040, 6520],[15072, 6520],[15116, 6544],[15138, 6566],[15156, 6603],[15148, 6647],[15116, 6656],[15088, 6648],[15040, 6600],[15008, 6592],[14960, 6560],[14912, 6552],[14856, 6552],[14840, 6528],[14728, 6528],[14720, 6512],[14688, 6504],[14616, 6504],[14568, 6512],[14552, 6544],[14472, 6544],[14432, 6568],[14408, 6560],[14312, 6576],[14264, 6600],[14272, 6648],[14264, 6672],[14240, 6672],[14240, 6648],[14216, 6664],[14224, 6680],[14224, 6768],[14216, 6816],[14224, 6848],[14256, 6856],[14264, 6880],[14232, 6904],[14208, 6888],[14200, 6920],[14160, 6920],[14168, 6864],[14184, 6856],[14184, 6824],[14168, 6752],[14192, 6752],[14192, 6728],[14168, 6728],[14160, 6760],[14136, 6760],[14144, 6720],[14160, 6720],[14160, 6680],[14144, 6680],[14136, 6720],[14096, 6720],[14096, 6744],[14128, 6744],[14120, 6792],[14104, 6792],[14112, 6832],[14144, 6824],[14144, 6888],[14112, 6904],[14104, 6856],[14088, 6832],[14048, 6848],[14024, 6896],[14000, 6904],[14000, 6952],[13984, 6960],[13976, 6920],[13944, 6920],[13920, 6936],[13864, 6928],[13856, 6896],[13856, 6832],[13848, 6808],[13872, 6816],[13864, 6792],[13832, 6784],[13792, 6792],[13792, 6776],[13744, 6776],[13712, 6792],[13704, 6768],[13680, 6776],[13688, 6808],[13664, 6816],[13672, 6880],[13712, 6896],[13712, 6920],[13680, 6928],[13672, 6952],[13696, 6960],[13712, 6984],[13744, 6976],[13768, 6992],[13776, 7040],[13744, 7048],[13744, 7080],[13688, 7112],[13664, 7112],[13648, 7136],[13608, 7160],[13592, 7192],[13568, 7192],[13520, 7216],[13424, 7296],[13424, 7328],[13376, 7376],[13376, 7408],[13344, 7464],[13288, 7504],[13288, 7520],[13248, 7552],[13240, 7624],[13208, 7648],[13216, 7696],[13200, 7704],[13200, 7808],[13192, 7856],[13160, 7840],[13112, 7848],[13048, 7848],[13016, 7856],[13000, 7896],[12944, 7936],[12944, 7968],[12928, 7976],[12920, 8040],[12904, 8064],[12848, 8056],[12832, 8040],[12784, 8056],[12752, 8056],[12744, 8072],[12712, 8072],[12688, 8096],[12656, 8096],[12640, 8120],[12608, 8128],[12576, 8152],[12536, 8152],[12496, 8192],[12472, 8192],[12456, 8216],[12416, 8240],[12416, 8256],[12352, 8296],[12352, 8320],[12304, 8376],[12272, 8392],[12256, 8432],[12240, 8440],[12240, 8472],[12208, 8488],[12200, 8528],[12176, 8544],[12168, 8592],[12128, 8632],[12072, 8712],[12072, 8768],[12056, 8776]]]},"properties":{"objectType":"annotation","classification":{"name":"Tumor","color":[102, 77, 179]}}},{"type":"Feature","id":"7dfa6761-2277-481e-a4f0-b4a848ae2d60","geometry":{"type":"Polygon","coordinates":[[[19120, 1864],[19080, 1896],[19056, 2000],[19096, 2064],[19152, 2080],[19136, 2128],[19096, 2128],[19088, 2168],[19152, 2224],[19160, 2512],[19184, 2560],[19272, 2640],[19335, 2640],[19388.69, 2689.87],[19416, 2750.5],[19384, 2808],[19384, 2898.47],[19344, 2960],[19312, 3120],[19272, 3136],[19296, 3184],[19392, 3208],[19472, 3208],[19552, 3152],[19600, 3024],[19648, 3080],[19712, 3080],[19768, 3016],[19792, 2824],[19752, 2776],[19784, 2744],[19744, 2704],[19736, 2600],[19712, 2568],[19712, 2496],[19624, 2312],[19616, 2248],[19568, 2136],[19496, 2056],[19416, 1992],[19368, 1976],[19328, 1912],[19240, 1896],[19192, 1864],[19120, 1864]],[[19184, 2056],[19200, 2072],[19184, 2080],[19184, 2056]]]},"properties":{"objectType":"annotation","classification":{"name":"Tumor","color":[102, 77, 179]}}},{"type":"Feature","id":"62df67e1-bc1c-4a23-9f9b-aaf46a2c52f2","geometry":{"type":"Polygon","coordinates":[[[16104, 2512],[16072, 2560],[16024, 2560],[16000, 2600],[16000, 2632],[16038, 2648],[16019, 2673],[16016, 2704],[16039, 2704],[16050, 2746],[16064, 2732],[16081, 2776],[16144, 2805],[16144, 2824],[16184, 2856],[16218, 2840],[16224, 2864],[16256, 2864],[16320, 2792],[16344, 2792],[16328, 2776],[16328, 2741],[16304, 2744],[16296, 2720],[16328, 2728],[16328, 2680],[16312, 2664],[16256, 2672],[16275, 2657],[16256, 2608],[16216, 2576],[16224, 2544],[16184, 2544],[16160, 2520],[16104, 2512]],[[16258, 2848],[16256, 2850.67],[16256, 2848],[16258, 2848]],[[16293.6, 2808],[16296, 2809.25],[16296, 2811],[16293.6, 2808]]]},"properties":{"objectType":"annotation","classification":{"name":"Tumor","color":[102, 77, 179]}}},{"type":"Feature","id":"4610c8e5-4ccd-4944-a556-4a67b7b88bb4","geometry":{"type":"Polygon","coordinates":[[[16568, 2560],[16576, 2592],[16608, 2592],[16592, 2608],[16616, 2648],[16592, 2664],[16688, 2664],[16704, 2634.33],[16736, 2625.23],[16744, 2648],[16712, 2688],[16784, 2680],[16792, 2712],[16824, 2688],[16856, 2688],[16888, 2648],[16888, 2632],[16928, 2608],[16944, 2568],[16944, 2536],[16960, 2512],[16960, 2432],[17000, 2424],[17016, 2448],[17048, 2448],[17056, 2472],[17064, 2424],[17096, 2392],[17096, 2296],[17104, 2296],[17104, 2232],[17096, 2200],[17072, 2176],[17072, 2144],[17040, 2128],[17040, 2056],[16968, 1992],[16912, 1992],[16896, 2016],[16856, 2024],[16864, 1992],[16864, 1920],[16832, 1888],[16832, 1872],[16800, 1872],[16792, 1856],[16720, 1856],[16672, 1936],[16672, 2032],[16744, 2056],[16752, 2072],[16816, 2064],[16808, 2096],[16760, 2128],[16744, 2152],[16744, 2184],[16728, 2200],[16728, 2256],[16752, 2296],[16720, 2296],[16720, 2280],[16688, 2280],[16624, 2336],[16608, 2400],[16576, 2424],[16576, 2512],[16568, 2560]]]},"properties":{"objectType":"annotation","classification":{"name":"Tumor","color":[102, 77, 179]}}},{"type":"Feature","id":"7dce290f-f871-4341-a47c-dd41a315ed13","geometry":{"type":"Polygon","coordinates":[[[17192, 2920],[17144, 2984],[17104, 3000],[17104, 3024],[17072, 3056],[16968, 3072],[16976, 3048],[16936, 3032],[16944, 3080],[16920, 3120],[16896, 3136],[16872, 3120],[16872, 3096],[16824, 3072],[16784, 3072],[16752, 3104],[16712, 3096],[16712, 3120],[16688, 3120],[16672, 3096],[16672, 3056],[16616, 3048],[16616, 3024],[16592, 3040],[16528, 3040],[16528, 3056],[16472, 3088],[16456, 3136],[16432, 3168],[16456, 3168],[16456, 3232],[16472, 3256],[16512, 3272],[16504, 3296],[16544, 3280],[16513.63, 3320],[16480, 3312],[16472, 3272],[16392, 3240],[16336, 3240],[16296, 3264],[16272, 3304],[16280, 3424],[16304, 3448],[16344, 3448],[16360, 3472],[16408, 3440],[16440, 3448],[16453, 3423],[16451, 3483],[16480, 3520],[16524, 3523],[16576, 3544],[16640, 3544],[16643, 3525],[16680, 3504],[16696, 3442],[16720, 3400],[16736, 3426],[16720, 3456],[16752, 3544],[16800, 3552],[16808, 3568],[16912, 3568],[16968, 3536],[17000, 3528],[17032, 3448],[17056, 3448],[17032, 3416],[17024, 3328],[17048, 3320],[16992, 3304],[16960, 3272],[16832, 3272],[16840, 3240],[16824, 3208],[16872, 3208],[16896, 3184],[16896, 3144],[16928, 3152],[16928, 3176],[16952, 3184],[16976, 3216],[16976, 3240],[17008, 3240],[17032, 3280],[17064, 3296],[17112, 3280],[17168, 3208],[17216, 3192],[17208, 3264],[17256, 3304],[17264, 3328],[17296, 3344],[17264, 3352],[17288, 3368],[17328, 3328],[17360, 3344],[17416, 3352],[17416, 3376],[17440, 3392],[17432, 3424],[17464, 3416],[17520, 3448],[17560, 3448],[17576, 3424],[17600, 3424],[17616, 3400],[17664, 3408],[17640, 3376],[17656, 3352],[17656, 3264],[17736, 3264],[17768, 3240],[17784, 3208],[17784, 3168],[17768, 3128],[17736, 3112],[17696, 3112],[17664, 3136],[17648, 3176],[17648, 3232],[17600, 3216],[17584, 3192],[17504, 3192],[17504, 3200],[17432, 3192],[17408, 3208],[17408, 3168],[17448, 3128],[17448, 3096],[17392, 3064],[17352, 3064],[17296, 3112],[17272, 3152],[17256, 3128],[17304, 3080],[17272, 2976],[17232, 2944],[17200, 2960],[17192, 2920]],[[16432, 3424],[16432, 3432],[16424, 3432],[16432, 3424]]]},"properties":{"objectType":"annotation","classification":{"name":"Tumor","color":[102, 77, 179]}}},{"type":"Feature","id":"725481f5-5b90-4b56-89e1-0463bf7db5e9","geometry":{"type":"Polygon","coordinates":[[[10901, 13758],[10904, 13758],[10907, 13762],[10909, 13762],[10911, 13764],[10911, 13766],[10915, 13769],[10915, 13772],[10919, 13775],[10919, 13778],[10922, 13778],[10923, 13780],[10928, 13780],[10929, 13782],[10933.75, 13782],[10936, 13784],[10936.88, 13783.76],[10937, 13784],[10942, 13784],[10943, 13786],[10948, 13786],[10949, 13788],[10957, 13788],[10958, 13786],[10969, 13786],[10970, 13784],[10979, 13784],[10980, 13782],[10988, 13782],[10989, 13780],[10992, 13780],[10993, 13778],[10998, 13778],[10999, 13776],[11004, 13776],[11005, 13774],[11010, 13774],[11011, 13772],[11026, 13772],[11027, 13770],[11030, 13770],[11031.75, 13768],[11034, 13768],[11035.8, 13766],[11036, 13766],[11039.5, 13762],[11040, 13762],[11041.5, 13760],[11044, 13760],[11045, 13758],[11048, 13758],[11049, 13756],[11052, 13756],[11053, 13754],[11058, 13754],[11059, 13752],[11066, 13752],[11067, 13750],[11074, 13750],[11075, 13748],[11095, 13748],[11096, 13750],[11099, 13750],[11100, 13752],[11100.5, 13752],[11102, 13754],[11104.5, 13754],[11106, 13756],[11114, 13756],[11117.33, 13752],[11120, 13752],[11121.5, 13750],[11122, 13750],[11123.5, 13748],[11126, 13748],[11127, 13746],[11130, 13746],[11131, 13744],[11134, 13744],[11135, 13742],[11142, 13742],[11142, 13740],[11144, 13740],[11144, 13738],[11145, 13736],[11148, 13736],[11148, 13732],[11153, 13732],[11154, 13730],[11163, 13730],[11164, 13728],[11171, 13728],[11172, 13726],[11181, 13726],[11182, 13724],[11193, 13724],[11194, 13722],[11197, 13722],[11198, 13720],[11201, 13720],[11202, 13718],[11207, 13718],[11207, 13715],[11207.5, 13714],[11211, 13714],[11212, 13713],[11213, 13713],[11213.5, 13712],[11219, 13712],[11219, 13711],[11221, 13711],[11221, 13709],[11219, 13709],[11219, 13706.18],[11256, 13696],[11277.5, 13631.5],[11281, 13628],[11283, 13626],[11283, 13623.5],[11285, 13622],[11285, 13621],[11287, 13619],[11287, 13613],[11287, 13603],[11288, 13600],[11285, 13596.4],[11285, 13593],[11283, 13592],[11283, 13591],[11283, 13590],[11283, 13589],[11283, 13587],[11284, 13586],[11284, 13584],[11282, 13583],[11282, 13580],[11278, 13577],[11278, 13574],[11274, 13570],[11272, 13570],[11271, 13569],[11270.25, 13569],[11268, 13566],[11265.75, 13566],[11265, 13565],[11264, 13564],[11263, 13563],[11262.92, 13563],[11262.36, 13562.48],[11262, 13562],[11260, 13560.17],[11260, 13560],[11258, 13558.2],[11258, 13557],[11250, 13550],[11250, 13548],[11250, 13547],[11250, 13546],[11250, 13543],[11252, 13542],[11252, 13540],[11252, 13537],[11254, 13536],[11254, 13534],[11254, 13533],[11258, 13530],[11258, 13529.67],[11260, 13528],[11260, 13525],[11265, 13520],[11268, 13520],[11269.67, 13518],[11270, 13518],[11273, 13514],[11274, 13514],[11276, 13514],[11277.5, 13512],[11280, 13512],[11281.5, 13510],[11282, 13510],[11283, 13508],[11284, 13508],[11286, 13508],[11289.5, 13504],[11290, 13504],[11293.72, 13500],[11296, 13500],[11304, 13492],[11306, 13490],[11308, 13488],[11308, 13486],[11310, 13484],[11316, 13478],[11318, 13476],[11320, 13474],[11320, 13472],[11320, 13471.5],[11322, 13470],[11322, 13468],[11322, 13467],[11324, 13466],[11324, 13464],[11324, 13461],[11326, 13460],[11326, 13458],[11326, 13456.8],[11328, 13456],[11325, 13448.58],[11325, 13447],[11324.36, 13447],[11305.42, 13400.16],[11305.5, 13400],[11306, 13400],[11306.5, 13399],[11307, 13399],[11309, 13399],[11313, 13399],[11314, 13399],[11315, 13401],[11317, 13401],[11318, 13401],[11323, 13407],[11324, 13407],[11325, 13408],[11325, 13413],[11327, 13413],[11327, 13410],[11328, 13410],[11328, 13404],[11326, 13403],[11326, 13400],[11324, 13398.33],[11324, 13398],[11324, 13396],[11324, 13395],[11324, 13394],[11320, 13391],[11320, 13390],[11320, 13389],[11320, 13386],[11318, 13385],[11318, 13380],[11316, 13379],[11316, 13370],[11314, 13369],[11314, 13366],[11304, 13357],[11304, 13355],[11304, 13352],[11302, 13351],[11302, 13350],[11302, 13349.31],[11360, 13288],[11360, 13216],[11312, 13152],[11200, 13136],[11112, 13263],[11024, 13344],[11010, 13433],[10912, 13424],[10808, 13480],[10807, 13609],[10857, 13706.37],[10857, 13712],[10859, 13714],[10860.92, 13714],[10864, 13720],[10869, 13724.44],[10869, 13728],[10870, 13728.5],[10870, 13730],[10871, 13730.5],[10871, 13732],[10872, 13732.5],[10872, 13736],[10873, 13736],[10879, 13742],[10882, 13742],[10887, 13748],[10890, 13748],[10895, 13754],[10898, 13754],[10901, 13758]],[[11313, 13465],[11313, 13468],[11311, 13469],[11311, 13472],[11308, 13475],[11305, 13475],[11304, 13477],[11302, 13477],[11301, 13475],[11298, 13475],[11297, 13474],[11297, 13471],[11295, 13470],[11295, 13469.12],[11315, 13461.17],[11315, 13462],[11313, 13463],[11313, 13465]]]},"properties":{"objectType":"annotation","classification":{"name":"Tumor","color":[102, 77, 179]}}}]}