{"type":"FeatureCollection","features":[{"type":"Feature","id":"a7f006da-7896-4538-a6e1-77da4e6d5621","geometry":{"type":"Polygon","coordinates":[[[2039, 23916],[2039, 23927],[2095, 26433],[2095, 26444],[2095, 26455],[2518, 28082],[2518, 28093],[3009, 28828],[3020, 28839],[4457, 29051],[4468, 29040],[5437, 29040],[5470, 29062],[6317, 29207],[6417, 29207],[6840, 28828],[6896, 27536],[6896, 27525],[7364, 27046],[7364, 27035],[7386, 27035],[8133, 26879],[8589, 26723],[9325, 26745],[10104, 26188],[10104, 26166],[10115, 26166],[10115, 26155],[10138, 26132],[10461, 25564],[10461, 25553],[10461, 25542],[10138, 25119],[10138, 25108],[10205, 24940],[10216, 24940],[10216, 24929],[10227, 24929],[10238, 24918],[10260, 24907],[10817, 24851],[10828, 24851],[11196, 24595],[11196, 24584],[11207, 24573],[11252, 24528],[11263, 23258],[11263, 23247],[11263, 23236],[11263, 23214],[11274, 23180],[11274, 23136],[11274, 23069],[11274, 23013],[11151, 21911],[11151, 21899],[11151, 21877],[11129, 21844],[10617, 21231],[10617, 21220],[10606, 21198],[10583, 21187],[10572, 21164],[10561, 21153],[10550, 21142],[10539, 21131],[10015, 20674],[10004, 20674],[10004, 20652],[9982, 20641],[9948, 20630],[9458, 20462],[9447, 20462],[8032, 20440],[7587, 20964],[7576, 20975],[7565, 20975],[7553, 20986],[6072, 21799],[5882, 21966],[5682, 22679],[5248, 22902],[4991, 23002],[4958, 23314],[4565, 23692],[4394, 23750],[4294, 23703],[3806, 23806],[3107, 23992],[2243, 23871],[2039, 23916]]]},"properties":{"objectType":"annotation","isLocked":true}},{"type":"Feature","id":"ac6a439e-62ef-4095-ab53-b59189c239e1","geometry":{"type":"Polygon","coordinates":[[[7992, 20824],[8008, 20832],[8016, 20912],[8056, 20896],[8080, 20920],[8160, 20920],[8200, 20936],[8192, 20904],[8248, 20872],[8336, 20872],[8328, 20816],[8352, 20784],[8344, 20704],[8312, 20656],[8320, 20616],[8256, 20608],[8048, 20656],[8000, 20728],[7992, 20824]]]},"properties":{"objectType":"annotation","classification":{"name":"Tumor","color":[102, 77, 179]}}},{"type":"Feature","id":"6c4ec544-e028-42d3-9b73-a6d9141ec906","geometry":{"type":"Polygon","coordinates":[[[9064, 21760],[9168, 21840],[9304, 21800],[9288, 21672],[9208, 21600],[9112, 21632],[9064, 21760]]]},"properties":{"objectType":"annotation","classification":{"name":"Tumor","color":[102, 77, 179]}}},{"type":"Feature","id":"74970cd5-58d8-4ebb-b8d2-74e4766fffee","geometry":{"type":"Polygon","coordinates":[[[10808, 23448],[10856, 23584],[10952, 23552],[10936, 23440],[10808, 23448]]]},"properties":{"objectType":"annotation","classification":{"name":"Tumor","color":[102, 77, 179]}}},{"type":"Feature","id":"126ec2df-d859-4086-8e02-be6e5c14dfef","geometry":{"type":"Polygon","coordinates":[[[9184, 24776],[9288, 24848],[9416, 24696],[9400, 24608],[9328, 24576],[9240, 24648],[9184, 24776]]]},"properties":{"objectType":"annotation","classification":{"name":"Tumor","color":[102, 77, 179]}}},{"type":"Feature","id":"c37470be-860c-4768-9989-3cd1cda3243a","geometry":{"type":"Polygon","coordinates":[[[6880, 25224],[6928, 25272],[6976, 25256],[7040, 25328],[7000, 25136],[6912, 25144],[6880, 25224]]]},"properties":{"objectType":"annotation","classification":{"name":"Tumor","color":[102, 77, 179]}}},{"type":"Feature","id":"1ec7cc05-a8d2-431d-b1a7-f59cf9127848","geometry":{"type":"Polygon","coordinates":[[[9248, 25576],[9248, 25680],[9328, 25720],[9328, 25776],[9376, 25760],[9432, 25712],[9456, 25656],[9416, 25648],[9440, 25624],[9480, 25656],[9520, 25632],[9496, 25560],[9488, 25640],[9440, 25576],[9360, 25608],[9248, 25576]]]},"properties":{"objectType":"annotation","classification":{"name":"Tumor","color":[102, 77, 179]}}},{"type":"Feature","id":"56d9f6f2-aca1-4dcc-b51c-2d739888f04a","geometry":{"type":"Polygon","coordinates":[[[4440, 28168],[4536, 28200],[4528, 28152],[4640, 28072],[4624, 27952],[4456, 28072],[4440, 28168]]]},"properties":{"objectType":"annotation","classification":{"name":"Tumor","color":[102, 77, 179]}}},{"type":"Feature","id":"966f8d6d-a3fc-421b-908a-9073b579de01","geometry":{"type":"Polygon","coordinates":[[[6256, 28376],[6256, 28408],[6336, 28416],[6288, 28512],[6344, 28544],[6432, 28520],[6472, 28464],[6496, 28352],[6456, 28304],[6392, 28288],[6320, 28336],[6312, 28392],[6256, 28376]]]},"properties":{"objectType":"annotation","classification":{"name":"Tumor","color":[102, 77, 179]}}},{"type":"Feature","id":"c4ae8598-3f1d-4d6d-9c88-2a3474d2513e","geometry":{"type":"Polygon","coordinates":[[[10860, 14082],[10871, 14082],[10882, 14093],[10893, 14104],[10915, 14126],[10926, 14137],[11506, 14850],[11517, 14850],[11517, 14861],[11528, 14872],[11550, 14906],[12040, 15730],[13422, 16265],[13422, 16276],[14268, 16566],[14279, 16566],[14302, 16577],[14324, 16577],[14346, 16588],[14357, 16588],[14391, 16610],[14424, 16610],[14491, 16621],[15939, 16855],[15950, 16855],[15950, 16844],[17376, 15953],[17387, 15953],[17387, 15931],[18501, 15207],[18802, 14538],[18802, 14527],[18824, 14516],[18824, 14505],[18835, 14494],[18858, 14483],[19537, 13357],[19537, 13346],[19548, 13335],[19559, 13302],[19559, 13291],[19894, 12333],[19894, 12322],[19905, 12322],[19905, 12310],[19916, 12299],[19927, 12288],[19927, 12266],[20128, 11642],[20139, 11631],[20139, 11620],[20139, 11575],[20150, 11553],[20161, 11542],[20116, 10639],[20116, 10628],[20128, 10606],[20128, 10595],[20139, 10573],[20150, 10528],[20116, 9626],[20072, 8712],[20072, 8701],[20072, 8690],[20072, 8657],[20072, 8646],[19927, 8178],[19671, 7788],[19660, 7788],[19660, 7777],[19649, 7777],[18757, 7454],[18746, 7454],[17944, 7142],[17933, 7142],[17911, 7131],[17877, 7131],[16563, 6674],[16552, 6674],[16028, 6429],[15393, 6496],[15137, 6607],[14814, 6629],[14480, 6540],[14190, 6585],[13700, 6841],[13433, 7220],[13444, 7621],[13455, 7621],[14057, 8378],[13968, 9024],[13243, 8991],[12831, 9058],[12386, 9448],[12330, 9971],[12737, 9977],[12883, 10103],[13055, 10371],[13014, 10539],[12936, 10658],[12502, 10687],[12173, 11264],[12031, 11675],[12218, 11787],[12397, 11698],[12405, 11690],[12412, 11683],[12420, 11668],[12435, 11653],[12570, 11555],[12577, 11555],[12794, 11495],[12816, 11608],[12682, 11810],[12637, 11997],[12486, 12089],[12367, 12157],[12253, 12131],[12179, 12096],[12075, 12065],[11589, 11933],[11456, 11982],[11094, 12310],[10915, 13224],[10860, 14082]]]},"properties":{"objectType":"annotation","isLocked":true}},{"type":"Feature","id":"4fea6cda-61b7-4b86-9541-3d9ba2937b01","geometry":{"type":"Polygon","coordinates":[[[18880, 12648],[18920, 12656],[18896, 12728],[18960, 12776],[19064, 12712],[19048, 12584],[19104, 12560],[19072, 12496],[19040, 12488],[19048, 12536],[18888, 12560],[18880, 12648]]]},"properties":{"objectType":"annotation","classification":{"name":"Tumor","color":[102, 77, 179]}}},{"type":"Feature","id":"64ec0ccc-5020-43ca-90ed-212f44d37d63","geometry":{"type":"Polygon","coordinates":[[[16944, 13120],[16968, 13200],[17088, 13224],[17168, 13192],[17128, 13000],[17040, 13008],[17040, 13072],[16944, 13120]]]},"properties":{"objectType":"annotation","classification":{"name":"Tumor","color":[102, 77, 179]}}},{"type":"Feature","id":"160fbca8-8cd1-4aa8-86a9-e373b090afdb","geometry":{"type":"Polygon","coordinates":[[[10944, 13544],[11000, 13584],[11024, 13552],[11064, 13560],[11088, 13528],[11096, 13472],[11080, 13448],[11024, 13440],[10992, 13408],[11008, 13448],[10976, 13448],[10952, 13488],[10944, 13544]]]},"properties":{"objectType":"annotation","classification":{"name":"Tumor","color":[102, 77, 179]}}},{"type":"Feature","id":"08a21819-3946-4c64-9def-986a44d01650","geometry":{"type":"Polygon","coordinates":[[[18968, 13704],[18968, 13776],[19048, 13800],[19120, 13752],[19128, 13672],[19032, 13640],[18968, 13704]]]},"properties":{"objectType":"annotation","classification":{"name":"Tumor","color":[102, 77, 179]}}},{"type":"Feature","id":"959ff3f3-82b6-40e2-9de3-67a95762439b","geometry":{"type":"Polygon","coordinates":[[[10960, 13704],[10968, 13848],[11040, 13856],[11072, 13808],[11040, 13696],[10960, 13704]]]},"properties":{"objectType":"annotation","classification":{"name":"Tumor","color":[102, 77, 179]}}},{"type":"Feature","id":"479bf142-18bc-47e8-aae2-5df8e92bccb6","geometry":{"type":"Polygon","coordinates":[[[21805, 4768],[21805, 4785],[22054, 6078],[22535, 6062],[22552, 6045],[22850, 5846],[22867, 5846],[22867, 5829],[22883, 5829],[22883, 5813],[22883, 5796],[22883, 5780],[22883, 5763],[23066, 5166],[23099, 5166],[23116, 5149],[23116, 5133],[23132, 5116],[23132, 5100],[23132, 5066],[23149, 5050],[23464, 4619],[23480, 4619],[23497, 4586],[23514, 4569],[23530, 4552],[23530, 4519],[23563, 4469],[23580, 4436],[23663, 3408],[23663, 3391],[23646, 3375],[23082, 2910],[23082, 2894],[23049, 2894],[23049, 2877],[22651, 2778],[22154, 2894],[21805, 4768]]]},"properties":{"objectType":"annotation","isLocked":true}},{"type":"Feature","id":"a77e4351-b9cc-4e2a-96b7-ef775a049100","geometry":{"type":"Polygon","coordinates":[[[22464, 4128],[22552, 4144],[22704, 4048],[22672, 3968],[22480, 3976],[22464, 4128]]]},"properties":{"objectType":"annotation","classification":{"name":"Tumor","color":[102, 77, 179]}}},{"type":"Feature","id":"c1e04d52-6692-43c5-95c8-9d37c3cdcd12","geometry":{"type":"Polygon","coordinates":[[[4672, 25320],[4712, 25464],[4784, 25448],[4824, 25328],[4768, 25280],[4672, 25320]]]},"properties":{"objectType":"annotation","classification":{"name":"Tumor","color":[102, 77, 179]}}},{"type":"Feature","id":"55cb02b5-fbde-4812-aef2-e55cd86db4c3","geometry":{"type":"Polygon","coordinates":[[[9472, 25736],[9520, 25768],[9560, 25768],[9584, 25800],[9600, 25768],[9608, 25808],[9752, 25816],[9784, 25776],[9792, 25848],[9808, 25864],[9872, 25840],[9904, 25848],[9840, 25872],[9816, 25960],[9824, 26024],[9864, 26056],[9864, 26104],[9912, 26120],[10016, 26120],[10104, 26064],[10104, 26024],[10136, 26024],[10184, 25904],[10184, 25840],[10104, 25880],[10104, 25816],[10136, 25800],[10168, 25816],[10168, 25768],[10136, 25736],[10112, 25752],[10096, 25712],[10056, 25712],[10024, 25736],[10024, 25768],[9944, 25800],[9960, 25760],[9960, 25688],[9992, 25656],[9992, 25624],[9960, 25576],[9872, 25568],[9824, 25584],[9808, 25608],[9720, 25616],[9712, 25640],[9616, 25664],[9592, 25632],[9576, 25672],[9504, 25688],[9472, 25736]]]},"properties":{"objectType":"annotation","classification":{"name":"Tumor","color":[102, 77, 179]}}},{"type":"Feature","id":"a1222009-f5be-4387-8d2f-e393f0c0b0d7","geometry":{"type":"Polygon","coordinates":[[[6904, 22728],[6912, 22816],[6936, 22816],[6960, 22912],[7144, 23096],[7272, 23112],[7400, 23144],[7512, 23120],[7616, 23024],[7640, 23032],[7664, 22952],[7656, 22816],[7616, 22752],[7512, 22728],[7536, 22672],[7616, 22632],[7608, 22520],[7552, 22424],[7512, 22408],[7512, 22360],[7472, 22360],[7464, 22200],[7336, 22184],[7248, 22256],[7224, 22304],[7232, 22392],[7208, 22400],[7224, 22528],[7248, 22552],[7232, 22632],[7264, 22624],[7304, 22704],[7296, 22752],[7256, 22704],[7136, 22632],[7112, 22600],[6944, 22688],[6904, 22728]]]},"properties":{"objectType":"annotation","classification":{"name":"Tumor","color":[102, 77, 179]}}},{"type":"Feature","id":"37d3dbe1-a3e6-461f-8822-515b55efe8ca","geometry":{"type":"Polygon","coordinates":[[[22992, 4296],[22992, 4416],[23016, 4432],[23008, 4464],[23032, 4496],[23072, 4504],[23112, 4536],[23104, 4568],[23184, 4568],[23216, 4520],[23272, 4472],[23288, 4416],[23288, 4336],[23272, 4312],[23184, 4264],[23176, 4232],[23128, 4208],[23128, 4168],[23152, 4136],[23120, 4144],[23096, 4240],[22992, 4296]]]},"properties":{"objectType":"annotation","classification":{"name":"Tumor","color":[102, 77, 179]}}},{"type":"Feature","id":"d1767629-12f0-4851-9bfc-2ecfccbbe04a","geometry":{"type":"Polygon","coordinates":[[[15480, 10936],[15504, 10968],[15504, 11040],[15552, 11032],[15560, 11072],[15600, 11096],[15664, 11080],[15688, 11048],[15776, 11032],[15816, 10976],[15840, 10968],[15872, 10896],[15840, 10792],[15696, 10784],[15632, 10808],[15624, 10848],[15576, 10856],[15576, 10824],[15544, 10848],[15568, 10880],[15512, 10904],[15512, 10936],[15480, 10936]]]},"properties":{"objectType":"annotation","classification":{"name":"Tumor","color":[102, 77, 179]}}},{"type":"Feature","id":"81538ecc-b23a-4d90-8fea-bf1432406cf4","geometry":{"type":"Polygon","coordinates":[[[3984, 25952],[4040, 26056],[4104, 26080],[4280, 26064],[4368, 25992],[4368, 25784],[4304, 25696],[4256, 25696],[4264, 25736],[4176, 25776],[4080, 25776],[4080, 25816],[3992, 25880],[3984, 25952]]]},"properties":{"objectType":"annotation","classification":{"name":"Tumor","color":[102, 77, 179]}}},{"type":"Feature","id":"1f4bc400-210c-433b-a01c-176ef8d3cbd3","geometry":{"type":"Polygon","coordinates":[[[7808, 24360],[7896, 24392],[7888, 24360],[8024, 24344],[8056, 24288],[8056, 24344],[8176, 24296],[8216, 24256],[8208, 24160],[8160, 24104],[8080, 24120],[8096, 24056],[8048, 24032],[7984, 24048],[7832, 24184],[7824, 24320],[7808, 24360]]]},"properties":{"objectType":"annotation","classification":{"name":"Tumor","color":[102, 77, 179]}}},{"type":"Feature","id":"9dec873a-bc39-4466-845e-ad783f506766","geometry":{"type":"Polygon","coordinates":[[[11824, 15256],[11840, 15280],[11888, 15280],[11896, 15304],[11944, 15320],[11992, 15320],[12088, 15208],[12088, 15240],[12120, 15256],[12120, 15216],[12216, 15216],[12248, 15200],[12264, 15232],[12264, 15192],[12312, 15176],[12312, 15160],[12376, 15104],[12384, 15080],[12416, 15064],[12392, 14976],[12368, 14960],[12368, 14912],[12264, 14912],[12216, 14880],[12104, 14944],[12032, 14976],[12008, 14968],[11904, 14968],[11904, 14992],[11872, 14992],[11840, 15032],[11832, 15200],[11856, 15208],[11856, 15240],[11824, 15256]]]},"properties":{"objectType":"annotation","classification":{"name":"Tumor","color":[102, 77, 179]}}},{"type":"Feature","id":"3936abb5-ac3a-4c9c-95e5-d3f3c69c2a3b","geometry":{"type":"Polygon","coordinates":[[[17008, 10928],[17104, 10936],[17160, 10864],[17144, 10792],[17064, 10792],[17008, 10928]]]},"properties":{"objectType":"annotation","classification":{"name":"Tumor","color":[102, 77, 179]}}},{"type":"Feature","id":"151f5eff-92d0-4dff-9b2c-0b74d2f29b28","geometry":{"type":"Polygon","coordinates":[[[15896, 13440],[15904, 13496],[15952, 13488],[16040, 13520],[16128, 13512],[16224, 13464],[16224, 13352],[16192, 13272],[16104, 13280],[16112, 13240],[15992, 13320],[15936, 13448],[15896, 13440]]]},"properties":{"objectType":"annotation","classification":{"name":"Tumor","color":[102, 77, 179]}}},{"type":"Feature","id":"5bc103b5-4abb-4724-8b1b-3638b98502db","geometry":{"type":"Polygon","coordinates":[[[9136, 22336],[9136, 22440],[9152, 22472],[9136, 22512],[9176, 22536],[9184, 22568],[9248, 22600],[9288, 22568],[9328, 22568],[9416, 22504],[9400, 22544],[9376, 22552],[9384, 22592],[9472, 22680],[9552, 22672],[9552, 22696],[9592, 22664],[9656, 22648],[9664, 22616],[9656, 22544],[9624, 22504],[9624, 22472],[9688, 22504],[9680, 22560],[9728, 22568],[9720, 22608],[9744, 22624],[9824, 22624],[9832, 22608],[9952, 22616],[10088, 22544],[10080, 22504],[10128, 22464],[10136, 22392],[10112, 22376],[10104, 22336],[9976, 22336],[9920, 22352],[9952, 22280],[9912, 22264],[9880, 22168],[9856, 22168],[9824, 22120],[9752, 22120],[9720, 22160],[9592, 22144],[9528, 22176],[9480, 22216],[9440, 22208],[9400, 22256],[9416, 22216],[9464, 22160],[9464, 22056],[9448, 22016],[9408, 21992],[9312, 21968],[9248, 21976],[9224, 22008],[9176, 22032],[9160, 22136],[9192, 22200],[9240, 22232],[9216, 22280],[9184, 22280],[9136, 22336]]]},"properties":{"objectType":"annotation","classification":{"name":"Tumor","color":[102, 77, 179]}}},{"type":"Feature","id":"e27a3d6b-039b-45f4-9fdd-ed68d9b3596d","geometry":{"type":"Polygon","coordinates":[[[22104, 3712],[22136, 3752],[22128, 3784],[22184, 3776],[22240, 3816],[22312, 3808],[22352, 3832],[22352, 3800],[22400, 3744],[22392, 3688],[22424, 3688],[22416, 3656],[22344, 3616],[22296, 3552],[22224, 3512],[22256, 3504],[22240, 3448],[22216, 3432],[22208, 3384],[22168, 3352],[22168, 3416],[22200, 3416],[22168, 3440],[22168, 3472],[22200, 3448],[22200, 3552],[22152, 3552],[22112, 3576],[22120, 3696],[22104, 3712]]]},"properties":{"objectType":"annotation","classification":{"name":"Tumor","color":[102, 77, 179]}}},{"type":"Feature","id":"d8c6aa77-a33e-462e-bff4-064283924428","geometry":{"type":"Polygon","coordinates":[[[12104, 14464],[12128, 14528],[12184, 14584],[12256, 14624],[12264, 14800],[12304, 14848],[12440, 14856],[12496, 14832],[12560, 14872],[12720, 14872],[12744, 14920],[12816, 14928],[12760, 14904],[12760, 14872],[12816, 14816],[12848, 14816],[12856, 14936],[12888, 14976],[12944, 14992],[12992, 14976],[13072, 14904],[13088, 14840],[13112, 14872],[13152, 14848],[13208, 14896],[13344, 14888],[13416, 14848],[13456, 14808],[13448, 14768],[13480, 14736],[13440, 14704],[13424, 14640],[13360, 14664],[13328, 14608],[13336, 14512],[13384, 14448],[13328, 14440],[13296, 14384],[13240, 14368],[13152, 14488],[13080, 14480],[13008, 14528],[13000, 14624],[13048, 14664],[12992, 14656],[12904, 14752],[12880, 14808],[12856, 14800],[12904, 14744],[12904, 14616],[12872, 14496],[12920, 14480],[12928, 14408],[12952, 14384],[12928, 14320],[12912, 14152],[12872, 14112],[12856, 14056],[12800, 13992],[12744, 13968],[12768, 13920],[12768, 13824],[12752, 13760],[12664, 13680],[12608, 13672],[12552, 13640],[12448, 13672],[12456, 13832],[12512, 13912],[12512, 13944],[12456, 13984],[12360, 14024],[12288, 14120],[12296, 14200],[12416, 14312],[12448, 14360],[12360, 14328],[12336, 14296],[12296, 14312],[12168, 14304],[12112, 14328],[12104, 14464]]]},"properties":{"objectType":"annotation","classification":{"name":"Tumor","color":[102, 77, 179]}}},{"type":"Feature","id":"757a75a4-e753-4fca-9885-750d9cbc9b6a","geometry":{"type":"Polygon","coordinates":[[[19184, 9944],[19208, 10040],[19192, 10088],[19256, 10136],[19296, 10112],[19376, 10104],[19416, 10016],[19456, 10016],[19440, 9984],[19448, 9904],[19416, 9856],[19328, 9840],[19320, 9880],[19280, 9880],[19240, 9928],[19184, 9944]]]},"properties":{"objectType":"annotation","classification":{"name":"Tumor","color":[102, 77, 179]}}},{"type":"Feature","id":"95acb3c1-d84a-4028-ba18-b798ed48589b","geometry":{"type":"Polygon","coordinates":[[[15576, 16168],[15608, 16176],[15592, 16208],[15600, 16248],[15576, 16280],[15592, 16328],[15648, 16336],[15648, 16312],[15672, 16312],[15688, 16360],[15704, 16328],[15768, 16328],[15760, 16360],[15792, 16368],[15816, 16352],[15824, 16312],[15896, 16288],[15928, 16304],[15928, 16288],[15960, 16288],[15976, 16312],[15976, 16280],[16008, 16224],[16024, 16224],[16040, 16160],[16016, 16144],[16016, 16104],[15992, 16104],[15976, 16072],[15944, 16096],[15896, 16088],[15888, 16064],[15864, 16056],[15880, 16104],[15800, 16112],[15760, 16128],[15792, 16104],[15792, 16080],[15832, 16048],[15840, 15992],[15864, 15960],[15896, 15968],[15896, 15944],[15872, 15928],[15872, 15896],[15808, 15856],[15808, 15824],[15760, 15824],[15776, 15864],[15728, 15880],[15728, 15920],[15680, 15952],[15680, 15976],[15656, 15992],[15648, 16080],[15656, 16112],[15592, 16120],[15576, 16168]]]},"properties":{"objectType":"annotation","classification":{"name":"Tumor","color":[102, 77, 179]}}},{"type":"Feature","id":"dbd1661d-f7d8-4171-ac07-f46690104509","geometry":{"type":"Polygon","coordinates":[[[16608, 14288],[16664, 14424],[16672, 14504],[16704, 14520],[16728, 14624],[16760, 14672],[16816, 14720],[16840, 14768],[16936, 14760],[16976, 14776],[17056, 14744],[17048, 14704],[17080, 14728],[17144, 14624],[17192, 14624],[17216, 14656],[17272, 14648],[17272, 14568],[17296, 14576],[17296, 14624],[17344, 14608],[17336, 14576],[17368, 14528],[17408, 14536],[17416, 14504],[17456, 14520],[17472, 14472],[17512, 14488],[17544, 14424],[17560, 14344],[17552, 14264],[17448, 14200],[17384, 14216],[17328, 14208],[17328, 14232],[17280, 14232],[17272, 14280],[17240, 14280],[17208, 14320],[17208, 14400],[17184, 14424],[17216, 14440],[17216, 14496],[17160, 14488],[17176, 14608],[17120, 14624],[17088, 14608],[17144, 14576],[17144, 14464],[17128, 14456],[17128, 14336],[17152, 14344],[17152, 14208],[17144, 14104],[17096, 14016],[17048, 14024],[17008, 13984],[16880, 14016],[16856, 14048],[16800, 14048],[16800, 14072],[16728, 14104],[16712, 14136],[16664, 14144],[16688, 14208],[16640, 14240],[16640, 14280],[16608, 14288]]]},"properties":{"objectType":"annotation","classification":{"name":"Tumor","color":[102, 77, 179]}}},{"type":"Feature","id":"226111b4-40c3-4846-90b1-717ff0ff7380","geometry":{"type":"Polygon","coordinates":[[[18064, 7768],[18096, 7776],[18072, 7840],[18088, 7896],[18128, 7904],[18208, 7992],[18392, 7984],[18472, 7968],[18528, 7896],[18520, 7832],[18464, 7720],[18424, 7728],[18424, 7680],[18320, 7648],[18144, 7648],[18136, 7688],[18064, 7768]]]},"properties":{"objectType":"annotation","classification":{"name":"Tumor","color":[102, 77, 179]}}},{"type":"Feature","id":"c20fc494-ed2a-4ee4-a670-e28cd2e1a855","geometry":{"type":"Polygon","coordinates":[[[4296, 26864],[4304, 26920],[4352, 26952],[4408, 26952],[4456, 26968],[4480, 26992],[4480, 26936],[4456, 26928],[4464, 26872],[4480, 26864],[4480, 26808],[4440, 26736],[4392, 26728],[4368, 26704],[4368, 26736],[4320, 26760],[4296, 26864]]]},"properties":{"objectType":"annotation","classification":{"name":"Tumor","color":[102, 77, 179]}}},{"type":"Feature","id":"dd32c235-19b4-4a50-8fcf-e9b0a06c800a","geometry":{"type":"Polygon","coordinates":[[[19544, 9280],[19544, 9400],[19600, 9528],[19720, 9544],[19744, 9472],[19656, 9448],[19792, 9456],[19792, 9400],[19840, 9328],[19880, 9360],[19952, 9352],[19960, 9240],[19880, 9200],[19848, 9216],[19784, 9096],[19672, 9096],[19600, 9152],[19600, 9200],[19544, 9280]]]},"properties":{"objectType":"annotation","classification":{"name":"Tumor","color":[102, 77, 179]}}},{"type":"Feature","id":"87b59955-28c5-4158-aa32-830ce22ef407","geometry":{"type":"Polygon","coordinates":[[[18888, 8288],[18896, 8424],[19016, 8488],[19144, 8424],[19168, 8384],[19176, 8232],[19120, 8224],[19136, 8184],[19008, 8168],[18888, 8288]]]},"properties":{"objectType":"annotation","classification":{"name":"Tumor","color":[102, 77, 179]}}},{"type":"Feature","id":"92a472d6-b737-47cb-91ba-d7e3f070dd77","geometry":{"type":"Polygon","coordinates":[[[6144, 21912],[6264, 21976],[6440, 21840],[6384, 21776],[6184, 21816],[6144, 21912]]]},"properties":{"objectType":"annotation","classification":{"name":"Tumor","color":[102, 77, 179]}}},{"type":"Feature","id":"d5945a90-bbdb-4337-bdfa-ea2eafeaa9b6","geometry":{"type":"Polygon","coordinates":[[[16608, 12424],[16640, 12448],[16640, 12576],[16672, 12576],[16672, 12616],[16640, 12608],[16672, 12640],[16696, 12688],[16736, 12680],[16744, 12704],[16880, 12704],[16896, 12688],[16880, 12608],[16936, 12592],[16912, 12520],[16912, 12480],[16872, 12480],[16880, 12424],[16848, 12408],[16832, 12376],[16768, 12376],[16800, 12360],[16792, 12336],[16704, 12328],[16648, 12368],[16648, 12400],[16608, 12424]]]},"properties":{"objectType":"annotation","classification":{"name":"Tumor","color":[102, 77, 179]}}},{"type":"Feature","id":"de516e1e-c813-4068-99e7-01ba6a3cea3c","geometry":{"type":"Polygon","coordinates":[[[18952, 10864],[18984, 10912],[19064, 10944],[19104, 10920],[19128, 10952],[19112, 11104],[19088, 11128],[19104, 11192],[19080, 11224],[19168, 11384],[19232, 11400],[19304, 11456],[19416, 11568],[19472, 11608],[19544, 11608],[19552, 11584],[19632, 11552],[19656, 11488],[19656, 11432],[19592, 11416],[19568, 11376],[19592, 11352],[19592, 11400],[19616, 11408],[19664, 11376],[19680, 11416],[19736, 11448],[19824, 11368],[19856, 11312],[19824, 11192],[19800, 11184],[19744, 11096],[19712, 11080],[19632, 11080],[19632, 11096],[19552, 11136],[19568, 11176],[19560, 11232],[19488, 11216],[19496, 11160],[19480, 11088],[19552, 11064],[19592, 11096],[19616, 11064],[19608, 11024],[19640, 11048],[19656, 11016],[19672, 10888],[19648, 10720],[19608, 10664],[19600, 10616],[19552, 10552],[19512, 10536],[19400, 10552],[19384, 10600],[19344, 10648],[19320, 10640],[19304, 10528],[19224, 10488],[19208, 10448],[19136, 10456],[19128, 10488],[19056, 10536],[19088, 10664],[19152, 10744],[19256, 10752],[19248, 10856],[19168, 10856],[19184, 10904],[19160, 10944],[19136, 10936],[19160, 10880],[19112, 10776],[19048, 10752],[18992, 10752],[18960, 10800],[18952, 10864]]]},"properties":{"objectType":"annotation","classification":{"name":"Tumor","color":[102, 77, 179]}}},{"type":"Feature","id":"aa5a3e69-5841-481c-8b05-967414d7818d","geometry":{"type":"Polygon","coordinates":[[[16056, 10592],[16056, 10664],[16088, 10712],[16088, 10744],[16112, 10760],[16112, 10792],[16184, 10832],[16248, 10832],[16296, 10800],[16344, 10720],[16344, 10632],[16360, 10600],[16336, 10624],[16336, 10568],[16304, 10536],[16304, 10512],[16272, 10504],[16264, 10480],[16192, 10480],[16192, 10456],[16160, 10448],[16120, 10464],[16080, 10512],[16056, 10592]]]},"properties":{"objectType":"annotation","classification":{"name":"Tumor","color":[102, 77, 179]}}},{"type":"Feature","id":"9536ca3e-b71a-4707-8952-92c6b151c966","geometry":{"type":"Polygon","coordinates":[[[6136, 28312],[6160, 28320],[6176, 28352],[6176, 28320],[6224, 28320],[6232, 28336],[6272, 28336],[6344, 28256],[6328, 28232],[6368, 28232],[6392, 28200],[6392, 28160],[6424, 28128],[6416, 28120],[6440, 28056],[6408, 28032],[6344, 28032],[6304, 28064],[6256, 28072],[6256, 28104],[6208, 28112],[6224, 28120],[6224, 28160],[6200, 28184],[6200, 28216],[6184, 28224],[6176, 28280],[6144, 28288],[6136, 28312]]]},"properties":{"objectType":"annotation","classification":{"name":"Tumor","color":[102, 77, 179]}}},{"type":"Feature","id":"8d04bc1a-cacc-4995-b9ed-2669195bd37e","geometry":{"type":"Polygon","coordinates":[[[2456, 24136],[2456, 24216],[2552, 24312],[2712, 24312],[2728, 24296],[2736, 24016],[2672, 24016],[2512, 24064],[2536, 24152],[2496, 24104],[2456, 24136]]]},"properties":{"objectType":"annotation","classification":{"name":"Tumor","color":[102, 77, 179]}}},{"type":"Feature","id":"11742dcc-d18e-4d5c-9d36-2be1fa284c70","geometry":{"type":"Polygon","coordinates":[[[19632, 10608],[19672, 10760],[19800, 10856],[19896, 10800],[19920, 10648],[19872, 10504],[19720, 10472],[19632, 10608]]]},"properties":{"objectType":"annotation","classification":{"name":"Tumor","color":[102, 77, 179]}}},{"type":"Feature","id":"a2cad882-62b4-40f0-a32b-d1dd8c578694","geometry":{"type":"Polygon","coordinates":[[[18048, 11296],[18048, 11336],[18088, 11328],[18072, 11368],[18128, 11408],[18144, 11456],[18288, 11448],[18312, 11400],[18376, 11416],[18496, 11408],[18496, 11280],[18440, 11200],[18376, 11144],[18280, 11128],[18288, 11168],[18152, 11160],[18104, 11200],[18048, 11296]]]},"properties":{"objectType":"annotation","classification":{"name":"Tumor","color":[102, 77, 179]}}},{"type":"Feature","id":"614a6ce3-bf1e-4b74-b9b2-f4667f8dc069","geometry":{"type":"Polygon","coordinates":[[[15560, 7816],[15584, 7952],[15672, 7992],[15736, 7944],[15736, 7856],[15672, 7792],[15560, 7816]]]},"properties":{"objectType":"annotation","classification":{"name":"Tumor","color":[102, 77, 179]}}},{"type":"Feature","id":"f40c2c17-46fc-4866-b6e7-f4c4148e7b3a","geometry":{"type":"Polygon","coordinates":[[[16048, 13896],[16072, 13952],[16072, 14024],[16104, 14008],[16152, 14072],[16160, 14032],[16352, 14064],[16400, 14064],[16432, 14104],[16576, 14112],[16568, 14024],[16544, 13976],[16472, 13992],[16536, 13952],[16544, 13864],[16440, 13816],[16432, 13768],[16416, 13832],[16376, 13832],[16272, 13904],[16288, 13864],[16208, 13832],[16120, 13832],[16048, 13896]]]},"properties":{"objectType":"annotation","classification":{"name":"Tumor","color":[102, 77, 179]}}},{"type":"Feature","id":"7167ee96-c383-4465-b464-d50977612420","geometry":{"type":"Polygon","coordinates":[[[22456, 3776],[22496, 3952],[22728, 3928],[22728, 3800],[22672, 3736],[22496, 3728],[22456, 3776]]]},"properties":{"objectType":"annotation","classification":{"name":"Tumor","color":[102, 77, 179]}}},{"type":"Feature","id":"b20a7738-24a9-40c1-bee3-1f2f4904d445","geometry":{"type":"Polygon","coordinates":[[[9264, 24168],[9264, 24320],[9456, 24352],[9552, 24288],[9584, 24176],[9440, 24080],[9264, 24168]]]},"properties":{"objectType":"annotation","classification":{"name":"Tumor","color":[102, 77, 179]}}},{"type":"Feature","id":"55e5dc3c-03e0-4ebe-b8c5-cb8926681229","geometry":{"type":"Polygon","coordinates":[[[15152, 11992],[15152, 12080],[15208, 12136],[15352, 12096],[15368, 11952],[15256, 11864],[15152, 11992]]]},"properties":{"objectType":"annotation","classification":{"name":"Tumor","color":[102, 77, 179]}}},{"type":"Feature","id":"fc39045e-b3c1-49e7-a0b8-52fec2f641cd","geometry":{"type":"Polygon","coordinates":[[[3336, 25648],[3360, 25664],[3360, 25704],[3408, 25760],[3448, 25768],[3464, 25792],[3584, 25792],[3720, 25704],[3760, 25664],[3768, 25632],[3808, 25632],[3824, 25600],[3864, 25592],[3928, 25552],[3928, 25512],[3896, 25520],[3896, 25472],[3872, 25472],[3872, 25440],[3832, 25416],[3784, 25408],[3744, 25432],[3720, 25400],[3752, 25384],[3704, 25384],[3680, 25408],[3624, 25408],[3624, 25384],[3576, 25392],[3568, 25424],[3528, 25448],[3496, 25424],[3416, 25448],[3408, 25480],[3360, 25512],[3344, 25544],[3336, 25648]]]},"properties":{"objectType":"annotation","classification":{"name":"Tumor","color":[102, 77, 179]}}},{"type":"Feature","id":"2589efc6-0b10-44f3-a278-b16b3ecf8dbc","geometry":{"type":"Polygon","coordinates":[[[14608, 11448],[14648, 11576],[14744, 11488],[14800, 11320],[14760, 11280],[14680, 11312],[14608, 11448]]]},"properties":{"objectType":"annotation","classification":{"name":"Tumor","color":[102, 77, 179]}}},{"type":"Feature","id":"0d36e4d6-0232-484f-b71e-8d3d79ea3fca","geometry":{"type":"Polygon","coordinates":[[[3968, 26960],[3984, 26968],[3976, 27008],[4024, 27040],[4032, 27008],[4032, 27040],[4096, 27048],[4152, 27008],[4184, 26904],[4208, 26888],[4200, 26840],[4224, 26832],[4240, 26792],[4240, 26712],[4232, 26696],[4280, 26672],[4280, 26600],[4240, 26544],[4176, 26552],[4176, 26592],[4160, 26624],[4104, 26680],[4072, 26680],[4056, 26720],[4016, 26760],[4008, 26800],[4064, 26808],[4096, 26824],[4088, 26840],[4048, 26856],[4016, 26832],[3976, 26888],[3968, 26960]]]},"properties":{"objectType":"annotation","classification":{"name":"Tumor","color":[102, 77, 179]}}},{"type":"Feature","id":"936ba206-ee6b-41b4-b75c-a1583d8b6b3d","geometry":{"type":"Polygon","coordinates":[[[14400, 15640],[14400, 15752],[14416, 15792],[14472, 15840],[14568, 15832],[14640, 15776],[14656, 15640],[14632, 15584],[14632, 15624],[14592, 15624],[14576, 15560],[14544, 15560],[14552, 15520],[14488, 15512],[14416, 15544],[14400, 15640]]]},"properties":{"objectType":"annotation","classification":{"name":"Tumor","color":[102, 77, 179]}}},{"type":"Feature","id":"dc527d4a-9e41-4d27-af86-72e645dbf98d","geometry":{"type":"Polygon","coordinates":[[[11704, 14848],[11864, 14952],[12008, 14952],[12064, 14760],[11960, 14600],[11856, 14560],[11776, 14600],[11792, 14728],[11704, 14848]]]},"properties":{"objectType":"annotation","classification":{"name":"Tumor","color":[102, 77, 179]}}},{"type":"Feature","id":"abfefb48-4fe1-49ae-b152-19451bc7caf0","geometry":{"type":"Polygon","coordinates":[[[8432, 20920],[8536, 21064],[8704, 21096],[8920, 20880],[8944, 20776],[8696, 20656],[8520, 20728],[8432, 20920]]]},"properties":{"objectType":"annotation","classification":{"name":"Tumor","color":[102, 77, 179]}}},{"type":"Feature","id":"97186fea-fcde-41a4-97bb-2474d81a12c2","geometry":{"type":"Polygon","coordinates":[[[13720, 7296],[13720, 7336],[13760, 7400],[13720, 7400],[13728, 7496],[13768, 7544],[13776, 7584],[13856, 7600],[13872, 7560],[13912, 7560],[13944, 7504],[13944, 7448],[13984, 7472],[13952, 7408],[13920, 7408],[13912, 7384],[13856, 7328],[13784, 7376],[13752, 7368],[13784, 7352],[13792, 7304],[13752, 7312],[13720, 7296]]]},"properties":{"objectType":"annotation","classification":{"name":"Tumor","color":[102, 77, 179]}}},{"type":"Feature","id":"0439b8af-97ab-4119-b679-3e98fc53e1b9","geometry":{"type":"Polygon","coordinates":[[[16088, 16080],[16160, 16200],[16304, 16152],[16288, 15976],[16168, 15984],[16088, 16080]]]},"properties":{"objectType":"annotation","classification":{"name":"Tumor","color":[102, 77, 179]}}},{"type":"Feature","id":"045833fa-fe91-4b75-9a09-bbe8d3600c1f","geometry":{"type":"Polygon","coordinates":[[[13800, 6928],[13816, 7000],[13864, 7016],[13872, 7072],[13936, 7096],[13944, 7176],[13896, 7200],[13896, 7264],[13936, 7304],[13896, 7328],[13968, 7376],[13976, 7424],[14072, 7512],[14096, 7584],[14072, 7616],[14128, 7592],[14136, 7560],[14096, 7544],[14104, 7512],[14152, 7520],[14208, 7496],[14216, 7440],[14208, 7328],[14248, 7312],[14248, 7272],[14176, 7288],[14144, 7232],[14168, 7176],[14200, 7168],[14256, 7216],[14312, 7208],[14352, 7224],[14352, 7168],[14384, 7136],[14384, 7056],[14304, 7000],[14264, 7000],[14200, 7040],[14176, 7000],[14136, 7000],[14136, 6960],[14200, 6952],[14248, 6912],[14328, 6912],[14416, 6824],[14424, 6728],[14456, 6720],[14448, 6648],[14400, 6616],[14272, 6632],[14240, 6664],[14184, 6648],[14184, 6680],[14056, 6744],[14088, 6776],[14048, 6816],[14056, 6776],[14008, 6792],[13984, 6848],[13880, 6824],[13832, 6864],[13800, 6928]]]},"properties":{"objectType":"annotation","classification":{"name":"Tumor","color":[102, 77, 179]}}},{"type":"Feature","id":"fd75556d-430b-4c32-bb92-46d04a8324ef","geometry":{"type":"Polygon","coordinates":[[[7328, 24856],[7344, 24976],[7544, 24912],[7512, 24760],[7328, 24856]]]},"properties":{"objectType":"annotation","classification":{"name":"Tumor","color":[102, 77, 179]}}},{"type":"Feature","id":"e2d9c630-5972-4ce6-a6ad-4755f0e369a5","geometry":{"type":"Polygon","coordinates":[[[12816, 11880],[12848, 12040],[13008, 12080],[13120, 12048],[13216, 11928],[13240, 11760],[13280, 11736],[13240, 11608],[13176, 11560],[12920, 11544],[12856, 11664],[12880, 11712],[12976, 11728],[12856, 11808],[12816, 11880]]]},"properties":{"objectType":"annotation","classification":{"name":"Tumor","color":[102, 77, 179]}}},{"type":"Feature","id":"cbaed38e-bb89-4db5-851c-c499e9870ea2","geometry":{"type":"Polygon","coordinates":[[[11120, 12776],[11232, 12912],[11344, 12904],[11376, 13040],[11536, 13040],[11600, 12952],[11528, 12808],[11432, 12752],[11328, 12600],[11152, 12608],[11120, 12776]]]},"properties":{"objectType":"annotation","classification":{"name":"Tumor","color":[102, 77, 179]}}},{"type":"Feature","id":"33deff2e-2937-4ca3-bf17-ef6d7a3e8d3d","geometry":{"type":"Polygon","coordinates":[[[7568, 25064],[7576, 25176],[7664, 25272],[7760, 25240],[7744, 25184],[7792, 25216],[7816, 25160],[7808, 25048],[7832, 25000],[7984, 24968],[8008, 24872],[7952, 24808],[7864, 24776],[7800, 24728],[7640, 24728],[7664, 24752],[7592, 24864],[7608, 24952],[7568, 25064]]]},"properties":{"objectType":"annotation","classification":{"name":"Tumor","color":[102, 77, 179]}}},{"type":"Feature","id":"76e0e20c-30ec-4ab8-aafe-0a3fcfb58c6b","geometry":{"type":"Polygon","coordinates":[[[14912, 12416],[15056, 12472],[15128, 12416],[15104, 12264],[14920, 12256],[14912, 12416]]]},"properties":{"objectType":"annotation","classification":{"name":"Tumor","color":[102, 77, 179]}}},{"type":"Feature","id":"80757ef5-7087-40d8-8d82-3b337ad73111","geometry":{"type":"Polygon","coordinates":[[[12464, 10776],[12464, 10880],[12528, 10960],[12664, 10992],[12744, 10960],[12688, 10824],[12464, 10776]]]},"properties":{"objectType":"annotation","classification":{"name":"Tumor","color":[102, 77, 179]}}},{"type":"Feature","id":"9650af1c-719a-40f4-8162-68841506c25d","geometry":{"type":"Polygon","coordinates":[[[4504, 24880],[4536, 24952],[4528, 25048],[4584, 25048],[4664, 25088],[4752, 25088],[4856, 25040],[4920, 24968],[4928, 24856],[4952, 24784],[4904, 24848],[4784, 24816],[4712, 24776],[4568, 24816],[4504, 24880]]]},"properties":{"objectType":"annotation","classification":{"name":"Tumor","color":[102, 77, 179]}}},{"type":"Feature","id":"d9b5366a-8eb0-43a7-adc0-6f78bfaa864f","geometry":{"type":"Polygon","coordinates":[[[11880, 13824],[11888, 13880],[11912, 13888],[11936, 13968],[11976, 14000],[11976, 14032],[12024, 14008],[12024, 14048],[12064, 14080],[12096, 14080],[12104, 14048],[12136, 14048],[12120, 14088],[12160, 14088],[12192, 14056],[12216, 14072],[12264, 14048],[12248, 14008],[12272, 14000],[12272, 13968],[12336, 13992],[12368, 13968],[12392, 13976],[12416, 13928],[12456, 13912],[12456, 13872],[12424, 13824],[12376, 13792],[12400, 13744],[12360, 13744],[12360, 13808],[12264, 13816],[12216, 13808],[12216, 13784],[12272, 13784],[12272, 13760],[12232, 13768],[12248, 13744],[12248, 13600],[12224, 13592],[12168, 13528],[12136, 13520],[12136, 13552],[12072, 13560],[12008, 13592],[12008, 13616],[11976, 13640],[11944, 13688],[11976, 13720],[11960, 13736],[11936, 13688],[11888, 13744],[11888, 13800],[11920, 13800],[11880, 13824]]]},"properties":{"objectType":"annotation","classification":{"name":"Tumor","color":[102, 77, 179]}}},{"type":"Feature","id":"a360058b-4fe2-4279-bfb0-1c41e8dbc631","geometry":{"type":"Polygon","coordinates":[[[11192, 13656],[11256, 13680],[11232, 13760],[11264, 13736],[11264, 13816],[11312, 13832],[11304, 13896],[11352, 13896],[11344, 13920],[11312, 13904],[11328, 13936],[11320, 14008],[11384, 14104],[11392, 14144],[11352, 14104],[11352, 14136],[11376, 14168],[11424, 14152],[11448, 14176],[11488, 14176],[11528, 14200],[11544, 14160],[11592, 14152],[11608, 14168],[11624, 14128],[11632, 14040],[11648, 14008],[11648, 13952],[11600, 13872],[11568, 13872],[11536, 13832],[11472, 13840],[11472, 13896],[11448, 13896],[11456, 13856],[11408, 13848],[11440, 13816],[11424, 13800],[11424, 13744],[11400, 13720],[11376, 13736],[11272, 13728],[11288, 13688],[11328, 13680],[11312, 13656],[11192, 13656]]]},"properties":{"objectType":"annotation","classification":{"name":"Tumor","color":[102, 77, 179]}}},{"type":"Feature","id":"735b4068-5856-4be4-a8f0-70880d46896f","geometry":{"type":"Polygon","coordinates":[[[22016, 4024],[22032, 4128],[22064, 4224],[22096, 4224],[22104, 4264],[22200, 4288],[22208, 4360],[22248, 4384],[22240, 4424],[22272, 4408],[22280, 4280],[22336, 4264],[22416, 4184],[22416, 4128],[22440, 4072],[22432, 3976],[22448, 3944],[22408, 3944],[22400, 3896],[22312, 3848],[22224, 3848],[22160, 3824],[22168, 3864],[22064, 3912],[22016, 4024]]]},"properties":{"objectType":"annotation","classification":{"name":"Tumor","color":[102, 77, 179]}}},{"type":"Feature","id":"fd651a7f-0698-4809-b6de-54395e354132","geometry":{"type":"Polygon","coordinates":[[[9944, 24288],[9960, 24368],[10000, 24384],[10008, 24424],[10072, 24416],[10128, 24368],[10168, 24368],[10144, 24336],[10136, 24256],[10072, 24216],[10032, 24216],[9944, 24288]]]},"properties":{"objectType":"annotation","classification":{"name":"Tumor","color":[102, 77, 179]}}},{"type":"Feature","id":"d1092a02-75ca-4724-8ee9-7fbb27a5fb29","geometry":{"type":"Polygon","coordinates":[[[4616, 24656],[4640, 24728],[4696, 24736],[4688, 24688],[4784, 24720],[4832, 24696],[4856, 24744],[4984, 24672],[5072, 24592],[5072, 24456],[4984, 24424],[4968, 24376],[4856, 24392],[4688, 24520],[4616, 24656]]]},"properties":{"objectType":"annotation","classification":{"name":"Tumor","color":[102, 77, 179]}}},{"type":"Feature","id":"224b6e88-0634-4852-9881-ba242be0f104","geometry":{"type":"Polygon","coordinates":[[[22800, 3576],[22808, 3672],[22856, 3752],[22856, 3800],[22912, 3864],[22976, 3896],[23056, 3896],[23072, 3936],[23136, 3936],[23272, 3848],[23272, 3800],[23336, 3832],[23344, 3784],[23384, 3800],[23408, 3640],[23368, 3536],[23280, 3440],[23232, 3448],[23208, 3400],[23104, 3416],[23096, 3376],[23152, 3376],[23160, 3304],[23120, 3224],[23024, 3160],[22912, 3160],[22816, 3264],[22856, 3392],[22824, 3600],[22800, 3576]]]},"properties":{"objectType":"annotation","classification":{"name":"Tumor","color":[102, 77, 179]}}},{"type":"Feature","id":"1c84f6b4-d915-4a56-8c64-d8e0b4f167ab","geometry":{"type":"Polygon","coordinates":[[[12104, 11520],[12136, 11520],[12144, 11584],[12176, 11616],[12176, 11664],[12200, 11632],[12256, 11632],[12280, 11608],[12312, 11608],[12304, 11560],[12320, 11560],[12320, 11608],[12368, 11616],[12384, 11576],[12392, 11464],[12352, 11448],[12296, 11400],[12208, 11408],[12152, 11456],[12136, 11496],[12104, 11520]]]},"properties":{"objectType":"annotation","classification":{"name":"Tumor","color":[102, 77, 179]}}},{"type":"Feature","id":"2162ac58-d12c-4682-8e04-857d9a41b284","geometry":{"type":"Polygon","coordinates":[[[13968, 15920],[14072, 16088],[14128, 16040],[14120, 16096],[14256, 16120],[14320, 16072],[14352, 15968],[14328, 15864],[14272, 15768],[14040, 15792],[13968, 15920]]]},"properties":{"objectType":"annotation","classification":{"name":"Tumor","color":[102, 77, 179]}}},{"type":"Feature","id":"ce782ce0-0355-4a8b-903c-69c353fd9675","geometry":{"type":"Polygon","coordinates":[[[19024, 8616],[19056, 8608],[19080, 8624],[19080, 8656],[19120, 8680],[19120, 8720],[19152, 8704],[19192, 8704],[19232, 8688],[19304, 8616],[19304, 8568],[19336, 8552],[19352, 8600],[19320, 8576],[19320, 8608],[19376, 8640],[19464, 8632],[19488, 8664],[19544, 8664],[19576, 8696],[19632, 8696],[19744, 8720],[19752, 8736],[19792, 8736],[19800, 8720],[19880, 8736],[19912, 8712],[19928, 8640],[19904, 8632],[19880, 8592],[19848, 8592],[19832, 8568],[19768, 8552],[19768, 8520],[19640, 8520],[19608, 8496],[19544, 8488],[19512, 8440],[19440, 8432],[19400, 8392],[19320, 8400],[19320, 8432],[19296, 8464],[19200, 8464],[19176, 8472],[19208, 8424],[19160, 8432],[19160, 8488],[19096, 8520],[19080, 8496],[19072, 8536],[19032, 8544],[19032, 8576],[19072, 8584],[19032, 8592],[19024, 8616]]]},"properties":{"objectType":"annotation","classification":{"name":"Tumor","color":[102, 77, 179]}}},{"type":"Feature","id":"75a96c0e-5b33-463c-a587-6b8672b05c3c","geometry":{"type":"Polygon","coordinates":[[[19672, 10120],[19712, 10176],[19808, 10192],[19904, 10024],[19888, 9952],[19776, 9928],[19696, 10000],[19672, 10120]]]},"properties":{"objectType":"annotation","classification":{"name":"Tumor","color":[102, 77, 179]}}},{"type":"Feature","id":"cbf63570-dfcf-48f3-9be4-b26cc42e2a9d","geometry":{"type":"Polygon","coordinates":[[[14776, 15640],[14816, 15632],[14816, 15656],[14840, 15656],[14856, 15680],[14856, 15704],[14872, 15712],[14872, 15736],[14888, 15744],[14888, 15712],[14936, 15712],[14976, 15704],[15040, 15648],[15048, 15616],[15072, 15584],[15072, 15528],[15104, 15536],[15096, 15520],[15096, 15456],[15128, 15440],[15128, 15416],[15064, 15424],[15048, 15440],[14992, 15440],[14968, 15464],[14968, 15424],[14912, 15416],[14904, 15432],[14864, 15432],[14848, 15456],[14800, 15496],[14800, 15576],[14808, 15576],[14808, 15624],[14776, 15640]]]},"properties":{"objectType":"annotation","classification":{"name":"Tumor","color":[102, 77, 179]}}},{"type":"Feature","id":"8fc861d9-61ac-4a53-af9f-166df1fe5f82","geometry":{"type":"Polygon","coordinates":[[[15544, 11360],[15584, 11496],[15696, 11504],[15784, 11440],[15792, 11336],[15688, 11248],[15608, 11264],[15544, 11360]]]},"properties":{"objectType":"annotation","classification":{"name":"Tumor","color":[102, 77, 179]}}},{"type":"Feature","id":"54f8c4b1-1b84-436b-8241-a2f2c27fdedd","geometry":{"type":"Polygon","coordinates":[[[12800, 11320],[12808, 11392],[12904, 11464],[13016, 11456],[13152, 11200],[13144, 11080],[13096, 11056],[12864, 11184],[12800, 11320]]]},"properties":{"objectType":"annotation","classification":{"name":"Tumor","color":[102, 77, 179]}}},{"type":"Feature","id":"d18768ee-4374-4d77-a556-a23fffce938d","geometry":{"type":"Polygon","coordinates":[[[15552, 7328],[15560, 7464],[15688, 7512],[15800, 7448],[15808, 7376],[15664, 7272],[15552, 7328]]]},"properties":{"objectType":"annotation","classification":{"name":"Tumor","color":[102, 77, 179]}}},{"type":"Feature","id":"44d7c248-6058-46ab-aab1-e1894f8977df","geometry":{"type":"Polygon","coordinates":[[[13184, 11376],[13208, 11456],[13272, 11488],[13248, 11568],[13392, 11664],[13424, 11760],[13560, 11744],[13624, 11672],[13632, 11568],[13536, 11464],[13304, 11464],[13328, 11344],[13184, 11376]]]},"properties":{"objectType":"annotation","classification":{"name":"Tumor","color":[102, 77, 179]}}},{"type":"Feature","id":"b951cb13-e80c-4f1b-9f04-ebcf2e65d218","geometry":{"type":"Polygon","coordinates":[[[2888, 28344],[2896, 28416],[2984, 28504],[3056, 28496],[3120, 28536],[3208, 28480],[3280, 28336],[3312, 28336],[3312, 28168],[3280, 28112],[3216, 28072],[3144, 28088],[3000, 28088],[2928, 28152],[2952, 28200],[2904, 28192],[2888, 28344]]]},"properties":{"objectType":"annotation","classification":{"name":"Tumor","color":[102, 77, 179]}}},{"type":"Feature","id":"e5ecfd9d-2992-49da-9c43-8df78eb9eab4","geometry":{"type":"Polygon","coordinates":[[[18664, 13504],[18720, 13616],[18736, 13896],[18848, 13944],[18944, 13840],[18984, 13648],[19168, 13568],[19192, 13448],[19120, 13392],[18944, 13408],[18840, 13536],[18856, 13456],[18664, 13504]]]},"properties":{"objectType":"annotation","classification":{"name":"Tumor","color":[102, 77, 179]}}},{"type":"Feature","id":"aeeb213a-0025-4479-88ff-939d93386d68","geometry":{"type":"Polygon","coordinates":[[[18304, 14032],[18352, 14032],[18424, 14088],[18464, 14160],[18520, 14160],[18568, 14192],[18736, 14192],[18816, 14136],[18824, 14056],[18720, 13976],[18688, 13976],[18672, 13928],[18648, 13952],[18608, 13912],[18496, 13904],[18472, 13936],[18408, 13920],[18424, 13960],[18384, 13992],[18360, 13888],[18312, 13936],[18304, 14032]]]},"properties":{"objectType":"annotation","classification":{"name":"Tumor","color":[102, 77, 179]}}},{"type":"Feature","id":"8c19a46d-016e-4937-b343-ad4430d369e1","geometry":{"type":"Polygon","coordinates":[[[11632, 14256],[11720, 14344],[11864, 14320],[11936, 14176],[11936, 14032],[11864, 13904],[11736, 13936],[11664, 14016],[11632, 14256]]]},"properties":{"objectType":"annotation","classification":{"name":"Tumor","color":[102, 77, 179]}}},{"type":"Feature","id":"53a816ab-1ba5-45f9-bb1b-0018ff4ddac1","geometry":{"type":"Polygon","coordinates":[[[17304, 7352],[17336, 7368],[17360, 7416],[17408, 7424],[17408, 7496],[17384, 7464],[17360, 7464],[17352, 7488],[17376, 7504],[17376, 7536],[17432, 7544],[17488, 7520],[17504, 7496],[17528, 7496],[17528, 7472],[17544, 7456],[17544, 7424],[17520, 7408],[17512, 7384],[17480, 7400],[17504, 7376],[17528, 7376],[17528, 7352],[17472, 7328],[17424, 7344],[17392, 7368],[17368, 7368],[17368, 7344],[17392, 7344],[17392, 7312],[17368, 7312],[17360, 7336],[17312, 7328],[17304, 7352]]]},"properties":{"objectType":"annotation","classification":{"name":"Tumor","color":[102, 77, 179]}}},{"type":"Feature","id":"14c11e5b-07f7-4d6a-9321-db173a7d25e2","geometry":{"type":"Polygon","coordinates":[[[15424, 13432],[15552, 13488],[15632, 13368],[15552, 13264],[15472, 13256],[15424, 13432]]]},"properties":{"objectType":"annotation","classification":{"name":"Tumor","color":[102, 77, 179]}}},{"type":"Feature","id":"0afdbb6a-9712-4857-bb06-a2d8ba01e8ac","geometry":{"type":"Polygon","coordinates":[[[13960, 15336],[14016, 15352],[14016, 15416],[13992, 15384],[13992, 15544],[14016, 15560],[14088, 15560],[14184, 15496],[14160, 15472],[14232, 15472],[14232, 15496],[14280, 15496],[14280, 15464],[14312, 15488],[14384, 15448],[14408, 15408],[14392, 15360],[14424, 15336],[14424, 15304],[14464, 15304],[14480, 15272],[14480, 15368],[14520, 15440],[14520, 15464],[14552, 15480],[14560, 15512],[14592, 15488],[14600, 15504],[14680, 15480],[14704, 15464],[14712, 15432],[14712, 15352],[14704, 15312],[14656, 15272],[14656, 15240],[14576, 15184],[14576, 15144],[14560, 15176],[14488, 15248],[14488, 15208],[14520, 15192],[14520, 15152],[14496, 15176],[14440, 15160],[14360, 15160],[14328, 15184],[14208, 15176],[14128, 15200],[14120, 15184],[14088, 15208],[14048, 15208],[14032, 15272],[13976, 15272],[13960, 15336]]]},"properties":{"objectType":"annotation","classification":{"name":"Tumor","color":[102, 77, 179]}}},{"type":"Feature","id":"c0602796-2381-473f-9b08-0df46051b0d1","geometry":{"type":"Polygon","coordinates":[[[7616, 24552],[7632, 24608],[7696, 24632],[7784, 24616],[7856, 24624],[7904, 24568],[7888, 24520],[7840, 24520],[7888, 24488],[7952, 24512],[7920, 24464],[7808, 24488],[7768, 24400],[7680, 24400],[7688, 24440],[7648, 24416],[7624, 24448],[7616, 24552]]]},"properties":{"objectType":"annotation","classification":{"name":"Tumor","color":[102, 77, 179]}}},{"type":"Feature","id":"1dba0493-a7da-4b9e-bc32-e41a72ec2340","geometry":{"type":"Polygon","coordinates":[[[5688, 28528],[5696, 28664],[5760, 28744],[5800, 28768],[5864, 28776],[5944, 28728],[5984, 28720],[6008, 28768],[6088, 28760],[6136, 28688],[6128, 28632],[6088, 28608],[6008, 28656],[5976, 28704],[6008, 28648],[6008, 28536],[5968, 28488],[5896, 28448],[5760, 28480],[5688, 28528]]]},"properties":{"objectType":"annotation","classification":{"name":"Tumor","color":[102, 77, 179]}}},{"type":"Feature","id":"7e5d11c6-c44d-431a-86e7-f29aeee8ed54","geometry":{"type":"Polygon","coordinates":[[[15704, 9384],[15712, 9408],[15712, 9456],[15736, 9472],[15736, 9488],[15768, 9496],[15792, 9528],[15848, 9520],[15864, 9504],[15896, 9504],[15904, 9488],[15920, 9488],[15920, 9464],[15888, 9464],[15920, 9456],[15944, 9424],[15936, 9408],[15936, 9376],[15976, 9352],[15976, 9336],[15928, 9352],[15920, 9336],[15904, 9336],[15896, 9312],[15872, 9312],[15856, 9288],[15816, 9288],[15816, 9304],[15784, 9304],[15784, 9288],[15736, 9320],[15728, 9368],[15704, 9384]]]},"properties":{"objectType":"annotation","classification":{"name":"Tumor","color":[102, 77, 179]}}},{"type":"Feature","id":"94fcf408-8a74-4672-8f9d-fd28f7d38786","geometry":{"type":"Polygon","coordinates":[[[6288, 27248],[6408, 27352],[6496, 27352],[6600, 27216],[6504, 27128],[6352, 27136],[6288, 27248]]]},"properties":{"objectType":"annotation","classification":{"name":"Tumor","color":[102, 77, 179]}}},{"type":"Feature","id":"22df0d9b-20d6-410b-9c9a-bb76013bd3a6","geometry":{"type":"Polygon","coordinates":[[[14280, 12560],[14328, 12560],[14336, 12696],[14296, 12696],[14320, 12720],[14344, 12792],[14328, 12824],[14400, 12792],[14448, 12800],[14528, 12760],[14568, 12720],[14576, 12672],[14616, 12632],[14608, 12608],[14616, 12496],[14744, 12448],[14768, 12384],[14768, 12296],[14720, 12256],[14616, 12264],[14600, 12288],[14528, 12336],[14480, 12400],[14432, 12392],[14384, 12416],[14336, 12464],[14320, 12536],[14288, 12528],[14280, 12560]]]},"properties":{"objectType":"annotation","classification":{"name":"Tumor","color":[102, 77, 179]}}},{"type":"Feature","id":"a67fa032-9433-4642-9334-7a03891b1425","geometry":{"type":"Polygon","coordinates":[[[5768, 25328],[5792, 25496],[5920, 25416],[5928, 25304],[5768, 25328]]]},"properties":{"objectType":"annotation","classification":{"name":"Tumor","color":[102, 77, 179]}}},{"type":"Feature","id":"c223ea06-f330-4762-8e8e-0655300755c4","geometry":{"type":"Polygon","coordinates":[[[9504, 25048],[9520, 25128],[9536, 25128],[9592, 25192],[9672, 25176],[9680, 25136],[9672, 25072],[9688, 25048],[9656, 25048],[9632, 25024],[9584, 25032],[9536, 25024],[9520, 24976],[9528, 25032],[9504, 25048]]]},"properties":{"objectType":"annotation","classification":{"name":"Tumor","color":[102, 77, 179]}}},{"type":"Feature","id":"cd057a89-55eb-4a24-a403-e933c27fc52b","geometry":{"type":"Polygon","coordinates":[[[13496, 13896],[13496, 13936],[13528, 13952],[13536, 14032],[13560, 14032],[13560, 13952],[13608, 13976],[13632, 14016],[13680, 14016],[13720, 13960],[13728, 13912],[13752, 13912],[13768, 13944],[13840, 13952],[13864, 13976],[13904, 13976],[13936, 13992],[13936, 13968],[13968, 13968],[13992, 14000],[13984, 13960],[14016, 13960],[14056, 13984],[14064, 13960],[14104, 13944],[14112, 13888],[14168, 13856],[14192, 13824],[14192, 13784],[14240, 13792],[14240, 13760],[14216, 13760],[14224, 13672],[14264, 13624],[14256, 13552],[14280, 13544],[14280, 13520],[14232, 13520],[14232, 13464],[14272, 13480],[14248, 13456],[14272, 13424],[14264, 13384],[14296, 13368],[14280, 13344],[14296, 13264],[14320, 13240],[14304, 13152],[14264, 13144],[14248, 13096],[14200, 13080],[14144, 13080],[14104, 13104],[14104, 13032],[14080, 13000],[14080, 13040],[14040, 13040],[14032, 13072],[14008, 13072],[14008, 13120],[13976, 13120],[13984, 13152],[13960, 13184],[13936, 13176],[13944, 13224],[13912, 13304],[13928, 13344],[13896, 13352],[13904, 13408],[13888, 13456],[13888, 13528],[13912, 13568],[13912, 13600],[13872, 13648],[13872, 13688],[13848, 13704],[13872, 13800],[13856, 13824],[13808, 13824],[13824, 13792],[13792, 13800],[13776, 13776],[13712, 13768],[13640, 13776],[13640, 13848],[13696, 13832],[13672, 13880],[13632, 13904],[13600, 13904],[13616, 13856],[13576, 13872],[13576, 13928],[13552, 13936],[13552, 13872],[13496, 13896]]]},"properties":{"objectType":"annotation","classification":{"name":"Tumor","color":[102, 77, 179]}}},{"type":"Feature","id":"c0b30806-87e0-4272-87ad-a088cab19f85","geometry":{"type":"Polygon","coordinates":[[[15560, 14744],[15584, 14752],[15576, 14800],[15592, 14808],[15584, 14864],[15624, 14896],[15616, 14864],[15664, 14856],[15688, 14896],[15736, 14840],[15800, 14824],[15848, 14744],[15848, 14696],[15864, 14680],[15864, 14632],[15832, 14592],[15776, 14592],[15760, 14616],[15720, 14592],[15704, 14624],[15696, 14592],[15664, 14600],[15640, 14656],[15608, 14656],[15568, 14704],[15600, 14712],[15560, 14744]]]},"properties":{"objectType":"annotation","classification":{"name":"Tumor","color":[102, 77, 179]}}},{"type":"Feature","id":"0613cd7d-4ab5-42c1-8fa3-24bdb4cc6936","geometry":{"type":"Polygon","coordinates":[[[15104, 15768],[15184, 15824],[15352, 15824],[15504, 15664],[15424, 15600],[15280, 15584],[15128, 15704],[15104, 15768]]]},"properties":{"objectType":"annotation","classification":{"name":"Tumor","color":[102, 77, 179]}}},{"type":"Feature","id":"738a6b96-6dc8-4f67-a68f-769abc800ad1","geometry":{"type":"Polygon","coordinates":[[[6760, 24824],[6800, 24832],[6792, 24872],[6864, 24920],[6904, 24880],[6984, 24872],[7032, 24840],[7008, 24808],[7048, 24808],[7056, 24752],[7008, 24728],[6808, 24720],[6832, 24792],[6760, 24824]]]},"properties":{"objectType":"annotation","classification":{"name":"Tumor","color":[102, 77, 179]}}},{"type":"Feature","id":"03c080f5-b33d-4b99-abc7-e3fcc533a489","geometry":{"type":"Polygon","coordinates":[[[9256, 26512],[9304, 26560],[9360, 26544],[9416, 26584],[9416, 26624],[9464, 26624],[9536, 26560],[9504, 26472],[9416, 26392],[9264, 26432],[9256, 26512]]]},"properties":{"objectType":"annotation","classification":{"name":"Tumor","color":[102, 77, 179]}}},{"type":"Feature","id":"11ef4296-2ab8-403e-be11-73fa29ae1bc9","geometry":{"type":"Polygon","coordinates":[[[37623, 23216],[37623, 23715],[37670, 23748],[37670, 23794],[37716, 23888],[37717, 23920],[37825, 24120],[37857, 24168],[38076, 24387],[38216, 24480],[38372, 24558],[38403, 24559],[38498, 24605],[38637, 24636],[39012, 24636],[39152, 24605],[39247, 24559],[39274, 24559],[39527, 24418],[39746, 24199],[39808, 24106],[39887, 23946],[39887, 23919],[39933, 23824],[39964, 23684],[39964, 23516],[39995, 23498],[39964, 23478],[39964, 23309],[39933, 23170],[39887, 23075],[39886, 23044],[39808, 22888],[39746, 22795],[39527, 22576],[39294, 22436],[39154, 22374],[39029, 22342],[39012, 22311],[38544, 22311],[38495, 22358],[38449, 22358],[38356, 22404],[38324, 22405],[38170, 22482],[38077, 22544],[37856, 22765],[37794, 22858],[37717, 23012],[37716, 23044],[37670, 23137],[37670, 23183],[37623, 23216]]]},"properties":{"objectType":"annotation","classification":{"name":"Tumor","color":[102, 77, 179]}}},{"type":"Feature","id":"d824b278-255c-4102-9de0-f45e82564fdc","geometry":{"type":"MultiPolygon","coordinates":[[[[15873, 10238],[15876, 10272],[15837, 10261],[15728, 10328],[15712, 10440],[15696, 10446],[15688, 10328],[15664, 10280],[15608, 10264],[15504, 10264],[15432, 10336],[15400, 10552],[15432, 10552],[15408, 10632],[15552, 10776],[15624, 10784],[15680, 10760],[15688, 10688],[15872, 10656],[15928, 10612],[15917, 10589],[16016, 10592],[15989, 10534],[16024, 10456],[16008, 10411],[16032, 10392],[16008, 10328],[15961, 10311],[15873, 10238]],[[16000, 10426],[16002, 10428],[15999, 10428],[16000, 10426]],[[15912, 10602],[15914, 10608],[15912, 10608],[15912, 10602]],[[15948.67, 10584],[15948.4, 10584.4],[15948, 10584],[15948.67, 10584]]],[[[15952, 10294.13],[15952, 10301],[15953, 10300],[15952, 10294.13]]]]},"properties":{"objectType":"annotation","classification":{"name":"Tumor","color":[102, 77, 179]}}},{"type":"Feature","id":"6a5ec2f9-9225-4f09-a253-5ce08156c414","geometry":{"type":"Polygon","coordinates":[[[19336, 8072],[19344, 8112],[19384, 8104],[19424, 8152],[19503, 8176],[19512, 8232],[19536, 8190],[19598, 8190],[19608, 8232],[19632, 8209],[19704, 8216],[19745, 8184],[19792, 8184],[19800, 8120],[19744, 8080],[19728, 8117],[19691, 8117],[19712, 8072],[19672, 8048],[19664, 7968],[19558, 7978],[19496, 7952],[19416, 8038],[19440, 8075],[19408, 8088],[19408, 8032],[19336, 8072]]]},"properties":{"objectType":"annotation","classification":{"name":"Tumor","color":[102, 77, 179]}}},{"type":"Feature","id":"b28bd785-444c-4cf2-82aa-3f37d7c8fc24","geometry":{"type":"Polygon","coordinates":[[[14960, 9816],[15015, 9873],[15000, 9936],[15032, 9952],[15032, 9915],[15114, 9950],[15164, 9935],[15211, 9894],[15251, 9901],[15272, 9952],[15409, 9958],[15449, 9916],[15453, 9870],[15412, 9766],[15372, 9792],[15392, 9752],[15336, 9696],[15305, 9691],[15256, 9640],[15208, 9616],[15172, 9633],[15127, 9620],[15048, 9624],[14974, 9699],[14960, 9816]]]},"properties":{"objectType":"annotation","classification":{"name":"Tumor","color":[102, 77, 179]}}},{"type":"Feature","id":"cb6a8bff-f06d-446a-8147-66534a69f2c9","geometry":{"type":"Polygon","coordinates":[[[17952, 10576],[17968, 10656],[18016, 10744],[18056, 10776],[18200, 10760],[18224, 10704],[18288, 10640],[18248, 10560],[18256, 10520],[18360, 10456],[18384, 10416],[18376, 10328],[18320, 10288],[18304, 10248],[18256, 10248],[18272, 10280],[18168, 10272],[18080, 10328],[18008, 10328],[18008, 10440],[17968, 10480],[17952, 10576]]]},"properties":{"objectType":"annotation","classification":{"name":"Tumor","color":[102, 77, 179]}}},{"type":"Feature","id":"36e98045-9475-4b8b-88b9-af0bebf383b9","geometry":{"type":"Polygon","coordinates":[[[17124, 8887],[17160, 8968],[17304, 9056],[17536, 9080],[17608, 9032],[17632, 8928],[17368, 8720],[17176, 8752],[17124, 8887]]]},"properties":{"objectType":"annotation","classification":{"name":"Tumor","color":[102, 77, 179]}}},{"type":"Feature","id":"c1faa320-7464-48d7-a73e-f85ac79623ed","geometry":{"type":"Polygon","coordinates":[[[15920, 13632],[15968, 13760],[16144, 13800],[16153, 13728],[16248, 13696],[16272, 13544],[16088, 13544],[15920, 13632]]]},"properties":{"objectType":"annotation","classification":{"name":"Tumor","color":[102, 77, 179]}}},{"type":"Feature","id":"717a500f-45bb-4b6d-93e4-2519a8daed62","geometry":{"type":"Polygon","coordinates":[[[16352, 13528],[16368, 13600],[16432, 13680],[16544, 13688],[16592, 13664],[16632, 13544],[16680, 13608],[16776, 13560],[16784, 13456],[16832, 13376],[16832, 13288],[16725, 13257],[16720, 13200],[16640, 13128],[16520, 13120],[16464, 13160],[16416, 13312],[16456, 13304],[16456, 13352],[16520, 13411],[16448, 13416],[16392, 13456],[16352, 13528]]]},"properties":{"objectType":"annotation","classification":{"name":"Tumor","color":[102, 77, 179]}}},{"type":"Feature","id":"6798e167-8cbb-4f29-8e5c-2d2313cbb77e","geometry":{"type":"Polygon","coordinates":[[[14856, 8576],[14860, 8686],[14917, 8776],[15048, 8880],[15240, 8912],[15333, 8795],[15449, 8758],[15547, 8784],[15546, 8714],[15487, 8723],[15547, 8663],[15502, 8538],[15405, 8527],[15359, 8638],[15388, 8707],[15360, 8758],[15288, 8600],[15240, 8544],[15123, 8489],[14960, 8488],[14856, 8576]]]},"properties":{"objectType":"annotation","classification":{"name":"Tumor","color":[102, 77, 179]}}},{"type":"Feature","id":"8c9479a0-2653-41e1-b0a5-a375b49f755a","geometry":{"type":"Polygon","coordinates":[[[18304, 10648],[18320, 10808],[18384, 10832],[18392, 10872],[18456, 10848],[18544, 10856],[18576, 10696],[18576, 10752],[18744, 10760],[18744, 10784],[18808, 10776],[18912, 10696],[18920, 10648],[18952, 10624],[18880, 10496],[18840, 10448],[18792, 10448],[18800, 10416],[18752, 10408],[18744, 10368],[18632, 10432],[18616, 10512],[18576, 10552],[18544, 10528],[18520, 10584],[18512, 10536],[18440, 10536],[18344, 10584],[18320, 10560],[18328, 10624],[18304, 10648]]]},"properties":{"objectType":"annotation","classification":{"name":"Tumor","color":[102, 77, 179]}}},{"type":"Feature","id":"c31520c8-2d9c-4912-afed-43ecc9850adb","geometry":{"type":"Polygon","coordinates":[[[18464, 8640],[18399, 8651],[18320, 8710.43],[18272, 8763],[18247, 8825.83],[18186, 8866],[18216, 8944.83],[18160, 9062],[18128, 9104],[18110, 9202],[18048, 9328],[18040, 9424],[18056, 9424],[18048, 9512],[18088, 9512],[18136, 9584],[18216, 9568],[18248, 9584],[18264, 9552],[18398, 9556],[18424, 9640],[18400, 9672],[18480, 9705],[18472, 9728],[18544, 9744],[18640, 9688],[18664, 9648],[18728, 9672],[18688, 9640],[18658, 9560],[18656, 9504],[18616, 9424],[18573, 9396.4],[18554, 9267],[18585, 9204],[18640, 9176],[18648, 9089],[18640, 9016],[18554, 9002],[18576, 8968],[18567, 8902],[18608, 8792],[18544, 8680],[18464, 8640]],[[18488, 9700],[18488, 9704],[18482, 9704],[18488, 9700]]]},"properties":{"objectType":"annotation","classification":{"name":"Tumor","color":[102, 77, 179]}}},{"type":"Feature","id":"bbb02165-9b6c-442b-93cd-82cdaa1ca5e1","geometry":{"type":"Polygon","coordinates":[[[13472, 11144],[13616, 11344],[13744, 11440],[13952, 11472],[14168, 11472],[14288, 11392],[14408, 11216],[14384, 11096],[14312, 11000],[14232, 10976],[14040, 11087],[13936, 11064],[13751, 11112],[13560, 11096],[13472, 11144]]]},"properties":{"objectType":"annotation","classification":{"name":"Tumor","color":[102, 77, 179]}}},{"type":"Feature","id":"9bb352ea-e766-4260-89ba-a779f8fdf2f1","geometry":{"type":"Polygon","coordinates":[[[13480, 10720],[13496, 10864],[13608, 10968],[13784, 10984],[13838, 10895],[13776, 10640],[13624, 10608],[13480, 10720]]]},"properties":{"objectType":"annotation","classification":{"name":"Tumor","color":[102, 77, 179]}}},{"type":"Feature","id":"35ccc130-b931-4e12-bfb3-e4ca00c83b9c","geometry":{"type":"Polygon","coordinates":[[[13384, 11059],[13496, 11099],[13569, 11049],[13536, 10969],[13440, 10959],[13384, 11059]]]},"properties":{"objectType":"annotation","classification":{"name":"Tumor","color":[102, 77, 179]}}},{"type":"Feature","id":"89479818-173f-4a88-a35e-87fcc151be5e","geometry":{"type":"Polygon","coordinates":[[[12424, 11096],[12416, 11176],[12451, 11209],[12408, 11272],[12408, 11384],[12472, 11456],[12616, 11448],[12640, 11394],[12691, 11398],[12709, 11310],[12655, 11280],[12688, 11264],[12672, 11160],[12599, 11183],[12515, 11159],[12504, 11096],[12424, 11096]],[[12664, 11184],[12664, 11194],[12654, 11184],[12664, 11184]]]},"properties":{"objectType":"annotation","classification":{"name":"Tumor","color":[102, 77, 179]}}},{"type":"Feature","id":"c60c9a57-c51c-4315-987d-5c5762070ef3","geometry":{"type":"Polygon","coordinates":[[[15304, 9560],[15344, 9680],[15421, 9722],[15582, 9728],[15570, 9880],[15595, 9965],[15771, 10166],[15841, 10185],[15936, 10176],[15976, 10136],[16000, 10072],[15995, 9981],[15968, 9880],[15938, 9824],[15928, 9704],[15945, 9700],[15928, 9624],[15896, 9592],[15776, 9600],[15671, 9647],[15632, 9642],[15657, 9558],[15657, 9483],[15681, 9446],[15616, 9408],[15624, 9360],[15592, 9320],[15424, 9288],[15432, 9328],[15336, 9416],[15312, 9368],[15328, 9448],[15312, 9456],[15304, 9560]]]},"properties":{"objectType":"annotation","classification":{"name":"Tumor","color":[102, 77, 179]}}},{"type":"Feature","id":"454bb50c-386e-4064-b12e-089c3ccc8d7b","geometry":{"type":"Polygon","coordinates":[[[11144, 13408],[11144, 13480],[11152, 13480],[11152, 13568],[11216, 13624],[11224, 13584],[11240, 13584],[11232, 13632],[11312, 13632],[11328, 13616],[11320, 13592],[11288, 13592],[11320, 13584],[11352, 13592],[11328, 13640],[11384, 13640],[11433.67, 13616],[11472, 13616],[11472, 13600],[11504, 13600],[11520, 13616],[11560, 13608],[11608, 13584],[11616, 13553.37],[11656, 13512],[11656, 13480],[11680, 13472],[11680, 13448],[11652, 13428],[11736, 13432],[11776, 13408],[11772, 13376],[11748, 13359],[11774, 13352],[11776, 13376],[11800, 13384],[11800, 13412],[11768, 13448],[11736, 13512],[11736, 13560],[11760, 13600],[11800, 13616],[11808, 13632],[11840, 13632],[11864, 13648],[11880, 13624],[11912, 13624],[11912, 13608],[11960, 13592],[12000, 13536],[12000, 13424],[11968, 13384],[11928, 13360],[11828, 13360],[11848, 13336],[11832, 13302],[11880, 13288],[11880, 13232],[11864, 13208],[11880, 13176],[11843, 13150],[11824, 13121],[11832, 13104],[11776, 13096],[11744, 13118],[11721, 13112],[11704, 13072],[11611, 13080],[11608, 13072],[11544, 13072],[11464, 13064],[11448, 13088],[11408, 13104],[11400, 13128],[11344, 13152],[11336, 13136],[11272, 13160],[11272, 13184],[11216, 13216],[11208, 13256],[11160, 13296],[11168, 13376],[11144, 13408]]]},"properties":{"objectType":"annotation","classification":{"name":"Tumor","color":[102, 77, 179]}}},{"type":"Feature","id":"b2612b67-5c43-4d60-81db-eb2ad5efe090","geometry":{"type":"Polygon","coordinates":[[[8084, 23365],[8000, 23392],[7992, 23416],[8041, 23453],[8054, 23523],[8029, 23565],[7976, 23512],[7936, 23496],[7848, 23488],[7800, 23528],[7784, 23560],[7784, 23512],[7656, 23616],[7680, 23648],[7680, 23688],[7704, 23704],[7704, 23752],[7752, 23752],[7776, 23792],[7832, 23776],[7880, 23792],[7944, 23768],[7944, 23736],[7992, 23728],[8008, 23698],[8071, 23699],[8056, 23720],[8056, 23792],[8088, 23848],[8144, 23888],[8240, 23896],[8352, 23808],[8372, 23742],[8392, 23728],[8416, 23643],[8488, 23616],[8487, 23560],[8512, 23544],[8488, 23520],[8496, 23472],[8464, 23464],[8448, 23416],[8329, 23463],[8264, 23440.25],[8200, 23384],[8129, 23365],[8084, 23365]],[[8040, 23594],[8040, 23671],[8016, 23640],[8040, 23594]]]},"properties":{"objectType":"annotation","classification":{"name":"Tumor","color":[102, 77, 179]}}},{"type":"Feature","id":"5cfb9fed-0369-4664-9bd8-54bee1548aff","geometry":{"type":"Polygon","coordinates":[[[7632, 22424],[7672, 22664],[7744, 22776],[7896, 22880],[8080, 22840],[8170, 22770],[8160, 22504],[8000, 22288],[7752, 22248],[7662, 22309],[7632, 22424]]]},"properties":{"objectType":"annotation","classification":{"name":"Tumor","color":[102, 77, 179]}}},{"type":"Feature","id":"df42592e-4971-4b2c-a230-e4cd3550f93c","geometry":{"type":"Polygon","coordinates":[[[6096, 22016],[6032, 22056],[6008, 22144],[5872, 22136],[5810, 22190],[5804.82, 22272],[5848, 22332],[5772, 22492],[5776, 22544],[5857, 22635],[5905, 22653],[6032, 22648],[6086, 22592],[6150, 22490],[6142, 22386],[6103, 22294],[6136, 22312],[6152, 22264],[6216, 22192],[6216, 22104],[6152, 22024],[6096, 22016]],[[6000, 22168],[6000, 22183],[5979, 22177],[6000, 22168]],[[6128, 22279],[6128, 22280],[6126, 22280],[6128, 22279]]]},"properties":{"objectType":"annotation","classification":{"name":"Tumor","color":[102, 77, 179]}}},{"type":"Feature","id":"98cb3de0-c664-40a6-afcc-e1995c17d287","geometry":{"type":"Polygon","coordinates":[[[5504, 22960],[5512, 23112],[5536, 23155],[5553, 23232],[5644, 23352],[5704, 23392],[5789, 23394],[5849, 23356],[5968, 23360],[5992, 23304],[6064, 23248],[6096, 23200],[6128, 23064],[6096, 23040],[6096, 23008],[6144, 23008],[6144, 23040],[6176, 23048],[6184, 23088],[6272, 23096],[6344, 23064],[6360, 23016],[6352, 22968],[6376, 22976],[6368, 22920],[6320, 22928],[6304, 22872],[6272, 22896],[6248, 22872],[6200, 22872],[6144, 22816],[6064, 22800],[6072, 22768],[6032, 22800],[5944, 22784],[5864, 22784],[5856, 22760],[5724, 22778],[5615, 22832],[5528, 22904],[5504, 22960]]]},"properties":{"objectType":"annotation","classification":{"name":"Tumor","color":[102, 77, 179]}}},{"type":"Feature","id":"61d47dbb-3fb0-450a-b8ce-6d56e42baf03","geometry":{"type":"Polygon","coordinates":[[[9600, 22752],[9472, 22784],[9472, 22840],[9564, 22836],[9504, 22957],[9456, 22864],[9367, 22829],[9232, 22856],[9248, 22800],[9136, 22856],[9048, 22856],[8952, 22904],[8784, 22896],[8736, 23008],[8792, 23080],[8944, 23032],[9040, 23112],[9208, 23112],[9351, 23031],[9355, 23076],[9200, 23184],[9192, 23352],[9328, 23384],[9483, 23275],[9550, 23380],[9544, 23440],[9608, 23496],[9704, 23472],[9688, 23340.68],[9736, 23320],[9784, 23072],[9736, 22896],[9626, 22854],[9600, 22752]],[[9600, 23394],[9600, 23400],[9590, 23400],[9600, 23394]],[[9208, 23262],[9210, 23264],[9208, 23264],[9208, 23262]],[[9570, 23407],[9576, 23416],[9568, 23416],[9570, 23407]],[[9461, 23276],[9456, 23280.62],[9456, 23279],[9461, 23276]]]},"properties":{"objectType":"annotation","classification":{"name":"Tumor","color":[102, 77, 179]}}},{"type":"Feature","id":"cfe4a182-483b-4f48-bf5a-9d23cc76482a","geometry":{"type":"Polygon","coordinates":[[[9960, 23200],[10033, 23240],[10097, 23346],[10161, 23312],[10205, 23334],[10176, 23360],[10197, 23427],[10184, 23488],[10224, 23552],[10283, 23580],[10448, 23584],[10512, 23520],[10504, 23448],[10456, 23376],[10344, 23360],[10337, 23328],[10416, 23272],[10416, 23208],[10376, 23144],[10247, 23160],[10164.88, 23128],[10168, 23088],[10304, 23120],[10338, 23112],[10429, 23155],[10424, 23192],[10480, 23216],[10608, 23368],[10632, 23312],[10736, 23232],[10720, 23024],[10736, 23000],[10584, 22968],[10504, 22992],[10472, 22960],[10360, 22920],[10168, 22936],[10088, 23048],[10160, 23080],[10136, 23112],[10080, 23104],[10016, 23128],[9960, 23200]]]},"properties":{"objectType":"annotation","classification":{"name":"Tumor","color":[102, 77, 179]}}},{"type":"Feature","id":"9fe01e37-b367-4687-9f59-84693887f806","geometry":{"type":"Polygon","coordinates":[[[7296, 25128],[7192, 25232],[7232, 25392],[7401, 25464],[7488, 25368],[7488, 25232],[7416, 25152],[7296, 25128]],[[7400, 25369.71],[7400, 25376],[7398, 25376],[7400, 25369.71]],[[7384, 25397.26],[7384, 25400],[7381.4, 25400],[7384, 25397.26]]]},"properties":{"objectType":"annotation","classification":{"name":"Tumor","color":[102, 77, 179]}}},{"type":"Feature","id":"7d4c6f19-78e0-4906-8f1e-dd46901b4a54","geometry":{"type":"Polygon","coordinates":[[[6944, 23298],[6944, 23308],[6945, 23308],[6956, 23320],[6956, 23324],[6957, 23324],[6964, 23332],[6964, 23336],[6965, 23336],[6968, 23340],[6968, 23354],[6968, 23358],[6965, 23362],[6964, 23362],[6964, 23376],[6965, 23376],[6968, 23380],[6968, 23384],[6969, 23384],[6972, 23388],[6972, 23392],[6973, 23392],[6973, 23393],[6977, 23393],[6981, 23396],[6981, 23397],[6995, 23397],[6995, 23396],[6999, 23393],[7003, 23393],[7003, 23392],[7006, 23389],[7007, 23389],[7007, 23388],[7011, 23384],[7012, 23384],[7012, 23383],[7015, 23380],[7016, 23380],[7016, 23376],[7016, 23372],[7019, 23368],[7020, 23368],[7020, 23360],[7020, 23356],[7023, 23352],[7024, 23352],[7024, 23342],[7023, 23342],[7020, 23338],[7020, 23330],[7019, 23330],[7012, 23322],[7012, 23318],[7011, 23318],[7008, 23314],[7008, 23310],[7007, 23310],[7004, 23306],[7004, 23302],[7003, 23302],[6995, 23294],[6995, 23293],[6987, 23293],[6983, 23290],[6983, 23289],[6961, 23289],[6961, 23290],[6957, 23293],[6949, 23293],[6949, 23294],[6945, 23298],[6944, 23298]]]},"properties":{"objectType":"annotation","classification":{"name":"Ignore*","color":[180, 180, 180]}}},{"type":"Feature","id":"5e0a54ff-30f7-4799-bd1f-bc5c395d395d","geometry":{"type":"Polygon","coordinates":[[[6773, 23310],[6773, 23313],[6773, 23328],[6773, 23331],[6774, 23331],[6777, 23335],[6777, 23336],[6777, 23339],[6778, 23339],[6790, 23351],[6790, 23352],[6794, 23352],[6798, 23355],[6798, 23356],[6808, 23356],[6808, 23355],[6812, 23352],[6816, 23352],[6816, 23351],[6820, 23347],[6821, 23347],[6821, 23344],[6821, 23337],[6821, 23334],[6820, 23334],[6792, 23306],[6792, 23305],[6778, 23305],[6778, 23306],[6774, 23310],[6773, 23310]]]},"properties":{"objectType":"annotation","classification":{"name":"Ignore*","color":[180, 180, 180]}}},{"type":"Feature","id":"87e8e7c9-bdc5-40c0-9e26-9ffc3fbd6a67","geometry":{"type":"Polygon","coordinates":[[[5705, 24514],[5705, 24532],[5706, 24532],[5709, 24536],[5709, 24540],[5710, 24540],[5714, 24544],[5714, 24545],[5718, 24545],[5722, 24548],[5722, 24549],[5726, 24549],[5730, 24552],[5730, 24553],[5774, 24553],[5778, 24556],[5778, 24557],[5782, 24557],[5790, 24564],[5790, 24565],[5808, 24565],[5808, 24564],[5812, 24561],[5816, 24561],[5816, 24560],[5817, 24560],[5817, 24556],[5824, 24548],[5825, 24548],[5825, 24544],[5828, 24540],[5829, 24540],[5829, 24532],[5832, 24528],[5833, 24528],[5833, 24526],[5832, 24526],[5829, 24522],[5829, 24518],[5828, 24518],[5828, 24517],[5814, 24517],[5814, 24518],[5798, 24533],[5794, 24533],[5794, 24534],[5790, 24537],[5788, 24537],[5784, 24534],[5784, 24533],[5780, 24533],[5777, 24530],[5777, 24522],[5776, 24522],[5773, 24518],[5773, 24514],[5772, 24514],[5772, 24513],[5768, 24513],[5764, 24510],[5764, 24509],[5756, 24509],[5752, 24506],[5752, 24505],[5726, 24505],[5726, 24506],[5722, 24509],[5710, 24509],[5710, 24510],[5706, 24514],[5705, 24514]]]},"properties":{"objectType":"annotation","classification":{"name":"Ignore*","color":[180, 180, 180]}}},{"type":"Feature","id":"a2e8e244-d203-4311-9db1-661cfa1966e3","geometry":{"type":"Polygon","coordinates":[[[6041, 23937],[6041, 23943],[6042, 23943],[6045, 23947],[6045, 23951],[6046, 23951],[6046, 23952],[6054, 23952],[6058, 23955],[6058, 23956],[6064, 23956],[6064, 23955],[6068, 23952],[6108, 23952],[6108, 23951],[6112, 23948],[6116, 23948],[6116, 23947],[6120, 23944],[6124, 23944],[6124, 23943],[6132, 23936],[6136, 23936],[6136, 23935],[6140, 23932],[6144, 23932],[6144, 23931],[6152, 23924],[6156, 23924],[6156, 23923],[6160, 23920],[6164, 23920],[6164, 23919],[6168, 23916],[6172, 23916],[6172, 23915],[6176, 23912],[6184, 23912],[6184, 23911],[6188, 23908],[6196, 23908],[6196, 23907],[6204, 23900],[6208, 23900],[6208, 23899],[6220, 23887],[6221, 23887],[6221, 23883],[6224, 23879],[6225, 23879],[6225, 23875],[6228, 23871],[6229, 23871],[6229, 23863],[6232, 23859],[6233, 23859],[6233, 23847],[6236, 23843],[6237, 23843],[6237, 23839],[6240, 23835],[6241, 23835],[6241, 23827],[6244, 23823],[6245, 23823],[6245, 23797],[6244, 23797],[6241, 23793],[6241, 23789],[6240, 23789],[6237, 23785],[6237, 23771],[6240, 23767],[6241, 23767],[6241, 23759],[6244, 23755],[6245, 23755],[6245, 23739],[6248, 23735],[6249, 23735],[6249, 23711],[6252, 23707],[6253, 23707],[6253, 23699],[6256, 23695],[6257, 23695],[6257, 23691],[6260, 23687],[6261, 23687],[6261, 23679],[6264, 23675],[6265, 23675],[6265, 23667],[6268, 23663],[6269, 23663],[6269, 23659],[6276, 23651],[6277, 23651],[6277, 23647],[6288, 23635],[6289, 23635],[6289, 23631],[6300, 23619],[6301, 23619],[6301, 23615],[6304, 23611],[6305, 23611],[6305, 23607],[6308, 23603],[6309, 23603],[6309, 23599],[6312, 23595],[6313, 23595],[6313, 23591],[6328, 23575],[6329, 23575],[6329, 23569],[6328, 23569],[6324, 23565],[6324, 23564],[6314, 23564],[6314, 23565],[6310, 23568],[6306, 23568],[6306, 23569],[6302, 23572],[6298, 23572],[6298, 23573],[6294, 23576],[6290, 23576],[6290, 23577],[6286, 23580],[6282, 23580],[6282, 23581],[6258, 23604],[6254, 23604],[6254, 23605],[6242, 23617],[6241, 23617],[6241, 23621],[6238, 23625],[6237, 23625],[6237, 23629],[6234, 23633],[6233, 23633],[6233, 23641],[6230, 23645],[6229, 23645],[6229, 23649],[6226, 23653],[6225, 23653],[6225, 23657],[6222, 23661],[6221, 23661],[6221, 23665],[6218, 23669],[6217, 23669],[6217, 23673],[6214, 23677],[6213, 23677],[6213, 23681],[6210, 23685],[6209, 23685],[6209, 23693],[6206, 23697],[6205, 23697],[6205, 23705],[6202, 23709],[6201, 23709],[6201, 23725],[6198, 23729],[6197, 23729],[6197, 23741],[6194, 23745],[6193, 23745],[6193, 23771],[6194, 23771],[6197, 23775],[6197, 23783],[6198, 23783],[6201, 23787],[6201, 23797],[6198, 23801],[6197, 23801],[6197, 23805],[6194, 23809],[6193, 23809],[6193, 23813],[6190, 23817],[6189, 23817],[6189, 23821],[6186, 23825],[6185, 23825],[6185, 23837],[6182, 23841],[6181, 23841],[6181, 23849],[6178, 23853],[6177, 23853],[6177, 23861],[6158, 23880],[6154, 23880],[6154, 23881],[6150, 23884],[6146, 23884],[6146, 23885],[6142, 23888],[6130, 23888],[6130, 23889],[6126, 23892],[6122, 23892],[6122, 23893],[6118, 23896],[6114, 23896],[6114, 23897],[6110, 23900],[6094, 23900],[6094, 23901],[6090, 23904],[6070, 23904],[6070, 23905],[6066, 23908],[6062, 23908],[6062, 23909],[6050, 23921],[6049, 23921],[6049, 23925],[6046, 23929],[6045, 23929],[6045, 23933],[6042, 23937],[6041, 23937]]]},"properties":{"objectType":"annotation","classification":{"name":"Ignore*","color":[180, 180, 180]}}},{"type":"Feature","id":"193dd46e-7cce-4669-83f1-64917479c74a","geometry":{"type":"Polygon","coordinates":[[[5042, 23635],[5114, 23664],[5110, 23742],[5144, 23704],[5208, 23760],[5288, 23760],[5352, 23728],[5403, 23603],[5480, 23512],[5496, 23368],[5448, 23320],[5464, 23224],[5416, 23088],[5328, 22963],[5221, 22951],[5109, 23040],[5080, 23136],[5084, 23270],[5124, 23404],[5104, 23527],[5055, 23568],[5042, 23635]]]},"properties":{"objectType":"annotation","classification":{"name":"Tumor","color":[102, 77, 179]}}},{"type":"Feature","id":"656ed45e-add0-46c3-a8d4-708a422bb38c","geometry":{"type":"Polygon","coordinates":[[[6512, 21848],[6520, 21920],[6552, 21936],[6568, 21992],[6648, 22000],[6736, 22024],[6736, 22048],[6784, 22080],[6792, 22040],[6824, 22032],[6816, 22003],[6888, 21992],[6912, 22016],[6912, 22064],[6880, 22088],[6904, 22144],[6984, 22128],[7024, 22067],[7080, 22056],[7216, 21928],[7304, 21928],[7288, 21896],[7229.63, 21912],[7258, 21875],[7347, 21841],[7416, 21849],[7416, 21872],[7368, 21872],[7344, 21928],[7304, 21952],[7344, 21952],[7368, 22000],[7432, 21992],[7480, 21928],[7488, 21856],[7440, 21856],[7472, 21800],[7520, 21776],[7576, 21784],[7664, 21744],[7696, 21752],[7784, 21744],[7768, 21720],[7816, 21728],[7856, 21688],[7904, 21696],[7904, 21672],[7992, 21664],[7992, 21648],[8104, 21656],[8096, 21624],[8048, 21624],[8112, 21600],[8160, 21680],[8224, 21688],[8248, 21760],[8248, 21832],[8328, 21840],[8368, 21832],[8408, 21792],[8424, 21744],[8408, 21688],[8368, 21648],[8376, 21616],[8344, 21584],[8344, 21512],[8384, 21536],[8424, 21512],[8512, 21512],[8544, 21496],[8568, 21520],[8584, 21480],[8576, 21432],[8600, 21448],[8608, 21400],[8640, 21400],[8640, 21360],[8608, 21360],[8640, 21320],[8576, 21320],[8568, 21296],[8512, 21272],[8504, 21248],[8448, 21248],[8392, 21272],[8336, 21264],[8232, 21320],[8208, 21344],[8168, 21344],[8176, 21376],[8120, 21392],[7976, 21384],[8032, 21360],[8064, 21288],[8056, 21224],[8024, 21192],[7904, 21184],[7848, 21200],[7792, 21288],[7792, 21344],[7744, 21408],[7624, 21424],[7624, 21376],[7592, 21336],[7520, 21344],[7472, 21408],[7424, 21400],[7376, 21432],[7368, 21472],[7328, 21504],[7280, 21512],[7285, 21536],[7243, 21561],[7205, 21612],[7150, 21640],[7107, 21629],[7069, 21663],[6992, 21701],[6944, 21712],[6874, 21760],[6840, 21768],[6784, 21833],[6716, 21880],[6512, 21848]]]},"properties":{"objectType":"annotation","classification":{"name":"Tumor","color":[102, 77, 179]}}},{"type":"Feature","id":"c2cb79fc-ca75-48ed-bcff-0fac276c6587","geometry":{"type":"Polygon","coordinates":[[[9608, 23896],[9647, 24008],[9711, 24036],[9704, 24072],[9787, 24156],[9684, 24211],[9780, 24268],[9859, 24295],[9856, 24200],[9920, 24208],[10032, 24152],[9963, 24100],[10040, 24088],[10040, 24040],[9992, 23984],[10016, 23908],[10080, 23972],[10184, 23960],[10272, 23968],[10280, 23920],[10192, 23824],[10240, 23824],[10296, 23872],[10288, 24016],[10224, 24032],[10216, 24088],[10240, 24128],[10280, 24096],[10336, 24112],[10320, 24160],[10384, 24120],[10480, 23992],[10520, 23848],[10384, 23736],[10384, 23712],[10304, 23680],[10264, 23640],[10264, 23680],[10224, 23744],[10184, 23720],[10208, 23696],[10200, 23592],[10152, 23592],[10024, 23632],[9983, 23752],[10007, 23848],[9984, 23880],[9896, 23808],[9720, 23805],[9608, 23896]]]},"properties":{"objectType":"annotation","classification":{"name":"Tumor","color":[102, 77, 179]}}},{"type":"Feature","id":"fec01d24-c5d2-4bfa-9afb-7da2089b715d","geometry":{"type":"Polygon","coordinates":[[[9720, 24776],[9752, 24824],[9808, 24848],[9848, 24840],[9864, 24760],[9912, 24768],[9912, 24792],[9952, 24758],[10040, 24768],[10104, 24736],[10096, 24696],[10152, 24696],[10112, 24680],[10096, 24616],[10048, 24552],[9968, 24552],[9856, 24632],[9856, 24664],[9888, 24701],[9856, 24752],[9832, 24704],[9744, 24712],[9720, 24776]]]},"properties":{"objectType":"annotation","classification":{"name":"Tumor","color":[102, 77, 179]}}},{"type":"Feature","id":"32fb82d3-d62b-4636-9c55-04211135bd30","geometry":{"type":"Polygon","coordinates":[[[5184, 27184],[5113, 27224],[5078, 27224],[5010, 27288],[4990, 27372],[5028, 27443],[4974, 27438],[5067, 27518],[5072, 27481],[5137, 27490],[5100, 27529],[5149, 27507],[5207, 27524],[5196, 27485],[5232, 27496],[5352, 27496],[5352, 27456],[5392, 27448],[5416, 27352],[5365, 27318],[5310, 27247],[5304, 27200],[5278, 27187],[5184, 27184]],[[5354, 27347],[5376, 27368],[5360, 27376],[5354, 27347]],[[5328, 27438],[5327, 27439.14],[5327, 27438.67],[5328, 27438]]]},"properties":{"objectType":"annotation","classification":{"name":"Tumor","color":[102, 77, 179]}}},{"type":"Feature","id":"6f065b18-e74e-45d7-b9e7-da69a9e6c643","geometry":{"type":"Polygon","coordinates":[[[5360, 26797],[5232, 26936],[5336, 27040],[5459, 27010],[5512, 26944],[5459, 26812],[5360, 26797]],[[5278, 26969],[5278, 26976],[5277, 26976],[5278, 26969]]]},"properties":{"objectType":"annotation","classification":{"name":"Tumor","color":[102, 77, 179]}}},{"type":"Feature","id":"f3b94bb8-abd3-48fc-8bb5-a8183e66c2c9","geometry":{"type":"Polygon","coordinates":[[[5568, 25867],[5607, 25889],[5618, 25933],[5641, 25912],[5670, 25950],[5736, 25992],[5776, 25981],[5798, 26000],[5904, 25968],[5914, 25949],[5986, 25978],[6044, 25989],[6098, 25916],[6110, 25846],[6076, 25848],[6104, 25824],[6121, 25769],[6120, 25704],[6082, 25690],[6083, 25669],[6041, 25667],[6032, 25648],[5976, 25613],[5941, 25634],[5848, 25639],[5795, 25678],[5742, 25703],[5709, 25684],[5725, 25714],[5704, 25733],[5662, 25720],[5684, 25751],[5648, 25821],[5641, 25868],[5606, 25848],[5568, 25867]]]},"properties":{"objectType":"annotation","classification":{"name":"Tumor","color":[102, 77, 179]}}},{"type":"Feature","id":"773c2540-e562-493f-b2c1-3b96f8c52234","geometry":{"type":"Polygon","coordinates":[[[2992, 24552],[2992, 24584],[3064, 24689],[3091, 24688],[3068, 24656],[3162, 24683],[3160, 24720],[3200, 24728],[3208, 24700],[3312, 24712],[3352, 24688],[3354, 24664],[3424, 24616],[3448, 24632],[3488, 24592],[3488, 24544],[3456, 24512],[3416, 24512],[3400, 24544],[3384, 24504],[3344, 24480],[3272, 24480],[3248, 24464],[3312, 24424],[3288, 24336],[3248, 24312],[3248, 24264],[3216, 24256],[3216, 24280],[3128, 24272],[3088, 24328],[3088, 24376],[3112, 24424],[3152, 24456],[3120, 24528],[3096, 24528],[3070, 24569],[3079, 24592],[3053, 24614],[3048, 24568],[3016, 24576],[2992, 24552]]]},"properties":{"objectType":"annotation","classification":{"name":"Tumor","color":[102, 77, 179]}}},{"type":"Feature","id":"30945e79-6a64-407d-a137-15c54f042baf","geometry":{"type":"Polygon","coordinates":[[[8608, 22672],[8608, 22720],[8680, 22704],[8704, 22664],[8728, 22576],[8768, 22536],[8779, 22461],[8829, 22426],[8896, 22432],[8893, 22396.91],[9016, 22296],[9012, 22257],[9056, 22208],[9056, 22096],[9022, 22066],[9056, 22024],[9017, 22040],[9024, 21984],[9064, 22016],[9080, 21968],[9016, 21923],[9000, 21840],[8976, 21824],[8888, 21824],[8904, 21846],[8851, 21846],[8800, 21928],[8752, 22039.89],[8720, 22064],[8704, 22200],[8717, 22232],[8688, 22256],[8703, 22364],[8680, 22376],[8680, 22448],[8703, 22452],[8680, 22521],[8688, 22551.33],[8656, 22648],[8608, 22672]]]},"properties":{"objectType":"annotation","classification":{"name":"Tumor","color":[102, 77, 179]}}},{"type":"Feature","id":"e7a637d8-b3a5-4a3b-9cff-67f083c91ab3","geometry":{"type":"Polygon","coordinates":[[[10312, 21325],[10312, 21392],[10335, 21426],[10312, 21472],[10368, 21472],[10424, 21520],[10608, 21472],[10672, 21528],[10632, 21480],[10608, 21328],[10535, 21283],[10536, 21248],[10400, 21248],[10352, 21264],[10312, 21325]]]},"properties":{"objectType":"annotation","classification":{"name":"Tumor","color":[102, 77, 179]}}},{"type":"Feature","id":"738494ca-b2dd-420c-91d9-4630733b3235","geometry":{"type":"Polygon","coordinates":[[[6591, 20758],[6591, 20763],[6594, 20766],[6594, 20770],[6598, 20773],[6599, 20773],[6599, 20774],[6615, 20774],[6615, 20773],[6616, 20773],[6619, 20770],[6627, 20770],[6630, 20773],[6631, 20773],[6631, 20774],[6634, 20774],[6637, 20776],[6637, 20777],[6640, 20777],[6646, 20783],[6650, 20783],[6656, 20789],[6660, 20789],[6663, 20792],[6667, 20792],[6669, 20795],[6670, 20795],[6671, 20796],[6672.33, 20796],[6682, 20805.16],[6682, 20808],[6685, 20810.7],[6685, 20812],[6688, 20815],[6688, 20818],[6689, 20818],[6689, 20819],[6692, 20822],[6692, 20824],[6698, 20830],[6698, 20832],[6699, 20832.67],[6699, 20845],[6698, 20845],[6698, 20849],[6698, 20876],[6698, 20906],[6699, 20907],[6699, 20909],[6699, 20910],[6701, 20912],[6702, 20913],[6702, 20916],[6706, 20919],[6707, 20919],[6707, 20920],[6709, 20920],[6712, 20923],[6719, 20923],[6722, 20926],[6762, 20926],[6762, 20925],[6763, 20925],[6765, 20923],[6772, 20923],[6773, 20922],[6776, 20922],[6778, 20920],[6779, 20919],[6786, 20919],[6788, 20916],[6795, 20916],[6795, 20915],[6798, 20913],[6804, 20913],[6804, 20912],[6805, 20912],[6807, 20910],[6815, 20910],[6815.67, 20909],[6818, 20909],[6820, 20907],[6824, 20907],[6824, 20906],[6825, 20906],[6825.8, 20904.8],[6827, 20904],[6830, 20904],[6830, 20903],[6832, 20903],[6834, 20900],[6854, 20900],[6857, 20897],[6860, 20897],[6863, 20894],[6864, 20893],[6864, 20892],[6865, 20892],[6865, 20889],[6865, 20879],[6865, 20876],[6864, 20875],[6864, 20874],[6861, 20871],[6861, 20868],[6861, 20866],[6861, 20865],[6861, 20862],[6860, 20861],[6858, 20858],[6858, 20856],[6858, 20837],[6860, 20835],[6860, 20834],[6861, 20834],[6861, 20833],[6861, 20831],[6861, 20828],[6861, 20825],[6861, 20822],[6861, 20819],[6861, 20817],[6861, 20816],[6860, 20816],[6860, 20815],[6858, 20813],[6854, 20809],[6854, 20806],[6850, 20803],[6848, 20803],[6847, 20802],[6845, 20800],[6844, 20799],[6841, 20796],[6838, 20796],[6835, 20793],[6834, 20793],[6834, 20792],[6831, 20792],[6828, 20789],[6824, 20789],[6822, 20787],[6821, 20786],[6815, 20780],[6812, 20780],[6809, 20777],[6809, 20774],[6808, 20773],[6805, 20773],[6803, 20771],[6803, 20768],[6802, 20767],[6800, 20764],[6800, 20762],[6799, 20762],[6799, 20761],[6796, 20758],[6796, 20754],[6796, 20751],[6796, 20744],[6796, 20743],[6796, 20741],[6795, 20741],[6793, 20738.67],[6793, 20738],[6791.4, 20736.8],[6789, 20734],[6784, 20734],[6781, 20731],[6775, 20731],[6772, 20728],[6770, 20728],[6767, 20725],[6766, 20725],[6761, 20720],[6760, 20719],[6760, 20718],[6759, 20718],[6751, 20710],[6751, 20709],[6750, 20709],[6750, 20708],[6747, 20705],[6744, 20702],[6744, 20700],[6744, 20699],[6743, 20699],[6743, 20698],[6741, 20696],[6740, 20695],[6728, 20683],[6727, 20683],[6724, 20680],[6723, 20680],[6723, 20679],[6717, 20679],[6714, 20676],[6708, 20676],[6705, 20673],[6701, 20673],[6699, 20670],[6699, 20667],[6698, 20667],[6698, 20666],[6698, 20663],[6696, 20661.67],[6696, 20658],[6696, 20655],[6695, 20654],[6695, 20653],[6695, 20651],[6695, 20650],[6692, 20647],[6692, 20645],[6691, 20645],[6691, 20644],[6689, 20644],[6685, 20640],[6682, 20640],[6679, 20637],[6678, 20637],[6678, 20636],[6657, 20636],[6657, 20637],[6656, 20637],[6653, 20640],[6650, 20640],[6648.29, 20642.29],[6646, 20644],[6646, 20647],[6643, 20650],[6643, 20651],[6643, 20653],[6640, 20656],[6640, 20657],[6636, 20661],[6636, 20664],[6633, 20667],[6633, 20670],[6630, 20673],[6630, 20676],[6627, 20679],[6627, 20680],[6618, 20689],[6614, 20689],[6611, 20692],[6608, 20692],[6608, 20693],[6607, 20693],[6605.67, 20695],[6604, 20695],[6603.14, 20696],[6601, 20696],[6597, 20700],[6597, 20711],[6598, 20711],[6607, 20721],[6607, 20735],[6604, 20737],[6604, 20738.33],[6598, 20745],[6597, 20745],[6597, 20748],[6595, 20750],[6594, 20751],[6594, 20755],[6591, 20758]]]},"properties":{"objectType":"annotation","classification":{"name":"Ignore*","color":[180, 180, 180]}}},{"type":"Feature","id":"c056924f-bd08-40e2-878a-3d974d584dfe","geometry":{"type":"Polygon","coordinates":[[[6229, 20889],[6231, 20890.33],[6231, 20920],[6232, 20921],[6232, 20924],[6234, 20926],[6234, 20927],[6235, 20927.86],[6235, 20931],[6238.5, 20934.5],[6238, 20935],[6238, 20940],[6241, 20943],[6241, 20947],[6244, 20950],[6244, 20953],[6267, 20976],[6267, 20983],[6270, 20985],[6270, 21000],[6267, 21003],[6267, 21020],[6267, 21025],[6267, 21033],[6264, 21036],[6264, 21110],[6267, 21110],[6267, 21059],[6268, 21060],[6268, 21068],[6271, 21068],[6271, 21085],[6271, 21086],[6271, 21089],[6268, 21091],[6268, 21100],[6271, 21103],[6271, 21110],[6274, 21113],[6274, 21116],[6274, 21119],[6278, 21123],[6281, 21126],[6281, 21129],[6281, 21130],[6291, 21139],[6292, 21140],[6295, 21140],[6297, 21143],[6304, 21143],[6307, 21146],[6327, 21146],[6330, 21149],[6331, 21149],[6331, 21150],[6344, 21150],[6344, 21149],[6345, 21149],[6348.5, 21146],[6349, 21146],[6349, 21145.57],[6352, 21143],[6352, 21139],[6352, 21134],[6352, 21130],[6349, 21130],[6349, 21129],[6352, 21127],[6352, 21124],[6352, 21121],[6352, 21120],[6355, 21117],[6355, 21114],[6355, 21113],[6358, 21110],[6358, 21109],[6359, 21109],[6359, 21107],[6361, 21104],[6362, 21103],[6362, 21101],[6362, 21100],[6376, 21086],[6377, 21085],[6378, 21085],[6381, 21082],[6383, 21082],[6383, 21081],[6384, 21081],[6386, 21079],[6387, 21079],[6391, 21075],[6394, 21075],[6396, 21073],[6397, 21072],[6400, 21072],[6400, 21071],[6403, 21069],[6412, 21069],[6412, 21068],[6413, 21068],[6415, 21066],[6417, 21066],[6417, 21067],[6418, 21067],[6418, 21068],[6427, 21068],[6429, 21065],[6432, 21065],[6433, 21064],[6433, 21063],[6434, 21063],[6434, 21061],[6436, 21058],[6437, 21057],[6437, 21043],[6436, 21043],[6436, 21042],[6430, 21036],[6430, 21033],[6427, 21030],[6427, 21026],[6424, 21023],[6424, 21017],[6423, 21017],[6423, 21016],[6421, 21014],[6421, 21008],[6420, 21008],[6420, 21007],[6414, 21000],[6395, 21000],[6392, 21003],[6377, 21003],[6375, 21000],[6371, 21000],[6356, 20985],[6356, 20982],[6355, 20982],[6355, 20981],[6352, 20978],[6352, 20977],[6349, 20974],[6349, 20971],[6346, 20968],[6346, 20965],[6345, 20965],[6345, 20964],[6343, 20962],[6343, 20959],[6343, 20956],[6342, 20956],[6342, 20955],[6339, 20952],[6339, 20951],[6339, 20948],[6336, 20946],[6336, 20945],[6336, 20942],[6333, 20939],[6333, 20936],[6332, 20935],[6330, 20932],[6330, 20918],[6332, 20915],[6333, 20914],[6333, 20908],[6333, 20884],[6333, 20881],[6332, 20880],[6330, 20877],[6330, 20875],[6329, 20874],[6329, 20873],[6326, 20871],[6326, 20867],[6319, 20860],[6313, 20854],[6310, 20854],[6310, 20855],[6296, 20841],[6293, 20841],[6290, 20838],[6271, 20838],[6271, 20841],[6285, 20841],[6287, 20844],[6286, 20843],[6285, 20843],[6274, 20843],[6272, 20843],[6271, 20843],[6271, 20844],[6270, 20844],[6268, 20844],[6266, 20846],[6264, 20846],[6263, 20847],[6261, 20847],[6260, 20847],[6258.29, 20849],[6258, 20849],[6258, 20849.33],[6257.43, 20850],[6257, 20850],[6255, 20850],[6254, 20850],[6254, 20848],[6248, 20848],[6239, 20858],[6238, 20858],[6238, 20857],[6236, 20857],[6234, 20858.5],[6234, 20858],[6233, 20858],[6232, 20859],[6232, 20860],[6231, 20860],[6231, 20859],[6229, 20859],[6228, 20860],[6228, 20862],[6228, 20863],[6225, 20863],[6225, 20879],[6228, 20882],[6228, 20888],[6229, 20888],[6229, 20889]],[[6289, 20844],[6291, 20844],[6295, 20848],[6294, 20848],[6293, 20847],[6292, 20846],[6291, 20846],[6289, 20844]]]},"properties":{"objectType":"annotation","classification":{"name":"Ignore*","color":[180, 180, 180]}}},{"type":"Feature","id":"ffe0dd36-5eac-430f-bdfa-a24e25913677","geometry":{"type":"Polygon","coordinates":[[[8128, 22848],[8168, 22880],[8208, 22880],[8248, 22848],[8248, 22800],[8336, 22744],[8360, 22712],[8384, 22752],[8432, 22752],[8456, 22800],[8512, 22800],[8592, 22736],[8560, 22712],[8560, 22688],[8504, 22688],[8488, 22664],[8448, 22712],[8432, 22680],[8416, 22696],[8368, 22680],[8368, 22648],[8344, 22672],[8272, 22672],[8240, 22656],[8200, 22720],[8160, 22720],[8168, 22768],[8144, 22784],[8128, 22848]]]},"properties":{"objectType":"annotation","classification":{"name":"Tumor","color":[102, 77, 179]}}},{"type":"Feature","id":"052c442b-d752-4644-acd3-daf76ceac0fe","geometry":{"type":"Polygon","coordinates":[[[5958, 24977],[5958, 24979],[5958, 24982],[5958, 24984],[5958, 24989],[5958, 24999],[5958, 25002],[5958, 25004],[5961, 25006.4],[5961, 25007],[5963, 25009],[5963, 25011],[5971, 25019],[5980, 25019],[5982, 25017],[5987, 25017],[5987, 25016],[5988, 25016],[5989, 25015],[6010, 25015],[6011, 25016],[6012, 25016],[6012, 25017],[6021, 25017],[6023, 25019],[6038, 25019],[6040, 25016],[6041, 25015],[6041, 25013],[6043, 25011],[6043, 25006],[6045, 25004],[6045, 25003],[6046, 25003],[6046, 25001],[6048, 24999],[6048, 24997],[6048, 24996],[6053, 24991],[6053, 24989],[6053, 24988],[6056, 24985],[6056, 24983],[6058, 24981],[6058, 24977],[6058, 24973],[6061, 24970],[6061, 24968],[6063, 24966],[6063, 24964],[6063, 24963],[6066, 24960],[6066, 24958],[6066, 24956],[6066, 24955],[6066, 24953],[6068, 24951],[6068, 24949],[6068, 24942],[6068, 24939],[6066, 24937],[6066, 24936],[6066, 24935],[6066, 24933],[6065, 24933],[6065, 24932],[6063, 24930],[6063, 24929],[6063, 24927],[6063, 24924],[6061, 24922],[6061, 24921],[6061, 24918],[6060, 24918],[6060, 24917],[6058, 24915],[6058, 24914],[6058, 24912],[6058, 24910],[6058, 24907],[6055, 24907],[6053, 24904],[6045, 24904],[6043, 24902],[6037, 24902],[6035, 24899],[6032, 24899],[6030, 24897],[6027, 24897],[6025, 24894],[6020, 24894],[6018, 24892],[6013, 24892],[6011, 24894],[6008, 24894],[6003.75, 24898.5],[6003, 24899],[6003, 24899.29],[5991, 24912],[5986, 24917],[5986, 24919.23],[5983, 24922],[5983, 24922.55],[5973, 24932],[5973, 24935],[5973, 24937],[5971, 24939],[5971, 24942],[5971, 24944],[5971, 24945],[5968, 24947],[5968, 24949],[5968, 24950],[5968, 24952],[5966, 24954],[5966, 24955],[5966, 24957],[5963, 24959],[5963, 24962],[5963, 24964],[5963, 24965],[5961, 24967],[5961, 24970],[5961, 24972],[5961, 24974],[5961, 24975],[5958, 24977]]]},"properties":{"objectType":"annotation","classification":{"name":"Ignore*","color":[180, 180, 180]}}},{"type":"Feature","id":"2f10172e-699f-45f1-acd7-07652a5bf1b3","geometry":{"type":"Polygon","coordinates":[[[5986, 25216],[5986, 25230],[5986, 25233],[5986, 25236],[5989, 25238],[5989, 25240],[5989, 25243],[5991, 25245],[5991, 25248],[5994, 25250],[5994, 25253],[6001, 25261],[6004, 25261],[6006, 25263],[6007, 25263],[6007, 25264],[6015, 25264],[6015, 25263],[6016, 25263],[6018, 25261],[6021, 25261],[6030, 25251],[6062, 25251],[6064, 25253],[6065, 25253],[6065, 25254],[6087, 25254],[6088, 25253],[6090, 25251],[6091, 25250],[6093, 25248],[6094, 25247],[6094, 25245],[6096, 25243],[6096, 25230],[6096, 25228],[6103, 25221],[6103, 25219],[6101, 25217],[6101, 25216],[6101, 25214],[6089, 25202],[6088, 25201],[6086, 25198.5],[6086, 25198],[6084, 25196],[6084, 25195],[6084, 25194],[6083, 25194],[6083, 25193],[6081, 25191],[6081, 25189],[6081, 25188],[6079, 25186],[6079, 25185],[6079, 25184],[6078, 25184],[6078, 25183],[6076, 25181],[6076, 25178],[6073, 25176],[6039, 25176],[6037, 25178],[6031, 25178],[6028.6, 25181],[6026, 25181],[6024, 25183],[6018, 25189],[6016, 25189],[6002, 25203],[6001, 25203],[5998.6, 25206],[5996, 25206],[5994.4, 25208],[5994, 25208],[5991, 25211],[5989, 25211],[5989, 25213],[5986, 25216]]]},"properties":{"objectType":"annotation","classification":{"name":"Ignore*","color":[180, 180, 180]}}},{"type":"Feature","id":"0e2b1587-a170-4874-b0ca-396a48e3d269","geometry":{"type":"Polygon","coordinates":[[[4120, 25368],[4135, 25383],[4136, 25456],[4160, 25472],[4152, 25520],[4184, 25528],[4168, 25568],[4240, 25576],[4264, 25616],[4288, 25616],[4304, 25656],[4368, 25680],[4384, 25632],[4384, 25680],[4408, 25696],[4496, 25704],[4600, 25648],[4608, 25608],[4632, 25584],[4640, 25536],[4624, 25512],[4640, 25448],[4592, 25448],[4592, 25408],[4552, 25400],[4496, 25408],[4496, 25392],[4440, 25360],[4432, 25320],[4456, 25272],[4488, 25288],[4488, 25256],[4512, 25280],[4560, 25280],[4544, 25264],[4528, 25176],[4464, 25168],[4480, 25128],[4480, 25056],[4430, 25064],[4431, 25048],[4480, 25048],[4448, 25008],[4448, 24960],[4376, 24952],[4368, 24968],[4286, 24938],[4258, 24948],[4208, 25009],[4181, 25069],[4163, 25074],[4171, 25182],[4146, 25254],[4120, 25368]]]},"properties":{"objectType":"annotation","classification":{"name":"Tumor","color":[102, 77, 179]}}},{"type":"Feature","id":"0fea7508-a26c-4a5e-8979-94114dcc3276","geometry":{"type":"Polygon","coordinates":[[[7136, 23520],[7016, 23556],[6906, 23674],[6837, 23666],[6868, 23704],[6841, 23790],[6804.8, 23827],[6769, 23816],[6760, 23768],[6678, 23675],[6608, 23640],[6504, 23632],[6456, 23648],[6390, 23705],[6356, 23760],[6339, 23883],[6339, 23966],[6377, 24021],[6377, 24064],[6428, 24166],[6472, 24216],[6464, 24296],[6440, 24328],[6400, 24312],[6392, 24344],[6430, 24363],[6365, 24464],[6424, 24616],[6506, 24683],[6536, 24744],[6616, 24720],[6631, 24676],[6672, 24656],[6684, 24599],[6717, 24581],[6715, 24377],[6752, 24376],[6784, 24544],[6752, 24528],[6752, 24576],[6848, 24624],[6872, 24664],[7007, 24677],[6991, 24729],[6907, 24733],[6943, 24781],[6975, 24781],[7033, 24837],[7116, 24872],[7208, 24862],[7255, 24840],[7322, 24756],[7368, 24728],[7347, 24653],[7416, 24632],[7416, 24600],[7352, 24564],[7384, 24543],[7408, 24584],[7480, 24616],[7552, 24560],[7568, 24528],[7576, 24432],[7616, 24392],[7616, 24312],[7568, 24256],[7656, 24256],[7672, 24208],[7728, 24208],[7736, 24160],[7704, 24160],[7712, 24096],[7760, 24128],[7760, 24000],[7720, 23928],[7608, 23864],[7480, 23864],[7408, 23888],[7320, 23968],[7352, 23992],[7328, 24070],[7296, 24024],[7296, 24104],[7336, 24128],[7312, 24192],[7208, 24072],[7192, 24111],[7152, 24112],[7114, 24058],[7120, 24013],[7092, 23990],[7133, 23832],[7183, 23832],[7229, 23764],[7178, 23823],[7137.2, 23801.8],[7156, 23762],[7220, 23730],[7224, 23672],[7248, 23656],[7232, 23608],[7192, 23576],[7184, 23528],[7136, 23520]],[[6752, 24034],[6752, 24040],[6744, 24040],[6752, 24034]]]},"properties":{"objectType":"annotation","classification":{"name":"Tumor","color":[102, 77, 179]}}},{"type":"Feature","id":"93c63ef6-aea6-417e-b2ac-a3f5c62e7c26","geometry":{"type":"Polygon","coordinates":[[[8352, 25560],[8352, 25624],[8400, 25720],[8467, 25724],[8472, 25760],[8568, 25768],[8608, 25744],[8719, 25733],[8698, 25771],[8593, 25833],[8568, 25904],[8520, 25976],[8530, 26036],[8504, 26120],[8528, 26264],[8612, 26301],[8640, 26352],[8648, 26320],[8792, 26288],[8920, 26160],[8952, 26016],[8944, 25936],[8897, 25887],[8880, 25832],[8827, 25771],[8832, 25728],[8763, 25712],[8704, 25592],[8608, 25520],[8488, 25504],[8376, 25566],[8352, 25560]]]},"properties":{"objectType":"annotation","classification":{"name":"Tumor","color":[102, 77, 179]}}},{"type":"Feature","id":"e0a8ad79-4f85-446e-89bf-4989221c5573","geometry":{"type":"Polygon","coordinates":[[[7978, 22204],[8059, 22294],[8271, 22371],[8424, 22528],[8576, 22520],[8629, 22336],[8540, 22174],[8384, 22039],[8176, 21952],[7984, 22024],[7978, 22204]]]},"properties":{"objectType":"annotation","classification":{"name":"Tumor","color":[102, 77, 179]}}},{"type":"Feature","id":"24d09035-d37c-42c5-bd6c-48a1b173e9a3","geometry":{"type":"Polygon","coordinates":[[[6144, 28784],[6223, 28883],[6424, 28928],[6504, 28896],[6552, 28808],[6528, 28736],[6395, 28743],[6272, 28632],[6168, 28680],[6144, 28784]]]},"properties":{"objectType":"annotation","classification":{"name":"Tumor","color":[102, 77, 179]}}},{"type":"Feature","id":"c3419394-2844-42be-a2e2-3ae57dc89b88","geometry":{"type":"Polygon","coordinates":[[[5432, 27952],[5352, 27976],[5272, 28080],[5264, 28232],[5313, 28316],[5488, 28419],[5664, 28381],[5824, 28408],[5992, 28264],[6024, 28136],[5928, 28032],[5673, 27969],[5432, 27952]],[[5856, 28048],[5856, 28064],[5848, 28064],[5856, 28048]]]},"properties":{"objectType":"annotation","classification":{"name":"Tumor","color":[102, 77, 179]}}},{"type":"Feature","id":"a8e0f822-4fd0-43a1-9229-38fbba2573c1","geometry":{"type":"Polygon","coordinates":[[[4648, 27952],[4672, 28096],[4688, 28096],[4752, 28168],[4848, 28176],[4920, 28152],[4936, 28176],[4928, 28256],[4960, 28280],[4952, 28320],[4976, 28320],[4976, 28280],[5032, 28328],[5128, 28312],[5176, 28264],[5184, 28176],[5152, 28088],[5120, 28088],[5060, 28043],[5106, 27961],[5183, 27961],[5248, 27912],[5263, 27876],[5290, 27871],[5296, 27808],[5285, 27771],[5392, 27800],[5424, 27740.25],[5464, 27744],[5456, 27800],[5480, 27832],[5528, 27856],[5624, 27864],[5664, 27848],[5680, 27817],[5711, 27844],[5680, 27864],[5711, 27897],[5711, 27928],[5680, 27952],[5792, 27960],[5944, 27944],[5960, 27919],[6000, 27928],[6056, 27896],[6104, 27824],[6112, 27760],[6096, 27720],[6112, 27696],[6073, 27696],[6042, 27665],[6056, 27628],[6163, 27636],[6311, 27615],[6368, 27589],[6436, 27524],[6448, 27448],[6368, 27369],[6265, 27318],[6138, 27237],[6048, 27224],[5989, 27199],[5910, 27220],[5872, 27245],[5816, 27248],[5791, 27279],[5760, 27280],[5712, 27320],[5688, 27360],[5701, 27437],[5662.22, 27428],[5622, 27373],[5560, 27360],[5537, 27337],[5511, 27351],[5544, 27372],[5469, 27361],[5435, 27341],[5394, 27347],[5391, 27431],[5332, 27480],[5275, 27500],[5331, 27494],[5335, 27510],[5295, 27551],[5298, 27608],[5270, 27644],[5274, 27599],[5224, 27528],[5200, 27512],[5120, 27504],[5088, 27528],[5061, 27493],[5082, 27471],[5041, 27435],[5033, 27466],[4967, 27426],[4891, 27453],[4848, 27496],[4848, 27533],[4822, 27592],[4800, 27600],[4771, 27648],[4759, 27701],[4792, 27747],[4797, 27784],[4768, 27804],[4720, 27800],[4720, 27822],[4669, 27894],[4648, 27952]]]},"properties":{"objectType":"annotation","classification":{"name":"Tumor","color":[102, 77, 179]}}},{"type":"Feature","id":"38629118-4c9d-4c06-91ee-1559697128df","geometry":{"type":"Polygon","coordinates":[[[5919, 26343],[5753, 26420],[5745, 26450],[5689, 26480],[5714, 26491],[5774, 26457],[5779, 26422],[5835.57, 26394.43],[5842, 26420],[5788, 26500],[5733, 26517],[5702.64, 26550.64],[5630, 26590],[5617, 26644],[5638, 26659],[5661, 26747],[5681, 26775],[5723, 26777],[5656, 26840],[5573, 26874],[5584, 26916],[5528, 26928],[5487, 27043],[5440, 27090],[5440, 27155],[5462, 27202],[5545, 27213],[5583, 27268],[5633, 27231],[5641, 27179],[5666, 27185],[5677, 27238],[5736, 27238],[5824, 27208],[5848, 27176],[5856, 27208],[5888, 27184],[5968, 27160],[5976, 27088],[6016, 27088],[6024, 27040],[6072, 27008],[6112, 27008],[6120, 26952],[6064, 26968],[6112, 26936],[6148, 26753],[6140, 26612],[6101, 26556],[6092, 26460],[6060, 26432],[6040, 26344],[5919, 26343]],[[5912, 26390.41],[5912, 26392],[5910.31, 26392],[5912, 26390.41]],[[6031, 26448],[6030, 26449],[6029, 26448],[6031, 26448]],[[5998, 26462],[5998, 26466],[5995, 26463],[5998, 26462]],[[6026.67, 26447.33],[6028, 26448],[6027, 26448],[6026.67, 26447.33]],[[6038.86, 26352],[6032, 26358],[6032, 26352],[6038.86, 26352]],[[6056, 26441],[6065, 26451],[6057, 26446],[6056, 26441]],[[6037, 26472],[6040.5, 26472.5],[6037, 26474],[6037, 26472]]]},"properties":{"objectType":"annotation","classification":{"name":"Tumor","color":[102, 77, 179]}}},{"type":"Feature","id":"68f9244d-b658-4855-a7e1-df18bd2806e9","geometry":{"type":"Polygon","coordinates":[[[7513, 28165],[7513, 28252],[7570, 28287],[7632, 28240],[7632, 28160],[7585, 28130],[7513, 28165]]]},"properties":{"objectType":"annotation","classification":{"name":"Tumor","color":[102, 77, 179]}}},{"type":"Feature","id":"5013fc37-3572-4934-8589-d2281b0fb40c","geometry":{"type":"Polygon","coordinates":[[[5457, 29311],[5457, 29323],[5461, 29326],[5461, 29331],[5462, 29331],[5465, 29335],[5465, 29339],[5466, 29339],[5466, 29340],[5470, 29343],[5470, 29348],[5478, 29356],[5478, 29361],[5479, 29361],[5482, 29365],[5482, 29369],[5483, 29369],[5512, 29399],[5512, 29403],[5513, 29403],[5516, 29407],[5516, 29411],[5522, 29417],[5526, 29417],[5530, 29420],[5530, 29421],[5554, 29421],[5554, 29420],[5558, 29417],[5583, 29417],[5583, 29416],[5584, 29416],[5587, 29413],[5591, 29413],[5591, 29412],[5592, 29412],[5593, 29411],[5593, 29407],[5601, 29399],[5601, 29394],[5605, 29391],[5605, 29390],[5606, 29389],[5606, 29386],[5609, 29382],[5610, 29381],[5610, 29371],[5609, 29371],[5597, 29358],[5597, 29354],[5596, 29354],[5592, 29349],[5587, 29349],[5579, 29341],[5579, 29340],[5575, 29340],[5571, 29337],[5571, 29336],[5566, 29336],[5558, 29328],[5553, 29328],[5550, 29324],[5549, 29324],[5549, 29323],[5545, 29323],[5541, 29320],[5541, 29319],[5536, 29319],[5533, 29315],[5528, 29315],[5524, 29311],[5515, 29311],[5511, 29307],[5511, 29306],[5502, 29306],[5498, 29302],[5466, 29302],[5466, 29303],[5457, 29311]]]},"properties":{"objectType":"annotation","classification":{"name":"Ignore*","color":[180, 180, 180]}}},{"type":"Feature","id":"3ff328a2-e4ed-4ff6-91f3-8b97085ddc62","geometry":{"type":"Polygon","coordinates":[[[5204, 29205],[5204, 29229],[5212, 29237],[5212, 29242],[5213, 29242],[5233, 29263],[5233, 29280],[5234, 29280],[5238, 29284],[5238, 29293],[5246, 29301],[5246, 29306],[5247, 29306],[5255, 29314],[5255, 29315],[5260, 29315],[5264, 29319],[5279, 29319],[5283, 29315],[5288, 29315],[5288, 29314],[5293, 29309],[5293, 29301],[5296, 29297],[5297, 29297],[5297, 29290],[5296, 29290],[5293, 29286],[5293, 29278],[5292, 29278],[5292, 29277],[5280, 29265],[5280, 29256],[5279, 29256],[5276, 29252],[5276, 29246],[5279, 29242],[5280, 29242],[5280, 29214],[5279, 29214],[5276, 29210],[5276, 29206],[5270, 29200],[5266, 29200],[5262, 29197],[5262, 29196],[5249, 29196],[5245, 29192],[5236, 29192],[5233, 29188],[5221, 29188],[5204, 29205]]]},"properties":{"objectType":"annotation","classification":{"name":"Ignore*","color":[180, 180, 180]}}},{"type":"Feature","id":"4097ce82-8bb8-450a-b6e3-bf0b35e746e0","geometry":{"type":"Polygon","coordinates":[[[4840, 27022],[4840, 27035],[4840, 27038],[4840, 27059],[4844, 27062],[4844, 27063],[4844, 27071],[4845, 27071],[4848, 27075],[4848, 27079],[4853, 27084],[4853, 27088],[4857, 27093],[4862, 27093],[4866, 27097],[4867, 27097],[4867, 27098],[4914, 27098],[4915, 27097],[4916, 27097],[4919, 27093],[4937, 27093],[4941, 27089],[4949, 27089],[4959, 27079],[4959, 27071],[4959, 27065],[4959, 27052],[4958, 27052],[4958, 27051],[4955, 27048],[4955, 27045],[4955, 27040],[4954, 27040],[4954, 27039],[4945, 27030],[4941, 27030],[4936, 27025],[4928, 27025],[4924, 27022],[4924, 27021],[4915, 27021],[4911, 27017],[4898, 27017],[4894, 27013],[4849, 27013],[4840, 27022]]]},"properties":{"objectType":"annotation","classification":{"name":"Ignore*","color":[180, 180, 180]}}},{"type":"Feature","id":"7d230833-bacc-4d91-ac1f-13d740afc23c","geometry":{"type":"Polygon","coordinates":[[[7709, 26573],[7709, 26589],[7713, 26593],[7713, 26594],[7713, 26602],[7713, 26610],[7717, 26614],[7717, 26619],[7717, 26627],[7717, 26631],[7721, 26635],[7721, 26636],[7721, 26639],[7721, 26640],[7722, 26640],[7725, 26643],[7725, 26644],[7726, 26644],[7730, 26648],[7730, 26649],[7734, 26649],[7738, 26653],[7739, 26653],[7739, 26654],[7743, 26654],[7747, 26657],[7748, 26658],[7756, 26658],[7760, 26662],[7764, 26662],[7768, 26666],[7768.33, 26666],[7777, 26674],[7777, 26675],[7781, 26675],[7785, 26678],[7785, 26679],[7794, 26679],[7798, 26683],[7809, 26683],[7810.43, 26681.57],[7811, 26682],[7812, 26683],[7817, 26683],[7818, 26682],[7822, 26679],[7830, 26679],[7831, 26678],[7835, 26675],[7838, 26675],[7838, 26674],[7839, 26674],[7842, 26671],[7843, 26670],[7844, 26670],[7848, 26666],[7848, 26665],[7849, 26664],[7853, 26660],[7856, 26657],[7857, 26657],[7857, 26652],[7857, 26632],[7857, 26631],[7857, 26629],[7857, 26628],[7857, 26624],[7853, 26621],[7853, 26620],[7853, 26616],[7852, 26616],[7848, 26611.43],[7848, 26611],[7846.05, 26609.2],[7845, 26608],[7845, 26605],[7844, 26604],[7844, 26603],[7839.33, 26603],[7839, 26602.7],[7839, 26602],[7838.25, 26602],[7835, 26599],[7835, 26598],[7813, 26598],[7810, 26594],[7805, 26594],[7802, 26591],[7802, 26565],[7801, 26565],[7798, 26561],[7798, 26558],[7798, 26557],[7797, 26557],[7797, 26556],[7788, 26547.69],[7788, 26547],[7787.25, 26547],[7784, 26544],[7784, 26543],[7764, 26543],[7760, 26547],[7752, 26547],[7748, 26551],[7744, 26551],[7735, 26560],[7730, 26560],[7726, 26564],[7718, 26564],[7718, 26565],[7709, 26573]]]},"properties":{"objectType":"annotation","classification":{"name":"Ignore*","color":[180, 180, 180]}}},{"type":"Feature","id":"484e733c-dbb3-484d-8574-6d0084017eec","geometry":{"type":"Polygon","coordinates":[[[3564, 27538],[3662, 27659],[3658, 27831],[3708, 27822],[3711.2, 27725.6],[3807, 27818],[3968, 27784],[4120, 27624],[4128, 27536],[4044, 27432],[3922, 27427],[3930, 27481],[3843, 27544],[3672, 27536],[3652, 27589],[3564, 27538]]]},"properties":{"objectType":"annotation","classification":{"name":"Tumor","color":[102, 77, 179]}}},{"type":"Feature","id":"47864237-0680-4845-85cc-4dc460965e7d","geometry":{"type":"Polygon","coordinates":[[[3848, 25944],[3760, 25960],[3735, 26031],[3696, 26064],[3716, 26241],[3800, 26350],[3784, 26408],[3640, 26568],[3616, 26744],[3640, 26816],[3704, 26864],[3824, 26880],[3912, 26840],[3968, 26776],[4000, 26696],[4056, 26664],[4025, 26648],[4048, 26568],[4025, 26528],[4058, 26498],[4124, 26511],[4176, 26424],[4168, 26368],[4128, 26380],[4128, 26328],[4064, 26270],[4024, 26104],[3848, 25944]],[[3758, 26256],[3759, 26257],[3759, 26257.13],[3758, 26256]]]},"properties":{"objectType":"annotation","classification":{"name":"Tumor","color":[102, 77, 179]}}},{"type":"Feature","id":"3d5a935f-9529-4a4e-b6bf-b6ecb8c45418","geometry":{"type":"Polygon","coordinates":[[[4209, 27113],[4174, 27138],[4024, 27128],[3872, 27224],[3928, 27336],[4208, 27440],[4268, 27288],[4261, 27190],[4209, 27113]],[[4248, 27248],[4240, 27253],[4240, 27249],[4248, 27248]]]},"properties":{"objectType":"annotation","classification":{"name":"Tumor","color":[102, 77, 179]}}},{"type":"Feature","id":"af7ffe37-4be0-498e-8257-cc9e6eea22ee","geometry":{"type":"MultiPolygon","coordinates":[[[[3759, 27209],[3630, 27239],[3551, 27374],[3592, 27491],[3776, 27520],[3840, 27488],[3848, 27320],[3759, 27209]],[[3568, 27417],[3569, 27418],[3569, 27419],[3568, 27417]],[[3595, 27469],[3595, 27470],[3594, 27469],[3595, 27469]]],[[[3802, 27254],[3803, 27256],[3804, 27256],[3802, 27254]]]]},"properties":{"objectType":"annotation","classification":{"name":"Tumor","color":[102, 77, 179]}}},{"type":"Feature","id":"8e8edcc2-dfa9-4c47-a5c4-22c63286a9b9","geometry":{"type":"Polygon","coordinates":[[[3437, 26008],[3449, 26148],[3516, 26226],[3578, 26204],[3596, 26080],[3515, 26002],[3437, 26008]]]},"properties":{"objectType":"annotation","classification":{"name":"Tumor","color":[102, 77, 179]}}},{"type":"Feature","id":"c12c3975-70f6-4df2-bf72-18ccdf4a8d7b","geometry":{"type":"MultiPolygon","coordinates":[[[[3455, 26770],[3482, 26743],[3552, 26768],[3537, 26701],[3562, 26696],[3584, 26648],[3560, 26544],[3520, 26515],[3456, 26416],[3456, 26368],[3432, 26392],[3328, 26376],[3317, 26413],[3296, 26384],[3227, 26384],[3181, 26352],[3232, 26360],[3344, 26360],[3384, 26312],[3400, 26272],[3392, 26208],[3365, 26148],[3290, 26096],[3207, 26084],[3158, 26113],[3092, 26115],[3118, 26156],[3072, 26244],[3044, 26260],[3040, 26232],[2960, 26170.5],[2960, 26139],[3008, 26136],[3025, 26105],[3064, 26080],[3083, 26008],[3112, 25968],[3112, 25872],[3096, 25800],[3112, 25768],[3112, 25632],[3104, 25568],[3072, 25504],[3064, 25448],[3024, 25392],[3008, 25408],[2936, 25392],[2840, 25384],[2880, 25368],[2896, 25328],[2888, 25288],[2856, 25248],[2832, 25248],[2792, 25192],[2704, 25168],[2632, 25176],[2640, 25216],[2608, 25184],[2560, 25184],[2464, 25240],[2440, 25288],[2392, 25304],[2360, 25352],[2360, 25480],[2432, 25528],[2520, 25512],[2584, 25424],[2576, 25496],[2560, 25488],[2552, 25536],[2576, 25536],[2600, 25488],[2600, 25456],[2624, 25480],[2664, 25472],[2664, 25528],[2760, 25632],[2808, 25640],[2824, 25685],[2792, 25696],[2776, 25728],[2723, 25696],[2744, 25656],[2712, 25656],[2680, 25608],[2568, 25600],[2528, 25616],[2472, 25664],[2464, 25696],[2472, 25776],[2560, 25853],[2625, 25845],[2680, 25872],[2716, 25864],[2718, 25972],[2696, 26024],[2632, 26024],[2552, 26072],[2512, 26072],[2488, 26104],[2424, 26144],[2416, 26184],[2384, 26208],[2360, 26256],[2352, 26400],[2384, 26424],[2392, 26464],[2480, 26488],[2480, 26520],[2552, 26528],[2560, 26544],[2656, 26528],[2696, 26488],[2744, 26472],[2784, 26432],[2776, 26400],[2805, 26377],[2800, 26424],[2845.67, 26424],[2912, 26480],[2936, 26456],[2984, 26488],[3029, 26492],[3019, 26582],[2992, 26595],[2943, 26563],[2895, 26501],[2792, 26520],[2736, 26520],[2613, 26584],[2623, 26621],[2601, 26688],[2605, 26734],[2629, 26766],[2758, 26848],[2768, 26864],[2824, 26872],[2880, 26896],[3112, 26896],[3160, 26880],[3152, 26848],[3162, 26776],[3184, 26856],[3224, 26848],[3272, 26808],[3280, 26712],[3304, 26704],[3248, 26668],[3192, 26592],[3216, 26579],[3290, 26636],[3320, 26720],[3368, 26752],[3455, 26770]]],[[[3455, 26770],[3355, 26814],[3296, 26888],[3315, 27035],[3282, 27058],[3232, 27040],[3095, 27038],[3048, 27136],[3094, 27231],[3054, 27218],[3056, 27272],[2980, 27301],[2840, 27312],[2776, 27248],[2648, 27240],[2610, 27266],[2559, 27256],[2492, 27300],[2483, 27448],[2538, 27566],[2687, 27707],[2625, 27801],[2658, 27844],[2599, 27820],[2566, 27745],[2528, 27765],[2577, 27839],[2676, 27894],[2720, 27784],[2802, 27836],[3011, 27836],[3160, 27904],[3203, 27882],[3234, 27930],[3306, 27884],[3400, 27928],[3576, 27920],[3641, 27880],[3656, 27800],[3688, 27800],[3688, 27680],[3648, 27568],[3600, 27536],[3491, 27510],[3496, 27544],[3443, 27508],[3288, 27504],[3344, 27456],[3280, 27416],[3257, 27344],[3301, 27299],[3344, 27340],[3389, 27197],[3416, 27216],[3510, 27207],[3608, 27120],[3634, 27008],[3632, 26944],[3578, 26866],[3452, 26805],[3455, 26770]]]]},"properties":{"objectType":"annotation","classification":{"name":"Tumor","color":[102, 77, 179]}}},{"type":"Feature","id":"3a482e3b-a9ea-4a18-ac7b-0cc4c90d9f56","geometry":{"type":"Polygon","coordinates":[[[3477, 24745],[3477, 24754],[3480, 24757],[3484, 24757],[3489, 24763],[3493, 24763],[3495, 24766],[3499, 24766],[3501, 24769],[3505, 24769],[3516, 24780],[3516, 24784],[3519, 24787],[3528, 24787],[3539, 24775],[3543, 24775],[3546, 24772],[3546, 24769],[3546, 24768],[3552, 24763],[3552, 24760],[3552, 24759],[3555, 24757],[3555, 24751],[3555, 24750],[3558, 24748],[3558, 24744],[3566, 24736],[3570, 24736],[3572, 24733],[3576, 24733],[3576, 24730],[3579, 24727],[3579, 24726.5],[3582, 24724],[3582, 24718],[3582, 24714],[3585, 24712],[3585, 24691],[3582, 24689],[3582, 24685],[3578, 24685],[3576, 24682],[3572, 24682],[3570, 24679],[3566, 24679],[3564, 24676],[3549, 24676],[3547, 24679],[3543, 24679],[3540, 24682],[3540, 24686],[3528, 24697],[3528, 24701],[3526, 24703],[3522, 24703],[3511, 24715],[3507, 24715],[3505, 24718],[3501, 24718],[3499, 24721],[3492, 24721],[3490, 24724],[3483, 24724],[3483, 24728],[3480, 24730],[3480, 24743],[3477, 24745]]]},"properties":{"objectType":"annotation","classification":{"name":"Ignore*","color":[180, 180, 180]}}},{"type":"Feature","id":"60ba46a6-78d7-4d3e-9c23-b37e8c2e79c4","geometry":{"type":"Polygon","coordinates":[[[3603, 24557],[3603, 24560],[3612, 24568],[3612, 24599],[3612, 24602],[3612, 24614],[3615, 24617],[3633, 24617],[3635, 24614],[3642, 24614],[3644, 24611],[3651, 24611],[3653, 24608],[3657, 24608],[3660, 24605],[3663, 24602],[3666, 24599],[3666, 24595.5],[3669, 24593],[3669, 24589],[3672, 24587],[3672, 24584],[3672, 24572],[3669, 24570],[3669, 24566],[3666, 24563],[3663, 24560],[3659.5, 24560],[3657, 24557],[3653, 24557],[3651, 24554],[3641, 24554],[3639, 24551],[3606, 24551],[3606, 24555],[3603, 24557]]]},"properties":{"objectType":"annotation","classification":{"name":"Ignore*","color":[180, 180, 180]}}},{"type":"Feature","id":"ed32b9db-7b91-449c-a4d6-d4c887b6d92b","geometry":{"type":"Polygon","coordinates":[[[2264, 24822],[2264, 24831],[2264, 24840],[2264, 24846],[2267, 24848],[2267, 24856],[2264, 24858],[2264, 24867],[2267, 24869],[2267, 24873],[2270, 24876],[2280, 24876],[2282, 24879],[2324, 24879],[2326, 24876],[2330, 24876],[2333, 24873],[2336, 24870],[2342, 24864],[2342, 24861],[2342, 24860],[2345, 24858],[2345, 24854],[2353, 24846],[2357, 24846],[2359, 24843],[2363, 24843],[2372, 24834],[2372, 24827],[2375, 24825],[2375, 24815],[2381, 24810],[2381, 24806],[2384, 24804],[2384, 24794],[2387, 24792],[2387, 24786],[2384, 24783],[2369, 24783],[2364, 24789],[2360, 24789],[2358, 24792],[2350, 24792],[2348, 24789],[2344, 24789],[2342, 24787],[2342, 24783],[2339, 24781],[2339, 24774],[2336, 24771],[2332, 24771],[2330, 24768],[2312, 24768],[2310, 24771],[2300, 24771],[2295, 24777],[2291, 24777],[2282, 24786],[2279, 24789],[2276, 24792],[2276, 24795.5],[2273, 24798],[2273, 24802],[2273, 24805],[2270, 24807],[2270, 24810],[2267, 24810],[2267, 24816],[2267, 24820],[2264, 24822]]]},"properties":{"objectType":"annotation","classification":{"name":"Ignore*","color":[180, 180, 180]}}},{"type":"Feature","id":"11f825f4-b257-4573-a93b-7195cb83005c","geometry":{"type":"Polygon","coordinates":[[[4784, 23656],[4728, 23672],[4711, 23704],[4644, 23755],[4612, 23751],[4592, 23800],[4552, 23815],[4560, 23784],[4512, 23800],[4518, 23834],[4460, 23888],[4377, 23883],[4352, 23832],[4280, 23816],[4245, 23863],[4192, 23856],[4169, 23923],[4107, 23996],[4088, 24087],[4056, 24104],[4048, 24176],[4056, 24216],[4024, 24248],[4016, 24352],[3968, 24472],[3936, 24496],[3984, 24584],[4040, 24584],[4072, 24504],[4112, 24488],[4104, 24432],[4160, 24464],[4197, 24436],[4225, 24380],[4203, 24345],[4166, 24344],[4173, 24321],[4232, 24312],[4259, 24339],[4280, 24400],[4352, 24400],[4352, 24432],[4384, 24416],[4400, 24352],[4432, 24344],[4331, 24232],[4352, 24208],[4344, 24117],[4363, 24088],[4408, 24096],[4424, 24072],[4432, 24128],[4480, 24144],[4544, 24144],[4568, 24160],[4735, 24156],[4784, 24136],[4840, 24136],[4896, 24104],[4968, 24104],[4974, 24075],[5024, 24072],[5096, 24000],[5120, 23960],[5120, 23904],[5105, 23812],[5121, 23781],[5084, 23801],[5057, 23740],[5007, 23716],[5008, 23680],[4920, 23671],[4912, 23656],[4832, 23664],[4784, 23656]],[[4152, 24430],[4174, 24440],[4152, 24440],[4152, 24430]],[[4190, 23894],[4190, 23896],[4187, 23896],[4190, 23894]],[[4152, 24408],[4153, 24416],[4152, 24417],[4152, 24408]],[[4209, 24305],[4208, 24306],[4208, 24305],[4209, 24305]],[[4161, 24422],[4165, 24426],[4163, 24426],[4161, 24422]],[[4260, 24290],[4260, 24291],[4250, 24300],[4260, 24290]],[[4192, 23983.56],[4192.5, 23984],[4192, 23984],[4192, 23983.56]],[[4153, 24404],[4156, 24407],[4156, 24410],[4153, 24404]],[[4209, 24305],[4224, 24304],[4224, 24305],[4209, 24305]],[[4161, 24420],[4161, 24421],[4160, 24421],[4161, 24420]],[[4241, 24305],[4239, 24306],[4233, 24305],[4241, 24305]],[[4755.25, 24144],[4754, 24145],[4752, 24144],[4755.25, 24144]],[[4156, 24410],[4158, 24411],[4157, 24413],[4156, 24410]],[[4277, 24216],[4290, 24224],[4242, 24283],[4277, 24216]],[[4262, 24317],[4264, 24336],[4254, 24324],[4262, 24317]]]},"properties":{"objectType":"annotation","classification":{"name":"Tumor","color":[102, 77, 179]}}},{"type":"Feature","id":"cb1fbd57-93ee-473f-8d7f-55591016beac","geometry":{"type":"Polygon","coordinates":[[[6984, 25416],[6992, 25608],[7104, 25664],[7240, 25656],[7275, 25543],[7200, 25416],[6984, 25416]]]},"properties":{"objectType":"annotation","classification":{"name":"Tumor","color":[102, 77, 179]}}},{"type":"Feature","id":"068d9b49-5826-4aa8-8b1f-43d8c615d368","geometry":{"type":"Polygon","coordinates":[[[8784, 23608],[8776, 23645.47],[8744, 23672],[8688, 23696],[8683, 23738],[8640, 23760],[8592, 23800],[8592, 23824],[8565.12, 23860],[8529, 23883],[8510, 23920],[8480, 23920],[8480, 23952],[8520, 23961.56],[8520, 23995.44],[8485, 24000],[8428, 23944],[8448, 23920],[8400, 23920],[8408, 23904],[8360, 23920],[8320, 23920],[8288, 23952],[8280, 24016],[8328, 24048],[8331, 24115],[8400, 24160],[8408, 24184],[8448, 24184],[8471, 24216],[8464, 24256],[8483, 24256],[8493, 24292],[8464, 24296],[8448, 24336],[8392, 24336],[8328, 24376],[8216, 24384],[8200, 24408],[8136, 24432],[8064, 24512],[8064, 24568],[8040, 24584],[8048, 24616],[8104, 24664],[8144, 24728],[8208, 24736],[8216, 24721],[8264, 24728],[8312, 24694],[8368, 24632],[8368, 24592],[8402, 24577],[8439, 24594],[8415, 24634],[8376, 24658],[8296, 24757],[8256, 24784],[8259, 24806],[8216, 24832],[8208, 24872],[8223, 24882],[8168, 24912],[8024, 25040],[7992, 25056],[8016, 25024],[7984, 25040],[7984, 25072],[7952, 25088],[7952, 25136],[7920, 25144],[7904, 25176],[7904, 25248],[7854, 25299],[7876, 25314],[7856, 25344],[7882, 25443],[7856, 25472],[7860, 25508],[7843, 25542],[7800, 25544],[7800, 25565.25],[7760, 25594],[7752, 25536],[7696, 25536],[7688, 25512],[7616, 25520],[7560, 25504],[7498, 25529],[7475, 25510],[7432, 25512],[7401, 25546],[7404, 25574],[7324, 25630],[7280, 25616],[7286, 25661],[7246, 25724],[7225, 25703],[7225, 25735],[7253, 25762],[7272, 25832],[7327, 25843],[7312, 25888],[7359.67, 25872],[7408, 25888],[7424, 25920],[7496, 25904],[7555, 25871],[7568, 25896],[7608, 25872],[7656, 25880],[7668, 25865],[7745, 25888],[7776, 25928],[7784, 26024],[7808, 26024],[7824, 26088],[7888, 26136],[7896, 26160],[7872, 26176],[7960, 26184],[7984, 26216],[7992, 26272],[8024, 26280],[8024, 26320],[8040, 26344],[8032, 26392],[8088, 26400],[8112, 26440],[8136, 26448],[8152, 26480],[8192, 26488],[8272, 26488],[8248, 26520],[8256, 26552],[8304, 26568],[8440, 26568],[8472, 26536],[8472, 26488],[8520, 26480],[8520, 26432],[8568, 26424],[8568, 26368],[8544, 26344],[8496, 26368],[8368, 26360],[8368, 26280],[8392, 26272],[8376, 26184],[8400, 26168],[8376, 26152],[8376, 26104],[8360, 26096],[8344, 26048],[8296, 26048],[8280, 26024],[8224, 26024],[8240, 26008],[8224, 25976],[8224, 25840],[8200, 25832],[8184, 25778],[8200, 25760],[8193, 25692],[8204, 25594],[8224, 25576],[8229, 25506],[8245, 25473],[8300, 25432],[8316, 25399],[8346, 25399],[8337, 25370],[8368, 25312],[8360, 25210.25],[8384, 25208],[8416, 25168],[8422, 25136],[8497, 25137],[8588, 25116],[8659, 25186],[8662, 25214],[8696, 25245],[8776, 25290],[8826, 25309],[8889, 25312],[8960, 25352],[9058, 25367],[9104, 25359],[9161, 25426],[9217, 25426],[9320, 25520],[9363, 25514],[9387, 25486],[9511.67, 25480],[9544, 25503],[9517, 25538],[9475, 25546],[9447, 25530],[9361, 25558],[9659, 25558],[9567, 25554],[9552, 25543],[9556, 25497],[9592, 25482],[9688, 25480],[9718, 25466],[9768, 25464],[9784, 25424],[9824, 25384],[9848, 25448],[9928, 25440],[9952, 25448],[10000, 25424],[10048, 25384],[10048, 25360],[10080, 25344],[10008, 25304],[10008, 25264],[9992, 25280],[9928, 25272],[9904, 25256],[9904, 25288],[9856, 25280],[9848, 25296],[9752, 25288],[9655, 25310],[9608, 25264],[9584, 25288],[9536, 25290],[9512, 25264],[9480, 25256],[9445, 25270],[9321, 25266],[9281, 25286],[9244, 25241],[9312, 25216],[9312, 25189],[9384, 25128],[9384, 25080],[9360, 25032],[9304, 25000],[9296, 24968],[9218, 24958],[9120, 24976],[9072, 24976],[9048, 25001.5],[8999, 24968],[9008, 24952],[8944, 24920],[8915, 24923],[8886, 24895],[8832, 24904],[8805.33, 24926],[8763, 24904],[8808, 24912],[8752, 24840],[8687, 24817],[8776, 24776],[8808, 24736],[8824, 24656],[8824, 24504],[8928, 24512],[8944, 24488],[9016, 24472],[9016, 24392],[9024, 24368],[8984, 24320],[8944, 24296],[8864, 24296],[8822, 24310],[8832, 24272],[8912, 24264],[8952, 24232],[8952, 24152],[8904, 24096],[8904, 24056],[8920, 24040],[8928, 23968],[8896, 23920],[8848, 23920],[8792, 23937.33],[8792, 23904],[8768, 23901.74],[8776, 23856],[8816, 23864],[8840, 23848],[8856, 23784],[8876, 23768],[8936, 23784],[8944, 23696],[8960, 23688],[8952, 23624],[8936, 23608],[8904, 23624],[8856, 23624],[8856, 23647],[8824, 23608],[8784, 23608]],[[9179.25, 25224],[9169, 25246],[9163, 25231],[9179.25, 25224]],[[7570, 25518],[7572, 25520],[7568, 25520],[7570, 25518]],[[8704, 23712],[8705, 23716],[8704, 23717],[8704, 23712]]]},"properties":{"objectType":"annotation","classification":{"name":"Tumor","color":[102, 77, 179]}}},{"type":"Feature","id":"5ddfa0b5-0b9b-4a7d-a5ea-79801771a7e6","geometry":{"type":"Polygon","coordinates":[[[9704, 21664],[9720, 21688],[9720, 21728],[9752, 21752],[9760, 21800],[9784, 21808],[9808, 21840],[9880, 21888],[9888, 21864],[9912, 21872],[9920, 21856],[9992, 21848],[10008, 21816],[10032, 21800],[10021, 21768],[10043, 21793],[10083, 21772],[10096, 21752],[10096, 21691],[10114, 21678],[10110, 21644],[10125, 21567],[10121, 21525],[10087, 21527],[10051, 21500],[10008, 21521],[9943, 21523],[9848, 21550],[9837, 21568],[9784, 21576],[9792, 21600],[9744, 21616],[9744, 21656],[9704, 21664]]]},"properties":{"objectType":"annotation","classification":{"name":"Tumor","color":[102, 77, 179]}}},{"type":"Feature","id":"2fc1c04b-0568-4a75-9bd5-552df539a598","geometry":{"type":"Polygon","coordinates":[[[10192, 22384],[10192, 22464],[10264, 22488],[10304, 22464],[10304, 22519],[10256, 22600],[10320, 22712],[10392, 22776],[10416, 22816],[10456, 22816],[10528, 22856],[10536, 22880],[10592, 22872],[10624, 22840],[10680, 22832],[10712, 22784],[10728, 22640],[10672, 22584],[10640, 22584],[10672, 22544],[10680, 22464],[10648, 22416],[10544, 22360],[10424, 22360],[10429, 22384],[10352, 22408],[10320, 22448],[10320, 22392],[10272, 22344],[10192, 22384]]]},"properties":{"objectType":"annotation","classification":{"name":"Tumor","color":[102, 77, 179]}}},{"type":"Feature","id":"d99a1fa7-7e89-4399-a607-9171887e1459","geometry":{"type":"Polygon","coordinates":[[[10688, 21872],[10704, 21920],[10696, 21960],[10705, 21984],[10768, 22071],[10768, 22104],[10788.05, 22096],[10816, 22123.21],[10816, 22144],[10856, 22168],[10840, 22137],[10920, 22144],[10944, 22128],[10992, 22136],[10988, 22104],[11008, 22104],[11016, 22056],[11004, 22048],[11018.47, 22016],[11040, 22008],[11048, 21984],[11048, 21928],[11032, 21905],[11032, 21864],[11016, 21856],[11016, 21784],[10986, 21792],[10968, 21770],[10968, 21736],[10944, 21720],[10928, 21688],[10936, 21728],[10901, 21756],[10840, 21752],[10815, 21775],[10771, 21795],[10752.62, 21814],[10712, 21832],[10704, 21862],[10688, 21872]]]},"properties":{"objectType":"annotation","classification":{"name":"Tumor","color":[102, 77, 179]}}},{"type":"Feature","id":"f1c74748-e940-4faf-926c-39af1bc29607","geometry":{"type":"MultiPolygon","coordinates":[[[[10291, 21527],[10255, 21575],[10199, 21594],[10177, 21647],[10186, 21713],[10146, 21715],[10125, 21856],[10152, 21960],[10206, 21976],[10210, 22012],[10305, 22025],[10302, 21989],[10345, 21980],[10500, 21848],[10555, 21822],[10592, 21833],[10711, 21779],[10774, 21687],[10741, 21560],[10767, 21542],[10712, 21532],[10646, 21561],[10640, 21532],[10587, 21531],[10569, 21579],[10529, 21582],[10480, 21552],[10433, 21564],[10416, 21528],[10291, 21527]]],[[[10415, 21921],[10412, 21924],[10416, 21922],[10415, 21921]]]]},"properties":{"objectType":"annotation","classification":{"name":"Tumor","color":[102, 77, 179]}}},{"type":"Feature","id":"abd18608-1064-460e-b304-a539a0c6d4b6","geometry":{"type":"MultiPolygon","coordinates":[[[[10595, 21910],[10392, 21974],[10368, 22095],[10422, 22223],[10499, 22257],[10687, 22171],[10682, 21985],[10595, 21910]],[[10387, 22123],[10387, 22123.43],[10386.5, 22123],[10387, 22123]]],[[[10596, 22215],[10596, 22216],[10597, 22215],[10596, 22215]]]]},"properties":{"objectType":"annotation","classification":{"name":"Tumor","color":[102, 77, 179]}}},{"type":"Feature","id":"3e51d4cf-883b-4946-a009-fce8131efbec","geometry":{"type":"MultiPolygon","coordinates":[[[[9721, 20785],[9603, 20798],[9443, 20893],[9399, 21111],[9447, 21225],[9570, 21266],[9760, 21133],[9809, 21143],[9924, 21026],[10000, 20850],[9915, 20791],[9838.67, 20838],[9721, 20785]]],[[[9692, 21184.6],[9687, 21194],[9690, 21192],[9692, 21184.6]]]]},"properties":{"objectType":"annotation","classification":{"name":"Tumor","color":[102, 77, 179]}}},{"type":"Feature","id":"c76f2b26-f5fa-4032-bb97-3f0c2d7730c8","geometry":{"type":"Polygon","coordinates":[[[9953, 21139],[9717, 21214],[9589, 21322],[9562, 21419],[9713, 21554],[10114, 21439],[10176, 21357],[10168, 21250],[10104, 21169],[9953, 21139]],[[10099, 21188],[10099, 21188.21],[10098.8, 21188],[10099, 21188]],[[10099.73, 21189],[10103, 21190.71],[10106, 21195.71],[10099.73, 21189]],[[9903, 21414],[9910, 21415],[9906, 21417],[9903, 21414]]]},"properties":{"objectType":"annotation","classification":{"name":"Tumor","color":[102, 77, 179]}}},{"type":"Feature","id":"222666aa-0269-47c4-abb3-4d0507220a52","geometry":{"type":"Polygon","coordinates":[[[8941, 21089],[8975, 21259],[9099, 21303],[9167, 21207],[9135, 21152],[9187, 21025],[9085, 20897],[8993, 20943],[8941, 21089]]]},"properties":{"objectType":"annotation","classification":{"name":"Tumor","color":[102, 77, 179]}}},{"type":"Feature","id":"a7c0f1d3-6552-4607-9e47-7519b37f3f12","geometry":{"type":"Polygon","coordinates":[[[9326, 21056],[9257, 21068],[9187, 21182],[9242, 21293],[9317, 21268],[9385, 21134],[9326, 21056]],[[9237, 21218.5],[9252, 21224],[9249.68, 21236.76],[9237, 21218.5]]]},"properties":{"objectType":"annotation","classification":{"name":"Tumor","color":[102, 77, 179]}}},{"type":"Feature","id":"2b7f1ab9-2ddc-4c76-b04c-a61102a55526","geometry":{"type":"Polygon","coordinates":[[[9392, 23688],[9352, 23720],[9288, 23704],[9224, 23720],[9224, 23784],[9168, 23816],[9056, 23832],[9040, 23808],[8944, 23904],[8936, 24032],[8976, 24088],[9048, 24128],[9048, 24160],[9136, 24160],[9168, 24104],[9136, 24032],[9184, 23992],[9176, 24040],[9208, 24024],[9248, 24064],[9312, 24040],[9392, 24040],[9408, 23960],[9440, 23952],[9424, 23888],[9480, 23880],[9480, 23744],[9432, 23736],[9392, 23688]],[[9091, 23871],[9091, 23872],[9090, 23872],[9091, 23871]],[[9024, 23972],[9023.5, 23973],[9023, 23973],[9024, 23972]],[[9086, 23867],[9089, 23872],[9073, 23872],[9086, 23867]],[[9034, 23928],[9032, 23932],[9032, 23928],[9034, 23928]],[[9023, 23973],[9023, 23974],[9022, 23975],[9023, 23973]],[[9000, 23968],[9000.5, 23968.5],[9000, 23969],[9000, 23968]],[[9034.8, 23968.8],[9034, 23970],[9033, 23970],[9034.8, 23968.8]]]},"properties":{"objectType":"annotation","classification":{"name":"Tumor","color":[102, 77, 179]}}},{"type":"Feature","id":"2680d016-f959-4b53-8b0c-dd6aa1aa8c62","geometry":{"type":"Polygon","coordinates":[[[10416, 24136],[10432, 24352],[10488, 24368],[10592, 24520],[10760, 24640],[10896, 24672],[11008, 24720],[11072, 24648],[11096, 24528],[11048, 24456],[10914, 24456],[10936, 24376],[11000, 24312],[11024, 24240],[11000, 24064],[10920, 23968],[10821, 23947],[10778, 23969],[10760, 24096],[10791, 24136],[10722, 24139],[10712, 24080],[10608, 24048],[10512, 24056],[10472, 24144],[10416, 24136]]]},"properties":{"objectType":"annotation","classification":{"name":"Tumor","color":[102, 77, 179]}}},{"type":"Feature","id":"5148dae8-b696-48dc-b5bb-0c9aa7736e51","geometry":{"type":"Polygon","coordinates":[[[9763, 24121],[9818, 24180],[9664, 24208],[9544, 24384],[9578, 24410],[9520, 24464],[9520, 24560],[9616, 24640],[9760, 24616],[9816, 24560],[9816, 24472],[9896, 24408],[9896, 24312],[9834, 24216],[9865, 24178],[9763, 24121]],[[9744, 24200],[9744, 24201],[9727.67, 24200],[9744, 24200]]]},"properties":{"objectType":"annotation","classification":{"name":"Tumor","color":[102, 77, 179]}}},{"type":"Feature","id":"f1b1071d-36f8-4b6c-be61-6618979b5d54","geometry":{"type":"Polygon","coordinates":[[[14136, 14784],[14192, 14840],[14344, 14856],[14376, 14696],[14496, 14536],[14424, 14416],[14288, 14416],[14216, 14648],[14136, 14784]]]},"properties":{"objectType":"annotation","classification":{"name":"Tumor","color":[102, 77, 179]}}},{"type":"Feature","id":"d9419873-4644-4876-9012-4a0f3ca08fdd","geometry":{"type":"Polygon","coordinates":[[[14400, 14720],[14432, 14824],[14472, 14808],[14568, 14832],[14576, 14888],[14688, 14960],[14840, 14928],[14928, 14856],[14920, 14808],[14888, 14824],[14880, 14728],[14858, 14694],[14832, 14728],[14824, 14648],[14792, 14640],[14792, 14552],[14864, 14528],[14880, 14408],[14824, 14312],[14744, 14296],[14672, 14312],[14616, 14360],[14576, 14464],[14584, 14496],[14512, 14480],[14504, 14520],[14427, 14644],[14400, 14720]]]},"properties":{"objectType":"annotation","classification":{"name":"Tumor","color":[102, 77, 179]}}},{"type":"Feature","id":"57ed9f99-845f-4c85-99bd-481c45a315fe","geometry":{"type":"Polygon","coordinates":[[[12240, 12128],[12184, 12144],[12128, 12144],[12085, 12277],[12019, 12248],[12008, 12224],[11908, 12209],[11808, 12208],[11764, 12231],[11704, 12184],[11696, 12160],[11624, 12160],[11592, 12200],[11592, 12256],[11613, 12305],[11616, 12352],[11592, 12352],[11600, 12384],[11572.67, 12400],[11544, 12384],[11489.14, 12384],[11464, 12328],[11400, 12336],[11432, 12368],[11400, 12384],[11384, 12416],[11392, 12496],[11448, 12520],[11417, 12555],[11408, 12592],[11504, 12632],[11560, 12616],[11584, 12586],[11680, 12600],[11704.67, 12592],[11744, 12616],[11744, 12592],[11776, 12566],[11817, 12569],[11792, 12640],[11785, 12749],[11832, 12800],[11776, 12792],[11720, 12736],[11616, 12728],[11608, 12760],[11568, 12760],[11528, 12800],[11552, 12800],[11552, 12864],[11600, 12928],[11624, 12928],[11624, 12960],[11656, 13008],[11712, 13016],[11720, 13032],[11672, 13024],[11696, 13056],[11736, 13040],[11840, 13080],[11840, 13112],[11872, 13160],[11904, 13160],[11904, 13104],[11936, 13072],[11976, 13072],[11992, 13136],[11968, 13144],[11968, 13216],[12000, 13248],[12072, 13240],[12072, 13288],[12136, 13280],[12112, 13240],[12120, 13208],[12168, 13208],[12248, 13288],[12376, 13296],[12392, 13312],[12376, 13344],[12424, 13336],[12424, 13312],[12480, 13312],[12472, 13336],[12440, 13328],[12464, 13376],[12448, 13384],[12472, 13448],[12504, 13504],[12568, 13520],[12560, 13552],[12592, 13560],[12600, 13584],[12632, 13592],[12632, 13616],[12720, 13640],[12800, 13688],[12840, 13752],[12888, 13768],[12888, 13800],[12864, 13800],[12872, 13832],[12904, 13840],[12888, 13808],[12952, 13768],[13008, 13768],[13040, 13712],[13040, 13640],[13016, 13624],[13008, 13584],[12976, 13576],[12936, 13536],[12952, 13504],[12952, 13424],[12928, 13360],[12888, 13312],[12856, 13304],[12824, 13272],[12793, 13272],[12755, 13247],[12816, 13208],[12830, 13168],[12808, 13072],[12720, 12952],[12648, 12936],[12602, 12963],[12576, 13000],[12579, 13055],[12560, 13072],[12560, 13117],[12512, 13168],[12567, 13152],[12579, 13178],[12554, 13217],[12494, 13174],[12424, 13078],[12424, 13048],[12360, 13040],[12288, 13048],[12280, 13032],[12240, 13072],[12184, 13080],[12168, 13032],[12144, 13016],[12024, 13048],[12000, 13016],[12040, 12968],[12056, 12912],[12041, 12864],[12096, 12840],[12128, 12840],[12128, 12792],[12113, 12745],[12126, 12698],[12165, 12679],[12184, 12640],[12184, 12601],[12207, 12612],[12200, 12728],[12224, 12784],[12256, 12824],[12312, 12856],[12392, 12848],[12448, 12784],[12448, 12712],[12432, 12672],[12408, 12656],[12368, 12568],[12312, 12560],[12328, 12536],[12408, 12520],[12424, 12552],[12424, 12504],[12512, 12496],[12512, 12488],[12600, 12482],[12635, 12501],[12692, 12498],[12749, 12480],[12816, 12475],[12844, 12424],[12824, 12472],[12872, 12488],[12872, 12432],[12896, 12392],[12896, 12296],[12904, 12248],[12880, 12240],[12872, 12200],[12712, 12200],[12720, 12168],[12688, 12184],[12656, 12176],[12608, 12200],[12524, 12196],[12553, 12211],[12547, 12288],[12536, 12256],[12440, 12261],[12405, 12280],[12320, 12278],[12309, 12264],[12344, 12240],[12392, 12248],[12384, 12216],[12292, 12232],[12288, 12208],[12240, 12146],[12240, 12128]],[[11800, 12739.67],[11801, 12743],[11800, 12742],[11800, 12739.67]]]},"properties":{"objectType":"annotation","classification":{"name":"Tumor","color":[102, 77, 179]}}},{"type":"Feature","id":"66b6397e-53f8-462d-813b-3e7f1eb69481","geometry":{"type":"Polygon","coordinates":[[[12888, 12840],[12896, 12976],[12917, 13001],[12904, 13088],[12927, 13105],[12976, 13224],[13025, 13216],[13048, 13288],[13120, 13312],[13139, 13281],[13208, 13272],[13219, 13240],[13272, 13224],[13328, 13136],[13360, 13056],[13424, 13016],[13424, 12896],[13464, 12872],[13448, 12776],[13456, 12664],[13480, 12648],[13496, 12560],[13464, 12520],[13512, 12464],[13488, 12432],[13528, 12416],[13520, 12368],[13552, 12352],[13520, 12168],[13536, 12152],[13440, 12056],[13384, 12080],[13288, 12088],[13261, 12183],[13216, 12176],[13139, 12224],[13159, 12264],[13080, 12248],[13078, 12331],[13024, 12360],[13000, 12440],[13009, 12477],[12968, 12472],[12947, 12570],[12896, 12624],[12937, 12680],[12934, 12743],[12904, 12760],[12888, 12840]]]},"properties":{"objectType":"annotation","classification":{"name":"Tumor","color":[102, 77, 179]}}},{"type":"Feature","id":"c2b3426c-d5a1-4667-b7ca-c2613beb44ac","geometry":{"type":"Polygon","coordinates":[[[13752, 13024],[13792, 13096],[13880, 13128],[13920, 13088],[13904, 13048],[13976, 13096],[13992, 13024],[14032, 13008],[13992, 12888],[13904, 12824],[13792, 12880],[13760, 12936],[13752, 13024]]]},"properties":{"objectType":"annotation","classification":{"name":"Tumor","color":[102, 77, 179]}}},{"type":"Feature","id":"9168542b-08ab-4235-8c83-9b09f057ee57","geometry":{"type":"Polygon","coordinates":[[[13528, 12824],[13560, 12832],[13560, 12888],[13584, 12856],[13624, 12912],[13704, 12912],[13784, 12880],[13816, 12840],[13827, 12689],[13898, 12695],[13963, 12750],[14104, 12752],[14128, 12712],[14192, 12712],[14224, 12544],[14224, 12440],[14208, 12368],[14184, 12344],[14136, 12352],[13969, 12334],[13855, 12380],[13805, 12456],[13803, 12494],[13760, 12592],[13803, 12608],[13775, 12630],[13720, 12592],[13632, 12568],[13632, 12616],[13592, 12608],[13536, 12672],[13528, 12824]]]},"properties":{"objectType":"annotation","classification":{"name":"Tumor","color":[102, 77, 179]}}},{"type":"Feature","id":"cfdc0a22-70bf-4f52-8ee5-07ac87d9476b","geometry":{"type":"Polygon","coordinates":[[[13088, 15312],[13112, 15320],[13144, 15264],[13184, 15288],[13168, 15312],[13200, 15344],[13288, 15344],[13408, 15368],[13436, 15385],[13440, 15440],[13456, 15392],[13492, 15377],[13576, 15408],[13648, 15377],[13664, 15416],[13696, 15424],[13692, 15384],[13752, 15368],[13832, 15408],[13872, 15384],[13896, 15320],[13920, 15312],[13920, 15256],[13888, 15216],[13832, 15216],[13832, 15176],[13784, 15176],[13752, 15096],[13704, 15096],[13607, 15045],[13458, 15036],[13375, 15072],[13304, 15064],[13256, 15096],[13168, 15112],[13136, 15184],[13128, 15248],[13096, 15224],[13088, 15312]]]},"properties":{"objectType":"annotation","classification":{"name":"Tumor","color":[102, 77, 179]}}},{"type":"Feature","id":"81c5e68e-da42-48fa-815e-5ef78a5c68ab","geometry":{"type":"Polygon","coordinates":[[[13303, 13112],[13315, 13138],[13352, 13072],[13439, 13001],[13455, 13013],[13423, 13055],[13440, 13099],[13423, 13144],[13423, 13310],[13394, 13313],[13402, 13339],[13436, 13347],[13463, 13397],[13459, 13436],[13560, 13530],[13618, 13556],[13679, 13553],[13732, 13478.33],[13764, 13478],[13764, 13449],[13728, 13424],[13722, 13242],[13712, 13183],[13686, 13131],[13657, 13106],[13638, 13051],[13647, 12996],[13565, 12972],[13530, 12946],[13501, 12968],[13497, 12995],[13448, 12962],[13430, 12912],[13458, 12868],[13462, 12802],[13455, 12863],[13417, 12891],[13384, 12865],[13391, 12895],[13354, 12908],[13315, 12942],[13357, 12951],[13333, 12989],[13374, 12961],[13371, 12923],[13413, 12926],[13419, 12959],[13400, 13018],[13303, 13112]]]},"properties":{"objectType":"annotation","classification":{"name":"Tumor","color":[102, 77, 179]}}},{"type":"Feature","id":"858497d4-a8ce-4eee-a2f8-eb5585393c54","geometry":{"type":"Polygon","coordinates":[[[14968, 16184],[14968, 16224],[14976, 16224],[14976, 16232],[14992, 16232],[14992, 16224],[15000, 16224],[15000, 16216],[15016, 16216],[15016, 16208],[15032, 16208],[15032, 16216],[15040, 16216],[15040, 16240],[15048, 16240],[15048, 16248],[15064, 16248],[15064, 16240],[15104, 16240],[15104, 16232],[15136, 16232],[15136, 16216],[15144, 16216],[15144, 16208],[15152, 16208],[15152, 16184],[15160, 16184],[15160, 16176],[15168, 16176],[15168, 16168],[15176, 16168],[15176, 16152],[15160, 16152],[15160, 16160],[15152, 16160],[15152, 16168],[15144, 16168],[15144, 16152],[15136, 16152],[15136, 16136],[15128, 16136],[15128, 16120],[15120, 16120],[15120, 16112],[15088, 16112],[15088, 16120],[15080, 16120],[15080, 16112],[15064, 16112],[15064, 16120],[15040, 16120],[15040, 16128],[15032, 16128],[15032, 16136],[15024, 16136],[15024, 16168],[15016, 16168],[15016, 16176],[15008, 16176],[15008, 16184],[14968, 16184]]]},"properties":{"objectType":"annotation","classification":{"name":"Ignore*","color":[180, 180, 180]}}},{"type":"Feature","id":"18f7b379-8f7f-4a4e-b207-145779e400ad","geometry":{"type":"Polygon","coordinates":[[[13671, 14380],[13671, 14401],[13677, 14407],[13681, 14407],[13692, 14419],[13696, 14419],[13698, 14422],[13722, 14422],[13724, 14419],[13734, 14419],[13736, 14416],[13755, 14416],[13758, 14413],[13758, 14397],[13761, 14395],[13761, 14388],[13767, 14383],[13767, 14379],[13770, 14377],[13770, 14371],[13761, 14362],[13757, 14362],[13752, 14356],[13748, 14356],[13740, 14347],[13736, 14347],[13734, 14344],[13707, 14344],[13705, 14347],[13698, 14347],[13696, 14350],[13692, 14350],[13689, 14353],[13689, 14357],[13683, 14362],[13683, 14366],[13677, 14371],[13677, 14375],[13671, 14380]]]},"properties":{"objectType":"annotation","classification":{"name":"Ignore*","color":[180, 180, 180]}}},{"type":"Feature","id":"2fe223e3-a555-4de0-b1d4-1257d824055b","geometry":{"type":"Polygon","coordinates":[[[13280, 14112],[13280, 14152],[13288, 14152],[13288, 14168],[13304, 14168],[13304, 14176],[13320, 14176],[13320, 14184],[13336, 14184],[13336, 14192],[13344, 14192],[13344, 14200],[13352, 14200],[13352, 14224],[13368, 14224],[13368, 14216],[13376, 14216],[13376, 14208],[13432, 14208],[13432, 14200],[13440, 14200],[13440, 14208],[13448, 14208],[13448, 14224],[13456, 14224],[13456, 14240],[13448, 14240],[13448, 14256],[13440, 14256],[13440, 14264],[13480, 14264],[13480, 14248],[13472, 14248],[13472, 14240],[13464, 14240],[13464, 14232],[13488, 14232],[13488, 14224],[13480, 14224],[13480, 14216],[13472, 14216],[13472, 14208],[13464, 14208],[13464, 14200],[13456, 14200],[13456, 14176],[13448, 14176],[13448, 14152],[13440, 14152],[13440, 14144],[13432, 14144],[13432, 14136],[13424, 14136],[13424, 14128],[13416, 14128],[13416, 14112],[13408, 14112],[13408, 14096],[13376, 14096],[13376, 14088],[13312, 14088],[13312, 14096],[13304, 14096],[13304, 14104],[13296, 14104],[13296, 14112],[13280, 14112]]]},"properties":{"objectType":"annotation","classification":{"name":"Ignore*","color":[180, 180, 180]}}},{"type":"Feature","id":"0db97cd8-8a2e-4644-a2a0-cdffd0649cf1","geometry":{"type":"Polygon","coordinates":[[[17938, 12176],[17874, 12236],[17832, 12208],[17840, 12264],[17824, 12304],[17856, 12304],[17864, 12384],[17936, 12456],[17936, 12488],[17984, 12504],[18008, 12473.67],[18008, 12512],[18134, 12512],[18104, 12536],[18032, 12560],[17984, 12648],[17960, 12656],[17936, 12736],[17960, 12736],[17976, 12792],[18008, 12816],[18000, 12856],[18080, 12882],[18083, 12910],[18056, 12921],[17987, 12909],[17941, 12945],[17908, 12994],[17824, 13055],[17816, 13032],[17776, 13032],[17776, 13064],[17808, 13064],[17808, 13128],[17784, 13128],[17744, 13056],[17696, 13048],[17672, 13072],[17560, 13088],[17568, 13112],[17536, 13160],[17552, 13184],[17520, 13216],[17560, 13232],[17544, 13296],[17592, 13336],[17616, 13328],[17632, 13360],[17736, 13336],[17800, 13296],[17800, 13208],[17824, 13192],[17856, 13216],[17832, 13256],[17864, 13272],[17992, 13280],[18058, 13256],[18112, 13264],[18174, 13216],[18263, 13087],[18232, 13096],[18215, 13053],[18275, 13051],[18334, 12983],[18355, 13030],[18400, 13072],[18520, 13080],[18608, 13024],[18616, 12944],[18672, 12944],[18688, 12888],[18664, 12864],[18720, 12856],[18720, 12784],[18744, 12784],[18744, 12744],[18800, 12664],[18816, 12616],[18784, 12600],[18784, 12528],[18752, 12528],[18744, 12472],[18768, 12472],[18768, 12504],[18816, 12504],[18792, 12456],[18744, 12456],[18720, 12424],[18688, 12424],[18632, 12384],[18584, 12392],[18520, 12368],[18520, 12400],[18488, 12400],[18424, 12496],[18424, 12600],[18456, 12600],[18424, 12624],[18424, 12664],[18448, 12672],[18448, 12712],[18416, 12711.5],[18384, 12640],[18392, 12576],[18352, 12552],[18352, 12512],[18312, 12522],[18304, 12504],[18210, 12520],[18192, 12462],[18238, 12457],[18272, 12472],[18256, 12420.22],[18304, 12320],[18248, 12295.58],[18216, 12248],[18187, 12251],[18128, 12208],[18068, 12208],[18056, 12192],[17988, 12176],[17938, 12176]],[[18120, 12561],[18120, 12568],[18112, 12568],[18120, 12561]]]},"properties":{"objectType":"annotation","classification":{"name":"Tumor","color":[102, 77, 179]}}},{"type":"Feature","id":"1957bc04-46a6-4175-92eb-78547409d6dd","geometry":{"type":"Polygon","coordinates":[[[17640, 14208],[17832, 14272],[18056, 14264],[18072, 14192],[18016, 14176],[18016, 14112],[17824, 14016],[17688, 14024],[17648, 14080],[17640, 14208]]]},"properties":{"objectType":"annotation","classification":{"name":"Tumor","color":[102, 77, 179]}}},{"type":"Feature","id":"27ab7ae6-66b4-4519-a414-7ff62e6b0b5c","geometry":{"type":"Polygon","coordinates":[[[18272, 13992],[18248, 14008],[18216, 14000],[18200, 14048],[18216, 14072],[18240, 14072],[18256, 14104],[18184, 14104],[18152, 14136],[18163, 14192],[18136, 14192],[18112, 14240],[18104, 14208],[18033, 14184],[17996, 14223],[17964, 14223],[17963, 14247],[17937, 14262],[17987, 14269],[18034, 14249],[18031, 14225],[18064, 14222],[18056, 14280],[18061, 14362],[18002, 14348],[17963, 14305],[17916, 14302],[17877, 14315],[17883, 14339],[17838, 14328],[17824, 14360],[17776, 14360],[17752, 14384],[17752, 14416],[17704, 14440],[17664, 14440],[17544, 14488],[17523, 14528],[17488, 14528],[17488, 14558],[17450, 14600],[17440, 14560],[17408, 14544],[17424, 14596],[17392, 14617],[17392, 14600],[17335, 14636],[17229, 14656],[17205, 14723],[17184, 14728],[17128, 14712],[17096, 14736],[17072, 14736],[17064, 14760],[17021, 14784],[16952, 14808],[16944, 14827.21],[16893, 14855],[16828, 14855],[16800, 14831],[16768, 14784],[16752, 14784],[16720, 14736],[16720, 14688],[16666, 14664],[16672, 14640],[16624, 14584],[16624, 14448],[16600, 14320],[16576, 14304],[16576, 14280],[16552, 14272],[16544, 14240],[16504, 14200],[16440, 14176],[16432, 14152],[16344, 14112],[16288, 14112],[16288, 14096],[16248, 14080],[16192, 14088],[16184, 14104],[16144, 14104],[16128, 14120],[16128, 14160],[16104, 14168],[16104, 14192],[16128, 14216],[16104, 14216],[16104, 14312],[16112, 14352],[16144, 14368],[16144, 14392],[16192, 14400],[16232, 14456],[16344, 14496],[16344, 14528],[16296, 14502.4],[16296, 14488],[16216, 14488],[16216, 14464],[16192, 14464],[16192, 14496],[16152, 14512],[16096, 14520],[16056, 14544],[16056, 14568],[16032, 14592],[16008, 14592],[16000, 14632],[15976, 14656],[15976, 14704],[15960, 14752],[15960, 14832],[15968, 14880],[16008, 14896],[16008, 14936],[16048, 14944],[16080, 14984],[16120, 15000],[16232, 15008],[16280, 15000],[16280, 14984],[16336, 14984],[16360, 14960],[16400, 14955],[16441, 14969],[16504, 15008],[16536, 15016],[16552, 14989],[16583, 14991],[16583, 15013],[16552, 15040],[16477, 15040],[16424, 15008],[16378, 15042],[16369, 15097],[16318, 15126],[16285, 15159],[16232, 15184],[16241, 15238],[16233, 15316],[16184, 15344],[16180, 15398],[16152, 15448],[16165, 15488],[16151, 15526],[16152, 15568],[16189, 15580],[16192, 15608],[16298, 15648],[16355, 15680.31],[16352, 15720],[16384, 15712],[16427, 15667],[16452, 15672],[16510, 15634],[16560, 15640],[16560, 15613],[16606, 15581],[16648, 15539],[16724, 15510],[16869, 15496],[16952, 15498],[16952, 15536],[16968, 15501],[17040, 15488],[17088, 15440],[17112, 15397],[17176, 15352],[17192, 15320],[17256, 15263],[17288, 15256],[17288, 15192],[17305, 15133],[17331, 15107],[17371, 15143],[17385, 15238],[17419, 15291],[17480, 15360],[17536, 15360],[17563, 15340],[17592, 15368],[17630, 15359],[17701, 15363],[17728, 15344],[17763, 15288],[17784, 15288],[17737, 15179],[17736, 15144],[17704, 15130],[17688, 15072],[17651, 15024],[17695, 15021],[17792, 15073],[17848, 15064],[17872, 15048],[17920, 15048],[17960, 15024],[18000, 14952],[18000, 14888],[17968, 14840],[17960, 14800],[17904, 14768],[17864, 14768],[17816, 14744],[17776, 14784],[17760, 14824],[17728, 14808],[17760, 14808],[17760, 14768],[17696, 14784],[17695, 14744],[17728, 14752],[17760, 14744],[17808, 14704],[17800, 14664],[17824, 14656],[17832, 14616],[17864, 14616],[17880, 14552],[17896, 14560],[17888, 14592],[17920, 14592],[17920, 14560],[18000, 14552],[18016, 14672],[18008, 14696],[18032, 14712],[18032, 14736],[17976, 14736],[17960, 14760],[17968, 14808],[17984, 14816],[17984, 14776],[18000, 14768],[18016, 14800],[18000, 14800],[18000, 14864],[18032, 14888],[18032, 14936],[18048, 14968],[18032, 14968],[18040, 15040],[18072, 15064],[18088, 15096],[18104, 15096],[18096, 15152],[18120, 15152],[18120, 15128],[18152, 15128],[18176, 15160],[18192, 15160],[18192, 15200],[18216, 15192],[18232, 15160],[18272, 15152],[18328, 15120],[18328, 15088],[18376, 15072],[18376, 15056],[18424, 15048],[18432, 15008],[18472, 14976],[18480, 14952],[18504, 14944],[18520, 14848],[18504, 14840],[18496, 14784],[18448, 14744],[18456, 14712],[18400, 14768],[18360, 14768],[18368, 14808],[18344, 14824],[18336, 14856],[18280, 14928],[18256, 14904],[18264, 14992],[18232, 14976],[18216, 14936],[18192, 14944],[18136, 14928],[18128, 14912],[18224, 14920],[18304, 14848],[18328, 14808],[18320, 14776],[18344, 14760],[18352, 14704],[18352, 14560],[18328, 14541],[18336, 14504],[18352, 14504],[18376, 14536],[18432, 14536],[18448, 14568],[18520, 14552],[18520, 14520],[18552, 14504],[18616, 14488],[18624, 14456],[18608, 14408],[18544, 14384],[18544, 14368],[18496, 14312],[18448, 14296],[18448, 14272],[18416, 14264],[18352, 14264],[18352, 14232],[18328, 14232],[18328, 14200],[18312, 14192],[18312, 14136],[18280, 14136],[18256, 14152],[18256, 14112],[18288, 14128],[18280, 14064],[18256, 14056],[18272, 13992]],[[17864, 14351],[17865, 14352],[17864, 14352],[17864, 14351]],[[17885, 14348],[17883, 14352],[17882, 14351],[17885, 14348]]]},"properties":{"objectType":"annotation","classification":{"name":"Tumor","color":[102, 77, 179]}}},{"type":"Feature","id":"2ec09ed7-a511-42b5-8a5e-af0501cb3d70","geometry":{"type":"Polygon","coordinates":[[[13039, 15641],[13039, 15640],[13040, 15640],[13041, 15639],[13043, 15639],[13044, 15638],[13045, 15638],[13046, 15639],[13048, 15639],[13049, 15640],[13050, 15640],[13050, 15641],[13051, 15641],[13053, 15642.33],[13053, 15643],[13054, 15643],[13054, 15644],[13055, 15644],[13057, 15645],[13058, 15645],[13058, 15646],[13059, 15646],[13060.5, 15647],[13062, 15648.2],[13062, 15650],[13063, 15651],[13063, 15653],[13065, 15654],[13065, 15656],[13065, 15657],[13066, 15658],[13066, 15660],[13067, 15661],[13067, 15662],[13068, 15663],[13068, 15665],[13068, 15666],[13068, 15668],[13069, 15669],[13069, 15670],[13069, 15672],[13071, 15674],[13072, 15676],[13072, 15677],[13074, 15679],[13074, 15685],[13074, 15688],[13074, 15690],[13073, 15691],[13073, 15691.5],[13072, 15692],[13072, 15696],[13072, 15703],[13072, 15710],[13072, 15713],[13074, 15714],[13074, 15717],[13075, 15719],[13075, 15722],[13077, 15723],[13077, 15728],[13078, 15729],[13078, 15742],[13078, 15743],[13077, 15745],[13077, 15746],[13077, 15747],[13076, 15748],[13076, 15748.5],[13075, 15749],[13075, 15751],[13072, 15754],[13072, 15755],[13069, 15758],[13068, 15758],[13065, 15761],[13063, 15761],[13060, 15764],[13060, 15765],[13063, 15768],[13064, 15768],[13064, 15769],[13067, 15769],[13067, 15768],[13070, 15765],[13071, 15765],[13071, 15764],[13073, 15761],[13075, 15761],[13076, 15760],[13083, 15760],[13084, 15761],[13086, 15761],[13090, 15765],[13090, 15767],[13092, 15768],[13092, 15770],[13093, 15771],[13093, 15773],[13096, 15773],[13098, 15774],[13098, 15776],[13099, 15777],[13100, 15777],[13101.33, 15776.33],[13104, 15779],[13105, 15780],[13106, 15780],[13106, 15781],[13107, 15781],[13108, 15782],[13115, 15782],[13115, 15781],[13116, 15781],[13116, 15780],[13115, 15780],[13115, 15779],[13114, 15778],[13109, 15773],[13108, 15772],[13107, 15772],[13105, 15770],[13104.33, 15770],[13101, 15766],[13101, 15765],[13100, 15765],[13100, 15764],[13099, 15763],[13099, 15759],[13102, 15757],[13103, 15757],[13103, 15756],[13104, 15755],[13105, 15756],[13106, 15756],[13106, 15757],[13107, 15757],[13110, 15759],[13110, 15760],[13111, 15760],[13113, 15761],[13120, 15761],[13122, 15762],[13122, 15763],[13123, 15763],[13126, 15765],[13126, 15767],[13128, 15768],[13128, 15770],[13128, 15776],[13128, 15779],[13130, 15779],[13132, 15777],[13132, 15774],[13132, 15773],[13132, 15771],[13133, 15770],[13133, 15769],[13136, 15769],[13136, 15768],[13138, 15767],[13139, 15767],[13141, 15766],[13143, 15766],[13143, 15765],[13144, 15765],[13145, 15764],[13147, 15764],[13147, 15760],[13142, 15755],[13141, 15755],[13137, 15751],[13137, 15746],[13144, 15739],[13145, 15739],[13145, 15738],[13147, 15737],[13148, 15737],[13151, 15734],[13151, 15733.25],[13151.2, 15733],[13152, 15733],[13152, 15732],[13153, 15732],[13153, 15731],[13154, 15729],[13154, 15728],[13154, 15727],[13155, 15727],[13155, 15726],[13156, 15725],[13156, 15724.5],[13157, 15723],[13158, 15723],[13158, 15722],[13162, 15718],[13163, 15718],[13163, 15717],[13164.5, 15716],[13166, 15716],[13167, 15715],[13168, 15715],[13168, 15714],[13169, 15714],[13172, 15712],[13173, 15712],[13173, 15711],[13178, 15707],[13178, 15705],[13179, 15704],[13179, 15703],[13180, 15703],[13180, 15693],[13181, 15692],[13181, 15690],[13182.5, 15689],[13183, 15689],[13184, 15688],[13185, 15688],[13185, 15687],[13186, 15687],[13186, 15686],[13188, 15683],[13188, 15682],[13189, 15682],[13189, 15680],[13189, 15674],[13189, 15673],[13188, 15673],[13188, 15672],[13187.33, 15672],[13187, 15671.5],[13187, 15671],[13187, 15670],[13188, 15670],[13188, 15669],[13188, 15668],[13188, 15665],[13189, 15664],[13189, 15663],[13188, 15662],[13188, 15657],[13189, 15655],[13189, 15654],[13190, 15652],[13191, 15652],[13191, 15651],[13196, 15645],[13196, 15644],[13197, 15644],[13197, 15643],[13197, 15641],[13195.25, 15641],[13196.22, 15639.89],[13198, 15639],[13199, 15639],[13201, 15637],[13201, 15629],[13200, 15627],[13200, 15626],[13199, 15626],[13196, 15623],[13195, 15623],[13191, 15618],[13191, 15616],[13192, 15615],[13192, 15612],[13191, 15612],[13190, 15613],[13190, 15612],[13191, 15611],[13192, 15611],[13192, 15610],[13193, 15609],[13194, 15608],[13195, 15607],[13195, 15606],[13196, 15605],[13199, 15603],[13200, 15603],[13200, 15602],[13201, 15602],[13202, 15601],[13203, 15601],[13203, 15602],[13204, 15602],[13205, 15602],[13205, 15603],[13206, 15603],[13207, 15604],[13208, 15604],[13215, 15604],[13217, 15604],[13220, 15601],[13222, 15601],[13223, 15600],[13224, 15601],[13227, 15601],[13228, 15602],[13229, 15602],[13229, 15603],[13234, 15603],[13236, 15604],[13237, 15604],[13238, 15603],[13239, 15603],[13239, 15602],[13240, 15602],[13241, 15601],[13243, 15601],[13246, 15598],[13247, 15598],[13249, 15597],[13250, 15597],[13250, 15596],[13251, 15596],[13251, 15595.5],[13252, 15595],[13253, 15595],[13255, 15595],[13257, 15593],[13258, 15593],[13259, 15593],[13259, 15592],[13260, 15592],[13261, 15592],[13261, 15591],[13262, 15591],[13264, 15590],[13265, 15590],[13266, 15590],[13267, 15589],[13268, 15589],[13270, 15589],[13270, 15588],[13271, 15588],[13273, 15588],[13274, 15587],[13277, 15587],[13277, 15586],[13278, 15586],[13278, 15584],[13277, 15584],[13277, 15583],[13284, 15583],[13286, 15581],[13286, 15580],[13284, 15579],[13281, 15579],[13280, 15577],[13280, 15576],[13278, 15576],[13277, 15574],[13275, 15574],[13273, 15571],[13273, 15570],[13272, 15570],[13271, 15568],[13271, 15565],[13270, 15564],[13270, 15563],[13269, 15563],[13269, 15562],[13267, 15559],[13267, 15558],[13266, 15558],[13265, 15556],[13265, 15553],[13266, 15551],[13267, 15551],[13267, 15550],[13272, 15544],[13272, 15543],[13273, 15543],[13273, 15537],[13272, 15537],[13271, 15535],[13271, 15529],[13270, 15528],[13270, 15526],[13271, 15524],[13271, 15520],[13270, 15519],[13270, 15518],[13269, 15518],[13269, 15517],[13268, 15516],[13268, 15514],[13262, 15514],[13261, 15514],[13260, 15512],[13260, 15511],[13258, 15509],[13256, 15509],[13246, 15509],[13244, 15508],[13243, 15508],[13240, 15505],[13240, 15500],[13239, 15499],[13239, 15496],[13238, 15496],[13238, 15495],[13237, 15495],[13237, 15494],[13236, 15493],[13235.5, 15493],[13235, 15492],[13228, 15492],[13227, 15493],[13226, 15493],[13225, 15493],[13224, 15494],[13223, 15494],[13210, 15494],[13209, 15494],[13207, 15493],[13206, 15493],[13204, 15493],[13203, 15492],[13202, 15491],[13201, 15491],[13199, 15490],[13198, 15490],[13196, 15488],[13195, 15488],[13194, 15487],[13193, 15486],[13192, 15485],[13191, 15485],[13190, 15485],[13185, 15485],[13184, 15485],[13183, 15485],[13183, 15486],[13184, 15486],[13183, 15487],[13180, 15487],[13180, 15488],[13181, 15488],[13181, 15489],[13180, 15489],[13180, 15490],[13178, 15492],[13177, 15492],[13175, 15493],[13174, 15493],[13173, 15494],[13173, 15493],[13171, 15493],[13170, 15493],[13169, 15493.5],[13169, 15493],[13168, 15493],[13167, 15493],[13165, 15494],[13164, 15494],[13162, 15496],[13159, 15496],[13158, 15497],[13157, 15497],[13155, 15497],[13149, 15497],[13147, 15499],[13146, 15499],[13143, 15499],[13141, 15499],[13140, 15500],[13138, 15500],[13137, 15502],[13135, 15502],[13134, 15503],[13132, 15503],[13131, 15505],[13129, 15505],[13128, 15506],[13127, 15506],[13126, 15506],[13125, 15506],[13122, 15506],[13121, 15506],[13119, 15506],[13118, 15506],[13117, 15505],[13115, 15505],[13114, 15505],[13104, 15505],[13102, 15505],[13101, 15505],[13099, 15506],[13098, 15506],[13097, 15506],[13096, 15506],[13095.5, 15507],[13095, 15507],[13093, 15507],[13092, 15508],[13084, 15508],[13083, 15507],[13082, 15506],[13081, 15506],[13078, 15503],[13076.38, 15503],[13074, 15500.29],[13074, 15500],[13073.75, 15500],[13073, 15499.14],[13073, 15499],[13072, 15497.5],[13072, 15497],[13071.67, 15497],[13071, 15496],[13071, 15495],[13070, 15495],[13070, 15489],[13069, 15488],[13069, 15484],[13068, 15484],[13068, 15483],[13067, 15482],[13067, 15480],[13066, 15480],[13064, 15482],[13063, 15482],[13060, 15485],[13054, 15491],[13053, 15491],[13053, 15492],[13051, 15494],[13050, 15494],[13049, 15494],[13048, 15495],[13047, 15495],[13046, 15495],[13045, 15497],[13043, 15497],[13042, 15498],[13039, 15501],[13037, 15503],[13036, 15503],[13035, 15504],[13033, 15504],[13032, 15506],[13024, 15506],[13023, 15507],[13021, 15507],[13020, 15509],[13018, 15509],[13017, 15510],[13016, 15509],[13015, 15509],[13014, 15507],[13014, 15504],[13015, 15502],[13015, 15489],[13012, 15486],[13006, 15486],[13005, 15488],[13003, 15488],[13001, 15489],[13000, 15489],[12998, 15491],[12997, 15491],[12994, 15491],[12992, 15489],[12991, 15489],[12985, 15483],[12985, 15482],[12982, 15479],[12982, 15477],[12980, 15475],[12979, 15474],[12979, 15473],[12978, 15473],[12978, 15472],[12978, 15470],[12977, 15469],[12977, 15463],[12978, 15463],[12978, 15462],[12979, 15460],[12979, 15457],[12980, 15456],[12980, 15455],[12981, 15455],[12981, 15454],[12982, 15453],[12982, 15451],[12991, 15443],[12992, 15443],[12992, 15442],[12993, 15442],[12993, 15441],[12994, 15440],[12995, 15440],[12995, 15439],[12996, 15438],[12997, 15439],[12998, 15439],[12998, 15440],[12999, 15440],[13000, 15441],[13000, 15442],[13002, 15444],[13003, 15444],[13005, 15445],[13005, 15446],[13014, 15446],[13014, 15445],[13015, 15445],[13016, 15444],[13018, 15444],[13019, 15443],[13020, 15443],[13020, 15442],[13021, 15442],[13022, 15441],[13022, 15440],[13023, 15440],[13023, 15439],[13025, 15437],[13026, 15437],[13026, 15436],[13027, 15436],[13028, 15435],[13030, 15435],[13032, 15436],[13032, 15437],[13045, 15437],[13047, 15438],[13048, 15438],[13050, 15439],[13050, 15440],[13051, 15440],[13053, 15441],[13054, 15441],[13056, 15442],[13056, 15443],[13057, 15443],[13059, 15444],[13060, 15444],[13063, 15447],[13063, 15448],[13065, 15450],[13065, 15451],[13066, 15453],[13066, 15456],[13067, 15456],[13067, 15455],[13068, 15455],[13068, 15454],[13069, 15453],[13069, 15449],[13068, 15447],[13068, 15445],[13067, 15445],[13067, 15444],[13065, 15441],[13065, 15440],[13064, 15440],[13061, 15437],[13060, 15437],[13058, 15435],[13057, 15435],[13054, 15432],[13052, 15432],[13045, 15425],[13045, 15423],[13052, 15415],[13052, 15414],[13051, 15413],[13049, 15413],[13046, 15410],[13045, 15410],[13044, 15411],[13043, 15411],[13042, 15410],[13040, 15410],[13036, 15405],[13034, 15405],[13031, 15402],[13030, 15402],[13028, 15401],[13027, 15401],[13025, 15399],[13024, 15399],[13022, 15398],[13021, 15398],[13019, 15396],[13012, 15396],[13011, 15398],[13009, 15398],[13008, 15399],[13006, 15399],[13005, 15400],[13004, 15399],[13003, 15399],[13002, 15398],[13002, 15391],[13001, 15391],[13001, 15390],[12997, 15390],[12997, 15389],[12998, 15387],[12999, 15387],[12999, 15386],[13000, 15384],[13000, 15382],[12997, 15379],[12995, 15379],[12994, 15377],[12992, 15377],[12991, 15376],[12989, 15376],[12988, 15374],[12985, 15374],[12985, 15381],[12987, 15383],[12987, 15389],[12984, 15392],[12984, 15391],[12983, 15391],[12983, 15390],[12972, 15390],[12972, 15388],[12971, 15388],[12970, 15386],[12970, 15385],[12965, 15380],[12964, 15380],[12962, 15379],[12957, 15379],[12955, 15380],[12952, 15380],[12951, 15382],[12950, 15382],[12949, 15380],[12947, 15380],[12946, 15379],[12946, 15368],[12958, 15356],[12959, 15356],[12960, 15355],[12961, 15355],[12962, 15354],[12963, 15354],[12963, 15353],[12964, 15353],[12965, 15352],[12967, 15352],[12968, 15352],[12968, 15351],[12969, 15351],[12969, 15350.5],[12970, 15350],[12971, 15350],[12972, 15349],[12973, 15349],[12974, 15347],[12975, 15347],[12975, 15346],[12975, 15338],[12976, 15337],[12976, 15336],[12976, 15334],[12976, 15333],[12976, 15332],[12977, 15331],[12977, 15330],[12978, 15330],[12978, 15326],[12979, 15324],[12979, 15323],[12979, 15322],[12979, 15321],[12980, 15320],[12980, 15319],[12981, 15319],[12981, 15318],[12983, 15315],[12984, 15315],[12984, 15314],[12985, 15312],[12985, 15311],[12989, 15307],[12989, 15306],[12990, 15306],[12990, 15300],[12989, 15300],[12988, 15298],[12988, 15294],[12987, 15292],[12987, 15290],[12986, 15290],[12986, 15289],[12985, 15288],[12985, 15286],[12983, 15285],[12973, 15285],[12971, 15283],[12970, 15283],[12968, 15282],[12964.5, 15282],[12964, 15281],[12962, 15281],[12953, 15281],[12953, 15280],[12949, 15280],[12940, 15280],[12938, 15280],[12937, 15279],[12935, 15279],[12932, 15276],[12931, 15276],[12930, 15274],[12930, 15272],[12929, 15272],[12929, 15271],[12928, 15270],[12928, 15265],[12927, 15264],[12927, 15262],[12927, 15261],[12926, 15261],[12925, 15259],[12925, 15258],[12922, 15255],[12922, 15254],[12922, 15253],[12921, 15252],[12921, 15251],[12920, 15251],[12920, 15250],[12916, 15246],[12913, 15246],[12912, 15247],[12910, 15248],[12909, 15248],[12908, 15249],[12907, 15248],[12905, 15248],[12904, 15247],[12904, 15246],[12902, 15244],[12901, 15244],[12899, 15244],[12898, 15243],[12894, 15243],[12892, 15244],[12891, 15244],[12890, 15245],[12889, 15246],[12888, 15246],[12886, 15247],[12886, 15249],[12885, 15250],[12885, 15254],[12885, 15255],[12886, 15257],[12886, 15258],[12886, 15259],[12888, 15260],[12888, 15262],[12886, 15264],[12885, 15264],[12883, 15265],[12881, 15265],[12880, 15263],[12878, 15263],[12874, 15259],[12874, 15254],[12875, 15252],[12876, 15252],[12876, 15251],[12876, 15249],[12877, 15248],[12877, 15247],[12877, 15238],[12876.75, 15237.5],[12877, 15237],[12877, 15233],[12859, 15233],[12859, 15236],[12858.5, 15237],[12858, 15237],[12858, 15238],[12856, 15238],[12855, 15239],[12853, 15241],[12852, 15241],[12851, 15242],[12850, 15242],[12849.5, 15243],[12849, 15243],[12847, 15244],[12841, 15244],[12834, 15244],[12828, 15244],[12827, 15245],[12826, 15245],[12825.5, 15246],[12825, 15246],[12823, 15247],[12822, 15247],[12821, 15248],[12820, 15248],[12816, 15253],[12816, 15254],[12816, 15255],[12814, 15256],[12814, 15257],[12814, 15262],[12814, 15263],[12816, 15264],[12816, 15265],[12816, 15266],[12817, 15267],[12817, 15272],[12816, 15274],[12816, 15277],[12814, 15279],[12814, 15286],[12816, 15287],[12816, 15288],[12816, 15290],[12816, 15293],[12817, 15295],[12817, 15304],[12816, 15306],[12816, 15307],[12814, 15309],[12814, 15311],[12814, 15313],[12813, 15315],[12813, 15322],[12814, 15323],[12814, 15324],[12814, 15326],[12816, 15328],[12816, 15329],[12817, 15330],[12819, 15332],[12817, 15332],[12814, 15335],[12812, 15335],[12812, 15336],[12805, 15344],[12805, 15344.63],[12800, 15349],[12800, 15358],[12802, 15359],[12802, 15361],[12803, 15362],[12803, 15364],[12806, 15367],[12808, 15367],[12809, 15368],[12809, 15369],[12810, 15369],[12811, 15370],[12812, 15370],[12813, 15370.5],[12813, 15371],[12814, 15371],[12814, 15372],[12815, 15372],[12816, 15372.67],[12817, 15373.5],[12817, 15374],[12817, 15375],[12818, 15375.5],[12818, 15376],[12819, 15376.5],[12819, 15377],[12819, 15379],[12819, 15382],[12820, 15384],[12820, 15385],[12818, 15387],[12818, 15389],[12818, 15390],[12817, 15391],[12817, 15392],[12817, 15393],[12815, 15394],[12815, 15395],[12814, 15396],[12814, 15397],[12812, 15399],[12812, 15400],[12811, 15401],[12811, 15402],[12811, 15403],[12811, 15404],[12811, 15412],[12811, 15415],[12811, 15416],[12811, 15417],[12812, 15418],[12812, 15423],[12811, 15425],[12811, 15426],[12811, 15427],[12810, 15429],[12810, 15429.5],[12809, 15430],[12809, 15431],[12808, 15432],[12808, 15433],[12807.33, 15434.33],[12806, 15435],[12806, 15436],[12806, 15442],[12807, 15443],[12808, 15445],[12808, 15446],[12809, 15447],[12809, 15449],[12809, 15450],[12811, 15451],[12811, 15452],[12811, 15454],[12811, 15455],[12811, 15456],[12812, 15457],[12812, 15460],[12814, 15462],[12815, 15463],[12815, 15464],[12817, 15466],[12818, 15467],[12818, 15469],[12820, 15470],[12820, 15471],[12820, 15472],[12821, 15474],[12821, 15475],[12822, 15476],[12823, 15478],[12823, 15479],[12822, 15480],[12822, 15487],[12823, 15487.5],[12823, 15491],[12825, 15492],[12825, 15493],[12827, 15493],[12828, 15494],[12829, 15495],[12830, 15496],[12831, 15496],[12833, 15498],[12834, 15498],[12835, 15498],[12837, 15500],[12841, 15504],[12843, 15506],[12843, 15507],[12844, 15508],[12844, 15509],[12845, 15510],[12845, 15512],[12845, 15513],[12846, 15513.5],[12846, 15514],[12847, 15514.5],[12847, 15515],[12847, 15517],[12847, 15518],[12848, 15520],[12848, 15521],[12849, 15522],[12850, 15523],[12852, 15523],[12852, 15524],[12853, 15524],[12854, 15524],[12855, 15524],[12855, 15525],[12857, 15525],[12858, 15525],[12859, 15525],[12860, 15525],[12862, 15526],[12864, 15526],[12864, 15527],[12866, 15527],[12868, 15527],[12870, 15528],[12871, 15528],[12874, 15530.4],[12874, 15531],[12875, 15531.5],[12875, 15532],[12876, 15532.5],[12876, 15533],[12876, 15534],[12876, 15535],[12877, 15537],[12877, 15538],[12879, 15540],[12880, 15541],[12881, 15541],[12881, 15542],[12882, 15542],[12888, 15542],[12888, 15541],[12889, 15541],[12890, 15541],[12894, 15541],[12896, 15540],[12900, 15540],[12900, 15539],[12903, 15537],[12904, 15537],[12904, 15536],[12905, 15536],[12907, 15534],[12908, 15534],[12908, 15533],[12909, 15532],[12910, 15531],[12910, 15530.25],[12911, 15529],[12912, 15529],[12912, 15528],[12913, 15527],[12914, 15527],[12914, 15526],[12915.25, 15525],[12916, 15525],[12917, 15524],[12918, 15524],[12918, 15523],[12919, 15523],[12920, 15522],[12922, 15522],[12923, 15521],[12924, 15521],[12932, 15521],[12933, 15521],[12934, 15522],[12936, 15522],[12942, 15528],[12943, 15528],[12944, 15528],[12945, 15528],[12951, 15528],[12952, 15528],[12953, 15528],[12953, 15527],[12954, 15527],[12954, 15526],[12955, 15525],[12955, 15522],[12954, 15521],[12954, 15520],[12954, 15518],[12953, 15518],[12952, 15516],[12952, 15513],[12956, 15509],[12957, 15509],[12957, 15508],[12958, 15508],[12959, 15507],[12960, 15507],[12966, 15507],[12969, 15507],[12971, 15507],[12972, 15507],[12976, 15507],[12978, 15508],[12978, 15509],[12979, 15509],[12982, 15511],[12982, 15513],[12984, 15514],[12984, 15516],[12985, 15517],[12985, 15519],[12988, 15522],[12988, 15523],[12991, 15526],[12991, 15528.5],[12990, 15529],[12990, 15531],[12986, 15535],[12984, 15535],[12983, 15537],[12981, 15537],[12980, 15538],[12978, 15538],[12975, 15541],[12975, 15550],[12974, 15551],[12974, 15552],[12971, 15555],[12970, 15555],[12968, 15557],[12968, 15562],[12969, 15562],[12969, 15563],[12970, 15563],[12971, 15564],[12972, 15564],[12972, 15565],[12978, 15565],[12979, 15565],[12979, 15566],[12983, 15566],[12984, 15566],[12986, 15566],[12988, 15567],[12990, 15567],[12990, 15568],[12992, 15568],[12993, 15568],[12993, 15569],[12994, 15569],[12995, 15570],[12997, 15570],[13003, 15576],[13003, 15577],[13007, 15581],[13008, 15582],[13009, 15583],[13009, 15584],[13010, 15584],[13013, 15586],[13014, 15586],[13014, 15587],[13014, 15588],[13016, 15589],[13016, 15590],[13017, 15590],[13017, 15591],[13019, 15593],[13020, 15593],[13026, 15599],[13026, 15600],[13027, 15601],[13027, 15603],[13028, 15604],[13029, 15605],[13029, 15607],[13031, 15607],[13032, 15608],[13033, 15609],[13034, 15609],[13036, 15610],[13036, 15611],[13037, 15611],[13040, 15613],[13040, 15615],[13042, 15616],[13042, 15617],[13042, 15618],[13042, 15621],[13043, 15622],[13043, 15626],[13042, 15627],[13040, 15627],[13039, 15629],[13038, 15629],[13037, 15627],[13025, 15627],[13022, 15630],[13022, 15636],[13024, 15637],[13024, 15638],[13025, 15638],[13027, 15639],[13028, 15639],[13030, 15640],[13030, 15641],[13039, 15641]],[[12984, 15301],[12980.25, 15304],[12980, 15304],[12979, 15303],[12977, 15303],[12975, 15300],[12975, 15298],[12976, 15297],[12977, 15297],[12977, 15296],[12979, 15295],[12979, 15294],[12980, 15294],[12980, 15295],[12983, 15295],[12983, 15294.67],[12985, 15296],[12985, 15301],[12984, 15301]],[[12986, 15398],[12985, 15398],[12984, 15396],[12988, 15392],[12989, 15392],[12991, 15391],[12993, 15391],[12993, 15395],[12990, 15398],[12988, 15398],[12987, 15399],[12986, 15398]],[[13199, 15635.5],[13199, 15635],[13200, 15635],[13199, 15635.5]]]},"properties":{"objectType":"annotation","classification":{"name":"Ignore*","color":[180, 180, 180]}}},{"type":"Feature","id":"2b65ed81-8b45-49cd-8538-1df0f7da4e56","geometry":{"type":"Polygon","coordinates":[[[18688, 8344],[18712, 8375],[18672, 8376],[18672, 8417.73],[18648, 8432],[18616, 8488],[18609, 8555],[18642, 8626],[18640, 8680],[18702, 8802],[18693, 8859],[18656, 8888],[18651, 8942],[18702, 9040],[18688, 9080],[18742, 9104],[18760, 9144],[18809, 9172],[18816, 9240],[18855, 9264],[18886, 9351],[18947, 9385],[18995, 9385],[19024, 9440],[19064, 9425],[19072, 9464],[19104, 9472],[19115, 9441],[19128, 9480],[19192, 9528],[19245.86, 9472],[19272, 9464],[19272, 9416],[19248, 9384],[19271, 9343],[19304, 9384],[19338, 9376],[19384, 9392],[19480, 9360],[19469, 9294],[19528, 9264],[19544, 9232],[19545, 9107],[19592, 9080],[19558, 9045],[19568, 8992],[19527, 8997],[19520, 8960],[19484, 8967],[19467, 8912],[19443, 8888],[19440, 8840],[19389.5, 8862],[19366, 8849],[19313, 8866],[19264, 8856],[19248, 8888],[19176, 8936],[19208, 8928],[19184, 8968],[19192, 9013.33],[19160, 9032],[19152, 9080],[19175, 9067.25],[19160, 9136],[19188, 9173],[19161, 9192],[19136, 9135],[19140, 9079],[19096, 8936],[18984, 8872],[18984, 8845],[19016, 8832],[19004, 8799],[19016, 8632],[18952.64, 8616],[18920, 8576],[18920, 8528],[18848, 8408],[18816, 8413],[18800, 8376],[18752, 8375],[18688, 8344]],[[19359, 8857],[19358.2, 8858],[19352, 8858],[19359, 8857]],[[19368, 8857],[19368, 8858],[19363, 8857],[19368, 8857]]]},"properties":{"objectType":"annotation","classification":{"name":"Tumor","color":[102, 77, 179]}}},{"type":"Feature","id":"0994d1a4-df42-4f46-b6d3-4d79034071f8","geometry":{"type":"Polygon","coordinates":[[[15423, 7971],[15320, 8000],[15290, 8172],[15304, 8304],[15343, 8413],[15440, 8419],[15448, 8456],[15512, 8448],[15624, 8392],[15640, 8216],[15608, 8128],[15624, 8072],[15560, 8048],[15552, 8000],[15423, 7971]],[[15480, 8408],[15488, 8424],[15472, 8432],[15480, 8408]],[[15376, 8408],[15376, 8409],[15374.5, 8408],[15376, 8408]]]},"properties":{"objectType":"annotation","classification":{"name":"Tumor","color":[102, 77, 179]}}},{"type":"Feature","id":"e66628ec-2c2b-4c5b-a35c-cc5e833eb7a9","geometry":{"type":"Polygon","coordinates":[[[14970, 7946],[14973, 8026],[15009, 8056],[14976, 8077],[14994, 8156],[15115, 8186],[15173, 8141],[15200, 8072],[15160, 7880],[15112, 7816],[15032, 7848],[14970, 7946]]]},"properties":{"objectType":"annotation","classification":{"name":"Tumor","color":[102, 77, 179]}}},{"type":"Feature","id":"665fe7cb-f3b1-478f-8ba8-39472dc28426","geometry":{"type":"Polygon","coordinates":[[[14400, 8208],[14415, 8216],[14416, 8296],[14471, 8354],[14464, 8392],[14503, 8400],[14512, 8432],[14543, 8443],[14544, 8472],[14584, 8504],[14640, 8528],[14670, 8495],[14736, 8504],[14760, 8528],[14784, 8488],[14832, 8448],[14848, 8372],[14880, 8360],[14896, 8320],[14888, 8240],[14904, 8192],[14896, 8128],[14912, 8064],[14866, 8026],[14896, 7960],[14870, 7878],[14865, 7802],[14827, 7828],[14855, 7758],[14786, 7688],[14760, 7632],[14720, 7600],[14640, 7594],[14632, 7560],[14553, 7623],[14512, 7616],[14536, 7640],[14539, 7680],[14519, 7713],[14467, 7717],[14408, 7797],[14432, 7837.25],[14420, 7895],[14420, 8048],[14432, 8097.73],[14408, 8136],[14400, 8208]]]},"properties":{"objectType":"annotation","classification":{"name":"Tumor","color":[102, 77, 179]}}},{"type":"Feature","id":"2537d179-a958-4dce-89d4-e0a47bece118","geometry":{"type":"Polygon","coordinates":[[[14624, 9648],[14666, 9620],[14688, 9728],[14824, 9808],[14968, 9712],[14960, 9488],[14894, 9435],[15008, 9424],[15024, 9488],[15136, 9424],[15136, 9272],[14968, 9256],[14920, 9392],[14792, 9392],[14672, 9488],[14624, 9648]]]},"properties":{"objectType":"annotation","classification":{"name":"Tumor","color":[102, 77, 179]}}},{"type":"Feature","id":"2c74206f-d79c-453d-8382-cde5588306cf","geometry":{"type":"Polygon","coordinates":[[[14752, 8760],[14672, 8808],[14670, 8878],[14760, 8941],[14752, 8968],[14819, 8998],[14753, 9050],[14632, 9024],[14548, 9033],[14488, 8904],[14390, 8896],[14296, 8968],[14320, 9056],[14224, 9112],[14148, 9178],[14142, 9252],[14208, 9360],[14332, 9391],[14416, 9392],[14548, 9358],[14704, 9352],[14837, 9248],[14893, 9221],[14928, 9248],[15024, 9224],[15074, 9173],[15096, 9080],[15051, 9059],[14972, 8933],[14975, 8975],[14928, 8912],[14984, 8928],[14952, 8840],[14912, 8848],[14856, 8800],[14752, 8760]],[[15003, 8999],[15004.25, 9000],[15000, 9000],[15003, 8999]],[[15024, 9030.75],[15025.43, 9032],[15024, 9032],[15024, 9030.75]]]},"properties":{"objectType":"annotation","classification":{"name":"Tumor","color":[102, 77, 179]}}},{"type":"Feature","id":"65ce955e-d424-4aa9-8022-d27875e31a73","geometry":{"type":"Polygon","coordinates":[[[12416, 9672],[12416, 9760],[12432, 9800],[12488, 9832],[12496, 9848],[12544, 9864],[12608, 9864],[12624, 9872],[12672, 9824],[12672, 9800],[12712, 9808],[12720, 9824],[12752, 9816],[12744, 9896],[12784, 9952],[12856, 9968],[12880, 9984],[12936, 9952],[13000, 9952],[13064, 9904],[13088, 9872],[13088, 9820],[13102, 9800],[13097, 9714],[13088, 9672],[13056, 9656],[13101, 9664],[13119, 9654],[13148, 9678],[13176, 9680],[13170, 9700],[13148, 9695],[13139, 9715],[13110, 9724],[13125, 9747],[13163, 9708],[13208, 9712],[13240, 9688],[13233, 9655],[13277, 9637],[13297, 9604],[13339, 9589],[13355, 9567],[13391, 9606],[13426, 9602],[13448, 9648],[13488, 9648],[13488, 9664],[13531, 9674],[13560, 9696],[13584, 9697],[13599, 9721],[13654, 9708],[13672, 9728],[13712, 9721],[13720, 9736],[13752, 9704],[13824, 9720],[13896, 9672],[13912, 9680],[13928, 9656],[13968, 9656],[13968, 9633],[14008, 9616],[14024, 9592],[14010, 9560],[14048, 9544],[14041, 9488],[14088, 9496],[14096, 9480],[14064, 9472],[14072, 9456],[14072, 9392],[14048, 9376],[14040, 9331],[14002, 9297],[14000, 9256],[13886, 9190],[13848, 9190],[13792, 9164],[13599, 9169],[13569, 9194],[13531, 9207],[13440, 9207],[13440, 9200],[13352, 9200],[13312, 9152],[13312, 9120],[13232, 9120],[13224, 9104],[13200, 9120],[13200, 9080],[13168, 9080],[13144, 9064],[13064, 9064],[13040, 9056],[13024, 9104],[12936, 9128],[12936, 9232],[13040, 9304],[13089, 9320],[13077, 9334],[12968, 9320],[12928, 9360],[12888, 9352],[12888, 9504],[12856, 9480],[12824, 9432],[12800, 9432],[12792, 9408],[12768, 9400],[12640, 9400],[12616, 9432],[12568, 9448],[12568, 9464],[12488, 9536],[12472, 9584],[12440, 9608],[12432, 9656],[12416, 9672]]]},"properties":{"objectType":"annotation","classification":{"name":"Tumor","color":[102, 77, 179]}}},{"type":"Feature","id":"b38373f7-3b8e-4d29-a49d-3ec4150dd8bb","geometry":{"type":"Polygon","coordinates":[[[13176, 9872],[13184, 10104],[13248, 10192],[13360, 10240],[13624, 10032],[13640, 9904],[13536, 9774.17],[13328, 9720],[13176, 9872]]]},"properties":{"objectType":"annotation","classification":{"name":"Tumor","color":[102, 77, 179]}}},{"type":"Feature","id":"6e7c67cc-dd2d-4bbb-aee7-3cb562fa65ee","geometry":{"type":"Polygon","coordinates":[[[15979, 9710],[15979, 9711],[15979, 9733],[15979, 9734],[15979, 9738],[15982, 9741],[15982, 9751],[15982, 9752],[15983, 9752],[15986, 9755],[15986, 9758],[15986, 9759],[15986, 9761],[15989, 9764],[15989, 9765],[15989, 9766],[15990, 9766],[15991, 9767],[15991.5, 9767],[15993, 9769],[15994, 9769],[15994, 9770],[15997, 9770],[16000, 9773],[16000.5, 9773],[16001, 9773.43],[16001, 9774],[16001.67, 9774],[16004, 9776],[16005, 9777],[16005.62, 9777],[16011, 9782],[16011, 9783],[16013.45, 9783],[16025, 9794],[16026, 9795],[16027, 9795],[16033, 9801],[16039, 9801],[16040, 9802],[16047, 9802],[16047, 9801],[16054, 9801],[16054, 9800],[16055, 9800],[16057, 9798],[16060, 9795],[16061, 9795],[16061, 9794],[16062, 9794],[16069, 9787],[16069, 9786],[16070, 9786],[16070, 9785],[16090, 9765],[16090, 9764],[16091, 9764],[16091, 9760],[16090, 9760],[16090, 9759],[16087, 9756],[16087, 9753],[16087, 9749],[16086, 9749],[16084, 9746],[16084, 9734],[16086, 9731],[16087, 9731],[16087, 9730],[16087, 9711],[16087, 9708],[16087, 9707],[16086, 9707],[16084, 9704],[16084, 9701],[16084, 9698],[16083, 9698],[16083, 9697],[16080, 9694],[16080, 9693],[16080, 9690],[16079, 9690],[16077, 9688],[16077, 9687],[16073, 9683],[16072, 9682],[16063, 9682],[16062, 9683],[16060, 9683],[16058, 9685],[16056, 9685],[16056, 9686],[16053, 9686],[16053, 9687],[16051, 9689],[16044, 9689],[16041, 9686],[16041, 9685],[16037, 9685],[16027, 9675],[16021, 9675],[16018, 9678],[16014, 9678],[16014, 9679],[16001, 9692],[15997, 9692],[15997, 9693],[15990, 9699],[15986, 9699],[15986, 9700],[15983, 9703],[15982, 9703],[15982, 9704],[15982, 9707],[15979, 9710]]]},"properties":{"objectType":"annotation","classification":{"name":"Ignore*","color":[180, 180, 180]}}},{"type":"Feature","id":"b884220c-c6e8-4891-acbe-6e883b2cc0e9","geometry":{"type":"Polygon","coordinates":[[[14380, 11983],[14397, 12015],[14398, 12047],[14419, 12106],[14416, 12144],[14526, 12216],[14592, 12216],[14647, 12199],[14726, 12154],[14797, 12088],[14853, 11988],[14853, 11916],[14870, 11861],[14923, 11819],[14961, 11803],[15024, 11800],[15064, 11744],[15088, 11728],[15088, 11696],[15141, 11656],[15216, 11648],[15256, 11620],[15304, 11632],[15320, 11604],[15368, 11584],[15424, 11512],[15429, 11488],[15464, 11488],[15466, 11466],[15434, 11454],[15431, 11397],[15440, 11368],[15424, 11356],[15424, 11328],[15408, 11335],[15366, 11324],[15368, 11304],[15344, 11288],[15274, 11280],[15176, 11280],[15146.33, 11296],[15104, 11296],[15123, 11320],[15096, 11304],[15016, 11328],[15008, 11344],[14976, 11352],[14976, 11407],[14944, 11400],[14928, 11447],[14904, 11472],[14880, 11464],[14883, 11506],[14836, 11494],[14775, 11512],[14736, 11502],[14736, 11478],[14656, 11537],[14629, 11520],[14598, 11458],[14604, 11491],[14637, 11550],[14654, 11560],[14650, 11589.45],[14600, 11632],[14590, 11661],[14589, 11735.1],[14552, 11752],[14486, 11819],[14464, 11830],[14386, 11913],[14380, 11983]]]},"properties":{"objectType":"annotation","classification":{"name":"Tumor","color":[102, 77, 179]}}},{"type":"Feature","id":"0bdf3369-8600-4838-a262-fdc8f15d13a0","geometry":{"type":"Polygon","coordinates":[[[13862, 10764],[13896, 10944],[14016, 11000],[14160, 10984],[14160, 10944],[14280, 10920],[14368, 10928],[14360, 10960],[14504, 11112],[14632, 11120],[14680, 11096],[14736, 10992],[14752, 10896],[14704, 10880],[14744, 10832],[14720, 10768],[14632, 10696],[14552, 10680],[14392, 10696],[14328, 10728],[14296, 10681],[14152, 10616],[13984, 10624],[13872, 10664],[13862, 10764]]]},"properties":{"objectType":"annotation","classification":{"name":"Tumor","color":[102, 77, 179]}}},{"type":"Feature","id":"68c649e1-f40f-432f-991c-d0d5d83cc2ef","geometry":{"type":"Polygon","coordinates":[[[14328, 11743],[14472, 11784],[14536, 11720],[14545, 11617],[14496, 11536],[14395, 11556],[14336, 11624],[14328, 11743]]]},"properties":{"objectType":"annotation","classification":{"name":"Tumor","color":[102, 77, 179]}}},{"type":"Feature","id":"50748bfd-7bc6-496a-b4ac-971e930a2f55","geometry":{"type":"Polygon","coordinates":[[[13752, 11632],[13664, 11672],[13656, 11760],[13600, 11768],[13584, 11800],[13576, 12000],[13600, 12080],[13632, 12064],[13632, 12104],[13680, 12128],[13758, 12123],[13806, 12146],[13871, 12096],[13882, 12212],[13935, 12225],[13928, 12304],[14048, 12312],[14128, 12296],[14197, 12253],[14224, 12315],[14298, 12360],[14341, 12355],[14376, 12275],[14347, 12142],[14298, 12123],[14269, 12078],[14285, 12008],[14328, 11948],[14334, 11879],[14308, 11820],[14249, 11755],[14132, 11755],[14084, 11734],[14060, 11796],[14032, 11807],[13945, 11921],[13906, 11879.55],[13971, 11850],[13971, 11759],[13952, 11688],[13928, 11680],[13888, 11720],[13888, 11632],[13752, 11632]],[[14097, 12244],[14095, 12246],[14096, 12244],[14097, 12244]],[[14118, 12258],[14110, 12264],[14089, 12260],[14118, 12258]],[[14042, 12168],[14042, 12181],[14040, 12179],[14042, 12168]],[[14126, 12184],[14118, 12196],[14103, 12184],[14126, 12184]],[[13952, 11749],[13955, 11752],[13952, 11752],[13952, 11749]],[[14056, 12224],[14061, 12229],[14060, 12230],[14056, 12224]],[[14042, 12182],[14044, 12184],[14042, 12184],[14042, 12182]],[[13897, 11950],[13902, 11979],[13890, 11974],[13897, 11950]],[[14035, 12151],[14036, 12152],[14035, 12152],[14035, 12151]],[[14048, 12207],[14050, 12215],[14048, 12215],[14048, 12207]],[[14064, 12236],[14067, 12237],[14067, 12239],[14064, 12236]]]},"properties":{"objectType":"annotation","classification":{"name":"Tumor","color":[102, 77, 179]}}},{"type":"Feature","id":"e2abffc5-64e6-401f-ab59-d781826c272b","geometry":{"type":"MultiPolygon","coordinates":[[[[18816, 10904],[18648, 10944],[18496, 11120],[18608, 11208],[18672, 11304],[18736, 11312],[18808, 11248],[18848, 11112],[18904, 11072],[18879, 10958],[18816, 10904]],[[18881, 11019],[18885, 11024],[18877, 11022],[18881, 11019]],[[18888, 11022],[18887, 11023],[18887, 11022],[18888, 11022]],[[18808, 10912],[18818, 10914],[18808, 10916],[18808, 10912]],[[18790, 10936],[18784, 10947],[18784, 10937.8],[18790, 10936]],[[18785, 10975],[18787, 10976],[18784, 10976],[18785, 10975]],[[18792, 10928],[18798, 10935],[18792, 10936],[18792, 10928]],[[18819, 11004],[18823, 11008],[18816, 11008],[18819, 11004]]],[[[18851, 10912],[18854, 10914],[18855, 10912],[18851, 10912]]],[[[18896, 11004],[18895, 11005],[18896, 11005],[18896, 11004]]],[[[18896, 11001],[18895.48, 11001.52],[18896, 11002],[18896, 11001]]]]},"properties":{"objectType":"annotation","classification":{"name":"Tumor","color":[102, 77, 179]}}},{"type":"Feature","id":"b04659ba-e223-4436-91c4-ca17ce644a1b","geometry":{"type":"Polygon","coordinates":[[[16864, 7912],[16739, 7936],[16671, 7973],[16553, 8085],[16584, 8160],[16691, 8288],[16758, 8291],[16795, 8366],[16722, 8351],[16688, 8296],[16520, 8304],[16269, 8499],[16200, 8520],[16168, 8624],[16160, 8744],[16264, 8840],[16352, 8840],[16448, 8784],[16512, 8712],[16504, 8677],[16616, 8549],[16690, 8542],[16730, 8597],[16693, 8650],[16736, 8647],[16892, 8489],[16940, 8589],[16892, 8617],[16902, 8688],[16993, 8640],[17056, 8632],[17048, 8592],[17128, 8552],[17128, 8312],[17080, 8234],[17144, 8192],[17120, 8072],[16984, 7952],[16953, 7971],[16864, 7912]],[[16674, 8002],[16679, 8005],[16672, 8009],[16674, 8002]]]},"properties":{"objectType":"annotation","classification":{"name":"Tumor","color":[102, 77, 179]}}},{"type":"Feature","id":"8f4c10ed-8821-4733-9df2-7eda47b347bb","geometry":{"type":"Polygon","coordinates":[[[17168, 8464],[17184, 8560],[17280, 8608],[17400, 8552],[17456, 8400],[17280, 8376],[17168, 8464]]]},"properties":{"objectType":"annotation","classification":{"name":"Tumor","color":[102, 77, 179]}}},{"type":"Feature","id":"acfee0d4-c3ae-43bd-b89d-d70d7cb58ac2","geometry":{"type":"Polygon","coordinates":[[[16472, 7872],[16488, 7880],[16496, 7928],[16560, 7968],[16648, 7952],[16672, 7928],[16632, 7944],[16640, 7896],[16680, 7872],[16648, 7864],[16680, 7840],[16712, 7864],[16712, 7840],[16752, 7848],[16792, 7832],[16792, 7848],[16832, 7848],[16864, 7824],[16912, 7824],[16984, 7792],[17000, 7800],[17024, 7760],[17072, 7760],[17168, 7672],[17184, 7632],[17248, 7616],[17248, 7568],[17232, 7560],[17248, 7504],[17208, 7424],[17184, 7416],[17176, 7384],[17144, 7408],[17120, 7392],[17080, 7392],[17072, 7368],[17032, 7368],[17048, 7416],[16984, 7416],[16976, 7376],[16936, 7376],[16920, 7400],[16960, 7400],[16904, 7448],[16928, 7456],[16904, 7480],[16816, 7488],[16800, 7512],[16744, 7520],[16736, 7544],[16688, 7576],[16616, 7592],[16608, 7616],[16576, 7632],[16568, 7664],[16544, 7672],[16544, 7720],[16528, 7736],[16560, 7768],[16512, 7760],[16488, 7784],[16488, 7824],[16472, 7872]]]},"properties":{"objectType":"annotation","classification":{"name":"Tumor","color":[102, 77, 179]}}},{"type":"Feature","id":"ce521746-e245-4996-a149-2959d768b8ac","geometry":{"type":"Polygon","coordinates":[[[18133, 8168],[18160, 8272],[18296, 8432],[18376, 8432],[18464, 8352],[18496, 8240],[18432, 8072],[18264, 8040],[18197, 8107],[18160, 8088],[18133, 8168]]]},"properties":{"objectType":"annotation","classification":{"name":"Tumor","color":[102, 77, 179]}}},{"type":"Feature","id":"94e81e81-b818-4e6e-8056-6e9f5f1efb59","geometry":{"type":"Polygon","coordinates":[[[15632, 6552],[15632, 6572],[15520, 6568],[15474, 6648],[15409, 6720],[15392, 6720],[15320, 6785],[15288, 6760],[15288, 6810],[15255, 6816],[15224, 6792],[15183, 6786],[15168, 6752],[15200, 6744],[15184, 6712],[15128, 6720],[15072, 6696],[15024, 6720],[14976, 6704],[14912, 6752],[14888, 6784],[14896, 6856],[14864, 6880],[14808, 6888],[14808, 6872],[14745, 6912],[14715, 6968],[14673, 6992],[14600, 6984],[14558, 7032],[14448, 7072],[14424, 7112],[14432, 7272],[14456, 7272],[14520, 7336],[14616, 7336],[14648, 7288],[14672, 7288],[14696, 7328],[14760, 7320],[14776, 7272],[14840, 7264],[14856, 7304],[14944, 7360],[14960, 7384],[15096, 7384],[15128, 7360],[15152, 7272],[15144, 7208],[15096, 7176],[15096, 7144],[15056, 7112],[15018, 7114],[15048, 7072],[15080, 7072],[15152, 7016],[15181, 6978],[15224, 7016],[15256, 7000],[15323, 7000],[15359, 7060],[15360, 7096],[15400, 7128],[15445, 7116],[15536, 7256],[15576, 7256],[15608, 7224],[15664, 7232],[15768, 7264],[15776, 7280],[15848, 7310],[15856, 7392],[15831, 7414],[15831, 7478],[15763, 7545],[15718, 7622],[15716, 7714],[15755, 7787],[15788, 7786],[15791, 7811],[15928, 7912],[15985, 7919],[16008, 7952],[16096, 7952],[16098, 7922],[16152, 7944],[16176, 7912],[16168, 7864],[16208, 7848],[16208, 7648],[16152, 7491],[16123, 7480],[16112, 7384],[16144, 7360],[16088, 7360],[16104, 7336],[16088, 7304],[16120, 7280],[16120, 7238],[16140, 7217],[16153, 7256],[16184, 7224],[16212, 7169],[16262, 7166],[16327, 7205],[16350, 7181],[16372, 7195],[16378, 7303],[16432, 7352],[16528, 7368],[16576, 7328],[16576, 7368],[16600, 7416],[16584, 7456],[16672, 7456],[16728, 7488],[16800, 7464],[16816, 7424],[16880, 7408],[16864, 7368],[16896, 7352],[16856, 7344],[16840, 7296],[16880, 7296],[16896, 7248],[16864, 7264],[16880, 7232],[16848, 7216],[16768, 7216],[16752, 7192],[16696, 7192],[16696, 7144],[16640, 7136],[16656, 7168],[16648, 7232],[16624, 7232],[16592, 7304],[16568, 7312],[16552, 7264],[16552, 7208],[16531, 7160],[16531, 7098],[16552, 7072],[16522, 7046],[16512, 7000],[16480, 6983],[16448, 6912],[16339, 6939],[16330, 6892],[16293.67, 6895],[16288, 6832],[16216, 6840],[16144, 6864],[16123, 6915],[16081, 6934],[16068, 6913],[16024, 6952],[16016, 6936],[15928, 6960],[15928, 6992],[15871, 7056],[15823, 7080],[15789, 7074],[15728, 7040],[15752, 7024],[15656, 7032],[15597, 7014],[15576, 6992],[15529, 7008],[15488, 7001],[15472, 6968],[15520, 6944],[15544, 6968],[15551, 6928],[15616, 6907],[15648, 6920],[15689, 6880],[15712, 6888],[15752, 6856],[15762, 6792],[15776, 6792],[15784, 6856],[15824, 6880],[15832, 6928],[15872, 6920],[15880, 6888],[15792, 6832],[15800, 6760],[15749, 6728],[15760, 6680],[15784, 6688],[15816, 6768],[15864, 6816],[15928, 6848],[15904, 6816],[15952, 6816],[16008, 6768],[16008, 6712],[15968, 6712],[15992, 6672],[15944, 6640],[15776, 6624],[15760, 6656],[15752, 6608],[15720, 6608],[15712, 6568],[15632, 6552]],[[15880, 7480],[15880, 7482],[15878.2, 7480],[15880, 7480]],[[15736, 7610],[15736, 7622],[15733, 7620],[15736, 7610]],[[15856, 7424],[15856, 7433],[15853, 7430],[15856, 7424]],[[16328, 6920],[16332, 6925],[16328, 6926],[16328, 6920]],[[15880, 7521],[15880, 7526.67],[15878, 7528],[15880, 7521]],[[15782, 7539],[15784, 7542],[15776, 7544],[15782, 7539]],[[15744, 7585],[15744, 7600],[15738, 7600],[15744, 7585]],[[15871, 7455.43],[15872, 7464],[15868, 7464],[15871, 7455.43]],[[15752, 7572.45],[15752, 7576],[15748.75, 7576],[15752, 7572.45]],[[16328, 6907],[16330, 6912],[16328, 6912],[16328, 6907]],[[15768, 7559],[15768, 7560],[15767, 7560],[15768, 7559]],[[15760, 7567],[15760, 7568],[15759, 7568],[15760, 7567]]]},"properties":{"objectType":"annotation","classification":{"name":"Tumor","color":[102, 77, 179]}}},{"type":"Feature","id":"d34d59dd-5139-4a1c-938f-717fbdbb9078","geometry":{"type":"Polygon","coordinates":[[[15664, 8112],[15664, 8200],[15704, 8240],[15744, 8248],[15760, 8280],[15824, 8296],[15896, 8288],[15952, 8336],[15960, 8312],[16072, 8328],[16064, 8360],[16144, 8352],[16176, 8320],[16256, 8288],[16352, 8288],[16416, 8256],[16424, 8200],[16448, 8184],[16448, 8104],[16368, 8064],[16336, 8072],[16304, 8048],[16304, 8080],[16248, 8072],[16232, 8000],[16200, 8000],[16160, 7944],[16104, 7974],[16024, 7968],[16024, 8024],[15936, 8040],[15888, 8024],[15784, 8024],[15704, 8040],[15688, 8096],[15664, 8112]]]},"properties":{"objectType":"annotation","classification":{"name":"Tumor","color":[102, 77, 179]}}},{"type":"Feature","id":"372d928a-87b5-4c1c-83f7-d085dcc99627","geometry":{"type":"Polygon","coordinates":[[[15120, 7680],[15152, 7752],[15216, 7776],[15216, 7816],[15264, 7752],[15320, 7752],[15328, 7808],[15440, 7784],[15456, 7656],[15513, 7511],[15510, 7446],[15458, 7449],[15413, 7412],[15446, 7340],[15371, 7301],[15313, 7381],[15366, 7405],[15334, 7449],[15264, 7448],[15143, 7506],[15128, 7544],[15144, 7668],[15120, 7680]]]},"properties":{"objectType":"annotation","classification":{"name":"Tumor","color":[102, 77, 179]}}},{"type":"Feature","id":"ddefb7fb-5874-4bcb-82c0-d47adb76afc5","geometry":{"type":"Polygon","coordinates":[[[17640, 7488],[17656, 7528],[17648, 7576],[17704, 7576],[17706, 7608],[17656, 7643],[17656, 7688],[17689, 7683],[17712, 7736],[17784, 7754],[17792, 7792],[17832, 7792],[17856, 7848],[17904, 7832],[17920, 7760],[17976, 7760],[17968, 7728],[18008, 7720],[18040, 7664],[18080, 7632],[18040, 7656],[18000, 7640],[18024, 7616],[18032, 7536],[18024, 7472],[17981, 7413],[17880, 7351],[17824, 7351],[17742, 7409],[17712, 7472],[17640, 7488]]]},"properties":{"objectType":"annotation","classification":{"name":"Tumor","color":[102, 77, 179]}}},{"type":"Feature","id":"00e57707-2b96-437f-a4a1-5427d484d2b6","geometry":{"type":"Polygon","coordinates":[[[17056, 12077],[17056, 12079],[17056, 12082],[17059, 12085],[17059, 12100],[17059, 12103],[17060, 12103],[17063, 12106],[17063, 12107],[17063, 12110],[17066, 12113],[17066, 12114],[17067, 12114],[17069, 12116],[17069, 12117],[17070, 12117],[17070, 12121],[17071, 12121],[17073, 12123],[17073, 12124],[17074, 12124],[17078.62, 12129.39],[17079.01, 12137.99],[17077, 12140],[17077, 12143],[17077, 12144],[17074, 12147],[17073, 12147],[17073, 12156],[17074, 12156],[17077, 12159],[17087, 12169],[17087, 12170],[17088, 12170],[17091, 12173],[17091, 12177],[17098, 12184],[17099, 12184],[17099, 12185],[17101.43, 12185],[17128, 12216],[17304, 12184],[17408, 12104],[17405.84, 12088.16],[17408, 12086],[17409, 12086],[17409, 12085],[17412, 12082],[17413, 12082],[17413, 12075],[17413, 12070],[17413, 12063],[17412, 12063],[17410, 12060],[17410, 12056],[17413, 12053],[17413, 12051],[17413, 12050],[17413, 12049],[17413, 12047],[17416, 12044],[17416, 12043],[17417, 12043],[17417, 12039],[17417, 12036],[17419, 12033],[17420, 12033],[17420, 12032],[17420, 12029],[17420, 12025],[17420, 12021],[17420, 12018],[17419, 12018],[17419, 12017],[17417, 12015],[17416, 12014],[17416, 12013],[17416, 12011],[17416, 12010],[17415, 12010],[17413, 12007],[17413, 12004],[17412, 12004],[17412, 12003],[17410, 12001],[17409, 12000],[17406, 11996.5],[17406, 11994],[17403, 11991],[17403, 11990],[17403, 11983],[17402, 11983],[17402, 11982],[17399, 11979],[17399, 11976],[17399, 11973],[17399, 11972],[17399, 11965],[17398, 11965],[17396, 11962],[17396, 11959],[17392, 11955],[17392, 11951],[17391, 11951],[17389, 11948],[17389, 11945],[17385.89, 11941.89],[17384, 11928],[17357.14, 11927.14],[17356, 11926],[17352, 11926],[17349, 11923],[17349, 11922],[17345, 11922],[17342, 11919],[17339, 11916],[17339, 11915],[17338, 11915],[17335, 11912],[17324, 11912],[17324, 11911],[17323, 11911],[17321, 11909],[17321, 11908],[17310, 11908],[17307, 11905],[17303, 11905],[17300, 11902],[17300, 11901],[17293, 11901],[17290, 11898],[17286, 11898],[17286, 11897],[17231, 11897],[17231, 11898],[17228, 11901],[17220, 11901],[17220, 11902],[17218, 11904],[17214, 11904],[17214, 11905],[17213, 11905],[17210, 11908],[17206, 11908],[17206, 11909],[17203, 11912],[17200, 11912],[17197, 11915],[17193, 11915],[17193, 11916],[17191, 11918],[17189, 11918],[17189, 11919],[17182, 11919],[17179.59, 11921.41],[17136, 11920],[17072, 11984],[17073.05, 12007],[17073, 12007],[17073, 12010],[17073, 12014],[17073, 12015],[17071, 12017],[17070, 12017],[17070, 12021],[17070, 12028],[17067, 12031],[17067, 12038],[17067, 12042],[17066, 12042],[17066, 12043],[17064, 12045],[17063, 12045],[17063, 12052],[17063, 12056],[17060, 12059],[17060, 12063],[17059, 12063],[17059, 12073],[17059, 12074],[17056, 12077]]]},"properties":{"objectType":"annotation","classification":{"name":"Tumor","color":[102, 77, 179]}}},{"type":"Feature","id":"f57e19e3-1070-43db-9c04-1e64651da702","geometry":{"type":"Polygon","coordinates":[[[16224, 12120],[16224, 12280],[16240, 12312],[16264, 12320],[16264, 12336],[16304, 12336],[16304, 12368],[16360, 12376],[16352, 12400],[16376, 12400],[16400, 12384],[16440, 12376],[16496, 12376],[16496, 12392],[16520, 12384],[16528, 12360],[16568, 12336],[16584, 12288],[16584, 12240],[16573, 12229],[16573, 12227],[16573, 12226],[16572, 12226],[16572, 12223],[16571, 12223],[16570, 12221.5],[16570, 12217],[16569, 12216],[16568, 12215],[16568, 12200],[16555.83, 12181.75],[16557, 12180],[16558, 12180],[16558, 12176],[16576, 12176],[16576, 12160],[16579, 12157],[16582, 12157],[16583, 12156],[16586.5, 12153],[16591, 12153],[16592, 12152],[16608, 12152],[16608, 12136],[16608, 12135],[16608, 12134],[16609, 12134],[16609, 12131.5],[16610, 12130],[16611, 12130],[16611, 12128.6],[16614, 12125],[16618, 12125],[16618, 12124],[16621, 12122],[16638, 12122],[16640, 12123.33],[16640, 12124],[16641, 12124],[16641, 12125],[16645, 12125],[16647, 12127],[16648, 12128],[16649, 12129],[16656, 12136],[16704, 12144],[16718, 12123],[16719, 12122],[16722, 12122],[16724, 12120],[16776, 12120],[16789.33, 12086.67],[16793, 12083],[16796, 12080],[16799, 12080],[16802.5, 12076.5],[16816, 12072],[16821.6, 12052.4],[16822, 12052],[16822, 12051],[16824.29, 12043],[16825, 12043],[16825, 12042],[16825, 12040.5],[16832, 12016],[16832, 12003],[16832, 11986],[16832, 11944],[16821, 11938.5],[16821, 11937],[16821, 11936],[16821, 11934],[16815, 11928],[16815, 11926],[16814, 11926],[16814, 11925],[16813.8, 11925],[16808, 11896],[16794.5, 11891.5],[16786, 11883],[16784, 11883],[16783, 11882],[16781, 11880],[16779, 11880],[16775, 11876],[16771, 11876],[16768, 11873],[16768, 11872],[16764, 11872],[16761, 11869],[16758.67, 11869],[16752, 11864],[16742, 11864],[16740, 11862],[16732, 11862],[16729, 11859],[16729, 11858],[16725, 11858],[16722, 11855],[16719, 11855],[16715, 11851],[16696, 11832],[16684, 11834],[16682, 11834],[16682, 11833],[16681, 11833],[16681, 11832],[16663, 11832],[16662, 11831],[16659, 11831],[16659, 11830],[16657.1, 11830],[16650, 11822.11],[16650, 11790],[16649, 11789],[16649, 11788],[16619, 11788],[16619, 11789],[16618, 11789],[16618, 11792],[16616, 11792],[16614.5, 11795],[16609, 11795],[16609, 11796],[16608, 11796],[16608, 11798],[16606, 11798],[16606, 11799],[16605, 11799],[16605, 11803],[16605, 11808],[16605, 11808.6],[16568, 11816],[16605, 11816],[16604, 11817],[16604, 11820],[16604, 11821],[16604, 11822],[16599, 11827],[16595, 11827],[16593, 11829],[16583, 11829],[16582, 11828],[16582, 11827],[16552, 11827],[16552, 11824],[16544, 11824],[16544, 11823],[16518, 11823],[16518, 11824],[16504, 11824],[16496, 11792],[16464, 11792],[16456, 11768],[16472, 11760],[16448, 11744],[16440, 11768],[16392, 11768],[16368, 11760],[16368, 11784],[16336, 11784],[16328, 11824],[16280, 11824],[16256, 11856],[16256, 11880],[16240, 11896],[16240, 11952],[16248, 11992],[16280, 12000],[16288, 12032],[16272, 12040],[16280, 12064],[16248, 12088],[16248, 12112],[16224, 12120]]]},"properties":{"objectType":"annotation","classification":{"name":"Tumor","color":[102, 77, 179]}}},{"type":"Feature","id":"d66ddbc4-0e7f-4d13-833c-03866045bf47","geometry":{"type":"Polygon","coordinates":[[[14536, 14048],[14560, 14096],[14584, 14208],[14688, 14200],[14688, 14112],[14752, 14128],[14744, 14240],[14816, 14248],[14832, 14312],[14896, 14312],[14928, 14384],[14968, 14384],[15000, 14432],[15016, 14408],[15072, 14400],[15080, 14424],[14992, 14440],[14912, 14520],[14856, 14552],[14872, 14656],[14858, 14694],[14952, 14744],[14968, 14776],[15160, 14728],[15256, 14672],[15288, 14600],[15296, 14464],[15256, 14464],[15296, 14416],[15312, 14448],[15400, 14528],[15440, 14520],[15416, 14576],[15512, 14592],[15536, 14608],[15568, 14568],[15536, 14544],[15648, 14568],[15648, 14536],[15712, 14512],[15768, 14520],[15792, 14416],[15680, 14408],[15688, 14368],[15616, 14304],[15616, 14256],[15672, 14240],[15688, 14192],[15752, 14192],[15824, 14224],[15872, 14208],[15880, 14152],[15928, 14120],[15936, 14056],[15880, 14040],[15896, 13984],[15880, 13928],[15952, 13864],[15928, 13744],[15880, 13720],[15880, 13680],[15824, 13632],[15720, 13608],[15664, 13632],[15552, 13640],[15520, 13688],[15448, 13688],[15440, 13664],[15344, 13696],[15280, 13736],[15216, 13752],[15208, 13912],[15232, 13960],[15184, 13968],[15200, 13920],[15111, 13899.46],[15111, 13894],[15110, 13894],[15107, 13891],[15107, 13890],[15103, 13890],[15102.46, 13889.54],[15128, 13864],[15048, 13848],[15056.92, 13819],[15057, 13819],[15063, 13813],[15064, 13813],[15064, 13812],[15067, 13812],[15067, 13811],[15069, 13809],[15071, 13809],[15071, 13808],[15073, 13806],[15074, 13805],[15077.23, 13802],[15080, 13802],[15084, 13798],[15087, 13795],[15088, 13795],[15088, 13794],[15091, 13792],[15094, 13792],[15095, 13791],[15097, 13789],[15109, 13789],[15111, 13791],[15112, 13792],[15115, 13792],[15118, 13794],[15118, 13795],[15119, 13795],[15121, 13797],[15121, 13798],[15125, 13798],[15126, 13799],[15133, 13799],[15133, 13798],[15134, 13798],[15137, 13794],[15138, 13794],[15138, 13793],[15141, 13790],[15142, 13789],[15142, 13786],[15142, 13783],[15142, 13780],[15144, 13777],[15145, 13777],[15145, 13775],[15145, 13774],[15145, 13773],[15145, 13772],[15145, 13766],[15148, 13763],[15148, 13762],[15149, 13762],[15149, 13759],[15151, 13757],[15154, 13757],[15154, 13756],[15155, 13756],[15157, 13754],[15163, 13754],[15166, 13756],[15166, 13757],[15175, 13757],[15175, 13756],[15176, 13756],[15178, 13754],[15179, 13753],[15186, 13746],[15187, 13745],[15196, 13736],[15199, 13736],[15200, 13735],[15203, 13732],[15210, 13732],[15210, 13731],[15211, 13731],[15211, 13729],[15213, 13729],[15213, 13728],[15232, 13728],[15288, 13680],[15336, 13672],[15336, 13624],[15360, 13648],[15448, 13640],[15456, 13592],[15504, 13600],[15520, 13576],[15472, 13536],[15456, 13496],[15384, 13456],[15248, 13464],[15248, 13480],[15160, 13456],[15096, 13456],[15000, 13496],[14896, 13496],[14840, 13512],[14800, 13552],[14792, 13632],[14768, 13664],[14776, 13704],[14797, 13693.5],[14797, 13694],[14804, 13694],[14807, 13697],[14808, 13697],[14808, 13698],[14811, 13698],[14812.36, 13698.91],[14814, 13703],[14814, 13704],[14814.67, 13704.67],[14817, 13710.5],[14817, 13723],[14815, 13726],[14811, 13726],[14810.36, 13726.64],[14794, 13725],[14788, 13719],[14786, 13719],[14783, 13722],[14779, 13722],[14779, 13723],[14778.55, 13723.45],[14744, 13720],[14744, 13752],[14754, 13762],[14754, 13774],[14755, 13774],[14758, 13777],[14758, 13778],[14762, 13778],[14765, 13780],[14765, 13786.57],[14728, 13776],[14680, 13792],[14672, 13840],[14608, 13856],[14608, 13904],[14568, 13896],[14568, 13960],[14544, 13976],[14536, 14048]]]},"properties":{"objectType":"annotation","classification":{"name":"Tumor","color":[102, 77, 179]}}},{"type":"Feature","id":"8440ae6d-e9e6-4e5c-abd8-355c7098393e","geometry":{"type":"Polygon","coordinates":[[[17152, 12597],[17153, 12597],[17156, 12600],[17156, 12604],[17159, 12607],[17159, 12611],[17160, 12611],[17170, 12621],[17170, 12627],[17167, 12630],[17163, 12630],[17161.45, 12631.55],[17148, 12626.5],[17148, 12626],[17146.67, 12626],[17120, 12616],[17056, 12616],[17008, 12640],[17008, 12663],[17006, 12665],[17005, 12665],[17005, 12674],[17006, 12674],[17006, 12675],[17008, 12675],[17008, 12678],[17005, 12681],[17005, 12682],[16984, 12696],[16968, 12776],[16968, 12840],[16944, 12840],[16928, 12888],[16968, 12936],[17040, 12936],[17056, 12920],[17104, 12928],[17112, 12896],[17216, 12880],[17224, 12848],[17248, 12840],[17272, 12800],[17288, 12736],[17346, 12795],[17328, 12832],[17359, 12841],[17315.7, 12878],[17312, 12878],[17312, 12881.16],[17311.02, 12882],[17305, 12882],[17305, 12887.15],[17304, 12888],[17303.6, 12889],[17267, 12889],[17267, 12895],[17264, 12895],[17264, 12896],[17263, 12896],[17263, 12901],[17264, 12901],[17267, 12904],[17267, 12908],[17272, 12913],[17274, 12913],[17275, 12913],[17275, 12914],[17278, 12914],[17281, 12916],[17281, 12917],[17285, 12917],[17288, 12919],[17288, 12922],[17278, 12922],[17278, 12923],[17277, 12923],[17277, 12926],[17271, 12926],[17271, 12927],[17270, 12927],[17270, 12929],[17267, 12929],[17264, 12929],[17264, 12930],[17263, 12930],[17263, 12932],[17263, 12933],[17263, 12937],[17263, 12940.5],[17256, 12944],[17256, 12954],[17256, 12957],[17254, 12959],[17253, 12959],[17253, 12962],[17253, 12965],[17253, 12968],[17252, 12968],[17252, 12971],[17250, 12973],[17250, 12979],[17249, 12979],[17249, 12991],[17250, 12991],[17250, 13007],[17250, 13014],[17250, 13018],[17249.5, 13019.5],[17247, 13022],[17246, 13022],[17246, 13025],[17246, 13030],[17240, 13048],[17243, 13057],[17243, 13065],[17247, 13069],[17248, 13072],[17250, 13072],[17250, 13073],[17258, 13073],[17261, 13076],[17263, 13076],[17266, 13073],[17272, 13073],[17279, 13073],[17280, 13073],[17280, 13072],[17288, 13072],[17288, 13085],[17288, 13088.75],[17285, 13091],[17285, 13092],[17285, 13102],[17282, 13105],[17281, 13105],[17281, 13106],[17281, 13113],[17278, 13116],[17278, 13122],[17277, 13122],[17277, 13126],[17277, 13128],[17277, 13135],[17278, 13135],[17278, 13142],[17281, 13145],[17281, 13149],[17281, 13150],[17281, 13160],[17282, 13160],[17284, 13162],[17284, 13170],[17284, 13180],[17282, 13182],[17281, 13182],[17281, 13183],[17281, 13183.13],[17252.58, 13179.58],[17252, 13179],[17252, 13178],[17248, 13178],[17245, 13178],[17242, 13175],[17234, 13175],[17231, 13172],[17229, 13172],[17226, 13175],[17219, 13175],[17215, 13175],[17215, 13179],[17215, 13181],[17215, 13184],[17218, 13187],[17218, 13204],[17205, 13217],[17204, 13217],[17204, 13220],[17204, 13221],[17201, 13224],[17201, 13227],[17200, 13227],[17200, 13238],[17200, 13240],[17198, 13242],[17197, 13242],[17197, 13245],[17197, 13246],[17192, 13251],[17190, 13251],[17190, 13252],[17187, 13252],[17187, 13253],[17185, 13255],[17184, 13255],[17183, 13255],[17182, 13256],[17180, 13256],[17168, 13256],[17173, 13266],[17172, 13266],[17172, 13273],[17172, 13275],[17170, 13277],[17169, 13277],[17169, 13279],[17170, 13279],[17172, 13281],[17172, 13289],[17173, 13289],[17173, 13293],[17173, 13297.9],[17164, 13306],[17148, 13417],[17100, 13443],[17055, 13443],[16967, 13465],[16867, 13532],[16843, 13593],[16806, 13636],[16799, 13720],[16868, 13898],[16911, 13936],[16907, 13965],[16952, 13971],[17156, 13971],[17240, 13960],[17280, 13976],[17360, 13984],[17380, 13961],[17416, 13966],[17416, 13984],[17456, 14000],[17520, 14008],[17553, 13992],[17648, 13992],[17688, 13968],[17689, 13912],[17727, 13923],[17713, 13948],[17808, 13920],[17827, 13871],[17850, 13871],[17832, 13952],[17864, 13992],[17895, 13987],[17952, 14024],[17992, 14032],[17984, 14072],[18072, 14080],[18096, 14096],[18208, 14088],[18208, 14072],[18168, 14064],[18152, 14040],[18192, 14024],[18168, 14008],[18168, 13952],[18112, 13920],[18130, 13864],[18181, 13864],[18200, 13880],[18248, 13872],[18259, 13848],[18336, 13848],[18332, 13818],[18384, 13808],[18456, 13808],[18464, 13784],[18512, 13792],[18544, 13784],[18536, 13816],[18560, 13808],[18552, 13760],[18584, 13744],[18592, 13704],[18624, 13680],[18624, 13632],[18640, 13624],[18640, 13576],[18624, 13576],[18600, 13520],[18560, 13456],[18440, 13472],[18432, 13488],[18376, 13504],[18368, 13464],[18384, 13432],[18416, 13440],[18416, 13464],[18464, 13440],[18576, 13432],[18656, 13400],[18672, 13360],[18672, 13320],[18632, 13312],[18632, 13296],[18691, 13295],[18681, 13237],[18711, 13232],[18759, 13283],[18744, 13320],[18800, 13328],[18920, 13320],[18968, 13304],[19029, 13240],[19056, 13264],[19088, 13336],[19128, 13336],[19144, 13352],[19192, 13344],[19232, 13320],[19272, 13280],[19264, 13240],[19240, 13232],[19208, 13192],[19192, 13192],[19160, 13152],[19248, 13168],[19304, 13136],[19336, 13104],[19328, 13064],[19344, 13056],[19320, 12976],[19344, 12960],[19320, 12912],[19320, 12872],[19304, 12864],[19296, 12768],[19272, 12784],[19232, 12760],[19232, 12744],[19168, 12744],[19168, 12648],[19136, 12632],[19144, 12728],[19128, 12752],[19088, 12760],[19088, 12800],[19016, 12800],[19024, 12840],[19016, 12888],[18984, 12952],[19032, 12944],[19048, 12984],[19056, 13056],[19128, 13088],[19136, 13136],[19024, 13141],[19000, 13120],[18950, 13112],[18912, 13072],[18968, 13024],[18968, 12904],[18928, 12872],[18904, 12872],[18880, 12832],[18856, 12832],[18856, 12864],[18814, 12875],[18799, 12904],[18736, 12928],[18743, 12967],[18704, 13000],[18717, 13058],[18688, 13064],[18671, 13099],[18671, 13149],[18656, 13189],[18648, 13160],[18608, 13167],[18584, 13136],[18544, 13136],[18504, 13168],[18432, 13184],[18336, 13216],[18328, 13240],[18280, 13240],[18248, 13264],[18144, 13272],[18118, 13296],[18080, 13306],[18016, 13304],[18032, 13320],[17984, 13336],[17896, 13404],[17848, 13408],[17832, 13431],[17808, 13416],[17760, 13440],[17728, 13496],[17672, 13504],[17656, 13551],[17609, 13553],[17571, 13488],[17522, 13461],[17527, 13427],[17505.63, 13412.37],[17518, 13374],[17496, 13272],[17496, 13192],[17453.99, 13173.99],[17449, 13169],[17449, 13165],[17448, 13165],[17442, 13158],[17442, 13157],[17442, 13144],[17442, 13140],[17441, 13140],[17440, 13138.5],[17440, 13128],[17433, 13128],[17421, 13116],[17421, 13115],[17421, 13112],[17421, 13102.99],[17421.72, 13099.4],[17427, 13095],[17430, 13095],[17430, 13094],[17431, 13094],[17434, 13091],[17438, 13091],[17438, 13090],[17441, 13088],[17444, 13088],[17448, 13088],[17488, 13032],[17481, 12997],[17481, 12995],[17483, 12992],[17484, 12992],[17484, 12990],[17496, 12984],[17515, 12888],[17496, 12840],[17448, 12840],[17432, 12824],[17503, 12813],[17536, 12842],[17576, 12840],[17576, 12808],[17614, 12784],[17672, 12784],[17736, 12736],[17754.67, 12672],[17720, 12573],[17744, 12560],[17706, 12536],[17632, 12464],[17512, 12464],[17500, 12475.69],[17500, 12475],[17499, 12474],[17499, 12473],[17497, 12473],[17497, 12474],[17494, 12477],[17490, 12477],[17479, 12488],[17479, 12492],[17459, 12512],[17455, 12512],[17445, 12522],[17441, 12522],[17441, 12523],[17438, 12526],[17435, 12526],[17432, 12523],[17432, 12522],[17428, 12522],[17428, 12521],[17427, 12521],[17425, 12519],[17423, 12519],[17422.5, 12519.5],[17421, 12518],[17415, 12518],[17414.83, 12518.17],[17396, 12514.4],[17396, 12514],[17394, 12514],[17391.5, 12513.5],[17391, 12513],[17391, 12512],[17390, 12512],[17390, 12511],[17390, 12509],[17390, 12504],[17389, 12504],[17388, 12502.5],[17388, 12499],[17387, 12499],[17387, 12498],[17387, 12496],[17387, 12465],[17388, 12464],[17388, 12430],[17390, 12427],[17391, 12427],[17391, 12422.5],[17392, 12420],[17393, 12419],[17393, 12418],[17394, 12418],[17394, 12416.15],[17397.31, 12413],[17399, 12413],[17399, 12412],[17400, 12412],[17400, 12411],[17401, 12411],[17401, 12409.5],[17408.89, 12402],[17410, 12402],[17410, 12401],[17411.5, 12400],[17414, 12400],[17414, 12399],[17415, 12399],[17427, 12399],[17427, 12398],[17428, 12398],[17431, 12398],[17431, 12396],[17450, 12396],[17450, 12395],[17451, 12394],[17451, 12392],[17456, 12392],[17496, 12360],[17528, 12352],[17528, 12328],[17488, 12312],[17496, 12280],[17544, 12288],[17592, 12272],[17600, 12248],[17648, 12232],[17624, 12200],[17640, 12160],[17624, 12152],[17616, 12080],[17584, 12096],[17576, 12080],[17496, 12072],[17424, 12112],[17416, 12176],[17424, 12256],[17385, 12295],[17384, 12295],[17381, 12298],[17377, 12298],[17377, 12299],[17373.29, 12302.71],[17372, 12301],[17370, 12301],[17365.5, 12305.5],[17365, 12305],[17365, 12304],[17359, 12304],[17359, 12305],[17356, 12308],[17355, 12308],[17355, 12311],[17355, 12312],[17352, 12315],[17352, 12318],[17351, 12318],[17351, 12319],[17350, 12319],[17350, 12320],[17346, 12323],[17346, 12327],[17344, 12329],[17342, 12329],[17341, 12330],[17339, 12330],[17337, 12332],[17334, 12330],[17331, 12330],[17330, 12329],[17329.33, 12329],[17328, 12327],[17328, 12320],[17328, 12316],[17328, 12312],[17331, 12309],[17331, 12303],[17340, 12294],[17343, 12294],[17343, 12293],[17344, 12293],[17347, 12289],[17348, 12289],[17348, 12287],[17343, 12287],[17343, 12286],[17344, 12286],[17347, 12282],[17348, 12282],[17348, 12281.33],[17352, 12280],[17344, 12224],[17296, 12224],[17272, 12200],[17240, 12212.31],[17240, 12212],[17239, 12211],[17239, 12210],[17235, 12210],[17233, 12208],[17233, 12205],[17232, 12204],[17232, 12203],[17230, 12203],[17230, 12204],[17229, 12204],[17229, 12210],[17219, 12210],[17219, 12220],[17191, 12220],[17191, 12227],[17174, 12227],[17174, 12228],[17173, 12228],[17173, 12232],[17170, 12235],[17170, 12239.23],[17168, 12240],[17162, 12250],[17153, 12259],[17152, 12259],[17152, 12263],[17150, 12266],[17146, 12266],[17139, 12273],[17135, 12273],[17132, 12276],[17128, 12276],[17128, 12277],[17125, 12280],[17121, 12280],[17104, 12280],[17100.6, 12300.4],[17100, 12301],[17100, 12302],[17100, 12304],[17099, 12310],[17097, 12312],[17096, 12312],[17096, 12316],[17096, 12322],[17096, 12323],[17093, 12326],[17093, 12334],[17080, 12360],[17079, 12361],[17076, 12364],[17075, 12364],[17075, 12368],[17072, 12371],[17072, 12375],[17069, 12378],[17068, 12378],[17068, 12384],[17064, 12392],[17072, 12396],[17072, 12398],[17075, 12401],[17075, 12405],[17076, 12405],[17079, 12408],[17079, 12450],[17080, 12451],[17080, 12465],[17079, 12466],[17079, 12477],[17076, 12480],[17075, 12480],[17075, 12484],[17072, 12487],[17072, 12499],[17080, 12507],[17080, 12512],[17085, 12512],[17089, 12516],[17089, 12520],[17090, 12520],[17093, 12523],[17093, 12539],[17088, 12584],[17139, 12584],[17143, 12584],[17152, 12593],[17152, 12597]],[[17395, 12817],[17400, 12789],[17400, 12822],[17395, 12817]],[[17656, 13552],[17684, 13552],[17672, 13567],[17656, 13552]]]},"properties":{"objectType":"annotation","classification":{"name":"Tumor","color":[102, 77, 179]}}},{"type":"Feature","id":"a23a53fb-ec60-4e97-b65d-a2fc01258c5f","geometry":{"type":"Polygon","coordinates":[[[15272, 14723],[15272, 14723.73],[15271.71, 14724],[15271, 14724],[15271, 14724.67],[15263.14, 14732],[15249, 14732],[15246, 14729],[15246, 14724],[15245, 14724],[15245, 14723],[15217, 14723],[15217, 14724],[15216, 14724],[15216, 14720],[15184, 14720],[15176, 14752],[15182.17, 14753.54],[15181, 14755],[15180, 14755],[15180, 14760],[15176, 14760],[15176, 14764],[15161, 14779],[15156, 14779],[15156, 14780],[15155.31, 14780.55],[15128, 14776],[15137, 14794],[15134, 14797],[15132, 14797],[15132, 14798],[15127, 14802],[15102, 14802],[15102, 14803],[15101, 14803],[15101, 14808],[15096, 14808],[15120, 14776],[15112, 14744],[15096, 14776],[15080, 14776],[15056, 14808],[15101, 14830.5],[15101, 14838],[15101, 14845],[15100, 14845],[15100, 14849.25],[15097, 14853],[15096, 14853],[15096, 14855],[15095, 14855],[15095, 14860],[15091, 14865],[15090, 14865],[15090, 14867.92],[15080, 14880],[15075.83, 14905],[15075, 14905],[15075, 14910],[15072, 14928],[15075, 14937],[15075, 14948],[15076, 14948],[15079.76, 14952.71],[15072, 14976],[15080, 14976],[15080, 14984.25],[15077, 14988],[15076, 14988],[15076, 14990],[15075, 14990],[15075, 14995],[15066, 15004],[15061, 15004],[15061, 15005],[15051, 15014],[15046, 15014],[15046, 15015],[15041.65, 15019.35],[15032, 15024],[15032, 15038.75],[15031, 15040],[15030, 15040],[15030, 15045],[15026, 15049],[15021, 15049],[15021, 15050],[15016, 15054],[15014, 15054],[15009, 15050],[15009, 15049],[15004, 15049],[15000, 15045],[15000, 15035.2],[15032, 15016],[15048, 14968],[15040, 14920],[15022.67, 14915.67],[15020, 14913],[15020, 14912],[15016, 14912],[15005.34, 14901.34],[15000, 14880],[14960, 14880],[14960, 14888],[14952.29, 14894],[14951, 14894],[14951, 14895],[14945.86, 14899],[14941, 14899],[14941, 14900],[14936, 14905],[14935, 14905],[14935, 14907.44],[14888, 14944],[14880, 14960],[14880, 15032],[14856, 15032],[14856, 15056],[14808, 15056],[14800, 15088],[14776, 15088],[14776, 15120],[14752, 15120],[14728, 15152],[14728, 15200],[14720, 15232],[14752, 15264],[14752, 15296],[14736, 15296],[14736, 15320],[14768, 15304],[14776, 15336],[14800, 15352],[14824, 15352],[14856, 15392],[14896, 15400],[14920, 15384],[14952, 15384],[14968, 15360],[14992, 15360],[15000, 15344],[15039, 15344],[15051, 15356],[15051, 15361],[15052, 15361],[15056, 15365],[15056, 15366],[15056, 15376],[15072, 15376],[15072, 15377],[15077, 15377],[15080.5, 15377],[15088, 15392],[15112, 15392],[15112, 15379.4],[15115, 15377],[15125, 15377],[15125, 15376],[15130, 15372],[15135, 15372],[15135, 15371],[15140, 15367],[15165, 15367],[15165, 15366],[15171.67, 15360],[15176, 15360],[15177.5, 15357],[15180, 15357],[15180, 15356],[15185, 15352],[15187, 15352],[15192, 15356],[15192, 15357],[15197, 15357],[15201, 15361],[15201, 15366],[15201, 15375],[15200, 15375],[15200, 15388],[15201, 15388],[15201, 15389],[15209, 15389],[15209, 15388.23],[15211, 15390.45],[15211, 15391],[15211.5, 15391],[15214.97, 15394.86],[15216, 15400],[15216, 15401],[15217, 15401],[15221, 15405],[15221, 15406],[15222, 15406],[15222, 15407],[15223, 15407],[15242, 15426],[15242, 15427],[15245, 15427],[15245, 15426],[15246, 15426],[15246, 15425.29],[15253.93, 15433.78],[15256, 15440],[15256, 15441],[15257, 15441],[15266, 15450.47],[15266, 15451],[15266.5, 15451],[15276, 15461],[15276, 15462],[15276, 15466],[15277, 15466],[15281, 15470],[15281, 15471],[15282, 15471],[15282, 15472],[15283, 15472],[15287, 15476],[15287, 15477],[15297.67, 15477],[15304, 15496],[15328, 15504],[15336, 15520],[15368, 15520],[15360, 15536],[15328, 15544],[15336, 15560],[15360, 15560],[15360, 15544],[15392, 15536],[15392, 15544],[15432, 15544],[15432, 15552],[15496, 15552],[15504, 15576],[15544, 15576],[15584, 15592],[15584, 15608],[15568, 15616],[15600, 15616],[15608, 15584],[15640, 15584],[15640, 15560],[15624, 15560],[15624, 15544],[15648, 15544],[15656, 15568],[15713, 15582],[15755, 15560],[15787, 15550],[15879, 15478],[15892, 15432],[15904, 15424],[15896, 15368],[15880, 15353],[15860, 15317],[15881, 15296],[15908, 15296],[15928, 15253],[15976, 15208],[15976, 15168],[15968, 15168],[15968, 15088],[15946, 15096],[15920, 15056],[15888, 15048],[15880, 15024],[15856, 15024],[15824, 15045],[15824, 15024],[15800, 15032],[15792, 15023],[15792, 14968],[15784, 14976],[15760, 14968],[15749, 14947],[15720, 14941],[15701, 14927],[15684, 14942],[15675, 14967],[15656, 14964],[15664, 14944],[15656, 14920],[15640, 14928],[15640, 14947],[15584, 14968],[15562.73, 14997],[15562, 14997],[15562, 14998],[15547, 15013],[15546, 15013],[15546, 15014],[15537, 15023],[15536, 15023],[15536, 15026.06],[15520, 15040],[15512, 15056],[15512, 15120],[15516, 15148],[15516, 15151],[15516.43, 15151],[15520, 15176],[15538.7, 15188.31],[15546, 15196],[15546, 15203],[15537, 15212],[15532, 15212],[15532, 15213],[15529.93, 15214.66],[15512, 15216],[15504.15, 15235.34],[15503.68, 15235.8],[15488, 15240],[15460.5, 15262],[15450, 15262],[15445, 15258],[15445, 15257],[15440, 15257],[15432, 15249],[15432, 15224],[15426, 15224],[15426, 15223],[15426, 15214],[15425, 15214],[15424, 15212.75],[15424, 15160],[15416, 15144],[15392, 15128],[15385.83, 15128],[15380, 15122.4],[15380, 15122],[15379.59, 15122],[15379.18, 15121.61],[15384, 15120],[15376, 15096],[15351, 15096],[15351, 15093],[15350, 15093],[15346, 15088],[15346, 15087],[15360, 15080],[15360, 15061],[15384, 15040],[15384, 15024],[15378.41, 15018.41],[15388.55, 15008],[15400, 15008],[15408, 15000],[15408, 14988.05],[15410, 14986],[15411, 14986],[15411, 14968],[15410, 14968],[15408, 14965.78],[15408, 14960],[15400, 14936],[15416, 14928],[15416, 14912],[15401, 14912],[15401, 14888],[15401, 14883],[15400, 14883],[15400, 14882],[15397, 14882],[15397, 14883],[15392, 14888],[15391, 14888],[15391, 14884],[15392, 14880],[15408, 14880],[15400, 14856],[15370.67, 14848.67],[15370, 14848],[15370, 14847],[15366.52, 14847],[15356, 14836.04],[15356, 14826.67],[15360, 14824],[15384, 14824],[15400, 14808],[15400, 14776],[15424, 14768],[15424, 14696],[15408, 14696],[15400, 14712],[15360, 14712],[15344, 14704],[15340.67, 14714],[15340, 14714],[15340, 14713],[15312.5, 14713],[15312, 14712],[15280, 14704],[15280, 14719],[15276, 14719],[15276, 14720],[15272.79, 14723],[15272, 14723]],[[15754, 15552],[15753, 15553],[15752, 15552],[15754, 15552]],[[15792, 15528],[15786, 15537],[15784, 15528],[15792, 15528]]]},"properties":{"objectType":"annotation","classification":{"name":"Tumor","color":[102, 77, 179]}}},{"type":"Feature","id":"fec8e54d-58ff-47bc-b26b-2cf8e8663357","geometry":{"type":"Polygon","coordinates":[[[13624, 10280],[13648, 10304],[13664, 10360],[13728, 10416],[13739.35, 10417.35],[13740, 10418],[13741, 10418],[13741, 10419],[13748, 10419],[13754, 10425],[13755, 10425],[13755, 10426],[13762, 10426],[13763, 10427],[13789.08, 10427],[13800, 10448],[13848, 10440],[13893, 10390],[13956, 10388],[13956, 10425],[13888, 10456],[13880, 10536],[13944, 10584],[14057, 10594],[14144, 10560],[14208, 10512],[14225, 10454],[14296, 10400],[14297, 10377],[14384, 10285],[14424, 10216],[14431.06, 10174.94],[14434, 10172],[14434, 10171],[14435, 10171],[14435, 10170],[14435, 10163],[14441, 10157],[14441, 10151],[14441, 10150],[14442, 10149],[14442, 10143],[14442, 10136],[14448, 10130],[14448, 10103],[14448, 10097],[14448, 10096],[14449, 10096],[14449, 10083.38],[14451.56, 10079.44],[14454, 10077],[14454, 10076],[14455, 10075],[14455, 10074.15],[14472, 10048],[14472, 9920],[14469, 9917.92],[14469, 9900],[14469, 9894],[14474, 9888],[14475, 9888],[14475, 9887],[14475, 9881],[14475, 9880],[14476, 9880],[14476, 9865.85],[14488, 9840],[14472, 9784],[14461, 9780.33],[14461, 9776],[14460, 9776],[14456, 9771.2],[14456, 9764],[14455, 9763],[14455, 9762],[14455, 9758],[14455, 9757],[14454, 9756],[14454, 9755],[14451.86, 9752.86],[14456, 9728],[14441, 9728],[14441, 9722],[14440, 9721],[14435, 9715],[14435, 9703],[14435, 9683],[14434, 9682],[14434, 9681],[14428, 9675],[14428, 9669],[14428, 9662],[14421, 9655],[14420, 9654],[14420, 9653],[14379, 9653],[14373, 9647],[14372, 9647],[14371, 9646],[14352, 9646],[14346, 9641],[14346, 9640],[14339, 9640],[14338, 9639],[14332, 9639],[14326, 9634],[14326, 9633],[14318, 9633],[14312, 9627],[14312, 9626],[14293.33, 9626],[14256, 9616],[14249.12, 9619],[14244, 9619],[14238, 9613],[14237, 9613],[14236, 9612],[14208, 9612],[14207, 9613],[14206, 9613],[14200, 9619],[14194, 9619],[14187, 9626],[14180, 9633],[14173, 9633],[14172, 9634],[14166, 9639],[14160, 9639],[14160, 9640],[14159, 9640],[14153, 9646],[14146, 9646],[14146, 9647],[14145, 9647],[14139, 9653],[14125, 9653],[14125, 9654],[14119, 9660],[14112, 9660],[14112, 9661],[14105.85, 9667],[14105, 9667],[14105, 9667.83],[14103.56, 9669.24],[14098, 9674],[14097, 9675],[14097, 9675.63],[14084.32, 9688],[14084, 9688],[14084, 9688.31],[14071, 9701],[14071, 9702],[14070, 9703],[14070, 9709],[14051, 9728],[14050, 9728],[14050, 9729],[14050, 9730.09],[14032, 9744],[14043, 9759.34],[14043, 9763],[14038, 9768],[14031, 9768],[14031, 9769],[14025, 9774],[13998, 9774],[13998, 9775],[13997, 9775],[13992.27, 9779.73],[13989, 9779],[13987.46, 9781],[13984, 9781],[13984, 9782],[13983, 9782],[13982.07, 9783],[13982, 9783],[13982, 9783.08],[13976.5, 9789],[13976, 9789],[13976, 9789.54],[13970, 9796],[13969, 9796],[13969, 9803],[13963, 9809],[13956, 9816],[13956, 9817],[13955, 9817],[13955, 9823],[13950, 9829],[13949, 9830],[13949, 9831],[13949, 9831.08],[13936, 9848],[13920.15, 9966.85],[13916, 9971],[13916, 9972],[13915, 9972],[13915, 9992],[13915, 10081],[13915, 10094],[13915, 10116],[13915, 10129],[13915, 10130],[13915, 10137],[13915, 10144],[13916, 10144],[13916, 10145],[13921.5, 10150.5],[13922, 10152.92],[13922, 10158],[13922, 10161],[13917, 10166],[13910, 10166],[13910, 10167],[13909, 10167],[13903, 10173],[13886, 10173],[13880, 10167],[13880, 10166],[13873, 10166],[13863.26, 10156.77],[13855, 10148.06],[13855, 10116],[13860, 10111],[13861, 10110],[13861, 10109],[13861, 10097],[13861, 10096],[13862, 10095],[13862, 10075],[13861, 10074],[13861, 10073],[13861, 10067],[13860.88, 10066.88],[13861, 10066],[13855, 10058.34],[13855, 10054],[13854, 10053],[13854, 10052],[13854, 10046],[13853, 10046],[13853, 10045],[13846, 10045],[13845, 10044],[13839, 10038],[13825, 10038],[13818, 10031],[13816, 10031],[13809, 10038],[13774, 10038],[13774, 10039],[13740, 10072],[13740, 10073],[13739, 10074],[13739, 10074.22],[13735, 10077],[13735, 10084.8],[13734, 10086],[13733, 10086],[13733, 10087],[13733, 10093],[13733, 10094],[13732, 10094],[13732, 10101],[13727, 10106],[13726, 10106],[13726, 10110],[13732, 10116],[13733, 10117],[13733, 10118],[13733, 10123],[13733, 10124],[13733, 10129],[13733, 10131],[13734, 10131],[13735, 10132.2],[13735, 10141],[13746, 10153.93],[13746, 10168],[13727, 10187],[13726, 10187],[13726, 10188],[13726, 10189],[13722, 10193],[13721, 10193],[13721, 10194],[13720, 10194],[13720, 10195],[13719.44, 10195.56],[13672, 10216],[13665.86, 10265.14],[13665, 10266],[13665, 10272],[13657.62, 10280],[13624, 10280]]]},"properties":{"objectType":"annotation","classification":{"name":"Tumor","color":[102, 77, 179]}}},{"type":"Feature","id":"a250fae4-00d5-4d90-9afb-152d0b2b71a0","geometry":{"type":"Polygon","coordinates":[[[16302, 7537],[16302, 7556],[16306, 7560],[16306, 7569],[16307, 7569],[16311, 7573],[16311, 7583],[16311, 7584],[16310, 7584],[16310, 7585],[16307, 7588],[16306, 7588],[16306, 7597],[16302, 7601],[16302, 7620],[16303, 7620],[16328, 7645.86],[16328, 7646],[16329.23, 7647.14],[16332, 7650],[16332, 7653],[16332, 7654],[16334.6, 7656.6],[16336, 7672],[16367.14, 7668.11],[16371, 7671],[16371, 7672],[16375, 7672],[16379, 7676],[16384, 7676],[16388, 7680],[16389, 7680],[16389, 7681],[16393, 7681],[16394, 7680],[16400, 7680],[16403, 7676],[16408, 7676],[16408, 7675],[16415, 7668],[16421.71, 7661.29],[16528, 7648],[16477, 7591],[16477, 7588],[16476, 7588],[16476, 7587],[16473, 7584],[16473, 7576],[16472, 7576],[16472, 7575],[16468, 7571],[16468, 7567],[16467, 7567],[16467, 7566],[16463, 7562],[16459, 7562],[16458, 7561],[16457, 7561],[16454, 7558],[16454, 7557],[16450, 7557],[16446, 7554],[16446, 7553],[16443, 7553],[16426, 7534],[16426, 7533],[16417.51, 7524.51],[16392, 7496],[16380, 7496],[16378, 7494],[16378, 7493],[16333, 7493],[16333, 7494],[16328, 7494],[16326, 7496],[16320, 7496],[16320.5, 7501.5],[16319, 7503],[16315, 7507],[16315, 7511],[16315, 7512],[16311, 7515],[16311, 7519],[16311, 7520],[16311, 7524],[16310, 7525],[16307, 7528],[16306, 7529],[16306, 7533],[16303, 7537],[16302, 7537]]]},"properties":{"objectType":"annotation","classification":{"name":"Tumor","color":[102, 77, 179]}}},{"type":"Feature","id":"8a9148ac-4f4c-4aa2-9dd9-f3d6d8b9fd1b","geometry":{"type":"Polygon","coordinates":[[[15226, 8907],[15292, 8870],[15344.84, 8795],[15347, 8795],[15348, 8794],[15349, 8794],[15352, 8790],[15366, 8790],[15369, 8786],[15378, 8786],[15378, 8785],[15382, 8782],[15386, 8782],[15387, 8781],[15391, 8778],[15394, 8778],[15394, 8777],[15395, 8777],[15405.69, 8766.94],[15429.5, 8760],[15454.96, 8767.38],[15460, 8772],[15460, 8777],[15469, 8786],[15477, 8794],[15478, 8794],[15479, 8795],[15479.79, 8795],[15488, 8808],[15500.91, 8803.91],[15504, 8807],[15515, 8807],[15515, 8806],[15524.59, 8796.41],[15544.84, 8790],[15568.86, 8790],[15612.07, 8792.07],[15614, 8794],[15631, 8794],[15635, 8798],[15636, 8798],[15637, 8799],[15700, 8799],[15701, 8798],[15702, 8798],[15706, 8794],[15719, 8794],[15731, 8782],[15734, 8782],[15735, 8781],[15736, 8781],[15740, 8777],[15744, 8777],[15747.24, 8773.76],[15749.06, 8773],[15753, 8773],[15753, 8772],[15754.94, 8770.54],[15758.64, 8769],[15761, 8769],[15761, 8768.01],[15768.21, 8765],[15775.45, 8765],[15800, 8785],[15800, 8789],[15801, 8789],[15801, 8790],[15806, 8790],[15814, 8798],[15815, 8798],[15815, 8799],[15817.18, 8799],[15822, 8802.93],[15822, 8807],[15827, 8807],[15835, 8815],[15836, 8815],[15836, 8816],[15838.05, 8816],[15854, 8829],[15854, 8843],[15798, 8873],[15722, 8857],[15582, 8857],[15456, 8883],[15419, 8905],[15387, 8947],[15362, 9015],[15336, 9040],[15336, 9088],[15320, 9112],[15336, 9152],[15394, 9193],[15408, 9220],[15448, 9240],[15660, 9239],[15752, 9245],[15787, 9278],[15731, 9334],[15700, 9390],[15699, 9437],[15719, 9475],[15798, 9532],[15893, 9488],[15937, 9456],[15929, 9351],[15887, 9309],[15888, 9280],[15992, 9270],[16048, 9288],[16048, 9264],[16103, 9248],[16120, 9288],[16192, 9264],[16224, 9272],[16224.61, 9232],[16264, 9240],[16240, 9216],[16248, 9136],[16264, 9104],[16248, 9048],[16208, 8976.25],[16224, 8944],[16192, 8946],[16188, 8838],[16150, 8773],[16154, 8747],[16100, 8664],[16053, 8630],[16056, 8604],[16128, 8616],[16168, 8560],[16160, 8496],[16112, 8464],[16112, 8432],[16040, 8469],[16024, 8536],[16040, 8575],[16000, 8582],[15968, 8552],[15916, 8549],[15880, 8523],[15831, 8519],[15801, 8493],[15763.4, 8497],[15754, 8497],[15754, 8498],[15728, 8456],[15692, 8456],[15647, 8501],[15640, 8456],[15629.38, 8459.38],[15629, 8459],[15626, 8459],[15626, 8460.45],[15617.99, 8463],[15610, 8463],[15610, 8464],[15607.74, 8466.26],[15602.28, 8468],[15601, 8468],[15600.4, 8468.6],[15574, 8477],[15566.57, 8493],[15563, 8493],[15549, 8507],[15549, 8530.85],[15548, 8533],[15517.04, 8544],[15516, 8544],[15515.43, 8544.57],[15505.78, 8548],[15503, 8548],[15503, 8548.99],[15494.52, 8552],[15484, 8552],[15480, 8549],[15480, 8548],[15476, 8548],[15459, 8532],[15459, 8531],[15457.5, 8531],[15456, 8528],[15424, 8520],[15422.6, 8527],[15384, 8527],[15380, 8532],[15379, 8532],[15379, 8566],[15375, 8570],[15375, 8575],[15371, 8578],[15371, 8582.5],[15368, 8584],[15368, 8590],[15366, 8592],[15366, 8604],[15363, 8608],[15362, 8608],[15362, 8613],[15362, 8617],[15358, 8621],[15358, 8625],[15358, 8626],[15354, 8629],[15354, 8638],[15354, 8643],[15350, 8646],[15350, 8647],[15349, 8647],[15349, 8674],[15372, 8697],[15376, 8697],[15380, 8700],[15380, 8701],[15383.72, 8701],[15387, 8704],[15381, 8734],[15344.83, 8748],[15344, 8748],[15332, 8736],[15332, 8710],[15328, 8706],[15328, 8689],[15327, 8689],[15307, 8668],[15307, 8664],[15306, 8664],[15306, 8663],[15298, 8655],[15298, 8651],[15294, 8647],[15294, 8634],[15293, 8634],[15290, 8630],[15290, 8622],[15289, 8621],[15286, 8617],[15286, 8614],[15285, 8613],[15285, 8612],[15281, 8608],[15276, 8608],[15271, 8603],[15266, 8603],[15261, 8608],[15260, 8608],[15260, 8615],[15261, 8615],[15265, 8620],[15270, 8620],[15277, 8628],[15277, 8632],[15278, 8632],[15281, 8636],[15281, 8644],[15286, 8649],[15286, 8658],[15290, 8662],[15290, 8666],[15311, 8687],[15311, 8692],[15312, 8692],[15315, 8696],[15315, 8734],[15316, 8734],[15320, 8738],[15320, 8743],[15324, 8747],[15324, 8751],[15327.65, 8754.65],[15319, 8758],[15294, 8847],[15239, 8876],[15226, 8907]]]},"properties":{"objectType":"annotation","classification":{"name":"Tumor","color":[102, 77, 179]}}},{"type":"Feature","id":"990593ee-c5ca-43c4-a85c-a92ffdf10ea5","geometry":{"type":"Polygon","coordinates":[[[14201, 8745],[14275, 8862],[14496, 8790],[14535, 8664],[14429, 8578.61],[14429, 8577],[14423, 8571],[14422, 8571],[14421, 8572],[14420.9, 8572.09],[14391, 8548],[14275.86, 8556.67],[14278, 8554],[14273.43, 8556.86],[14245, 8559],[14201, 8745]]]},"properties":{"objectType":"annotation","classification":{"name":"Tumor","color":[102, 77, 179]}}},{"type":"Feature","id":"88d4c852-c2e0-4053-832a-e057bf0a3bca","geometry":{"type":"Polygon","coordinates":[[[17333, 9129],[17330, 9132],[17328, 9132],[17327, 9133],[17324, 9133],[17320, 9137],[17317, 9140],[17316, 9140],[17316, 9141],[17314.5, 9142.33],[17312, 9144],[17312, 9144.56],[17307, 9149],[17307, 9154],[17299, 9162],[17295, 9162],[17294, 9162],[17291, 9166],[17286, 9166],[17284, 9168],[17272, 9168],[17268.67, 9188],[17268, 9188],[17268, 9189],[17268, 9192],[17267.8, 9193.2],[17265, 9196],[17265, 9197],[17265, 9198],[17265, 9201],[17264, 9201],[17264, 9202],[17264, 9204],[17261, 9207],[17261, 9210],[17261, 9211],[17261, 9213],[17260, 9214],[17260, 9216.75],[17257, 9219],[17257, 9220],[17256, 9220],[17256, 9221.58],[17233.36, 9237.36],[17226, 9230],[17224, 9230],[17222.24, 9230],[17216.48, 9225.48],[17216, 9225],[17215.87, 9225],[17184, 9200],[17143, 9200],[17120, 9176],[17087, 9193],[17071, 9164],[17035, 9163],[17018.4, 9192],[16984, 9192],[16971, 9227],[16880, 9312],[16888, 9280],[16872, 9272],[16872, 9352],[16886, 9344],[16896, 9399],[16896, 9459],[16874.4, 9480],[16840, 9472],[16774, 9491],[16704, 9496],[16643, 9551],[16603, 9576],[16592, 9560],[16576, 9584],[16586, 9606],[16586, 9660],[16568, 9720],[16592, 9776],[16632, 9816],[16633, 9851],[16534, 9899],[16508, 9889],[16521, 9844],[16521, 9804],[16488, 9745],[16488, 9716],[16458, 9713],[16407, 9670],[16399, 9649],[16328, 9649],[16281, 9690],[16244, 9738],[16238, 9769],[16191, 9785],[16144, 9816],[16120, 9856],[16118, 9890],[16082, 9978],[16082, 10099],[16052, 10153],[16036, 10160],[16041, 10217],[16032, 10256],[16056, 10260],[16111, 10311],[16137, 10357],[16134, 10380],[16208, 10384],[16246, 10361],[16268, 10377],[16280, 10422],[16330, 10439],[16378, 10468],[16447, 10462],[16512, 10496],[16508, 10472],[16526, 10439],[16520, 10400],[16491, 10351],[16464, 10254],[16485, 10243],[16528, 10280],[16560, 10293],[16584, 10320],[16722, 10337],[16720, 10376],[16744, 10384],[16776, 10355],[16752, 10400],[16744, 10456],[16757, 10456],[16757, 10457],[16758, 10457],[16758, 10458],[16760, 10459.5],[16760, 10496],[16782.5, 10503.5],[16784, 10505],[16784, 10507],[16784, 10508],[16785, 10508],[16785, 10509],[16786, 10509.75],[16786, 10511],[16787, 10512],[16787, 10513],[16788, 10513],[16789, 10514],[16789, 10516],[16789, 10517],[16792, 10520],[16797, 10530],[16808, 10552],[16830.67, 10557.67],[16832, 10559],[16833, 10559],[16833, 10560],[16836, 10560],[16840, 10563],[16841, 10564],[16845, 10564],[16848, 10566.25],[16848, 10576],[16876.66, 10574.21],[16878, 10576],[16879, 10576],[16880, 10577],[16885, 10577],[16886, 10577],[16889, 10577],[16895, 10577],[16898, 10581],[16899, 10581],[16900, 10582],[16904, 10582],[16905, 10581],[16906, 10581],[16909, 10577],[16923.43, 10577],[16947.15, 10587.38],[16949, 10589],[16950, 10590],[16953.14, 10590],[16954.67, 10590.67],[16962, 10598],[16963, 10598],[16964, 10599],[16967, 10599],[16967, 10601],[16968, 10601],[16970, 10603.67],[16970, 10606],[16971, 10606],[16971, 10613],[16976, 10618],[16976, 10623],[16981, 10623],[16992, 10623],[16992.89, 10622],[16993, 10622],[16993, 10621.88],[17000, 10614],[17001, 10614],[17001, 10610],[17001, 10609],[17005, 10606],[17005, 10602.9],[17056, 10608],[17064, 10568],[17040, 10568],[17016, 10592],[16991, 10578.77],[16991, 10561.63],[16995.09, 10556],[16999, 10556],[16999, 10555],[17001.99, 10552.76],[17012.74, 10554.81],[17013, 10555],[17013, 10556],[17019, 10556],[17040, 10560],[17064, 10536],[17062.62, 10504.38],[17063, 10504],[17063, 10503],[17064, 10503],[17064, 10500],[17067.5, 10496],[17080, 10496],[17080, 10483],[17080, 10476],[17080, 10424],[17080, 10423],[17081, 10422],[17081, 10414],[17082, 10414],[17082, 10412],[17081, 10412],[17081, 10411],[17081, 10405],[17080, 10405],[17080, 10404],[17080, 10395],[17080, 10376],[17065, 10376],[17065, 10374],[17064, 10373],[17060.4, 10369.22],[17042, 10340.21],[17042, 10335],[17043, 10334],[17043, 10333],[17044, 10333],[17044, 10332],[17044, 10331.4],[17048, 10328],[17038, 10311.33],[17038, 10311],[17038, 10310],[17037.2, 10310],[17024, 10288],[17001, 10292],[16976, 10272],[16924.24, 10287],[16876, 10287],[16874, 10256],[16899.46, 10233],[16901, 10233],[16901, 10232],[16910, 10224],[16910, 10223.48],[16936, 10200],[16952, 10176],[16944, 10144.75],[16968, 10120],[16960, 10064],[16921, 10008],[16909, 9969],[16954, 9958],[16976, 9992],[17007, 10016],[16968, 10032],[16968, 10000],[16952, 10032],[16968, 10040],[16968, 10072],[16984, 10040],[17063, 10041],[17088, 10054],[17077, 10109],[17097, 10113],[17134, 10146],[17171, 10153],[17222, 10126],[17221, 10053],[17228, 10015],[17190, 10034],[17151, 10026],[17121, 10002],[17096, 10009],[17113, 9970],[17144, 9984],[17152, 9969],[17214, 9969],[17248, 9952],[17304, 9904],[17305, 9784],[17324, 9738],[17400, 9704],[17431, 9668.57],[17431, 9669],[17434, 9669],[17434, 9668],[17435, 9668],[17435, 9664],[17456, 9640],[17456, 9612],[17459, 9612],[17459, 9610],[17460, 9610],[17460, 9595],[17463, 9595],[17464, 9594],[17464, 9587],[17460, 9583],[17460, 9575],[17456, 9571],[17456, 9562],[17456, 9560],[17447, 9545],[17443, 9538.33],[17443, 9538],[17443, 9536],[17442, 9536],[17440, 9533.33],[17439, 9531.67],[17439, 9528],[17438, 9528],[17434.31, 9523.85],[17432, 9520],[17430.89, 9520],[17430, 9519],[17429, 9519],[17413, 9503],[17413, 9502],[17413, 9499],[17408, 9494],[17404, 9490],[17399, 9485],[17396, 9485],[17395, 9485],[17390, 9480],[17386, 9480],[17382, 9480],[17378, 9477],[17378, 9476],[17375.5, 9476],[17370, 9449.6],[17370, 9441],[17371, 9441],[17371, 9440],[17407, 9440],[17409, 9442],[17410, 9443],[17413, 9443],[17414, 9443],[17418, 9447],[17420.67, 9447],[17432, 9464],[17459.78, 9466.78],[17460, 9467],[17461, 9467],[17462, 9468],[17469, 9468],[17473, 9471],[17474, 9472],[17505, 9472],[17509, 9472],[17509.27, 9471.73],[17512, 9472],[17516, 9468],[17517, 9468],[17518, 9467],[17519, 9467],[17523, 9463],[17527, 9463],[17531, 9458],[17532, 9458],[17532, 9454],[17535, 9451],[17539, 9451],[17539, 9450],[17540, 9450],[17544, 9446],[17550.5, 9439.5],[17552, 9440],[17553, 9437],[17553.33, 9436],[17554, 9436],[17554, 9434],[17554.63, 9432.11],[17557, 9430],[17557, 9429],[17561, 9425],[17561, 9424],[17562, 9424],[17562, 9423],[17566, 9419],[17566, 9416],[17566, 9415.43],[17569, 9412],[17570, 9412],[17570, 9411],[17574, 9407],[17574, 9404],[17578, 9400],[17578, 9399],[17579, 9399],[17579, 9398],[17582, 9395],[17582, 9394],[17583, 9394],[17583, 9391],[17583, 9390.43],[17586, 9387],[17587, 9387],[17587, 9386],[17596, 9377],[17596, 9369],[17600, 9365],[17600, 9349],[17596, 9345],[17596, 9335],[17599, 9331],[17600, 9330],[17600, 9327],[17600, 9319],[17600, 9318],[17600, 9314],[17600, 9311],[17600, 9307.2],[17603.25, 9302],[17604, 9302],[17604, 9301],[17604, 9300.8],[17632, 9256],[17632, 9216],[17604.73, 9248.73],[17603, 9247],[17594, 9247],[17591, 9247],[17590, 9247],[17586, 9243],[17586, 9242],[17582, 9242],[17579, 9239],[17579, 9236],[17578, 9235],[17578, 9234],[17575, 9231.75],[17575, 9227],[17574, 9226],[17574, 9222],[17571, 9219],[17571, 9210],[17570, 9210],[17570, 9209],[17561, 9200],[17560.69, 9200],[17557, 9196],[17556, 9196],[17553, 9196],[17552, 9196],[17548, 9192],[17547, 9191],[17543, 9191],[17540, 9188],[17540, 9187],[17539, 9187],[17535, 9183],[17533.25, 9183],[17528, 9176],[17524.52, 9176],[17515, 9166],[17513.41, 9166],[17501, 9154],[17501, 9153],[17500.5, 9153],[17496, 9144],[17424, 9112],[17394, 9117],[17375, 9117],[17368, 9096],[17344, 9096],[17360.88, 9118.5],[17360.5, 9119],[17355, 9119],[17354, 9119],[17354, 9120],[17350, 9120],[17350, 9121],[17348, 9123],[17347, 9123],[17346, 9123],[17346, 9124],[17345, 9124],[17342, 9124],[17341, 9124],[17341, 9125],[17337, 9125],[17334, 9128],[17333, 9128],[17333, 9129]],[[17008, 10017],[17014.14, 10024],[17008, 10024],[17008, 10017]],[[17017, 10031],[17017, 10032],[17016, 10032],[17017, 10031]],[[16840, 10101],[16845, 10106],[16843, 10106],[16840, 10101]],[[16782, 10342],[16782, 10344],[16780, 10344],[16782, 10342]]]},"properties":{"objectType":"annotation","classification":{"name":"Tumor","color":[102, 77, 179]}}},{"type":"Feature","id":"3a90290a-44c2-4779-8990-b0f5534810e7","geometry":{"type":"Polygon","coordinates":[[[14804, 10474],[14804, 10475],[14799, 10480],[14796, 10483],[14791, 10483],[14787, 10488],[14786, 10488],[14786, 10495],[14787, 10495],[14790, 10499],[14790, 10509],[14787, 10512],[14783, 10512],[14777, 10518],[14777, 10522],[14756.33, 10542.67],[14776, 10464],[14760, 10312],[14680, 10256],[14600, 10256],[14496, 10296],[14368, 10464],[14408, 10496],[14392, 10600],[14480, 10656],[14696, 10632],[14728, 10568],[14735.56, 10571.44],[14735, 10572],[14735, 10577],[14731, 10581],[14731, 10586],[14727, 10589],[14727, 10590],[14726, 10590],[14726, 10596],[14727, 10596],[14727, 10597],[14730, 10597],[14742, 10585],[14745, 10585],[14746, 10584],[14747, 10584],[14751, 10580],[14753, 10580],[14757, 10584],[14758, 10584],[14758, 10585],[14761, 10585],[14765, 10588],[14766, 10589],[14770, 10589],[14790, 10609],[14790, 10624],[14786, 10628],[14786, 10652],[14790, 10656],[14790, 10660],[14791, 10660],[14803, 10673],[14803, 10677],[14807, 10681],[14807, 10703],[14808, 10703],[14811, 10707],[14811, 10723],[14816, 10728],[14816, 10737],[14816, 10752],[14827.67, 10756.67],[14841, 10770],[14841, 10775],[14842, 10775],[14854, 10788],[14855, 10788],[14856, 10789],[14859, 10789],[14863, 10792],[14864, 10793],[14872, 10793],[14876, 10796],[14876, 10797],[14880, 10797],[14892, 10809],[14892, 10817],[14896, 10821],[14896, 10825],[14896, 10848],[14946.29, 10841.71],[14948, 10843],[14949, 10844],[14957, 10844],[14961, 10847],[14961, 10848],[14965, 10848],[14973, 10856],[14974, 10856],[14975, 10857],[14978, 10857],[14982, 10860],[14983, 10861],[14989.84, 10861],[14995, 10864.63],[14995, 10865],[14995.53, 10865],[15041, 10897],[15136.35, 10925.35],[15143, 10932],[15143, 10945],[15151, 10953],[15151, 10957],[15156, 10962],[15156, 10966],[15160, 10970],[15160, 10975],[15168, 10983],[15168, 10987],[15169, 10987],[15169, 10988],[15173, 10991],[15173, 11001],[15184, 11001],[15185, 11000],[15185, 10993],[15181, 10989],[15181, 10985],[15180, 10985],[15179.57, 10984.43],[15181.06, 10982.94],[15208, 11032],[15320, 11016],[15312, 10960],[15360, 10928],[15360, 10808],[15296, 10710.78],[15296, 10700],[15295, 10700],[15284, 10689],[15284, 10688],[15283, 10688],[15283, 10687],[15283, 10686.36],[15320, 10656],[15334.12, 10593.88],[15338, 10590],[15339, 10590],[15343, 10590],[15343, 10589],[15344, 10589],[15344, 10585],[15347, 10581],[15348, 10581],[15348, 10577],[15348, 10572],[15352, 10568],[15352, 10552],[15348, 10549],[15348, 10532.8],[15360, 10480],[15360, 10407],[15360, 10406],[15361, 10406],[15361, 10402],[15364, 10398],[15365, 10398],[15365, 10370],[15364, 10370],[15361, 10366],[15361, 10353],[15360, 10353],[15360, 10336],[15344, 10317.09],[15344, 10311],[15344, 10302],[15343, 10302],[15340, 10298],[15340, 10295],[15339, 10294],[15339, 10293],[15314, 10268],[15314, 10264],[15310, 10260],[15310, 10256],[15309, 10255],[15306, 10251],[15306, 10248],[15305, 10247],[15305, 10246],[15292, 10234],[15292, 10233],[15287, 10233],[15272, 10217],[15272, 10214],[15271, 10213],[15271, 10212],[15267, 10209],[15267, 10208],[15267, 10200],[15263, 10196],[15263, 10191],[15262, 10191],[15260, 10188.33],[15260, 10188],[15259.75, 10188],[15259, 10187],[15259, 10179],[15258, 10179],[15258, 10178],[15250, 10170],[15250, 10166],[15245, 10161],[15243.6, 10161],[15240, 10152],[15165.82, 10137.82],[15160, 10132],[15160, 10131],[15156, 10131],[15152, 10127],[15147, 10127],[15144, 10127],[15143, 10127],[15139, 10123],[15132, 10123],[15128, 10127],[15119, 10127],[15117.43, 10128.57],[15036, 10113],[15014.09, 10176.91],[15013, 10178],[15000, 10178],[15000, 10178.91],[14999, 10178.57],[14999, 10178],[14997.33, 10178],[14986.21, 10174.21],[14986, 10174],[14985.6, 10174],[14968, 10168],[14832, 10264],[14816.09, 10462.91],[14805, 10474],[14804, 10474]],[[15027.91, 10876.18],[15027, 10878],[15025, 10875],[15027.4, 10875.8],[15027.91, 10876.18]],[[15045.2, 10885.2],[15044, 10886],[15039, 10883],[15043.57, 10883.57],[15045.2, 10885.2]],[[15032, 10879],[15032, 10880],[15030, 10879],[15032, 10879]],[[15028, 10878],[15029, 10879],[15028.5, 10879],[15028, 10878]],[[15053, 10890.67],[15053.5, 10891],[15053, 10891],[15053, 10890.67]]]},"properties":{"objectType":"annotation","classification":{"name":"Tumor","color":[102, 77, 179]}}},{"type":"Feature","id":"b02450ae-4246-440f-81a7-a2a6f9abb4f8","geometry":{"type":"Polygon","coordinates":[[[18560, 9848],[18576, 9952],[18651, 10027],[18651, 10036],[18656, 10040],[18656, 10052],[18657, 10052],[18662, 10057],[18662, 10063],[18679, 10080],[18680, 10080],[18681, 10081],[18691, 10081],[18696, 10086],[18707, 10086],[18712, 10091],[18713, 10091],[18714, 10092],[18716, 10092],[18784, 10160],[18859, 10166.75],[18860, 10168],[18862, 10168],[18862, 10169],[18872, 10169],[18877, 10173],[18877, 10174],[18894, 10174],[18899, 10179],[18900, 10179],[18901, 10180],[18939, 10180],[18940, 10179],[18941, 10179],[18945.47, 10174.53],[18962.02, 10176.02],[18965, 10179],[18966, 10179],[18967, 10180],[18971, 10180],[18981, 10189],[18981, 10198],[18976, 10202],[18975, 10203],[18975, 10233],[18976, 10234],[18978.6, 10236.08],[18976, 10264],[19069.91, 10278.73],[19074, 10282],[19074, 10288],[19075, 10289],[19080, 10293],[19080, 10300],[19085, 10304],[19085, 10310],[19086, 10311],[19087, 10311],[19088, 10312],[19092, 10312],[19093.36, 10313.09],[19104, 10336],[19119, 10312],[19121, 10312],[19121, 10311],[19123, 10311],[19128, 10305],[19129, 10305],[19129, 10299],[19134, 10294],[19134, 10293],[19135, 10292],[19135, 10288],[19139, 10283],[19140, 10283],[19140, 10278.4],[19142.33, 10274.67],[19162, 10255],[19162, 10244],[19167, 10239],[19167, 10238],[19168, 10237],[19168, 10233.6],[19184, 10208],[19168, 10185.02],[19168, 10166],[19167, 10165],[19167, 10164],[19162, 10159],[19162, 10153],[19161, 10153],[19157, 10148],[19157, 10144],[19156, 10143],[19156, 10142],[19146, 10132],[19146, 10112],[19150, 10107],[19151, 10107],[19151, 10082],[19146, 10077],[19146, 10072],[19145, 10072],[19145, 10070],[19133.43, 10059.16],[19139.87, 9957.87],[19140, 9958],[19140, 9964],[19141, 9964],[19146, 9969],[19146, 9986],[19147, 9987],[19150, 9987],[19150, 9986],[19151, 9986],[19151, 9950],[19146, 9945],[19146, 9925],[19150, 9920],[19151, 9920],[19151, 9878],[19150, 9878],[19146, 9873],[19146, 9869],[19145, 9868],[19145, 9867],[19140, 9862],[19140, 9856],[19139, 9856],[19129, 9846],[19129, 9840],[19118, 9829],[19118, 9823],[19117.85, 9823],[19176, 9760],[19096, 9706.12],[19096, 9702],[19095, 9702],[19085, 9692],[19085, 9686],[19080, 9681],[19080, 9654],[19079, 9654],[19079, 9652],[19074, 9648],[19074, 9636],[19073, 9636],[19069, 9631],[19069, 9627],[19068, 9626],[19068, 9625],[19067, 9624],[19061, 9624],[19059.9, 9622.62],[19052, 9599],[19000, 9599],[18999.66, 9602],[18993, 9602],[18992, 9603],[18992, 9609],[18987, 9614],[18986, 9614],[18986, 9634],[18987, 9634],[18992, 9639],[18992, 9669.22],[18991.9, 9670.08],[18987, 9674],[18986, 9675],[18986, 9679.67],[18937, 9696],[18907.56, 9696],[18864, 9632],[18842.86, 9641.86],[18842, 9641],[18822, 9641],[18817, 9646],[18811, 9646],[18811, 9647],[18800, 9658],[18799, 9658],[18799, 9662.33],[18669, 9723],[18668, 9723],[18668, 9723.47],[18624, 9744],[18621.81, 9808.23],[18592, 9839],[18585, 9839],[18581.69, 9842.31],[18560, 9848]]]},"properties":{"objectType":"annotation","classification":{"name":"Tumor","color":[102, 77, 179]}}},{"type":"Feature","id":"704a18d4-45fc-400a-b8f1-6ffea6c97498","geometry":{"type":"Polygon","coordinates":[[[17192, 11848],[17207, 11833],[17209, 11833],[17210, 11832],[17211, 11832],[17216, 11827],[17228, 11815],[17228, 11814],[17229, 11813],[17229, 11809],[17233, 11804],[17234, 11804],[17234, 11793],[17234, 11792],[17239, 11788],[17239, 11786],[17240, 11786],[17240, 11758],[17239, 11758],[17239, 11756],[17234, 11752],[17234, 11743],[17243, 11734],[17248, 11734],[17248, 11733],[17250, 11733],[17257, 11733],[17258, 11733],[17259, 11734],[17260.2, 11734],[17265, 11738],[17265, 11739],[17268, 11739],[17269, 11739],[17273, 11739],[17275, 11739],[17275, 11740],[17280, 11740],[17284, 11744],[17285, 11745],[17286, 11745],[17289.44, 11745],[17296, 11752],[17303, 11752],[17306, 11755],[17307, 11756],[17308, 11756],[17313, 11756],[17318, 11761],[17326, 11761],[17331, 11756],[17348, 11756],[17362, 11756],[17362.6, 11756],[17365, 11759],[17367, 11759],[17367, 11760],[17372, 11760],[17377, 11765],[17383, 11765],[17387, 11770],[17389, 11770],[17389, 11771],[17394, 11771],[17399, 11776],[17410, 11776],[17411, 11777],[17415, 11781],[17416, 11781],[17417, 11782],[17424, 11782],[17427, 11782],[17428, 11783],[17431, 11783],[17454.6, 11783],[17457, 11785],[17457, 11786],[17458.4, 11786],[17460, 11788],[17462, 11788],[17462, 11789],[17467, 11789],[17472, 11794],[17475, 11797],[17475, 11816],[17470, 11821],[17469, 11821],[17469, 11846],[17470, 11847],[17471, 11847],[17472, 11848],[17476, 11848],[17481, 11852],[17481, 11853],[17484, 11853],[17491, 11846],[17491, 11835],[17493, 11833],[17508, 11833],[17508, 11838],[17509, 11838],[17509, 11839],[17516, 11845],[17516, 11846],[17517, 11846],[17518, 11847],[17530, 11847],[17536, 11852],[17536, 11853],[17544, 11853],[17551, 11860],[17564, 11860],[17570, 11866],[17571, 11866],[17571, 11867],[17577, 11867],[17583, 11872],[17584, 11873],[17585, 11873],[17586, 11874],[17591, 11874],[17610, 11893],[17611, 11893],[17612, 11894],[17612.75, 11894],[17616, 11904],[17627.85, 11903.09],[17631, 11906],[17631, 11907],[17645, 11907],[17652, 11914],[17675, 11914],[17675, 11913],[17676, 11913],[17682, 11907],[17692, 11907],[17699, 11914],[17706, 11914],[17712, 11920],[17713, 11920],[17713, 11921],[17719, 11921],[17739, 11940],[17740, 11941],[17746, 11941],[17759, 11953],[17759, 11954],[17760, 11954],[17761, 11955],[17766, 11955],[17772, 11960],[17773, 11961],[17780, 11961],[17793, 11974],[17794, 11974],[17794, 11975],[17800, 11975],[17809.47, 11984],[17800, 11984],[17848, 12024],[17872, 12024],[17865.72, 12002],[17915, 12002],[17921, 12007],[17921, 12008],[17922, 12008],[17923, 12009],[17928, 12009],[17941, 12021],[17942, 12022],[17949, 12022],[17955, 12028],[17956, 12028],[17956, 12029],[17971, 12029],[17972, 12028],[17973, 12028],[17979, 12022],[17985, 12022],[17986, 12021],[17999, 12009],[18004, 12009],[18005, 12008],[18006, 12008],[18006, 12007],[18012, 12002],[18032, 12002],[18032, 12001],[18033, 12001],[18044, 12001],[18045, 12000],[18046, 12000],[18051, 11995],[18059, 11995],[18064.45, 11989.55],[18065, 11990],[18065, 11991],[18066, 11991],[18067, 11992],[18078.4, 11992],[18088, 12000],[18194, 12018],[18222, 12015],[18314, 12058],[18352, 12041],[18379, 12054],[18441, 12054],[18447, 12054],[18450, 12054],[18496, 12080],[18496, 12051],[18519.67, 12038.73],[18520, 12039],[18520, 12040],[18521, 12040],[18524.88, 12040],[18560, 12096],[18575, 12101],[18586, 12112],[18586, 12119],[18588, 12121],[18589.67, 12121],[18600, 12152],[18613.77, 12141.74],[18627, 12154.33],[18627, 12158],[18628, 12158],[18628, 12159],[18629, 12160],[18632.95, 12160],[18634, 12161],[18634, 12162],[18636, 12162],[18642, 12168],[18642, 12169],[18643, 12169],[18644, 12170],[18652.88, 12170],[18680, 12192],[18693, 12179],[18697, 12183],[18703, 12183],[18709, 12189],[18710, 12189],[18711, 12190],[18717, 12190],[18730, 12202],[18730, 12203],[18737, 12203],[18744, 12210],[18751, 12210],[18757, 12216],[18758, 12216],[18758, 12217],[18771, 12217],[18777, 12222],[18777, 12223],[18778, 12223],[18779, 12224],[18784, 12224],[18790, 12229],[18791, 12230],[18811, 12230],[18817, 12236],[18818, 12236],[18818, 12237],[18829.57, 12237],[18856, 12256],[18856, 12224],[18863.97, 12214.5],[18889, 12190],[18895, 12190],[18895, 12189],[18896, 12189],[18902, 12183],[18913, 12183],[18919, 12189],[18920, 12189],[18920, 12190],[18926, 12190],[18932, 12195],[18932, 12196],[18934, 12196],[18934, 12197],[18938.63, 12197],[18943, 12202],[18943, 12207],[18950, 12214],[18950, 12222],[18950.39, 12222],[18952, 12272],[19006, 12266],[19019, 12277],[19032, 12288],[19088, 12304],[19104, 12336],[19104, 12288],[19152, 12288],[19176, 12328],[19248, 12376],[19256, 12336],[19320, 12336],[19320, 12264],[19304, 12248],[19352, 12248],[19384, 12280],[19384, 12400],[19400, 12472],[19456, 12488],[19504, 12448],[19552, 12448],[19592, 12416],[19592, 12368],[19608, 12336],[19656, 12304],[19640, 12280],[19640, 12208],[19712, 12184],[19712, 12120],[19736, 12080],[19768, 12064],[19768, 12032],[19744, 11995],[19724, 11917],[19760, 11872],[19749, 11818],[19816, 11880],[19904, 11864],[19920, 11896],[19952, 11856],[19905, 11828],[19918, 11802],[19952, 11808],[19944, 11784],[19984, 11784],[19976, 11728],[19992, 11712],[19960, 11648],[19904, 11600],[19824, 11592],[19768, 11608],[19764, 11640],[19688, 11632],[19720, 11656],[19696, 11672],[19720, 11720],[19752, 11740],[19741, 11766],[19689, 11734],[19672, 11688],[19606, 11649],[19640, 11624],[19552, 11643],[19424, 11648],[19392, 11672],[19392, 11640],[19432, 11600],[19416, 11576],[19360, 11552],[19320, 11480],[19304, 11472],[19152, 11472],[19128, 11496],[19128, 11568],[19096, 11584],[19104, 11464],[19032, 11480],[19033.75, 11473],[19036, 11473],[19037, 11472],[19037, 11471],[19038, 11471],[19038, 11469],[19037, 11469],[19037, 11468],[19036, 11467],[19042, 11467],[19042, 11466],[19044, 11466],[19044, 11465],[19045, 11464],[19045, 11457],[19045, 11455],[19045, 11448],[19038, 11441],[19037, 11440],[19036, 11439],[19030, 11433],[19029, 11433],[19029, 11432],[19027, 11432],[19027, 11433],[19026, 11433],[19023, 11433],[19022, 11433],[19022, 11432],[19013, 11432],[19013, 11433],[19012, 11433],[19006, 11439],[18999, 11439],[18999, 11440],[18998, 11440],[18992, 11446],[18985, 11446],[18985, 11447],[18980, 11452],[18952, 11452],[18952, 11440],[18934.67, 11453],[18931, 11453],[18926, 11453],[18907, 11453],[18901, 11453],[18895, 11453],[18894, 11453],[18893, 11452],[18887, 11452],[18881, 11446],[18874, 11446],[18868, 11440],[18867, 11439],[18860, 11439],[18859, 11439],[18853, 11433],[18841, 11433],[18840, 11433],[18839, 11432],[18819, 11432],[18800, 11432],[18799, 11432],[18793, 11432],[18787, 11427],[18787, 11426],[18785, 11426],[18780, 11426],[18768.8, 11426],[18768, 11424],[18722.6, 11424],[18719, 11421],[18719, 11420],[18708, 11420],[18688, 11400],[18672, 11420],[18661, 11420],[18661, 11421],[18656.2, 11425],[18656, 11425],[18655, 11426],[18654, 11426],[18648, 11426],[18642, 11426],[18641, 11426],[18641, 11427],[18635, 11432],[18629, 11432],[18622, 11432],[18621, 11433],[18620, 11433],[18614, 11439],[18608, 11439],[18607, 11439],[18601, 11439],[18594, 11446],[18588, 11446],[18580, 11446],[18574, 11446],[18573, 11446],[18573, 11447],[18567, 11447],[18566, 11448],[18560, 11453],[18554, 11453],[18554, 11454],[18553, 11454],[18528, 11454],[18526, 11456],[18526, 11473],[18526, 11474],[18525, 11475],[18520, 11480],[18513, 11480],[18512, 11481],[18506, 11486],[18467, 11486],[18466, 11487],[18465, 11487],[18464, 11488],[18456, 11488],[18458.5, 11493],[18452, 11493],[18440, 11493],[18439, 11493],[18438, 11494],[18432, 11494],[18426, 11500],[18413, 11500],[18412, 11500],[18411, 11500],[18405, 11500],[18404, 11501],[18398, 11501],[18398, 11502],[18393.2, 11506],[18345, 11506],[18345, 11507],[18344, 11507],[18338, 11507],[18337, 11507],[18327.4, 11507],[18320, 11504],[18282.39, 11513],[18271, 11513],[18264, 11513],[18264, 11514],[18263, 11514],[18258.21, 11518.79],[18253.14, 11520],[18244, 11520],[18243, 11520],[18238, 11520],[18237, 11520],[18230, 11520],[18223, 11520],[18222, 11521],[18216, 11521],[18210, 11527],[18209, 11527],[18204, 11527],[18203, 11527],[18196, 11527],[18189, 11527],[18188, 11528],[18182, 11528],[18182, 11529],[18176, 11534],[18170, 11534],[18169, 11534],[18168, 11534],[18162, 11534],[18161, 11535],[18155, 11540],[18150, 11540],[18149, 11540],[18135, 11540],[18135, 11541],[18134, 11541],[18130, 11545],[18125, 11541],[18124, 11540],[18110, 11540],[18104, 11540],[18103, 11540],[18098, 11535],[18097, 11535],[18097, 11534],[18091, 11534],[18085, 11529],[18085, 11528],[18078, 11528],[18077, 11527],[18075, 11527],[18074, 11528],[18067, 11528],[18067, 11529],[18066.46, 11529.46],[18065, 11528],[18065, 11527],[18061, 11527],[18061, 11528],[18057.69, 11531.31],[18040, 11488],[18012, 11504],[17960, 11488],[17944, 11512],[17896, 11503],[17862, 11450],[17888, 11425],[17856, 11416],[17847, 11445],[17816, 11440],[17837.04, 11485.47],[17834, 11488],[17828, 11488],[17828, 11489],[17827, 11489],[17821, 11495],[17808, 11495],[17801, 11495],[17800, 11496],[17795, 11500],[17791, 11496],[17790, 11496],[17790, 11495],[17783, 11495],[17778, 11490],[17777, 11490],[17777, 11489],[17775.37, 11489],[17760, 11448],[17720, 11416],[17715, 11413.86],[17715, 11413],[17713, 11413],[17702.5, 11408.5],[17700, 11406],[17696.67, 11406],[17692, 11404],[17688, 11400],[17687, 11400],[17687, 11399],[17686, 11399],[17683.33, 11399],[17679, 11395],[17679, 11394],[17675, 11394],[17674, 11393],[17667, 11386],[17663.62, 11386],[17659, 11381],[17658, 11381],[17657, 11380],[17654, 11380],[17644, 11370],[17644, 11369],[17643, 11369],[17641, 11367],[17641, 11366],[17640, 11366],[17635, 11366],[17627, 11358],[17622, 11353],[17621, 11353],[17620, 11353],[17620, 11352],[17619, 11352],[17615.09, 11352],[17606, 11342],[17601, 11342],[17600, 11342],[17599, 11341],[17598.09, 11341],[17598, 11340.9],[17598, 11340],[17597.18, 11340],[17594, 11336.5],[17594, 11336],[17593.54, 11336],[17589, 11331],[17583, 11331],[17578, 11326],[17578, 11325],[17574.67, 11325],[17568, 11320],[17562, 11320],[17557, 11320],[17556, 11320],[17547, 11320],[17546, 11319],[17545, 11319],[17545, 11318],[17537, 11318],[17534, 11315],[17534, 11314],[17514.2, 11314],[17513, 11313],[17512, 11312],[17509.4, 11312],[17507, 11309],[17502.16, 11309],[17493, 11299.33],[17493, 11293],[17492, 11292],[17491, 11290.8],[17491, 11282],[17496, 11272],[17480, 11176],[17462, 11176],[17424, 11131],[17510, 11088],[17544, 11104],[17604, 11078],[17640, 11112],[17736, 11056],[17752, 10992],[17746, 10960],[17792, 10896],[17792, 10856],[17736, 10800],[17670, 10802],[17640, 10776],[17568, 10776],[17512, 10812],[17493, 10900],[17469, 10900],[17440, 10864],[17328, 10856],[17288, 10872],[17272, 10960],[17301.25, 10996],[17294, 10996],[17292, 10996],[17291, 10996],[17291, 10997],[17290, 10997],[17290, 10998],[17289, 10999],[17289, 11011],[17284, 11017],[17283, 11018],[17283, 11019],[17283, 11022.3],[17264, 11032],[17248, 11072],[17263, 11160],[17240, 11200],[17264, 11193],[17267.96, 11236.04],[17266, 11238],[17266, 11243],[17265, 11244],[17265, 11245],[17261, 11249],[17260, 11249],[17260, 11263],[17267, 11270],[17271.08, 11270],[17272, 11280],[17328, 11296],[17344, 11320],[17385, 11323.73],[17385, 11326.37],[17378, 11333],[17372, 11333],[17369, 11336],[17366, 11336],[17365, 11336],[17365, 11337],[17362, 11340],[17357, 11340],[17357, 11341],[17356, 11342],[17354, 11342],[17352, 11344],[17344, 11344],[17343.67, 11348.27],[17339.2, 11352],[17318.8, 11352],[17314, 11348],[17314, 11347],[17311, 11347],[17310, 11346],[17309, 11346],[17308, 11345],[17305, 11345],[17293, 11333],[17287, 11333],[17280.4, 11326.4],[17272, 11304],[17260.83, 11300.83],[17260, 11300],[17259, 11300],[17259, 11299],[17254.4, 11299],[17252.28, 11298.4],[17247, 11294],[17247, 11293],[17233.28, 11293],[17231.49, 11292.49],[17231, 11292],[17229.76, 11292],[17185.87, 11279.53],[17184, 11277.56],[17184, 11277],[17183.47, 11277],[17183, 11276.5],[17183, 11273],[17182, 11272],[17182, 11271],[17179.82, 11268.82],[17178, 11264.38],[17178, 11262],[17177, 11261],[17177, 11260],[17177, 11255],[17172.17, 11250.17],[17172, 11249.75],[17172, 11249],[17171.69, 11249],[17168, 11240],[17166.25, 11239.25],[17166, 11239],[17166, 11238],[17165, 11237],[17161, 11237],[17157.96, 11235.7],[17155, 11232],[17149.33, 11232],[17138.25, 11227.25],[17138, 11227],[17138, 11226],[17135.33, 11226],[17112, 11216],[17048, 11169],[17080, 11144],[17008, 11135],[17008, 11112],[16974, 11129],[16918, 11119],[16901, 11096],[16844, 11087],[16789, 11105],[16744, 11072],[16712, 11073],[16686, 11103],[16641, 11118],[16616, 11088],[16664, 11088],[16704, 11048],[16696, 10896],[16672, 10856],[16614, 10792],[16530, 10766],[16447, 10785],[16404, 10785],[16362, 10818],[16316, 10834],[16274, 10889],[16228, 11029],[16224, 11120],[16234, 11168],[16267, 11226],[16270, 11262],[16322, 11369],[16364, 11431],[16366, 11432.62],[16366, 11440],[16375, 11449],[16381, 11449],[16387, 11455],[16388, 11455],[16389, 11456],[16394.86, 11456],[16443, 11495],[16484, 11552],[16603, 11610],[16666, 11664],[16696, 11658],[16744, 11686],[16757, 11739],[16817, 11801],[16907, 11839.11],[16907, 11840],[16909, 11840],[16909, 11841],[16911.47, 11841],[16928, 11848],[16946.75, 11851.75],[16949, 11854],[16958, 11854],[16968, 11856],[17045, 11856],[17049, 11860],[17050, 11860],[17050, 11861],[17126, 11861],[17127, 11860],[17128, 11860],[17134, 11860],[17134, 11859],[17138.13, 11855.7],[17143, 11855],[17156, 11855],[17156, 11854],[17157.3, 11852.96],[17192, 11848]],[[16732, 11654],[16732, 11655],[16729, 11654],[16732, 11654]],[[19896, 11856],[19896, 11864],[19888, 11864],[19896, 11856]],[[17327, 10912],[17328, 10913],[17327, 10913],[17327, 10912]],[[19784, 11632],[19784, 11636],[19782, 11634],[19784, 11632]],[[16738.6, 11651],[16737.4, 11652],[16737.67, 11651],[16738.6, 11651]],[[16737, 11109],[16750, 11112],[16743, 11126],[16737, 11109]],[[17305, 10913],[17304, 10914.5],[17304, 10913],[17305, 10913]],[[16513.2, 11553.47],[16513.69, 11554],[16507, 11554],[16511, 11552],[16513.2, 11553.47]],[[17310, 10912],[17309, 10913],[17308.67, 10912],[17310, 10912]],[[16616, 10812],[16620, 10816],[16616, 10816],[16616, 10812]],[[17318, 10949],[17328, 10958],[17327, 10959],[17318, 10949]],[[16728, 11088],[16736, 11094.17],[16728, 11100],[16728, 11088]],[[17332, 10913],[17336, 10918.83],[17331, 10913],[17332, 10913]]]},"properties":{"objectType":"annotation","classification":{"name":"Tumor","color":[102, 77, 179]}}},{"type":"Feature","id":"4a129749-3791-4232-bfe2-fc022f659b35","geometry":{"type":"Polygon","coordinates":[[[22288, 4768],[22312, 4784],[22312, 4824],[22288, 4872],[22328, 4912],[22320, 4936],[22352, 4968],[22362.67, 4960],[22378, 4960],[22378, 4959],[22381, 4957],[22384, 4957],[22384, 4956],[22385, 4956],[22388, 4953],[22392, 4953],[22392, 4952],[22395, 4950],[22404, 4950],[22407, 4952],[22407, 4953],[22411, 4953],[22414, 4956],[22415, 4956],[22415, 4957],[22417.25, 4957],[22424, 4984],[22432, 4978],[22436, 4978],[22437, 4977],[22438, 4977],[22438, 4973.5],[22456, 4960],[22460, 4959.33],[22460, 4960],[22483, 4960],[22483, 4959],[22486, 4957],[22492, 4957],[22495.6, 4953.4],[22504, 4952],[22504, 4945],[22505, 4944],[22505, 4941],[22507, 4938],[22508, 4938],[22508, 4929],[22507, 4929],[22504, 4926],[22504, 4920],[22496.5, 4918.5],[22490, 4912],[22490, 4911],[22486, 4911],[22483, 4908],[22479, 4908],[22477.15, 4906.15],[22536, 4880],[22568, 4880],[22600, 4832],[22624, 4856],[22640, 4808],[22600, 4824],[22600, 4784],[22656, 4744],[22632, 4728],[22672, 4672],[22704, 4648],[22680, 4704],[22720, 4704],[22720, 4664],[22776, 4624],[22776, 4560],[22840, 4504],[22824, 4472],[22872, 4472],[22888, 4408],[22856, 4360],[22848, 4320],[22864, 4288],[22832, 4304],[22840, 4328],[22792, 4296],[22856, 4280],[22856, 4224],[22824, 4152],[22744, 4072],[22640, 4120],[22608, 4176],[22568, 4168],[22552, 4248],[22576, 4256],[22512, 4272],[22504, 4284],[22496, 4296],[22489.34, 4362.66],[22489, 4363],[22489, 4366.04],[22488.91, 4366.94],[22483, 4372],[22483, 4373],[22478, 4378],[22448, 4384],[22440, 4416],[22408, 4440],[22408, 4480],[22432, 4480],[22377, 4505],[22368.2, 4509],[22366, 4509],[22366, 4510],[22344, 4520],[22344, 4549],[22343, 4549],[22343, 4553],[22340, 4556],[22340, 4556.5],[22337, 4560],[22336, 4560],[22336, 4563],[22336, 4564],[22333, 4567],[22333, 4570],[22333, 4571.8],[22304, 4624],[22304, 4712],[22288, 4768]]]},"properties":{"objectType":"annotation","classification":{"name":"Tumor","color":[102, 77, 179]}}},{"type":"Feature","id":"86b66ea8-5b08-41fa-9460-7f0b050a7f86","geometry":{"type":"Polygon","coordinates":[[[22128, 3192],[22160, 3216],[22168, 3304],[22216, 3344],[22256, 3304],[22271.71, 3366.86],[22270, 3368],[22266, 3368],[22266, 3369],[22224, 3376],[22272, 3424],[22264, 3464],[22344, 3536],[22344, 3576],[22392, 3568],[22472, 3680],[22464, 3720],[22496, 3696],[22568, 3688],[22648, 3664],[22704, 3608],[22704, 3576],[22752, 3576],[22760, 3464],[22800, 3432],[22816, 3360],[22808, 3304],[22784, 3312],[22776, 3216],[22672, 3120],[22600, 3112],[22552, 3088],[22544, 3056],[22592, 3072],[22576, 3040],[22472, 3048],[22440.68, 3045.68],[22439, 3044],[22428, 3044],[22425, 3041],[22425, 3040],[22408, 3040],[22408, 3039],[22396, 3039],[22396, 3040],[22389, 3040],[22387.27, 3041.73],[22378.04, 3041.04],[22377, 3040],[22369, 3040],[22366, 3037],[22366, 3036],[22359, 3036],[22359, 3035],[22333, 3035],[22333, 3036],[22332, 3036],[22332, 3037.63],[22301, 3035.34],[22301, 3031],[22300, 3030],[22300, 3029],[22263, 3029],[22263, 3030],[22262, 3030],[22262, 3032.45],[22256, 3032],[22216, 3096],[22192, 3072],[22176, 3120],[22196.25, 3126.75],[22196, 3127],[22196, 3128],[22196, 3131],[22195, 3131],[22195, 3133],[22193, 3135],[22192, 3135],[22192, 3138],[22192, 3142],[22189, 3145],[22189, 3148.5],[22188.57, 3149],[22188, 3149],[22188, 3149.67],[22186, 3152],[22185, 3152],[22185, 3156],[22182, 3159],[22182, 3163],[22179, 3166],[22178, 3166],[22178, 3170],[22175, 3173],[22175, 3176.33],[22128, 3192]]]},"properties":{"objectType":"annotation","classification":{"name":"Tumor","color":[102, 77, 179]}}},{"type":"Feature","id":"70d60182-c803-4898-b9bb-d2dee170f1b4","geometry":{"type":"Polygon","coordinates":[[[22072, 5608],[22088, 5808],[22248, 5904],[22432, 5872],[22600, 5872],[22704, 5792],[22696, 5736],[22736, 5656],[22776, 5664],[22832, 5568],[22840, 5392],[22856, 5368],[22800, 5288],[22736, 5288],[22648, 5208],[22536, 5256],[22552, 5312],[22512, 5504],[22510, 5475],[22510, 5466],[22510, 5463],[22509.11, 5462.11],[22509, 5460.5],[22509, 5458],[22508.83, 5458],[22496, 5272],[22457, 5233],[22457, 5232],[22456.18, 5231.18],[22472, 5160],[22412.5, 5134.5],[22407, 5129],[22399.67, 5129],[22398.5, 5128.5],[22396, 5126],[22396, 5125],[22390.33, 5125],[22381, 5121],[22379, 5119],[22379, 5118],[22375, 5118],[22373, 5116],[22373, 5112],[22373, 5110],[22372, 5109],[22372, 5108],[22369, 5108],[22369, 5105],[22368, 5105],[22368, 5104],[22362.29, 5104],[22376, 5056],[22320, 5088],[22311.11, 5128],[22307, 5128],[22307, 5129],[22306, 5129],[22306, 5136],[22303, 5139],[22303, 5143],[22293, 5153],[22292.33, 5153],[22264, 5136],[22259.71, 5142],[22254, 5142],[22254, 5143],[22247, 5150],[22247, 5154],[22244, 5157],[22243, 5157],[22243, 5164],[22240, 5167],[22240, 5169.6],[22224, 5192],[22260, 5184],[22281.27, 5179.27],[22282, 5180],[22283, 5180],[22283, 5181],[22286, 5181],[22289, 5183],[22289, 5192],[22286, 5195],[22285, 5195],[22285, 5199],[22282, 5202],[22282, 5211],[22289, 5218],[22289, 5219],[22293, 5219],[22300, 5225],[22300, 5226],[22304, 5226],[22310, 5232],[22312, 5240],[22363.07, 5271.93],[22360, 5275],[22356, 5275],[22356, 5275.2],[22316.79, 5265.79],[22316, 5265],[22309, 5258],[22305, 5258],[22302, 5255],[22302, 5254],[22293, 5254],[22293, 5255],[22290, 5258],[22284.33, 5258],[22243.1, 5248.1],[22243, 5248],[22243, 5247],[22238.51, 5247],[22223, 5243.28],[22223, 5242],[22219, 5238],[22219, 5234],[22219, 5231],[22218, 5231],[22218, 5230],[22216, 5228.5],[22216, 5228],[22215, 5227],[22215, 5226],[22211, 5226],[22208, 5223],[22202, 5223],[22199, 5226],[22192, 5226],[22192, 5227],[22184.3, 5234],[22176, 5232],[22112, 5288],[22107.14, 5356],[22107, 5356],[22107, 5358],[22104, 5400],[22128, 5441.14],[22128, 5442],[22128.5, 5442],[22132, 5448],[22132, 5453],[22135, 5456],[22135, 5460],[22136, 5460],[22143.2, 5467.2],[22153, 5484],[22153, 5493],[22150, 5496],[22146, 5496],[22146, 5499],[22152, 5499],[22152, 5502],[22153, 5502],[22154, 5503],[22157, 5503],[22160, 5505],[22160, 5506],[22164, 5506],[22168, 5510],[22178, 5510],[22181, 5512],[22181, 5513],[22196, 5513],[22200, 5517],[22210, 5517],[22213, 5519],[22213, 5520],[22220, 5520],[22223, 5523],[22224, 5524],[22227, 5524],[22229, 5526],[22229, 5533],[22230, 5533],[22230, 5534],[22232, 5534],[22232, 5533],[22238, 5527],[22240, 5527],[22240, 5556],[22237, 5556],[22237, 5567],[22236, 5568],[22152, 5568],[22072, 5608]]]},"properties":{"objectType":"annotation","classification":{"name":"Tumor","color":[102, 77, 179]}}},{"type":"Feature","id":"90881943-67e0-4f5b-9fa2-33649b2bb179","geometry":{"type":"Polygon","coordinates":[[[23152, 3984],[23154.4, 4002],[23154, 4002],[23154, 4038],[23155, 4038],[23155, 4039],[23158, 4041.25],[23158, 4050],[23159, 4051],[23159, 4054],[23161.69, 4056.69],[23168, 4104],[23248, 4136],[23260.98, 4130.23],[23262, 4131],[23262, 4132],[23285, 4132],[23286, 4131],[23290, 4128],[23293, 4128],[23293, 4127],[23294, 4127],[23297, 4124],[23303, 4124],[23304, 4123],[23307, 4123],[23310, 4120],[23315, 4120],[23319, 4116],[23323, 4116],[23324, 4115],[23328, 4112],[23331, 4112],[23332, 4111],[23333, 4111],[23336, 4107],[23341, 4107],[23346, 4102],[23349, 4102],[23352, 4099],[23353, 4099],[23362, 4090],[23363, 4089],[23363, 4088],[23366, 4085],[23367, 4084],[23367, 4083.11],[23392, 4072],[23400, 3952],[23304, 3888],[23281.83, 3902],[23267, 3902],[23262, 3907],[23257, 3907],[23253, 3911],[23252, 3912],[23249, 3915],[23245, 3915],[23245, 3916],[23244, 3916],[23241, 3919],[23237, 3919],[23236, 3920],[23232, 3920],[23232, 3921],[23231, 3921],[23228.75, 3924],[23223, 3924],[23223, 3925],[23220, 3928],[23219, 3928],[23218, 3929],[23214, 3929],[23210.09, 3933],[23210, 3933],[23201, 3942],[23201, 3942.31],[23173.61, 3970.35],[23152, 3984]]]},"properties":{"objectType":"annotation","classification":{"name":"Tumor","color":[102, 77, 179]}}},{"type":"Feature","id":"37f0f8d0-ffce-47b0-8320-5ecf0db01814","geometry":{"type":"Polygon","coordinates":[[[15773, 11505],[15773, 11509],[15764, 11518],[15760, 11518],[15760, 11519],[15759, 11520],[15728, 11520],[15688, 11552],[15688, 11584],[15632, 11584],[15640, 11560],[15576, 11584],[15488, 11584],[15416, 11600],[15376, 11664],[15376, 11776],[15400, 11792],[15400, 11816],[15424, 11840],[15488, 11856],[15496, 11872],[15536, 11872],[15584, 11888],[15584, 11918],[15584, 11923],[15580, 11928],[15579, 11928],[15579, 11933],[15575, 11938],[15574, 11938],[15574, 11943],[15574, 11948],[15570, 11953],[15569, 11953],[15569, 11958],[15569, 11963],[15565.63, 11967.21],[15544, 11960],[15544, 12008],[15504, 12008],[15472, 12032],[15472, 12056],[15448, 12048],[15440, 12072],[15432.5, 12077],[15425, 12077],[15425, 12078],[15415, 12087],[15410, 12087],[15410, 12088],[15405, 12093],[15404, 12093],[15404, 12096],[15392, 12104],[15390, 12112],[15385, 12112],[15385, 12113],[15380, 12117],[15375, 12117],[15375, 12118],[15370, 12123],[15369, 12123],[15369, 12132],[15365, 12132],[15365, 12133],[15364, 12133],[15364, 12136],[15344, 12136],[15304, 12176],[15280, 12176],[15240, 12152],[15168, 12152],[15144, 12160],[15120, 12200],[15128, 12272],[15152, 12288],[15152, 12312],[15200, 12360],[15296, 12368],[15376, 12304],[15376, 12264],[15390.67, 12242],[15400, 12242],[15405, 12246],[15405, 12247],[15410, 12247],[15422.5, 12259.5],[15427.59, 12274.76],[15425, 12278],[15424, 12278],[15424, 12281],[15424, 12282],[15420, 12285],[15420, 12287.44],[15415, 12293],[15414, 12293],[15414, 12295],[15413, 12296],[15413, 12298.56],[15360, 12328],[15360, 12397],[15360, 12401],[15346, 12415],[15328, 12424],[15328, 12453],[15328, 12457],[15328, 12462],[15328, 12464],[15328, 12483],[15326, 12485],[15326, 12488],[15304, 12488],[15299.75, 12505],[15295, 12505],[15295, 12506],[15292, 12509],[15290, 12509],[15288, 12509],[15285, 12512],[15284, 12512],[15283, 12512],[15277, 12512],[15277, 12513],[15274.33, 12515.67],[15256, 12512],[15232, 12528],[15229, 12537],[15228, 12537],[15225, 12537],[15222, 12540],[15221, 12540],[15218, 12540],[15218, 12541],[15215, 12544],[15213, 12544],[15213, 12546],[15211, 12548],[15210, 12548],[15210, 12551],[15210, 12552],[15204, 12558],[15200, 12558],[15197, 12561],[15195, 12561],[15192, 12558],[15188, 12558],[15182, 12552],[15181, 12551],[15178, 12548],[15178, 12547],[15174, 12547],[15171, 12544],[15158, 12544],[15155, 12547],[15154, 12547],[15148, 12547],[15148, 12548],[15145, 12551],[15140, 12551],[15137, 12551],[15134, 12554],[15130, 12554],[15126, 12554],[15126, 12555],[15123, 12558],[15122, 12558],[15122, 12559],[15120, 12561],[15114, 12561],[15111, 12558],[15088, 12558],[15085, 12561],[15065, 12561],[15064, 12560],[15055.6, 12558.6],[15055, 12558],[15052, 12558],[15016, 12552],[14984, 12568],[14977.5, 12587.5],[14976, 12589],[14972, 12589],[14969, 12592],[14965, 12592],[14920, 12592],[14888, 12608],[14888, 12648],[14856, 12664],[14827, 12660],[14784, 12717.06],[14719.56, 12768],[14658, 12852],[14625, 12932],[14612, 12994],[14629, 13049],[14629, 13094],[14672, 13124],[14680, 13144],[14720, 13152],[14728, 13192],[14752, 13208],[14816, 13208],[14840, 13240],[14868, 13240],[14872, 13240],[14875, 13243],[14876, 13243],[14876, 13244],[14879, 13244],[14882, 13246],[14882, 13247],[14886, 13247],[14889, 13250],[14890, 13250],[14890, 13251],[14891, 13251],[14896, 13256],[14913, 13256],[14915, 13258],[14928, 13258],[14931, 13260],[14931, 13261],[14937, 13261],[14937, 13260],[14940, 13258],[14957, 13258],[14957, 13257],[14958, 13257],[14959, 13256],[14986, 13256],[14987, 13257],[14988, 13257],[14988, 13258],[14999, 13258],[14999, 13257],[15000, 13257],[15001, 13256],[15008, 13256],[15048, 13240],[15048, 13230],[15055, 13223],[15058, 13223],[15062, 13219],[15066, 13219],[15066, 13218],[15069, 13216],[15075, 13216],[15078, 13218],[15078, 13219],[15080, 13219],[15080, 13218],[15081.5, 13217],[15090.5, 13217],[15092, 13218],[15092, 13219],[15096, 13219],[15096, 13220],[15115, 13220],[15115, 13219],[15119, 13219],[15119, 13218],[15120.5, 13217],[15121, 13217],[15122, 13216],[15128, 13216],[15128.67, 13215.33],[15136, 13216],[15192, 13208],[15206.03, 13195],[15209, 13195],[15209, 13194],[15210, 13194],[15212, 13192],[15213, 13192],[15213, 13191],[15217, 13191],[15217, 13190],[15218.5, 13189],[15219, 13189],[15220, 13188],[15223, 13188],[15223, 13187],[15224, 13187],[15234, 13176],[15235, 13176],[15235, 13169],[15241, 13163],[15245, 13163],[15245, 13162],[15248, 13160],[15258, 13160],[15258, 13159],[15259, 13159],[15262, 13156],[15269, 13156],[15269, 13155],[15272, 13153],[15275, 13153],[15276, 13152],[15277, 13152],[15277, 13143],[15276, 13143],[15276, 13142],[15271, 13142],[15271, 13129],[15300, 13118],[15313, 13120.69],[15313, 13121],[15314.5, 13121],[15317.65, 13121.65],[15323, 13127],[15323, 13128],[15325, 13128],[15325, 13127],[15326, 13127],[15326, 13123.38],[15329, 13124],[15330, 13125],[15331, 13125],[15331, 13126],[15337, 13126],[15338.66, 13126],[15358, 13130],[15402, 13118],[15414, 13090],[15484, 13090],[15497.67, 13096.67],[15498, 13097],[15498.35, 13097],[15525, 13110],[15549, 13067],[15581, 13083],[15585.84, 13081.84],[15588, 13084],[15588, 13085],[15595, 13085],[15596, 13085],[15615, 13085],[15616, 13085],[15617, 13085],[15617, 13084],[15623, 13079],[15640, 13079],[15642, 13079],[15642, 13078],[15648, 13073],[15660, 13073],[15661, 13072],[15680, 13072],[15697.14, 13060],[15698, 13060],[15698, 13059.4],[15698.57, 13059],[15699, 13059],[15700, 13058],[15705.71, 13054],[15709, 13054],[15710, 13053],[15711, 13053],[15720, 13044],[15767.78, 12997],[15773, 12997],[15778, 12992],[15779, 12991],[15780, 12991],[15783, 12991],[15788, 12996],[15788, 12997],[15795, 12997],[15800, 13002],[15800, 13017],[15800, 13018],[15794, 13023],[15794, 13024],[15793, 13025],[15793, 13026.1],[15789, 13029],[15799, 13079.8],[15778, 13111],[15761, 13172],[15760, 13239],[15728, 13293],[15733, 13329],[15790, 13424],[15824, 13441],[15857, 13441],[15881, 13423],[15882, 13394],[15920, 13352],[15952, 13344],[15952, 13312],[15968, 13288],[16000, 13272],[15995.38, 13250.62],[15998, 13248],[15999, 13247],[15999, 13246.03],[15999.03, 13246],[16000, 13246],[16000, 13245.06],[16020.5, 13225.2],[16024, 13224],[16024.5, 13223],[16029, 13223],[16029, 13222],[16030, 13222],[16030, 13221],[16031, 13221],[16031, 13216],[16035, 13216],[16037, 13214],[16037, 13209],[16037, 13203],[16037, 13202],[16037, 13201],[16042, 13196],[16043, 13196],[16043, 13191],[16043, 13190],[16064, 13176],[16064, 13151],[16073, 13142],[16078, 13142],[16078, 13141],[16079, 13141],[16080, 13141],[16085.5, 13135],[16086, 13135],[16092, 13129],[16098, 13129],[16099, 13128],[16099, 13127],[16100, 13126],[16106, 13120],[16106, 13117.41],[16120, 13120],[16119, 13087],[16112, 13082],[16112, 13053],[16112, 13052],[16118, 13046],[16118, 13041],[16118, 13040],[16124, 13034],[16148, 13010],[16153, 13010],[16154, 13010],[16155, 13009],[16160, 13004],[16167, 13004],[16170.83, 13004],[16175, 13009],[16177, 13009],[16178, 13010],[16182, 13010],[16183, 13010],[16189, 13016],[16194.5, 13016],[16200, 13022],[16201, 13022],[16201, 13023],[16202.64, 13023],[16207, 13027],[16207, 13028],[16212.13, 13028],[16213, 13028.9],[16213, 13029],[16213.1, 13029],[16216, 13032],[16217.45, 13032.15],[16219, 13034],[16221, 13034],[16221, 13035],[16226, 13035],[16232, 13040],[16233, 13041],[16244, 13041],[16246, 13041],[16246, 13042],[16252.2, 13042],[16257, 13046],[16257, 13047],[16273, 13047],[16278, 13042],[16279, 13041],[16280, 13041],[16285, 13041],[16286.91, 13039.09],[16296, 13040],[16331, 13006],[16360, 13016],[16368, 12992],[16408, 12992],[16408, 12968],[16355, 12984],[16355, 12978.33],[16361, 12972],[16362, 12971],[16362, 12952.64],[16364.46, 12950.03],[16364.48, 12950.01],[16367, 12948],[16371, 12948],[16372, 12948],[16373, 12948],[16373, 12947],[16374, 12947],[16379, 12942],[16384, 12942],[16385, 12941],[16386, 12941],[16387, 12940],[16387, 12939.14],[16391.83, 12935],[16392, 12935],[16398, 12935],[16399, 12934],[16399, 12933.14],[16401.09, 12931.35],[16407.23, 12929],[16411, 12929],[16411, 12928],[16412, 12928],[16412, 12927.18],[16436, 12918],[16488, 12888],[16488, 12835.67],[16498, 12822],[16536, 12824],[16540, 12792],[16560, 12792],[16544, 12760],[16545.5, 12680],[16576, 12680],[16624, 12608],[16624, 12544],[16616, 12544],[16613, 12441],[16584, 12445],[16552, 12408],[16480, 12408],[16432, 12434],[16378, 12434],[16320, 12464],[16305, 12496],[16302.81, 12498],[16301, 12498],[16301, 12499],[16295.84, 12504],[16295, 12504],[16294, 12505],[16288.33, 12511],[16288, 12511],[16283.58, 12515.61],[16282.06, 12517],[16282, 12517],[16281.32, 12517.68],[16275.51, 12523],[16269, 12523],[16256.72, 12536],[16256, 12536],[16251.83, 12541],[16246, 12541],[16245, 12542],[16244, 12542],[16239, 12548],[16238, 12548],[16232, 12548],[16231.17, 12549],[16231, 12549],[16226, 12554],[16214, 12554],[16207, 12554],[16192, 12554],[16187.7, 12554],[16168, 12528],[16048, 12550],[16032, 12560],[16023.58, 12572],[16021, 12572],[16020, 12573],[16019, 12573],[16013.5, 12579],[16013, 12579],[16008, 12585],[16002, 12585],[16001, 12585],[16000, 12585],[15995, 12591],[15989, 12591],[15988, 12591],[15988, 12592],[15983, 12597],[15977, 12597],[15976, 12597],[15976, 12598],[15975, 12598],[15969, 12604],[15969, 12605],[15968, 12606],[15968, 12612],[15962, 12618],[15962, 12624],[15956, 12630],[15956, 12636],[15939.97, 12652.03],[15906.9, 12649.9],[15905, 12648],[15904, 12648],[15904, 12647],[15903, 12647],[15899, 12647],[15899, 12645],[15898, 12645],[15898, 12644],[15894.4, 12644],[15892, 12642],[15892, 12641],[15891, 12641],[15889.25, 12641],[15888, 12640],[15888, 12639],[15883.33, 12639],[15880, 12635],[15879, 12635],[15878, 12635],[15873, 12635],[15873, 12634],[15872, 12634],[15867, 12629],[15866, 12628],[15859, 12621],[15859, 12613],[15863, 12608],[15864, 12608],[15888, 12608],[15896, 12520],[15889, 12514.14],[15889, 12478],[15897.12, 12468.98],[15900, 12468],[15943, 12439],[15974, 12462],[15988, 12443],[15953, 12396],[15965, 12361],[16025, 12323],[16056, 12336],[16056, 12285],[16069, 12260],[16056, 12209],[16014, 12161],[16021, 12104],[16057, 12095],[16108, 12101],[16168, 12048],[16168, 11992],[16184, 11968],[16184, 11880],[16144, 11800],[16059, 11770],[16032, 11751],[16028, 11721],[16040, 11672],[16016, 11647],[16004, 11601],[16018, 11591],[16053, 11630.47],[16053, 11633],[16054, 11633],[16061, 11640],[16062, 11641],[16062.33, 11641],[16063, 11641.76],[16063, 11643],[16064, 11643],[16067, 11647],[16067.65, 11647],[16104, 11688],[16168, 11736],[16248, 11736],[16320, 11712],[16320, 11672],[16336, 11648],[16336, 11616],[16304, 11592],[16296, 11552],[16256, 11504],[16232, 11496],[16232, 11472],[16192, 11440],[16160, 11440],[16140.01, 11452],[16139, 11452],[16136, 11449],[16136, 11448],[16132, 11448],[16130, 11446],[16130, 11444],[16136, 11432],[16135.43, 11430.57],[16136, 11430],[16137, 11430],[16137, 11410],[16136, 11410],[16134, 11407],[16134, 11404],[16133, 11404],[16133, 11403],[16126, 11396],[16122, 11396],[16121.33, 11395.33],[16120, 11392],[16119, 11392],[16116, 11392],[16115, 11392],[16112, 11389],[16105, 11389],[16104, 11389],[16101, 11386],[16101, 11385],[16098, 11385],[16097, 11385],[16094, 11382],[16091, 11382],[16087, 11382],[16084, 11379],[16084, 11378],[16081, 11378],[16080, 11378],[16077, 11375],[16073, 11375],[16070, 11372],[16070, 11371],[16066, 11371],[16061.66, 11366.66],[16056, 11344],[16025.2, 11337.84],[16022, 11334],[16022, 11331],[16019, 11328],[16019, 11327],[16018, 11327],[16018, 11326],[16018, 11316],[16017, 11316],[16016, 11314.5],[16016, 11288],[16007, 11288],[16007, 11287],[15975.67, 11287],[15968, 11264],[15920, 11256],[15926.14, 11292.86],[15921, 11298],[15917, 11298],[15914, 11301],[15910, 11301],[15910, 11302],[15908, 11304],[15896, 11304],[15881.33, 11315],[15879, 11315],[15879, 11316],[15875, 11319],[15875, 11319.75],[15864, 11328],[15864, 11351],[15864, 11353],[15864, 11389],[15864, 11405],[15864, 11416],[15868, 11416],[15871, 11419],[15871, 11428.5],[15864, 11432],[15864, 11456],[15878, 11465.33],[15878, 11488],[15875, 11491],[15875, 11497.19],[15874.13, 11498.87],[15872, 11501],[15868, 11501],[15867.43, 11501.57],[15847.02, 11495.2],[15846, 11494],[15843.2, 11494],[15835.64, 11491.64],[15835, 11491],[15835, 11490],[15830.4, 11490],[15824, 11488],[15776, 11488],[15776, 11503],[15774, 11505],[15773, 11505]],[[15950.19, 13288],[15952, 13286.29],[15952, 13288],[15950.19, 13288]],[[16416, 12456],[16424, 12451],[16424, 12456],[16416, 12456]],[[16356, 12464],[16360, 12462],[16360, 12464],[16356, 12464]],[[15958.69, 13280],[15968, 13269],[15968, 13280],[15958.69, 13280]],[[16600, 12464],[16600, 12463.6],[16600.5, 12464],[16600, 12464]],[[15919, 13336],[15920, 13336],[15920, 13337],[15919, 13336]]]},"properties":{"objectType":"annotation","classification":{"name":"Tumor","color":[102, 77, 179]}}},{"type":"Feature","id":"dd734a38-f115-4280-8658-1f1e8e3b3770","geometry":{"type":"Polygon","coordinates":[[[4595, 25921],[4546, 26025],[4530, 26133],[4459, 26191],[4426, 26204],[4433, 26237],[4394, 26243],[4364, 26286],[4380, 26316.1],[4378.05, 26318.95],[4377, 26320],[4376, 26320],[4376, 26321.94],[4352, 26357],[4370, 26385.9],[4366.97, 26393.03],[4365, 26395],[4365, 26397.67],[4364.02, 26399.98],[4362, 26402],[4361, 26402],[4361, 26403],[4361, 26406],[4361, 26407.08],[4358.84, 26412.16],[4358, 26413],[4358, 26414],[4357, 26414],[4357, 26416.5],[4342.34, 26451],[4342, 26451],[4342, 26451.81],[4333, 26473],[4339, 26476.92],[4339, 26479],[4339, 26480],[4339, 26483],[4339, 26484],[4342, 26486.63],[4342, 26487],[4342.43, 26487],[4343, 26487.5],[4343, 26488],[4343.57, 26488],[4343.58, 26488],[4343.62, 26488.04],[4347, 26491.73],[4347, 26492],[4347.25, 26492],[4350, 26495],[4354, 26495],[4355, 26495],[4355, 26496],[4359, 26496],[4359.33, 26496],[4362, 26498],[4362, 26499],[4365, 26499],[4366, 26499],[4372, 26505],[4372, 26511],[4369, 26515],[4369, 26518],[4366.76, 26520.24],[4357, 26529],[4361, 26532.68],[4361, 26534],[4361, 26543],[4365, 26547],[4365, 26548],[4365, 26551],[4369, 26555],[4373, 26559],[4377, 26559],[4378, 26560],[4380, 26562],[4381, 26563],[4384, 26563],[4385, 26563],[4388, 26566],[4388, 26567],[4389, 26567],[4392, 26567],[4399, 26574],[4399, 26577],[4402, 26580.27],[4402, 26581],[4402.67, 26581],[4403, 26581.36],[4408, 26600],[4429.1, 26589],[4432, 26589],[4435, 26589],[4435, 26588],[4437.67, 26586],[4438, 26586],[4442, 26586],[4442, 26585],[4443, 26585],[4447, 26585],[4450, 26582],[4453, 26582],[4453, 26581],[4454, 26581],[4457, 26578],[4458, 26578],[4458, 26577],[4465.7, 26570],[4467, 26570],[4486, 26589],[4531, 26552],[4544, 26656],[4528, 26664],[4528, 26784],[4544, 26808],[4536, 26848],[4568, 26872],[4552, 26936],[4584, 26896],[4608, 26928],[4528, 26960],[4504, 27008],[4488, 27088],[4496, 27136],[4520, 27144],[4520, 27192],[4568, 27176],[4584, 27200],[4624, 27200],[4648, 27240],[4680, 27240],[4696, 27200],[4744, 27200],[4744, 27184],[4816, 27152],[4800, 27088],[4784, 27080],[4784, 27032],[4760, 27016],[4728, 27032],[4744, 27000],[4736, 26968],[4768, 26960],[4848, 26904],[4848, 26824],[4880, 26840],[4915, 26827],[4967, 26865],[4976, 26920],[5096, 26968],[5096, 26944],[5144, 26952],[5144, 26928],[5182, 26843],[5224, 26832],[5223, 26794],[5272, 26752],[5254, 26712],[5254, 26632],[5293, 26568],[5337, 26555],[5378, 26488],[5428, 26475],[5498, 26512],[5520, 26536],[5576, 26536],[5671, 26467],[5698, 26489],[5755, 26471],[5770, 26424],[5808, 26408],[5848, 26344],[5846, 26293],[5872, 26272],[5868, 26208],[5888, 26160],[5872, 26120],[5896, 26096],[5840, 26064],[5808, 26060],[5792, 26032],[5760, 26040],[5723, 26008],[5680, 26031],[5666, 26092],[5697, 26134],[5681, 26164],[5635, 26147],[5545, 26192],[5472, 26205],[5456, 26161],[5517, 26065],[5517, 26015],[5550, 25990],[5534, 25940],[5512, 25921],[5522, 25850],[5560, 25784],[5560.58, 25776.42],[5562, 25775],[5562, 25774],[5563, 25774],[5563, 25770],[5566, 25767],[5566, 25766],[5567, 25766],[5567, 25763],[5570, 25760],[5570, 25755],[5573, 25752],[5574, 25752],[5574, 25748],[5577, 25745],[5577, 25744],[5578, 25744],[5578, 25728],[5574, 25724],[5574, 25716],[5573, 25716],[5570, 25713],[5570, 25708],[5567, 25705],[5567, 25698],[5566.62, 25698],[5568, 25680],[5528, 25648],[5518.67, 25646.67],[5517, 25645],[5517, 25644],[5513, 25644],[5510, 25641],[5509, 25641],[5509, 25640],[5485, 25640],[5485, 25641],[5484.04, 25641.72],[5472, 25640],[5453.59, 25659],[5453, 25659],[5450, 25656],[5449, 25656],[5449, 25655],[5445, 25655],[5442, 25652],[5440.38, 25652],[5440, 25640],[5428.43, 25646.43],[5427, 25645],[5427, 25644],[5423, 25644],[5420, 25641],[5419, 25641],[5419, 25640],[5414, 25640],[5414, 25641],[5413, 25641],[5410, 25644],[5406, 25644],[5406, 25645],[5403, 25648],[5398, 25648],[5396, 25651],[5393.59, 25648.59],[5420, 25637],[5480, 25534],[5478, 25505],[5504, 25456],[5504, 25392],[5480, 25360],[5544, 25376],[5638, 25259],[5670, 25178],[5735, 25165],[5736, 25072],[5686, 25037],[5686, 24990],[5634, 24951],[5632, 24904],[5614, 24886],[5572, 24896],[5554, 24872],[5504, 24856],[5425, 24861],[5404, 24877],[5339, 24885],[5333, 24909],[5184, 25000],[5168, 25037],[5113, 25067],[5047, 25119],[5041, 25192],[4961, 25229],[4936, 25298],[4898, 25312],[4934, 25338],[4925, 25377.67],[4876, 25396],[4909, 25412],[4913, 25534],[4875, 25580],[4880, 25612],[4858.1, 25631],[4853, 25631],[4853, 25632],[4852, 25632],[4852, 25636],[4849.82, 25638.18],[4797, 25684],[4767, 25697],[4693.11, 25781],[4692, 25781],[4692, 25782],[4691, 25782],[4691, 25783.39],[4650, 25830],[4595, 25921]],[[5061, 25892],[5057, 25897],[5059, 25890],[5061, 25892]],[[4866, 25754],[4863, 25753],[4872.19, 25752.35],[4870, 25754],[4866, 25754]],[[4920, 26449],[4920.69, 26449],[4922.95, 26460.05],[4921, 26462],[4920, 26462],[4920, 26483],[4921, 26483],[4924, 26486],[4924, 26490],[4928, 26494],[4928, 26498],[4931.21, 26500.41],[4932, 26504.27],[4932, 26506],[4932.45, 26506.45],[4960, 26641],[4935, 26674],[4935, 26769],[4885, 26752],[4888, 26648],[4872, 26448],[4829, 26328],[4780, 26280],[4867, 26282],[4883, 26224],[4912, 26240],[4984, 26203],[4988, 26239.8],[4988, 26256],[4989, 26257],[4992, 26260],[4992, 26264],[4992, 26267],[4993, 26267],[4993, 26268],[4995, 26270],[4995, 26271],[4996, 26271],[5010, 26286],[5010, 26290],[5011, 26290],[5014, 26293],[5014, 26308],[5012, 26310],[5011, 26310],[5011, 26321],[5011, 26322],[5010, 26322],[5010, 26323],[5001, 26332],[5000, 26332],[4997, 26332],[4997, 26333],[4994, 26335],[4991, 26332],[4984, 26332],[4982, 26332],[4978, 26332],[4978, 26333],[4977, 26333],[4977, 26335],[4976.75, 26335],[4976, 26334],[4973, 26334],[4972.25, 26335],[4967, 26335],[4967, 26336],[4966, 26336],[4966, 26337],[4965, 26337],[4965, 26338],[4963, 26340],[4962, 26340],[4962, 26341],[4961, 26343],[4954, 26350],[4954, 26357],[4951, 26361],[4950, 26361],[4950, 26365],[4917, 26431],[4920, 26445.65],[4920, 26449]],[[5088.8, 25883],[5087, 25884],[5088.06, 25883],[5088.8, 25883]],[[5093.75, 25880.25],[5095.86, 25878.14],[5096, 25879],[5093.75, 25880.25]],[[4859, 26189],[4855, 26191],[4859, 26187],[4859, 26189]],[[4881.13, 25725],[4885, 25725],[4885, 25724],[4885.84, 25723.16],[4884.32, 25743.68],[4883.56, 25744.44],[4881.13, 25725]],[[4901.14, 25725],[4903.77, 25743.77],[4903, 25743],[4902.62, 25743],[4898, 25735],[4900.73, 25725],[4901.14, 25725]],[[5054, 25898],[5053, 25898],[5053, 25897],[5055, 25897],[5054, 25898]],[[4861, 25753],[4860, 25753],[4860, 25752],[4861, 25753]]]},"properties":{"objectType":"annotation","classification":{"name":"Tumor","color":[102, 77, 179]}}},{"type":"Feature","id":"342c1434-b6e6-4b31-9d4f-44fe958999ba","geometry":{"type":"Polygon","coordinates":[[[9328, 26136],[9368, 26136],[9392, 26200],[9464, 26256],[9552, 26264],[9656, 26208],[9648, 26056],[9568, 25968],[9542, 25968],[9539, 25965],[9455, 25965],[9455, 25966],[9454, 25966],[9452, 25968],[9384, 25968],[9378.4, 26001.6],[9369.14, 26010.86],[9344, 25992],[9328, 26136]]]},"properties":{"objectType":"annotation","classification":{"name":"Tumor","color":[102, 77, 179]}}}]}