{"type":"FeatureCollection","features":[{"type":"Feature","id":"33aa4386-45b8-4f65-ba01-5d4a1fd67c64","geometry":{"type":"Polygon","coordinates":[[[26957, 24022],[27130, 24737],[27421, 25081],[27765, 25346],[28281, 25333],[28295, 25333],[28348, 25319],[28414, 25293],[28440, 25280],[28493, 25266],[28507, 25266],[28520, 25253],[28546, 25240],[28560, 25240],[29063, 25015],[29063, 25002],[29076, 25002],[29341, 24763],[29354, 24763],[29354, 24750],[30215, 24909],[30506, 25081],[30466, 25359],[30572, 25597],[30757, 25664],[31234, 25664],[31658, 25730],[31671, 25730],[32201, 25902],[32558, 26048],[32743, 26206],[33145, 26448],[33608, 26324],[33839, 26030],[33955, 25728],[33946, 25470],[33946, 25461],[33955, 25461],[33963, 25452],[33972, 25444],[34132, 25195],[34221, 24999],[34221, 24990],[34230, 24990],[34399, 24910],[34453, 25026],[34577, 25026],[34684, 24919],[34693, 24919],[34693, 24910],[34888, 24848],[34906, 25079],[34835, 25310],[34871, 25444],[34959, 25411],[35012, 25404],[35013, 25404],[35013, 25403],[35057, 25406],[35067, 25406],[35070, 25407],[35074, 25407],[35078, 25408],[35087, 25408],[35451, 25417],[35559, 25397],[35697, 25290],[35846, 25245],[35846, 25237],[35846, 25228],[35695, 24996],[35695, 24988],[35766, 24801],[35793, 24801],[36273, 24783],[36940, 25148],[37225, 25281],[37242, 25752],[37225, 26019],[36798, 26099],[37073, 25924],[37073, 25915],[37082, 25915],[37082, 25506],[37082, 25497],[36896, 25230],[36504, 25275],[36406, 25550],[36406, 25559],[36406, 25568],[36406, 25577],[36406, 25586],[36398, 25595],[36264, 25853],[36264, 25862],[35988, 26146],[35108, 26279],[34912, 26751],[35544, 27098],[35562, 27098],[35944, 27275],[36175, 27444],[36398, 27471],[36691, 27409],[37394, 27516],[37527, 28031],[37665, 28006],[37764, 28013],[37793, 28136],[37795, 28138],[37797, 28140],[37802, 28147],[37886, 28476],[37886, 28478],[37498, 28707],[36943, 28701],[36632, 28845],[36740, 29173],[36991, 29364],[36991, 29370],[36997, 29370],[36997, 29376],[37003, 29382],[37170, 29561],[37176, 29561],[37182, 29567],[37188, 29573],[37194, 29573],[37200, 29579],[37206, 29579],[37439, 29621],[37678, 29771],[37684, 29777],[37701, 29782],[37731, 29782],[37934, 29950],[37958, 30165],[38210, 31021],[38182, 31273],[37769, 31273],[37713, 31193],[37713, 31189],[37713, 31185],[37713, 31177],[37713, 31173],[37709, 31173],[37709, 31169],[37416, 31041],[37408, 31041],[37163, 31237],[36782, 31318],[36646, 31209],[36614, 31113],[36469, 30977],[36092, 30997],[35735, 30997],[35595, 31205],[35326, 31137],[34708, 31221],[34418, 31389],[33839, 31549],[33537, 31852],[33786, 32234],[34337, 32225],[34355, 32225],[34373, 32207],[34400, 32189],[34782, 32074],[35253, 32074],[35262, 32065],[35307, 32065],[35823, 32074],[35831, 32074],[36107, 32367],[36045, 32572],[36303, 32723],[36703, 32750],[36792, 32545],[36792, 32536],[36845, 32314],[36836, 32118],[36854, 32118],[36863, 32109],[36872, 32101],[36890, 32101],[37130, 32003],[37148, 32003],[37334, 32029],[37245, 31674],[37334, 31629],[37450, 31670],[37450, 31669],[37524, 31718],[37525, 31718],[37664, 31798],[37763, 32014],[37835, 32387],[37956, 32605],[37960, 32605],[38070, 32655],[38072, 32655],[38166, 32664],[38367, 32666],[38371, 32666],[38664, 32599],[38999, 32856],[38867, 33200],[38231, 33134],[37582, 32988],[37304, 33200],[37317, 33200],[37370, 33597],[37741, 33875],[37807, 33875],[38536, 33928],[38549, 33928],[38880, 33862],[38865, 33668],[38865, 33666],[38865, 33663],[38843, 33570],[38843, 33569],[38843, 33567],[38843, 33565],[38842, 33559],[38840, 33556],[38760, 33436],[38760, 33435],[38760, 33433],[38760, 33431],[38804, 33359],[38809, 33359],[38809, 33357],[38816, 33355],[39167, 33395],[39169, 33395],[39171, 33397],[39493, 33695],[39497, 33695],[39886, 33842],[39656, 34005],[39414, 34075],[39392, 34271],[39418, 34707],[40210, 34876],[40228, 34876],[41072, 34938],[41090, 34938],[41126, 34929],[41490, 34858],[41548, 34654],[41423, 34564],[41240, 34438],[40594, 34146],[40509, 33881],[40509, 33880],[40510, 33880],[40695, 33734],[40698, 33490],[40557, 33303],[40348, 33200],[40120, 33169],[39950, 33166],[39380, 33083],[39380, 33080],[39477, 32711],[39479, 32711],[39482, 32705],[39485, 32703],[39490, 32697],[39935, 32603],[39940, 32603],[40005, 32468],[40005, 32466],[40008, 32466],[40008, 32460],[40008, 32455],[39727, 32088],[39525, 32099],[39412, 32180],[39272, 32417],[39272, 32420],[39024, 32487],[38941, 31692],[38638, 31274],[38381, 30998],[38194, 30740],[38194, 30722],[38194, 30713],[38194, 30704],[38194, 30678],[38096, 30278],[38541, 30313],[38790, 30224],[38798, 30224],[38807, 30215],[38816, 30215],[38816, 30206],[38825, 30198],[38825, 30189],[38834, 30180],[38843, 29842],[38905, 29397],[38914, 29397],[38914, 29388],[38950, 29371],[38959, 29362],[39492, 29237],[39501, 29237],[39501, 29228],[39919, 28828],[39928, 28819],[39937, 28819],[39937, 28801],[40043, 28339],[40043, 28330],[39910, 27966],[39910, 27957],[39119, 27396],[39012, 27165],[38941, 27023],[38959, 27014],[39163, 26809],[39136, 26534],[39074, 26249],[39065, 25965],[38967, 25867],[38967, 25858],[38959, 25849],[38976, 25671],[39110, 25538],[39092, 25333],[39092, 25324],[39092, 25316],[39092, 25298],[39083, 25280],[38585, 24657],[38372, 24488],[38212, 24355],[37980, 24328],[37651, 24151],[37411, 23910],[37100, 23724],[36735, 23715],[36317, 23795],[36086, 23706],[35988, 23448],[35778.3, 22999.91],[35901, 22835],[35847, 22425],[35847, 22417],[35794, 22185],[35403, 22159],[34825, 22434],[34531, 22594],[34336, 22594],[34015, 22399],[33571, 22461],[33340, 22826],[33171, 23137],[33269, 23350],[33277, 23350],[33498, 23425],[33489, 23543],[33375, 23651],[33319, 23751],[33163, 23941],[32966, 23993],[33026, 24442],[33034, 24442],[32519, 24762],[31878, 25020],[31523, 25064],[31025, 24887],[30838, 24611],[31007, 24549],[31016, 24549],[31274, 24629],[31389, 24575],[31425, 24433],[31394, 24043],[31341, 23926],[31341, 23925],[31341, 23924],[31338, 23850],[31471, 23732],[31471, 23731],[31473, 23729],[31473, 23727],[31473, 23720],[31380, 23563],[31380, 23562],[31379, 23561],[31195, 23328],[31195, 23326],[31194, 23323],[31193, 23322],[31115, 23117],[31115, 23116],[31114, 23116],[31029, 23018],[31029, 23017],[30707, 22945],[30202, 23069],[29977, 23175],[29818, 23135],[29792, 22791],[29792, 22778],[29792, 22764],[29566, 22486],[29421, 22380],[29421, 22367],[29408, 22367],[29063, 22328],[28931, 22341],[28507, 22261],[28097, 22049],[27806, 22107],[27674, 22188],[27657, 22422],[27657, 22423],[27485, 22890],[27130, 23479],[26957, 24022]]]},"properties":{"objectType":"annotation","isLocked":true}},{"type":"Feature","id":"d77a95bf-caa0-403c-90be-833c67eca977","geometry":{"type":"Polygon","coordinates":[[[34336, 23176],[34336, 23200],[34344, 23200],[34344, 23216],[34376, 23216],[34376, 23224],[34392, 23224],[34392, 23232],[34408, 23232],[34408, 23240],[34416, 23240],[34416, 23256],[34408, 23256],[34408, 23264],[34400, 23264],[34400, 23272],[34392, 23272],[34392, 23280],[34408, 23280],[34408, 23272],[34416, 23272],[34416, 23280],[34424, 23280],[34424, 23296],[34448, 23296],[34448, 23304],[34472, 23304],[34472, 23296],[34480, 23296],[34480, 23280],[34488, 23280],[34488, 23240],[34480, 23240],[34480, 23224],[34472, 23224],[34472, 23192],[34480, 23192],[34480, 23184],[34496, 23184],[34496, 23168],[34488, 23168],[34488, 23144],[34480, 23144],[34480, 23136],[34448, 23136],[34448, 23144],[34432, 23144],[34432, 23152],[34400, 23152],[34400, 23120],[34408, 23120],[34408, 23112],[34400, 23112],[34400, 23104],[34376, 23104],[34376, 23120],[34384, 23120],[34384, 23136],[34392, 23136],[34392, 23152],[34384, 23152],[34384, 23160],[34376, 23160],[34376, 23168],[34352, 23168],[34352, 23176],[34336, 23176]]]},"properties":{"objectType":"annotation","classification":{"name":"Ignore*","color":[180, 180, 180]}}},{"type":"Feature","id":"959036ad-8829-4680-ac03-6e486fe4b862","geometry":{"type":"Polygon","coordinates":[[[35832, 23848],[35832, 23904],[35840, 23904],[35840, 23912],[35848, 23912],[35848, 23920],[35856, 23920],[35856, 23928],[35928, 23928],[35928, 23920],[35936, 23920],[35936, 23912],[35952, 23912],[35952, 23896],[35960, 23896],[35960, 23888],[35968, 23888],[35968, 23880],[35976, 23880],[35976, 23864],[35984, 23864],[35984, 23808],[35960, 23808],[35960, 23800],[35944, 23800],[35944, 23792],[35928, 23792],[35928, 23800],[35880, 23800],[35880, 23808],[35872, 23808],[35872, 23816],[35864, 23816],[35864, 23824],[35856, 23824],[35856, 23832],[35848, 23832],[35848, 23840],[35840, 23840],[35840, 23848],[35832, 23848]]]},"properties":{"objectType":"annotation","classification":{"name":"Ignore*","color":[180, 180, 180]}}},{"type":"Feature","id":"1571fcc2-f0f2-414a-b030-9e75588ee6d2","geometry":{"type":"Polygon","coordinates":[[[29720, 24192],[29768, 24240],[29872, 24208],[29920, 24120],[29912, 24072],[29840, 24112],[29808, 24080],[29736, 24088],[29720, 24192]]]},"properties":{"objectType":"annotation","classification":{"name":"Tumor","color":[102, 77, 179]}}},{"type":"Feature","id":"a49e3204-aa16-46e2-8ff3-332d15d327dd","geometry":{"type":"Polygon","coordinates":[[[38216, 27864],[38216, 27880],[38224, 27880],[38224, 27896],[38240, 27896],[38240, 27904],[38256, 27904],[38256, 27912],[38272, 27912],[38272, 27920],[38304, 27920],[38304, 27928],[38344, 27928],[38344, 27936],[38360, 27936],[38360, 27944],[38384, 27944],[38384, 27952],[38456, 27952],[38456, 27960],[38472, 27960],[38472, 27952],[38480, 27952],[38480, 27944],[38472, 27944],[38472, 27936],[38496, 27936],[38496, 27944],[38488, 27944],[38488, 27960],[38496, 27960],[38496, 27968],[38504, 27968],[38504, 27976],[38528, 27976],[38528, 27960],[38552, 27960],[38552, 27968],[38560, 27968],[38560, 28000],[38568, 28000],[38568, 28008],[38584, 28008],[38584, 28016],[38600, 28016],[38600, 28024],[38608, 28024],[38608, 28032],[38624, 28032],[38624, 28024],[38632, 28024],[38632, 28008],[38624, 28008],[38624, 27968],[38616, 27968],[38616, 27952],[38608, 27952],[38608, 27944],[38592, 27944],[38592, 27936],[38568, 27936],[38568, 27928],[38552, 27928],[38552, 27920],[38544, 27920],[38544, 27912],[38536, 27912],[38536, 27904],[38512, 27904],[38512, 27912],[38472, 27912],[38472, 27920],[38456, 27920],[38456, 27912],[38440, 27912],[38440, 27896],[38424, 27896],[38424, 27880],[38432, 27880],[38432, 27872],[38424, 27872],[38424, 27864],[38408, 27864],[38408, 27872],[38400, 27872],[38400, 27888],[38384, 27888],[38384, 27880],[38376, 27880],[38376, 27872],[38368, 27872],[38368, 27864],[38344, 27864],[38344, 27872],[38328, 27872],[38328, 27864],[38320, 27864],[38320, 27856],[38328, 27856],[38328, 27848],[38336, 27848],[38336, 27840],[38312, 27840],[38312, 27848],[38288, 27848],[38288, 27856],[38240, 27856],[38240, 27864],[38216, 27864]]]},"properties":{"objectType":"annotation","classification":{"name":"Ignore*","color":[180, 180, 180]}}},{"type":"Feature","id":"4629c12f-99fd-4d65-b1b2-a910e3763847","geometry":{"type":"Polygon","coordinates":[[[27219, 19493],[27228, 19493],[27495, 19786],[27655, 19857],[27869, 19955],[28118, 20035],[28135, 20044],[28162, 20044],[28633, 20097],[29016, 20186],[29096, 20400],[29434, 21013],[29692, 21307],[30003, 21378],[30243, 21413],[30625, 21458],[30741, 21609],[30750, 21609],[30759, 21618],[30785, 21636],[31159, 22063],[31159, 22071],[31177, 22071],[31719, 22267],[32137, 22267],[32190, 22445],[32422, 22534],[32430, 22534],[32430, 22525],[32430, 22516],[33035, 22267],[33044, 22267],[33053, 22258],[33382, 21787],[33391, 21778],[33391, 21760],[33400, 21733],[33364, 21404],[33115, 21289],[32715, 21493],[32021, 21894],[32084, 21484],[31806, 21423],[31632, 21392],[31625, 21392],[31622, 21390],[31372, 21341],[31368, 21341],[31361, 21338],[31124, 21180],[30717, 21128],[30583, 21334],[30376, 21340],[30375, 21336],[30369, 21331],[30196, 21052],[30196, 21050],[30196, 21048],[30196, 21041],[30112, 20798],[30112, 20797],[30112, 20795],[30136, 20713],[30145, 20713],[30257, 20768],[30261, 20773],[30266, 20779],[30270, 20779],[30272, 20780],[30494, 20780],[30498, 20779],[30501, 20779],[30509, 20775],[30510, 20773],[30561, 20652],[30335, 20219],[29860, 20049],[29860, 20043],[29855, 20043],[29839, 20033],[29356, 20049],[29216, 19922],[29233, 19768],[29235, 19768],[29235, 19766],[29238, 19763],[29241, 19760],[29101, 19488],[29101, 19486],[29101, 19483],[29101, 19480],[29101, 19475],[29101, 19472],[28594, 19302],[28600, 19296],[28600, 19290],[28618, 19254],[28755, 18860],[28755, 18854],[28755, 18848],[28755, 18836],[28755, 18812],[28582, 18639],[28164, 18704],[27991, 18866],[27940, 19048],[27379, 19217],[27219, 19493]]]},"properties":{"objectType":"annotation","isLocked":true}},{"type":"Feature","id":"5a6a4a79-0eb8-4340-8138-7368e4095b0d","geometry":{"type":"Polygon","coordinates":[[[16580, 15148],[16776, 15931],[16776, 15939],[17301, 16286],[17301, 16277],[17309, 16268],[17309, 16260],[17327, 16260],[17345, 16251],[18288, 15699],[18296, 15699],[18296, 15690],[18305, 15690],[18314, 15682],[18341, 15646],[18483, 15210],[18492, 15210],[18492, 15201],[18492, 15192],[18501, 14810],[18345, 14873],[18278, 14849],[18277, 14849],[18276, 14848],[18273, 14847],[18207, 14829],[18206, 14828],[18205, 14828],[18203, 14826],[18144, 14812],[18183, 14780],[18183, 14779],[18221, 14739],[18222, 14738],[18222, 14737],[18118, 14379],[18058, 14247],[17688, 14224],[17401, 14224],[16794, 14623],[16580, 15148]]]},"properties":{"objectType":"annotation","isLocked":true}},{"type":"Feature","id":"a64aa611-26c4-41bd-a856-fa62934b4a8e","geometry":{"type":"Polygon","coordinates":[[[15365, 11554],[15520, 11733],[15520, 11739],[15526, 11745],[16189, 12085],[16195, 12085],[16714, 12205],[17037, 12175],[17569, 12229],[17574, 12229],[17921, 12175],[18106, 12527],[18339, 12856],[18345, 12856],[19062, 12933],[19319, 12898],[19575, 13017],[19701, 13148],[19850, 13220],[20107, 13107],[20113, 13107],[20119, 13101],[20119, 13089],[20125, 13083],[20125, 13077],[20298, 12880],[20071, 12601],[19977, 12564],[19920, 12436],[19920, 12435],[19584, 12284],[19322, 12355],[19089, 12355],[19089, 12349],[19083, 12343],[18969, 12200],[18969, 12194],[18910, 11901],[18927, 11662],[18963, 11662],[18963, 11668],[18975, 11668],[19584, 11794],[19728, 11525],[19758, 11376],[19716, 11232],[19561, 11059],[19363, 10910],[19363, 10904],[19357, 10904],[19107, 10778],[18683, 10808],[18390, 10772],[18127, 10623],[17655, 10623],[17255, 10611],[17171, 10480],[17148, 10301],[17148, 10295],[17148, 10289],[17058, 10121],[16929, 10317],[16806, 10393],[16690, 10452],[16460, 10675],[16461, 10675],[16480, 10898],[16150, 10937],[16025, 11044],[16023, 11046],[16023, 11048],[15922, 11155],[15832, 11174],[15727, 11158],[15642, 11068],[15520, 11082],[15382, 11219],[15365, 11554]]]},"properties":{"objectType":"annotation","isLocked":true}},{"type":"Feature","id":"5c502649-4568-42e0-b845-5a4be16f41a0","geometry":{"type":"Polygon","coordinates":[[[15400, 11552],[15400, 11576],[15408, 11576],[15408, 11584],[15416, 11584],[15416, 11592],[15432, 11592],[15432, 11600],[15464, 11600],[15464, 11592],[15488, 11592],[15488, 11584],[15504, 11584],[15504, 11576],[15520, 11576],[15520, 11568],[15528, 11568],[15528, 11560],[15560, 11560],[15560, 11552],[15568, 11552],[15568, 11544],[15576, 11544],[15576, 11536],[15584, 11536],[15584, 11520],[15592, 11520],[15592, 11496],[15584, 11496],[15584, 11488],[15576, 11488],[15576, 11464],[15544, 11464],[15544, 11448],[15536, 11448],[15536, 11440],[15496, 11440],[15496, 11432],[15480, 11432],[15480, 11440],[15472, 11440],[15472, 11448],[15464, 11448],[15464, 11456],[15456, 11456],[15456, 11464],[15440, 11464],[15440, 11496],[15448, 11496],[15448, 11520],[15440, 11520],[15440, 11528],[15424, 11528],[15424, 11536],[15408, 11536],[15408, 11552],[15400, 11552]]]},"properties":{"objectType":"annotation","classification":{"name":"Ignore*","color":[180, 180, 180]}}},{"type":"Feature","id":"b2df42f1-cfac-4136-9669-91969fb1d661","geometry":{"type":"Polygon","coordinates":[[[17784, 10848],[17808, 10896],[17856, 10920],[17912, 10920],[17952, 10888],[18016, 10880],[18032, 10848],[17992, 10848],[17976, 10776],[18056, 10824],[18104, 10824],[18176, 10864],[18216, 10840],[18248, 10776],[18160, 10752],[18080, 10752],[18024, 10736],[17824, 10752],[17784, 10848]]]},"properties":{"objectType":"annotation","classification":{"name":"Tumor","color":[102, 77, 179]}}},{"type":"Feature","id":"61098fb0-6b2a-4cab-868f-2ad997ab209c","geometry":{"type":"Polygon","coordinates":[[[37080, 26896],[37136, 26952],[37248, 26944],[37312, 26872],[37312, 26800],[37232, 26728],[37104, 26776],[37080, 26896]]]},"properties":{"objectType":"annotation","classification":{"name":"Tumor","color":[102, 77, 179]}}},{"type":"Feature","id":"32139449-8e23-4d3c-a663-626c7e24a458","geometry":{"type":"Polygon","coordinates":[[[34608, 22904],[34640, 22920],[34632, 22976],[34608, 22984],[34608, 23104],[34632, 23104],[34632, 23144],[34672, 23192],[34672, 23224],[34736, 23256],[34776, 23296],[34848, 23304],[34896, 23336],[34984, 23344],[35056, 23288],[35064, 23224],[35160, 23184],[35200, 23192],[35328, 23112],[35320, 23000],[35264, 22928],[35048, 22928],[34984, 22944],[34984, 22968],[34944, 22968],[34928, 23008],[34896, 23024],[34896, 23072],[34856, 23072],[34864, 22952],[34832, 22912],[34792, 22912],[34736, 22880],[34656, 22880],[34608, 22904]]]},"properties":{"objectType":"annotation","classification":{"name":"Tumor","color":[102, 77, 179]}}},{"type":"Feature","id":"6d3844b0-011f-46e1-8c12-3bec3448690f","geometry":{"type":"Polygon","coordinates":[[[18384, 12048],[18400, 12168],[18480, 12208],[18472, 12256],[18512, 12256],[18536, 12312],[18640, 12264],[18640, 12296],[18680, 12280],[18768, 12288],[18800, 12224],[18768, 12224],[18784, 12120],[18824, 12064],[18808, 11952],[18720, 11976],[18720, 12016],[18680, 12064],[18680, 12128],[18632, 12160],[18576, 12136],[18576, 12088],[18504, 12056],[18488, 12016],[18416, 12024],[18384, 12048]]]},"properties":{"objectType":"annotation","classification":{"name":"Tumor","color":[102, 77, 179]}}},{"type":"Feature","id":"40f8dd86-60bb-4b6c-845d-cd26f18b30e0","geometry":{"type":"Polygon","coordinates":[[[16848, 10664],[16848, 10680],[16896, 10688],[17056, 10688],[17080, 10680],[17120, 10616],[17120, 10520],[17104, 10504],[17104, 10440],[17112, 10424],[17096, 10408],[17096, 10376],[17112, 10368],[17104, 10304],[17088, 10288],[17064, 10288],[17056, 10312],[17032, 10328],[17008, 10328],[16992, 10344],[16920, 10376],[16920, 10392],[16896, 10400],[16896, 10432],[16880, 10432],[16888, 10472],[16872, 10472],[16864, 10528],[16856, 10528],[16856, 10600],[16872, 10640],[16896, 10648],[16912, 10632],[16904, 10664],[16848, 10664]]]},"properties":{"objectType":"annotation","classification":{"name":"Tumor","color":[102, 77, 179]}}},{"type":"Feature","id":"9e3e359f-ae54-4878-b710-1ce0c65c0a48","geometry":{"type":"Polygon","coordinates":[[[17544, 10952],[17592, 11080],[17640, 11080],[17672, 11136],[17760, 11088],[17784, 10984],[17736, 10912],[17600, 10904],[17544, 10952]]]},"properties":{"objectType":"annotation","classification":{"name":"Tumor","color":[102, 77, 179]}}},{"type":"Feature","id":"1fdc8611-8de4-4d3b-88cb-34c68ce62fa6","geometry":{"type":"Polygon","coordinates":[[[39480, 32208],[39488, 32288],[39552, 32328],[39600, 32384],[39632, 32376],[39672, 32392],[39680, 32440],[39744, 32424],[39776, 32448],[39816, 32416],[39808, 32456],[39840, 32440],[39840, 32464],[39872, 32464],[39896, 32488],[39896, 32456],[39936, 32448],[39936, 32424],[39864, 32384],[39840, 32360],[39840, 32320],[39800, 32256],[39736, 32232],[39720, 32200],[39680, 32200],[39624, 32152],[39552, 32144],[39504, 32168],[39480, 32208]]]},"properties":{"objectType":"annotation","classification":{"name":"Tumor","color":[102, 77, 179]}}},{"type":"Feature","id":"27a46aa0-16dc-4b1a-a1b4-38810b51c4df","geometry":{"type":"Polygon","coordinates":[[[33056, 25624],[33064, 25672],[33096, 25696],[33128, 25696],[33152, 25712],[33200, 25712],[33240, 25680],[33216, 25736],[33248, 25784],[33272, 25784],[33288, 25808],[33360, 25800],[33376, 25816],[33376, 25792],[33416, 25760],[33424, 25744],[33424, 25696],[33440, 25680],[33408, 25664],[33416, 25640],[33488, 25640],[33496, 25632],[33496, 25560],[33512, 25568],[33520, 25544],[33504, 25544],[33456, 25456],[33400, 25456],[33456, 25424],[33456, 25400],[33480, 25368],[33496, 25368],[33480, 25296],[33440, 25288],[33392, 25288],[33392, 25264],[33376, 25240],[33280, 25240],[33264, 25272],[33208, 25320],[33200, 25368],[33136, 25424],[33136, 25464],[33176, 25488],[33216, 25472],[33320, 25472],[33304, 25544],[33312, 25584],[33296, 25584],[33296, 25616],[33280, 25616],[33280, 25584],[33296, 25568],[33296, 25528],[33280, 25504],[33232, 25488],[33168, 25512],[33144, 25512],[33136, 25536],[33096, 25552],[33080, 25576],[33072, 25616],[33056, 25624]]]},"properties":{"objectType":"annotation","classification":{"name":"Tumor","color":[102, 77, 179]}}},{"type":"Feature","id":"80db958c-5815-4365-ade6-b9efb3ed04c3","geometry":{"type":"Polygon","coordinates":[[[17960, 12240],[17971.98, 12272],[17992, 12240],[18056, 12240],[18048, 12264],[17976.18, 12280],[17992, 12310.09],[18024, 12288],[18080, 12288],[18088, 12248],[18112, 12224],[18128, 12288],[18152, 12304],[18144, 12336],[18192, 12392],[18224, 12480],[18248, 12480],[18248, 12552],[18288, 12576],[18312, 12616],[18384, 12600],[18416, 12584],[18440, 12624],[18432, 12720],[18448, 12768],[18512, 12800],[18552, 12800],[18608, 12776],[18640, 12744],[18648, 12712],[18640, 12648],[18616, 12600],[18648, 12632],[18736, 12656],[18824, 12656],[18864, 12640],[18880, 12608],[18856, 12608],[18872, 12584],[18872, 12536],[18824, 12464],[18768, 12464],[18760, 12448],[18680, 12448],[18680, 12440],[18560, 12456],[18544, 12472],[18496, 12464],[18432, 12392],[18384, 12376],[18344, 12328],[18328, 12328],[18320, 12280],[18368, 12272],[18296, 12264],[18288, 12240],[18256, 12224],[18256, 12176],[18224, 12168],[18232, 12144],[18192, 12120],[18184, 12088],[18160, 12088],[18160, 12040],[18144, 12016],[18144, 11952],[18104, 11912],[18112, 11880],[18080, 11864],[18088, 11824],[18016, 11816],[18040, 11856],[17992, 11872],[17992, 11912],[18008, 11944],[18000, 12048],[18024, 12096],[18000, 12112],[18016, 12160],[17976, 12184],[17984, 12232],[17960, 12240]]]},"properties":{"objectType":"annotation","classification":{"name":"Tumor","color":[102, 77, 179]}}},{"type":"Feature","id":"3d7e39e8-255f-4c1e-aa3a-0dd04c7c59df","geometry":{"type":"Polygon","coordinates":[[[30888, 21280],[30888, 21416],[30920, 21416],[30952, 21504],[31008, 21528],[30992, 21568],[31032, 21592],[31024, 21656],[31080, 21728],[31168, 21728],[31200, 21696],[31192, 21640],[31136, 21552],[31072, 21544],[31056, 21392],[31032, 21304],[30992, 21248],[30888, 21280]]]},"properties":{"objectType":"annotation","classification":{"name":"Tumor","color":[102, 77, 179]}}},{"type":"Feature","id":"97d58daa-fb0b-4798-9683-8b291b104c38","geometry":{"type":"Polygon","coordinates":[[[36472, 25488],[36472, 25536],[36512, 25568],[36584, 25576],[36664, 25520],[36640, 25560],[36592, 25584],[36584, 25680],[36656, 25720],[36768, 25720],[36808, 25696],[36840, 25616],[36864, 25608],[36840, 25544],[36880, 25488],[36864, 25352],[36776, 25280],[36688, 25296],[36672, 25352],[36616, 25352],[36568, 25400],[36608, 25400],[36616, 25432],[36536, 25432],[36472, 25488]]]},"properties":{"objectType":"annotation","classification":{"name":"Tumor","color":[102, 77, 179]}}},{"type":"Feature","id":"d2c93de9-232c-4bd3-8b9d-9f787dc790cf","geometry":{"type":"Polygon","coordinates":[[[19528, 12816],[19568, 12872],[19576, 12848],[19640, 12816],[19680, 12824],[19656, 12920],[19672, 12936],[19672, 13088],[19736, 13152],[19792, 13136],[19888, 13144],[19904, 13120],[19904, 13056],[19928, 13032],[19928, 12936],[19880, 12864],[19920, 12896],[19976, 12912],[20000, 12968],[20040, 13008],[20144, 13008],[20184, 12960],[20184, 12864],[20144, 12832],[20128, 12784],[20104, 12776],[20104, 12704],[20080, 12696],[20008, 12592],[20048.14, 12592],[19987.16, 12568],[19928, 12576],[19840, 12624],[19792, 12712],[19744, 12688],[19752, 12648],[19728, 12616],[19680, 12616],[19656, 12592],[19576, 12640],[19584, 12688],[19560, 12712],[19560, 12792],[19528, 12816]]]},"properties":{"objectType":"annotation","classification":{"name":"Tumor","color":[102, 77, 179]}}},{"type":"Feature","id":"9a73784e-6faf-45a6-8b46-867c4b212673","geometry":{"type":"Polygon","coordinates":[[[19272, 12704],[19304, 12768],[19336, 12792],[19448, 12776],[19504, 12760],[19520, 12728],[19544, 12728],[19544, 12624],[19552, 12584],[19592, 12560],[19624, 12560],[19656, 12496],[19632, 12408],[19584, 12376],[19472, 12376],[19392, 12472],[19392, 12512],[19424, 12512],[19408, 12536],[19416, 12576],[19360, 12552],[19352, 12584],[19320, 12584],[19312, 12624],[19280, 12640],[19272, 12704]]]},"properties":{"objectType":"annotation","classification":{"name":"Tumor","color":[102, 77, 179]}}},{"type":"Feature","id":"7c4a1595-3b5c-4519-88cc-f17a9145a500","geometry":{"type":"Polygon","coordinates":[[[39352, 28944],[39440, 29040],[39520, 29080],[39608, 29080],[39696, 29040],[39728, 28952],[39696, 28920],[39760, 28912],[39744, 28744],[39640, 28608],[39544, 28608],[39472, 28688],[39376, 28752],[39352, 28944]]]},"properties":{"objectType":"annotation","classification":{"name":"Tumor","color":[102, 77, 179]}}},{"type":"Feature","id":"d2a4edb4-aa88-4261-b96d-e26d4cc28908","geometry":{"type":"Polygon","coordinates":[[[33632, 25256],[33672, 25328],[33752, 25352],[33848, 25336],[33864, 25160],[33824, 25112],[33752, 25104],[33640, 25168],[33632, 25256]]]},"properties":{"objectType":"annotation","classification":{"name":"Tumor","color":[102, 77, 179]}}},{"type":"Feature","id":"529c93f9-8ee9-47e0-a00b-93a0d2116815","geometry":{"type":"Polygon","coordinates":[[[35232, 31360],[35232, 31416],[35280, 31440],[35304, 31464],[35384, 31464],[35384, 31448],[35416, 31416],[35416, 31384],[35400, 31368],[35400, 31344],[35368, 31328],[35368, 31296],[35328, 31280],[35328, 31304],[35312, 31272],[35264, 31280],[35248, 31312],[35248, 31360],[35232, 31360]]]},"properties":{"objectType":"annotation","classification":{"name":"Tumor","color":[102, 77, 179]}}},{"type":"Feature","id":"6278f486-7739-476b-b7f7-82a0d585f95b","geometry":{"type":"Polygon","coordinates":[[[31024, 24392],[31024, 24440],[31104, 24432],[31152, 24504],[31184, 24504],[31224, 24560],[31280, 24552],[31352, 24480],[31360, 24424],[31312, 24368],[31224, 24336],[31136, 24336],[31120, 24368],[31088, 24352],[31024, 24392]]]},"properties":{"objectType":"annotation","classification":{"name":"Tumor","color":[102, 77, 179]}}},{"type":"Feature","id":"d88a7c75-fb86-4a6e-b4ea-2bde82c8de36","geometry":{"type":"Polygon","coordinates":[[[36352, 26064],[36360, 26144],[36408, 26184],[36592, 26144],[36624, 25992],[36600, 25912],[36560, 25888],[36432, 25888],[36392, 25936],[36392, 26008],[36352, 26064]]]},"properties":{"objectType":"annotation","classification":{"name":"Tumor","color":[102, 77, 179]}}},{"type":"Feature","id":"22272543-df64-4266-8912-fa27b15a7780","geometry":{"type":"Polygon","coordinates":[[[39592, 28184],[39592, 28288],[39672, 28400],[39792, 28448],[39928, 28368],[39968, 28280],[39960, 28160],[39848, 28064],[39832, 28008],[39736, 27936],[39664, 27952],[39632, 27992],[39592, 28184]]]},"properties":{"objectType":"annotation","classification":{"name":"Tumor","color":[102, 77, 179]}}},{"type":"Feature","id":"6a4b8a6f-f027-4a5b-9411-ec86ffcb483a","geometry":{"type":"Polygon","coordinates":[[[29632, 24512],[29688, 24616],[29728, 24616],[29744, 24632],[29776, 24632],[29800, 24648],[29864, 24648],[29864, 24656],[29920, 24656],[29952, 24632],[29976, 24600],[29992, 24608],[29992, 24568],[30024, 24584],[30096, 24576],[30096, 24560],[30136, 24560],[30168, 24528],[30168, 24496],[30184, 24488],[30184, 24464],[30216, 24440],[30248, 24440],[30240, 24384],[30256, 24376],[30256, 24328],[30272, 24296],[30272, 24216],[30288, 24216],[30312, 24168],[30304, 24112],[30280, 24088],[30280, 24056],[30240, 24048],[30232, 24024],[30208, 24008],[30176, 24008],[30176, 24024],[30152, 24024],[30168, 24008],[30160, 23992],[30120, 23992],[30080, 24032],[30032, 24056],[30016, 24080],[30008, 24128],[29968, 24152],[29968, 24184],[29952, 24216],[29992, 24192],[29992, 24224],[29960, 24224],[29968, 24288],[29904, 24280],[29872, 24328],[29872, 24360],[29840, 24352],[29784, 24352],[29752, 24384],[29728, 24376],[29672, 24376],[29664, 24400],[29640, 24416],[29632, 24512]]]},"properties":{"objectType":"annotation","classification":{"name":"Tumor","color":[102, 77, 179]}}},{"type":"Feature","id":"f88e7428-4ed1-43c5-a49a-e9868da43449","geometry":{"type":"Polygon","coordinates":[[[29176, 20296],[29192, 20392],[29248, 20440],[29384, 20440],[29392, 20408],[29432, 20408],[29432, 20312],[29416, 20272],[29360, 20232],[29304, 20224],[29232, 20240],[29176, 20296]]]},"properties":{"objectType":"annotation","classification":{"name":"Tumor","color":[102, 77, 179]}}},{"type":"Feature","id":"a68dbaf3-6511-4fa4-a852-d89db2e605f5","geometry":{"type":"Polygon","coordinates":[[[29040, 23552],[29136, 23704],[29176, 23704],[29176, 23744],[29232, 23752],[29272, 23680],[29272, 23568],[29208, 23504],[29128, 23464],[29072, 23472],[29040, 23552]]]},"properties":{"objectType":"annotation","classification":{"name":"Tumor","color":[102, 77, 179]}}},{"type":"Feature","id":"be919b34-3807-4e18-a8f8-958ac24f3bf0","geometry":{"type":"Polygon","coordinates":[[[16648, 10544],[16648, 10688],[16680, 10688],[16672, 10736],[16768, 10736],[16840, 10720],[16832, 10624],[16808, 10624],[16744, 10544],[16648, 10544]]]},"properties":{"objectType":"annotation","classification":{"name":"Tumor","color":[102, 77, 179]}}},{"type":"Feature","id":"9ab4d86c-99f2-499b-9809-26ba3fb7381b","geometry":{"type":"Polygon","coordinates":[[[38392, 27976],[38424, 28000],[38432, 28040],[38488, 28088],[38528, 28088],[38528, 28120],[38568, 28144],[38568, 28176],[38616, 28184],[38624, 28224],[38680, 28256],[38712, 28320],[38728, 28328],[38728, 28376],[38744, 28400],[38712, 28448],[38712, 28496],[38680, 28528],[38680, 28560],[38632, 28600],[38624, 28664],[38576, 28728],[38576, 28776],[38592, 28792],[38552, 28792],[38544, 28840],[38520, 28872],[38536, 28936],[38624, 28984],[38640, 28952],[38640, 28992],[38688, 29024],[38736, 29032],[38776, 29024],[38792, 28976],[38832, 28944],[38856, 28880],[38856, 28824],[38872, 28816],[38872, 28768],[38896, 28752],[38888, 28688],[38856, 28696],[38856, 28664],[38888, 28680],[38880, 28608],[38848, 28600],[38832, 28568],[38800, 28568],[38800, 28544],[38848, 28544],[38824, 28520],[38768, 28544],[38768, 28520],[38800, 28504],[38784, 28488],[38784, 28440],[38808, 28384],[38776, 28304],[38816, 28296],[38816, 28320],[38848, 28328],[38824, 28352],[38832, 28464],[38840, 28488],[38888, 28488],[38904, 28536],[38904, 28624],[38936, 28664],[38928, 28760],[38952, 28800],[38984, 28784],[38992, 28656],[38960, 28624],[38992, 28624],[38968, 28600],[38952, 28544],[38952, 28424],[38920, 28416],[38912, 28392],[38912, 28304],[38904, 28248],[38888, 28240],[38848, 28168],[38808, 28152],[38752, 28152],[38768, 28248],[38784, 28256],[38776, 28296],[38736, 28296],[38736, 28256],[38704, 28256],[38720, 28232],[38720, 28192],[38696, 28176],[38688, 28112],[38664, 28080],[38616, 28072],[38488, 27976],[38392, 27976]]]},"properties":{"objectType":"annotation","classification":{"name":"Tumor","color":[102, 77, 179]}}},{"type":"Feature","id":"d4f78dca-e12c-46d1-b603-3c96a364fcfe","geometry":{"type":"Polygon","coordinates":[[[38368, 27000],[38392, 27008],[38400, 27056],[38448, 27056],[38496, 27040],[38560, 26976],[38560, 26928],[38528, 26936],[38552, 26920],[38552, 26896],[38504, 26872],[38448, 26880],[38440, 26904],[38400, 26896],[38392, 26936],[38376, 26952],[38368, 27000]]]},"properties":{"objectType":"annotation","classification":{"name":"Tumor","color":[102, 77, 179]}}},{"type":"Feature","id":"8bc41913-1f90-4c8d-9fad-7daf91761f47","geometry":{"type":"Polygon","coordinates":[[[38696, 26032],[38768, 26120],[38848, 26112],[38840, 26008],[38760, 25944],[38704, 25968],[38696, 26032]]]},"properties":{"objectType":"annotation","classification":{"name":"Tumor","color":[102, 77, 179]}}},{"type":"Feature","id":"1b5d2de4-19ee-4e21-9109-af21530efd30","geometry":{"type":"Polygon","coordinates":[[[27400, 19304],[27400, 19408],[27416, 19416],[27424, 19448],[27448, 19472],[27480, 19472],[27496, 19496],[27576, 19504],[27608, 19480],[27648, 19480],[27656, 19504],[27640, 19520],[27576, 19536],[27552, 19552],[27520, 19600],[27520, 19672],[27528, 19704],[27624, 19792],[27648, 19800],[27704, 19800],[27720, 19808],[27760, 19784],[27792, 19744],[27800, 19680],[27816, 19656],[27872, 19656],[27872, 19704],[27912, 19736],[27976, 19752],[27968, 19792],[27944, 19784],[27872, 19816],[27880, 19848],[27872, 19872],[27888, 19904],[27944, 19952],[27944, 19976],[27984, 19991.95],[28064, 19992],[28104, 19976],[28152, 19920],[28176, 19904],[28168, 19872],[28192, 19872],[28208, 19840],[28256, 19832],[28288, 19808],[28320, 19832],[28328, 19880],[28408, 19880],[28472, 19864],[28488, 19872],[28488, 19912],[28504, 19912],[28496, 19880],[28528, 19880],[28552, 19920],[28592, 19920],[28624, 19952],[28664, 19952],[28704, 19976],[28744, 19976],[28752, 19992],[28776, 19976],[28776, 20000],[28808, 20016],[28936, 20016],[28952, 20024],[28944, 20056],[28968, 20064],[28968, 20032],[28992, 20032],[29008, 20048],[29040, 20040],[29072, 20072],[29072, 20040],[29088, 20024],[29120, 20024],[29136, 19992],[29168, 19960],[29168, 19928],[29184, 19920],[29200, 19848],[29216, 19840],[29216, 19816],[29168, 19808],[29160, 19840],[29136, 19840],[29128, 19792],[29088, 19752],[29088, 19712],[29056, 19680],[29040, 19680],[29024, 19656],[28968, 19640],[28960, 19616],[28936, 19616],[28920, 19592],[28880, 19584],[28808, 19584],[28752, 19608],[28752, 19576],[28712, 19568],[28704, 19544],[28680, 19544],[28680, 19560],[28656, 19552],[28656, 19520],[28616, 19512],[28600, 19488],[28552, 19488],[28552, 19472],[28512, 19448],[28464, 19456],[28448, 19440],[28376, 19440],[28376, 19464],[28360, 19440],[28328, 19440],[28272, 19408],[28248, 19416],[28176, 19416],[28168, 19440],[28144, 19432],[28144, 19456],[28120, 19480],[28120, 19528],[28136, 19536],[28136, 19568],[28176, 19584],[28224, 19584],[28248, 19600],[28288, 19600],[28312, 19624],[28360, 19616],[28368, 19640],[28400, 19672],[28352, 19672],[28344, 19656],[28304, 19656],[28240, 19624],[28208, 19624],[28192, 19608],[28112, 19624],[28048, 19624],[28040, 19584],[28024, 19600],[27968, 19592],[27984, 19552],[27984, 19472],[27952, 19440],[27984, 19376],[28008, 19376],[28032, 19352],[28064, 19352],[28064, 19304],[28080, 19288],[28072, 19264],[28072, 19200],[28016, 19160],[27944, 19144],[27896, 19144],[27856, 19168],[27768, 19200],[27712, 19200],[27712, 19208],[27656, 19208],[27640, 19224],[27544, 19224],[27544, 19232],[27472, 19232],[27408, 19280],[27400, 19304]]]},"properties":{"objectType":"annotation","classification":{"name":"Tumor","color":[102, 77, 179]}}},{"type":"Feature","id":"aae6abc1-77f0-4ba8-9a3f-82caa6f8a796","geometry":{"type":"Polygon","coordinates":[[[19008, 12488],[19008, 12616],[19104, 12768],[19192, 12776],[19272, 12584],[19264, 12480],[19168, 12392],[19048, 12416],[19008, 12488]]]},"properties":{"objectType":"annotation","classification":{"name":"Tumor","color":[102, 77, 179]}}},{"type":"Feature","id":"3a18373e-f85e-4ea9-b3ad-e29c3e075873","geometry":{"type":"Polygon","coordinates":[[[39456, 34600],[39480, 34672],[39520, 34672],[39520, 34688],[39576, 34680],[39584, 34664],[39664, 34664],[39680, 34640],[39728, 34640],[39728, 34608],[39696, 34592],[39704, 34576],[39696, 34512],[39672, 34496],[39648, 34456],[39592, 34448],[39592, 34480],[39560, 34488],[39544, 34480],[39512, 34488],[39528, 34536],[39512, 34560],[39536, 34576],[39512, 34568],[39456, 34600]]]},"properties":{"objectType":"annotation","classification":{"name":"Tumor","color":[102, 77, 179]}}},{"type":"Feature","id":"1543378b-c526-408a-af65-6d25f0c9b987","geometry":{"type":"Polygon","coordinates":[[[37360, 31240],[37360, 31264],[37368, 31264],[37368, 31272],[37376, 31272],[37376, 31280],[37400, 31280],[37400, 31288],[37408, 31288],[37408, 31304],[37416, 31304],[37416, 31312],[37432, 31312],[37432, 31320],[37440, 31320],[37440, 31328],[37456, 31328],[37456, 31336],[37464, 31336],[37464, 31328],[37472, 31328],[37472, 31320],[37488, 31320],[37488, 31312],[37512, 31312],[37512, 31304],[37520, 31304],[37520, 31280],[37528, 31280],[37528, 31296],[37544, 31296],[37544, 31224],[37536, 31224],[37536, 31184],[37528, 31184],[37528, 31176],[37496, 31176],[37496, 31168],[37480, 31168],[37480, 31160],[37472, 31160],[37472, 31168],[37456, 31168],[37456, 31152],[37448, 31152],[37448, 31144],[37440, 31144],[37440, 31152],[37424, 31152],[37424, 31160],[37408, 31160],[37408, 31168],[37392, 31168],[37392, 31184],[37384, 31184],[37384, 31208],[37376, 31208],[37376, 31232],[37368, 31232],[37368, 31240],[37360, 31240]]]},"properties":{"objectType":"annotation","classification":{"name":"Ignore*","color":[180, 180, 180]}}},{"type":"Feature","id":"d350626b-1d8d-423d-afaf-c6f652edaf74","geometry":{"type":"Polygon","coordinates":[[[32744, 25016],[32752, 25104],[32856, 25160],[32992, 25144],[33072, 25040],[33024, 24936],[32928, 24904],[32800, 24944],[32744, 25016]]]},"properties":{"objectType":"annotation","classification":{"name":"Tumor","color":[102, 77, 179]}}},{"type":"Feature","id":"c65c11f4-56f7-4641-94fe-37d01ce7197c","geometry":{"type":"Polygon","coordinates":[[[37304, 26216],[37312, 26272],[37352, 26328],[37360, 26360],[37392, 26376],[37392, 26408],[37424, 26432],[37456, 26432],[37496, 26400],[37496, 26376],[37512, 26368],[37512, 26312],[37496, 26288],[37472, 26200],[37488, 26184],[37464, 26184],[37440, 26152],[37408, 26160],[37400, 26144],[37352, 26136],[37368, 26168],[37360, 26216],[37328, 26224],[37304, 26216]]]},"properties":{"objectType":"annotation","classification":{"name":"Tumor","color":[102, 77, 179]}}},{"type":"Feature","id":"f901c75d-6609-4847-a2a6-2568b7d7d299","geometry":{"type":"Polygon","coordinates":[[[16928, 10832],[16928, 10904],[17000, 10976],[17000, 11008],[17088, 11072],[17192, 11072],[17216, 11016],[17328, 11056],[17400, 11048],[17480, 10968],[17472, 10824],[17400, 10744],[17304, 10728],[17192, 10736],[17152, 10824],[17104, 10784],[17152, 10784],[17112, 10736],[16984, 10752],[16928, 10832]]]},"properties":{"objectType":"annotation","classification":{"name":"Tumor","color":[102, 77, 179]}}},{"type":"Feature","id":"fcc6ea22-f3a9-4389-b08a-04fcc60e378c","geometry":{"type":"Polygon","coordinates":[[[28176, 18896],[28176, 19008],[28248, 19056],[28320, 19040],[28296, 19112],[28272, 19112],[28320, 19184],[28368, 19184],[28448, 19128],[28504, 19040],[28504, 19000],[28560, 19008],[28616, 18960],[28616, 18840],[28528, 18800],[28528, 18832],[28488, 18784],[28376, 18776],[28352, 18800],[28288, 18800],[28176, 18896]]]},"properties":{"objectType":"annotation","classification":{"name":"Tumor","color":[102, 77, 179]}}},{"type":"Feature","id":"4d07765e-0a62-41ee-ab1e-b04280266b6e","geometry":{"type":"Polygon","coordinates":[[[30544, 23632],[30624, 23648],[30728, 23648],[30744, 23632],[30816, 23640],[30872, 23584],[30920, 23584],[31016, 23528],[31032, 23496],[31024, 23416],[30976, 23376],[31120, 23360],[31128, 23240],[31112, 23200],[31064, 23168],[31064, 23136],[31000, 23120],[30976, 23152],[30968, 23112],[30896, 23104],[30888, 23136],[30848, 23112],[30800, 23168],[30776, 23288],[30872, 23344],[30800, 23368],[30776, 23448],[30704, 23400],[30616, 23416],[30616, 23448],[30568, 23472],[30560, 23608],[30544, 23632]]]},"properties":{"objectType":"annotation","classification":{"name":"Tumor","color":[102, 77, 179]}}},{"type":"Feature","id":"1a37c4a5-7c18-4f81-b3c3-557345b5fece","geometry":{"type":"Polygon","coordinates":[[[33248, 24712],[33264, 24720],[33264, 24776],[33304, 24800],[33304, 24768],[33328, 24792],[33408, 24784],[33488, 24720],[33496, 24616],[33472, 24576],[33440, 24560],[33328, 24560],[33296, 24592],[33304, 24640],[33264, 24640],[33248, 24712]]]},"properties":{"objectType":"annotation","classification":{"name":"Tumor","color":[102, 77, 179]}}},{"type":"Feature","id":"2730358f-4a09-4517-8e26-ca75a4a3a66b","geometry":{"type":"Polygon","coordinates":[[[33784, 22632],[33800, 22728],[33841, 22728],[34015, 22891],[34094, 22925],[34168, 22904],[34168, 22856],[34216, 22832],[34248, 22752],[34153, 22656],[34120, 22576],[34016, 22488],[33952, 22480],[33880, 22536],[33872, 22576],[33784, 22632]]]},"properties":{"objectType":"annotation","classification":{"name":"Tumor","color":[102, 77, 179]}}},{"type":"Feature","id":"d950b225-b68e-4996-b5ff-4cd0becb12a3","geometry":{"type":"Polygon","coordinates":[[[34367, 22800],[34373, 22829],[34416, 22880],[34496, 22888],[34512, 22912],[34576, 22912],[34584, 22888],[34696, 22872],[34771, 22884],[34827, 22878],[34855.91, 22856],[34938, 22850],[34968, 22864],[34968, 22843.43],[35016, 22824],[35200, 22824],[35216, 22840],[35256, 22840],[35320, 22824],[35352, 22800],[35392, 22824],[35424, 22864],[35448, 22864],[35483, 22907],[35531, 22920],[35560, 22914],[35720, 22848],[35744, 22792],[35776, 22768],[35816, 22784],[35808, 22744],[35784, 22752],[35800, 22712],[35800, 22656],[35776, 22600],[35744, 22584],[35720, 22552],[35632, 22504],[35664, 22512],[35664, 22456],[35712, 22424],[35720, 22376],[35688, 22328],[35664, 22312],[35632, 22320],[35536, 22320],[35512, 22360],[35464, 22352],[35448, 22376],[35408, 22376],[35384, 22400],[35296, 22424],[35280, 22440],[35192, 22472],[35160, 22512],[35136, 22496],[35088, 22496],[35080, 22520],[35040, 22504],[35020, 22553],[35016, 22520],[34992, 22504],[34936, 22496],[34936, 22513],[34880, 22504],[34832, 22520],[34799, 22558],[34744, 22539],[34664, 22575],[34543.95, 22666.87],[34493, 22677],[34389, 22747],[34367, 22800]]]},"properties":{"objectType":"annotation","classification":{"name":"Tumor","color":[102, 77, 179]}}},{"type":"Feature","id":"6512eb51-64c2-41bd-8b27-43b6fce476a6","geometry":{"type":"Polygon","coordinates":[[[33336, 23080],[33336, 23144],[33360, 23208],[33416, 23224],[33416, 23256],[33544, 23248],[33592, 23216],[33680, 23200],[33736, 23112],[33712, 22992],[33624, 22920],[33488, 22936],[33416, 22984],[33400, 23024],[33368, 23024],[33336, 23080]]]},"properties":{"objectType":"annotation","classification":{"name":"Tumor","color":[102, 77, 179]}}},{"type":"Feature","id":"e3e1cd8a-86a8-48c4-9a81-1ed54da7ac59","geometry":{"type":"Polygon","coordinates":[[[17575, 10798],[17575, 10801],[17578, 10803],[17578, 10807],[17587, 10807],[17589, 10804],[17593, 10804],[17593, 10794],[17595, 10792],[17599, 10792],[17601, 10789],[17612, 10789],[17614, 10792],[17618, 10792],[17620, 10795],[17624, 10795],[17629, 10801],[17633, 10801],[17635, 10804],[17639, 10804],[17644, 10810],[17648, 10810],[17659, 10822],[17663, 10822],[17668, 10828],[17678, 10828],[17680, 10831],[17695, 10831],[17696.33, 10829],[17698, 10829],[17698.67, 10828],[17707, 10828],[17708.33, 10826],[17710, 10826],[17710.67, 10825],[17716, 10825],[17717.33, 10823],[17719, 10823],[17719.67, 10822],[17722, 10822],[17723.33, 10820],[17725, 10820],[17725.83, 10819],[17728, 10819],[17733, 10814],[17734, 10814],[17734, 10813],[17737, 10810],[17740, 10807],[17740, 10805],[17740, 10804],[17740, 10803],[17743, 10801],[17743, 10795],[17743, 10790],[17743, 10769],[17743, 10768],[17743, 10765],[17740, 10763],[17740, 10757],[17740, 10753],[17740, 10750],[17737, 10748],[17737, 10745],[17737, 10744],[17737, 10741],[17734, 10739],[17734, 10735],[17725, 10726],[17722, 10723],[17718, 10723],[17716, 10720],[17709, 10720],[17707, 10717],[17676, 10717],[17674, 10714],[17662, 10714],[17660, 10717],[17638, 10717],[17636, 10720],[17632, 10720],[17629.2, 10723],[17629, 10723],[17620, 10732],[17620, 10732.86],[17618, 10735],[17614, 10735],[17612, 10738],[17608, 10738],[17606, 10741],[17602, 10741],[17600, 10744],[17593, 10744],[17591, 10747],[17584, 10747],[17578, 10753],[17578, 10765],[17581, 10767],[17581, 10771],[17581, 10787],[17578, 10789],[17578, 10796],[17575, 10798]]]},"properties":{"objectType":"annotation","classification":{"name":"Ignore*","color":[180, 180, 180]}}},{"type":"Feature","id":"18794066-fa23-4e0d-b7a0-5421a44b237c","geometry":{"type":"Polygon","coordinates":[[[13566, 10153],[13603, 10206],[13641, 10382],[13717, 10445],[13869, 10502],[14058, 10408],[14072, 10365],[14022, 10272],[13920, 10170],[13748, 10133],[13680, 10177],[13608, 10133],[13566, 10153]]]},"properties":{"objectType":"annotation","classification":{"name":"Tumor","color":[102, 77, 179]}}},{"type":"Feature","id":"89d0fd7d-e7b1-4431-aad4-1be6ea11dd16","geometry":{"type":"Polygon","coordinates":[[[6003, 2262],[6003, 36905],[45292, 36905],[45292, 2262],[6003, 2262]]]},"properties":{"objectType":"annotation","classification":{"name":"Ignore*","color":[180, 180, 180]},"isLocked":true}},{"type":"Feature","id":"14d2d7e0-a481-4d97-81fe-138f8d1b8eb7","geometry":{"type":"Polygon","coordinates":[[[7872, 5056],[7872, 5072],[7880, 5072],[7880, 5096],[7888, 5096],[7888, 5104],[7896, 5104],[7896, 5112],[7912, 5112],[7912, 5120],[7928, 5120],[7928, 5128],[7936, 5128],[7936, 5136],[7952, 5136],[7952, 5144],[7960, 5144],[7960, 5152],[7976, 5152],[7976, 5160],[7984, 5160],[7984, 5168],[7992, 5168],[7992, 5176],[8016, 5176],[8016, 5184],[8040, 5184],[8040, 5192],[8056, 5192],[8056, 5184],[8080, 5184],[8080, 5176],[8088, 5176],[8088, 5168],[8096, 5168],[8096, 5160],[8112, 5160],[8112, 5152],[8120, 5152],[8120, 5144],[8128, 5144],[8128, 5136],[8136, 5136],[8136, 5080],[8144, 5080],[8144, 5064],[8152, 5064],[8152, 5008],[8144, 5008],[8144, 4992],[8136, 4992],[8136, 4960],[8128, 4960],[8128, 4944],[8120, 4944],[8120, 4936],[8112, 4936],[8112, 4928],[8096, 4928],[8096, 4920],[8032, 4920],[8032, 4928],[8008, 4928],[8008, 4936],[7992, 4936],[7992, 4944],[7976, 4944],[7976, 4952],[7960, 4952],[7960, 4960],[7952, 4960],[7952, 4968],[7944, 4968],[7944, 4976],[7928, 4976],[7928, 4984],[7912, 4984],[7912, 4992],[7904, 4992],[7904, 5008],[7896, 5008],[7896, 5024],[7888, 5024],[7888, 5040],[7880, 5040],[7880, 5056],[7872, 5056]]]},"properties":{"objectType":"annotation","classification":{"name":"Ignore*","color":[180, 180, 180]},"isLocked":true}},{"type":"Feature","id":"07594963-b223-4762-94b6-daf5e1e08d15","geometry":{"type":"Polygon","coordinates":[[[7360, 5472],[7360, 5504],[7368, 5504],[7368, 5560],[7360, 5560],[7360, 5576],[7368, 5576],[7368, 5608],[7376, 5608],[7376, 5624],[7384, 5624],[7384, 5632],[7392, 5632],[7392, 5648],[7400, 5648],[7400, 5688],[7392, 5688],[7392, 5712],[7400, 5712],[7400, 5728],[7408, 5728],[7408, 5736],[7416, 5736],[7416, 5744],[7424, 5744],[7424, 5752],[7432, 5752],[7432, 5760],[7440, 5760],[7440, 5768],[7448, 5768],[7448, 5792],[7440, 5792],[7440, 5808],[7448, 5808],[7448, 5816],[7456, 5816],[7456, 5824],[7472, 5824],[7472, 5832],[7488, 5832],[7488, 5840],[7504, 5840],[7504, 5848],[7520, 5848],[7520, 5856],[7560, 5856],[7560, 5848],[7576, 5848],[7576, 5816],[7568, 5816],[7568, 5800],[7544, 5800],[7544, 5792],[7520, 5792],[7520, 5784],[7512, 5784],[7512, 5768],[7504, 5768],[7504, 5752],[7496, 5752],[7496, 5736],[7488, 5736],[7488, 5720],[7480, 5720],[7480, 5704],[7472, 5704],[7472, 5680],[7464, 5680],[7464, 5672],[7456, 5672],[7456, 5664],[7448, 5664],[7448, 5656],[7440, 5656],[7440, 5632],[7448, 5632],[7448, 5616],[7456, 5616],[7456, 5544],[7448, 5544],[7448, 5520],[7440, 5520],[7440, 5504],[7432, 5504],[7432, 5496],[7424, 5496],[7424, 5488],[7416, 5488],[7416, 5480],[7408, 5480],[7408, 5472],[7392, 5472],[7392, 5464],[7368, 5464],[7368, 5472],[7360, 5472]]]},"properties":{"objectType":"annotation","classification":{"name":"Ignore*","color":[180, 180, 180]},"isLocked":true}},{"type":"Feature","id":"a9b7ae21-0348-4983-b524-db8ee9c781ea","geometry":{"type":"Polygon","coordinates":[[[7784, 5856],[7784, 5896],[7792, 5896],[7792, 5920],[7800, 5920],[7800, 5936],[7808, 5936],[7808, 5944],[7816, 5944],[7816, 5960],[7824, 5960],[7824, 5968],[7832, 5968],[7832, 5976],[7840, 5976],[7840, 5984],[7848, 5984],[7848, 5992],[7864, 5992],[7864, 5976],[7872, 5976],[7872, 5936],[7880, 5936],[7880, 5888],[7872, 5888],[7872, 5872],[7856, 5872],[7856, 5864],[7848, 5864],[7848, 5856],[7840, 5856],[7840, 5848],[7824, 5848],[7824, 5840],[7808, 5840],[7808, 5832],[7792, 5832],[7792, 5856],[7784, 5856]]]},"properties":{"objectType":"annotation","classification":{"name":"Ignore*","color":[180, 180, 180]},"isLocked":true}},{"type":"Feature","id":"c3a0fb0b-7c1d-4b2b-a4f6-421923c17277","geometry":{"type":"Polygon","coordinates":[[[7504, 5976],[7504, 6016],[7512, 6016],[7512, 6032],[7520, 6032],[7520, 6048],[7528, 6048],[7528, 6064],[7520, 6064],[7520, 6136],[7528, 6136],[7528, 6256],[7536, 6256],[7536, 6280],[7544, 6280],[7544, 6296],[7552, 6296],[7552, 6304],[7560, 6304],[7560, 6312],[7616, 6312],[7616, 6304],[7632, 6304],[7632, 6296],[7640, 6296],[7640, 6288],[7648, 6288],[7648, 6280],[7656, 6280],[7656, 6272],[7664, 6272],[7664, 6256],[7672, 6256],[7672, 6232],[7664, 6232],[7664, 6216],[7648, 6216],[7648, 6208],[7632, 6208],[7632, 6200],[7624, 6200],[7624, 6192],[7616, 6192],[7616, 6184],[7608, 6184],[7608, 6136],[7616, 6136],[7616, 6128],[7648, 6128],[7648, 6120],[7656, 6120],[7656, 6112],[7664, 6112],[7664, 6096],[7672, 6096],[7672, 6088],[7664, 6088],[7664, 6064],[7648, 6064],[7648, 6056],[7592, 6056],[7592, 6048],[7576, 6048],[7576, 6040],[7568, 6040],[7568, 6008],[7576, 6008],[7576, 5992],[7568, 5992],[7568, 5976],[7552, 5976],[7552, 5968],[7512, 5968],[7512, 5976],[7504, 5976]]]},"properties":{"objectType":"annotation","classification":{"name":"Ignore*","color":[180, 180, 180]},"isLocked":true}},{"type":"Feature","id":"1894bd47-f050-4307-8aaa-ba6a39769f32","geometry":{"type":"Polygon","coordinates":[[[7968, 6240],[7968, 6272],[7976, 6272],[7976, 6288],[7984, 6288],[7984, 6304],[8000, 6304],[8000, 6312],[8024, 6312],[8024, 6304],[8048, 6304],[8048, 6296],[8072, 6296],[8072, 6288],[8088, 6288],[8088, 6280],[8096, 6280],[8096, 6272],[8104, 6272],[8104, 6264],[8112, 6264],[8112, 6256],[8120, 6256],[8120, 6248],[8128, 6248],[8128, 6232],[8136, 6232],[8136, 6224],[8144, 6224],[8144, 6200],[8152, 6200],[8152, 6168],[8160, 6168],[8160, 6128],[8152, 6128],[8152, 6120],[8144, 6120],[8144, 6112],[8136, 6112],[8136, 6104],[8128, 6104],[8128, 6096],[8120, 6096],[8120, 6080],[8112, 6080],[8112, 6072],[8080, 6072],[8080, 6080],[8064, 6080],[8064, 6088],[8048, 6088],[8048, 6096],[8040, 6096],[8040, 6104],[8032, 6104],[8032, 6112],[8024, 6112],[8024, 6120],[8016, 6120],[8016, 6128],[8008, 6128],[8008, 6144],[8000, 6144],[8000, 6168],[7992, 6168],[7992, 6192],[7984, 6192],[7984, 6216],[7976, 6216],[7976, 6240],[7968, 6240]]]},"properties":{"objectType":"annotation","classification":{"name":"Ignore*","color":[180, 180, 180]},"isLocked":true}},{"type":"Feature","id":"dfab7b57-e3a1-4b2c-aab6-379b88eef386","geometry":{"type":"Polygon","coordinates":[[[7784, 6312],[7784, 6344],[7792, 6344],[7792, 6360],[7800, 6360],[7800, 6368],[7808, 6368],[7808, 6376],[7824, 6376],[7824, 6384],[7856, 6384],[7856, 6368],[7864, 6368],[7864, 6336],[7872, 6336],[7872, 6320],[7864, 6320],[7864, 6296],[7856, 6296],[7856, 6288],[7816, 6288],[7816, 6296],[7808, 6296],[7808, 6304],[7792, 6304],[7792, 6312],[7784, 6312]]]},"properties":{"objectType":"annotation","classification":{"name":"Ignore*","color":[180, 180, 180]},"isLocked":true}},{"type":"Feature","id":"af54f41c-d6c0-4516-843b-18d7c60e879c","geometry":{"type":"Polygon","coordinates":[[[7656, 6560],[7656, 6568],[7664, 6568],[7664, 6592],[7672, 6592],[7672, 6608],[7680, 6608],[7680, 6632],[7688, 6632],[7688, 6656],[7696, 6656],[7696, 6664],[7704, 6664],[7704, 6672],[7712, 6672],[7712, 6680],[7728, 6680],[7728, 6672],[7736, 6672],[7736, 6664],[7744, 6664],[7744, 6656],[7752, 6656],[7752, 6648],[7760, 6648],[7760, 6640],[7808, 6640],[7808, 6632],[7816, 6632],[7816, 6616],[7824, 6616],[7824, 6608],[7832, 6608],[7832, 6584],[7840, 6584],[7840, 6520],[7832, 6520],[7832, 6488],[7824, 6488],[7824, 6480],[7792, 6480],[7792, 6488],[7768, 6488],[7768, 6496],[7760, 6496],[7760, 6504],[7752, 6504],[7752, 6520],[7744, 6520],[7744, 6528],[7720, 6528],[7720, 6520],[7688, 6520],[7688, 6528],[7672, 6528],[7672, 6536],[7664, 6536],[7664, 6560],[7656, 6560]]]},"properties":{"objectType":"annotation","classification":{"name":"Ignore*","color":[180, 180, 180]},"isLocked":true}},{"type":"Feature","id":"d5302bf9-aeeb-4a1e-aa78-8531c0d203d1","geometry":{"type":"Polygon","coordinates":[[[8504, 9264],[8504, 9296],[8512, 9296],[8512, 9304],[8520, 9304],[8520, 9328],[8528, 9328],[8528, 9360],[8536, 9360],[8536, 9368],[8544, 9368],[8544, 9376],[8552, 9376],[8552, 9384],[8560, 9384],[8560, 9392],[8568, 9392],[8568, 9400],[8576, 9400],[8576, 9408],[8584, 9408],[8584, 9416],[8592, 9416],[8592, 9424],[8600, 9424],[8600, 9432],[8616, 9432],[8616, 9440],[8624, 9440],[8624, 9448],[8632, 9448],[8632, 9456],[8648, 9456],[8648, 9464],[8656, 9464],[8656, 9472],[8664, 9472],[8664, 9480],[8672, 9480],[8672, 9488],[8680, 9488],[8680, 9496],[8688, 9496],[8688, 9504],[8728, 9504],[8728, 9496],[8736, 9496],[8736, 9448],[8728, 9448],[8728, 9432],[8720, 9432],[8720, 9408],[8712, 9408],[8712, 9400],[8704, 9400],[8704, 9392],[8696, 9392],[8696, 9376],[8688, 9376],[8688, 9368],[8672, 9368],[8672, 9360],[8664, 9360],[8664, 9352],[8656, 9352],[8656, 9344],[8648, 9344],[8648, 9336],[8640, 9336],[8640, 9328],[8624, 9328],[8624, 9320],[8616, 9320],[8616, 9312],[8608, 9312],[8608, 9304],[8592, 9304],[8592, 9296],[8584, 9296],[8584, 9288],[8576, 9288],[8576, 9280],[8552, 9280],[8552, 9272],[8520, 9272],[8520, 9264],[8504, 9264]]]},"properties":{"objectType":"annotation","classification":{"name":"Ignore*","color":[180, 180, 180]},"isLocked":true}},{"type":"Feature","id":"3466ffca-762f-483d-b047-c3be42eab0a5","geometry":{"type":"Polygon","coordinates":[[[14760, 9712],[14760, 9744],[14768, 9744],[14768, 9760],[14776, 9760],[14776, 9768],[14784, 9768],[14784, 9776],[14800, 9776],[14800, 9784],[14824, 9784],[14824, 9776],[14912, 9776],[14912, 9768],[14936, 9768],[14936, 9760],[14992, 9760],[14992, 9752],[15008, 9752],[15008, 9744],[15016, 9744],[15016, 9736],[15024, 9736],[15024, 9728],[15032, 9728],[15032, 9720],[15040, 9720],[15040, 9704],[15048, 9704],[15048, 9672],[15040, 9672],[15040, 9664],[14992, 9664],[14992, 9672],[14920, 9672],[14920, 9680],[14832, 9680],[14832, 9688],[14808, 9688],[14808, 9696],[14784, 9696],[14784, 9704],[14776, 9704],[14776, 9712],[14760, 9712]]]},"properties":{"objectType":"annotation","classification":{"name":"Ignore*","color":[180, 180, 180]},"isLocked":true}},{"type":"Feature","id":"5abd714e-1273-47ff-90f1-8633a29a790e","geometry":{"type":"Polygon","coordinates":[[[8928, 9808],[8928, 9840],[8936, 9840],[8936, 9856],[8944, 9856],[8944, 9864],[8952, 9864],[8952, 9880],[8960, 9880],[8960, 9888],[8968, 9888],[8968, 9896],[8976, 9896],[8976, 9912],[8984, 9912],[8984, 9928],[8992, 9928],[8992, 9944],[9000, 9944],[9000, 9960],[9008, 9960],[9008, 9968],[9016, 9968],[9016, 9976],[9024, 9976],[9024, 9984],[9032, 9984],[9032, 9992],[9056, 9992],[9056, 9976],[9072, 9976],[9072, 9984],[9080, 9984],[9080, 10008],[9064, 10008],[9064, 10032],[9072, 10032],[9072, 10048],[9080, 10048],[9080, 10056],[9088, 10056],[9088, 10064],[9096, 10064],[9096, 10080],[9104, 10080],[9104, 10088],[9112, 10088],[9112, 10096],[9120, 10096],[9120, 10104],[9128, 10104],[9128, 10112],[9144, 10112],[9144, 10120],[9152, 10120],[9152, 10112],[9168, 10112],[9168, 10104],[9176, 10104],[9176, 10064],[9168, 10064],[9168, 10032],[9160, 10032],[9160, 10016],[9152, 10016],[9152, 10008],[9144, 10008],[9144, 9992],[9136, 9992],[9136, 9984],[9128, 9984],[9128, 9976],[9120, 9976],[9120, 9968],[9112, 9968],[9112, 9960],[9096, 9960],[9096, 9952],[9088, 9952],[9088, 9944],[9080, 9944],[9080, 9928],[9072, 9928],[9072, 9912],[9064, 9912],[9064, 9896],[9048, 9896],[9048, 9888],[9040, 9888],[9040, 9880],[9024, 9880],[9024, 9872],[9008, 9872],[9008, 9864],[9000, 9864],[9000, 9856],[8992, 9856],[8992, 9848],[8984, 9848],[8984, 9840],[8976, 9840],[8976, 9832],[8968, 9832],[8968, 9824],[8960, 9824],[8960, 9816],[8952, 9816],[8952, 9808],[8928, 9808]]]},"properties":{"objectType":"annotation","classification":{"name":"Ignore*","color":[180, 180, 180]},"isLocked":true}},{"type":"Feature","id":"31a72401-b0cc-4773-9994-d4d4eb409b26","geometry":{"type":"Polygon","coordinates":[[[15432, 10112],[15432, 10128],[15440, 10128],[15440, 10152],[15448, 10152],[15448, 10160],[15464, 10160],[15464, 10168],[15496, 10168],[15496, 10160],[15512, 10160],[15512, 10152],[15536, 10152],[15536, 10144],[15560, 10144],[15560, 10136],[15576, 10136],[15576, 10128],[15584, 10128],[15584, 10120],[15600, 10120],[15600, 10104],[15608, 10104],[15608, 10048],[15600, 10048],[15600, 10040],[15496, 10040],[15496, 10048],[15472, 10048],[15472, 10056],[15464, 10056],[15464, 10064],[15456, 10064],[15456, 10072],[15448, 10072],[15448, 10080],[15440, 10080],[15440, 10112],[15432, 10112]]]},"properties":{"objectType":"annotation","classification":{"name":"Ignore*","color":[180, 180, 180]},"isLocked":true}},{"type":"Feature","id":"5574643c-c093-492a-b3f4-66117ff2ded1","geometry":{"type":"Polygon","coordinates":[[[9304, 10024],[9304, 10064],[9312, 10064],[9312, 10088],[9320, 10088],[9320, 10096],[9336, 10096],[9336, 10104],[9344, 10104],[9344, 10112],[9352, 10112],[9352, 10128],[9360, 10128],[9360, 10136],[9376, 10136],[9376, 10144],[9384, 10144],[9384, 10152],[9400, 10152],[9400, 10160],[9408, 10160],[9408, 10168],[9416, 10168],[9416, 10176],[9432, 10176],[9432, 10184],[9456, 10184],[9456, 10160],[9448, 10160],[9448, 10152],[9440, 10152],[9440, 10144],[9432, 10144],[9432, 10136],[9424, 10136],[9424, 10128],[9416, 10128],[9416, 10120],[9408, 10120],[9408, 10112],[9400, 10112],[9400, 10104],[9392, 10104],[9392, 10096],[9384, 10096],[9384, 10088],[9376, 10088],[9376, 10072],[9368, 10072],[9368, 10056],[9360, 10056],[9360, 10048],[9352, 10048],[9352, 10040],[9344, 10040],[9344, 10032],[9336, 10032],[9336, 10024],[9328, 10024],[9328, 10016],[9312, 10016],[9312, 10024],[9304, 10024]]]},"properties":{"objectType":"annotation","classification":{"name":"Ignore*","color":[180, 180, 180]},"isLocked":true}},{"type":"Feature","id":"2f003c6b-11e2-401a-8bac-25688b9528a5","geometry":{"type":"Polygon","coordinates":[[[14232, 10016],[14248, 10176],[14352, 10328],[14480, 10296],[14504, 10160],[14432, 10064],[14232, 10016]]]},"properties":{"objectType":"annotation","classification":{"name":"Tumor","color":[102, 77, 179]}}},{"type":"Feature","id":"0eedbbaa-82f6-414b-98a6-060ebed2aa3e","geometry":{"type":"Polygon","coordinates":[[[16712, 10208],[16712, 10240],[16720, 10240],[16720, 10248],[16728, 10248],[16728, 10256],[16736, 10256],[16736, 10264],[16744, 10264],[16744, 10272],[16752, 10272],[16752, 10280],[16792, 10280],[16792, 10272],[16832, 10272],[16832, 10280],[16888, 10280],[16888, 10272],[16904, 10272],[16904, 10264],[16920, 10264],[16920, 10240],[16912, 10240],[16912, 10232],[16904, 10232],[16904, 10224],[16896, 10224],[16896, 10216],[16888, 10216],[16888, 10208],[16872, 10208],[16872, 10200],[16856, 10200],[16856, 10192],[16840, 10192],[16840, 10184],[16832, 10184],[16832, 10176],[16816, 10176],[16816, 10168],[16760, 10168],[16760, 10176],[16744, 10176],[16744, 10184],[16736, 10184],[16736, 10192],[16728, 10192],[16728, 10200],[16720, 10200],[16720, 10208],[16712, 10208]]]},"properties":{"objectType":"annotation","classification":{"name":"Ignore*","color":[180, 180, 180]},"isLocked":true}},{"type":"Feature","id":"b5d2d280-9a42-4f65-b686-e70b5c3ab9d9","geometry":{"type":"Polygon","coordinates":[[[9160, 10160],[9160, 10184],[9168, 10184],[9168, 10200],[9176, 10200],[9176, 10240],[9168, 10240],[9168, 10312],[9176, 10312],[9176, 10320],[9184, 10320],[9184, 10328],[9232, 10328],[9232, 10320],[9240, 10320],[9240, 10312],[9248, 10312],[9248, 10304],[9256, 10304],[9256, 10280],[9248, 10280],[9248, 10272],[9240, 10272],[9240, 10264],[9232, 10264],[9232, 10240],[9240, 10240],[9240, 10232],[9248, 10232],[9248, 10200],[9240, 10200],[9240, 10184],[9232, 10184],[9232, 10168],[9216, 10168],[9216, 10160],[9208, 10160],[9208, 10168],[9176, 10168],[9176, 10160],[9160, 10160]]]},"properties":{"objectType":"annotation","classification":{"name":"Ignore*","color":[180, 180, 180]},"isLocked":true}},{"type":"Feature","id":"01747195-97c0-461c-85b8-7ce869d1708d","geometry":{"type":"Polygon","coordinates":[[[9288, 10320],[9288, 10336],[9296, 10336],[9296, 10344],[9304, 10344],[9304, 10352],[9312, 10352],[9312, 10360],[9320, 10360],[9320, 10384],[9328, 10384],[9328, 10416],[9336, 10416],[9336, 10424],[9344, 10424],[9344, 10432],[9376, 10432],[9376, 10424],[9392, 10424],[9392, 10408],[9400, 10408],[9400, 10400],[9408, 10400],[9408, 10392],[9416, 10392],[9416, 10384],[9456, 10384],[9456, 10392],[9528, 10392],[9528, 10384],[9544, 10384],[9544, 10344],[9536, 10344],[9536, 10328],[9528, 10328],[9528, 10312],[9520, 10312],[9520, 10296],[9512, 10296],[9512, 10288],[9504, 10288],[9504, 10280],[9496, 10280],[9496, 10272],[9488, 10272],[9488, 10280],[9472, 10280],[9472, 10288],[9464, 10288],[9464, 10296],[9456, 10296],[9456, 10304],[9424, 10304],[9424, 10296],[9408, 10296],[9408, 10288],[9392, 10288],[9392, 10280],[9376, 10280],[9376, 10288],[9360, 10288],[9360, 10296],[9344, 10296],[9344, 10304],[9312, 10304],[9312, 10312],[9296, 10312],[9296, 10320],[9288, 10320]]]},"properties":{"objectType":"annotation","classification":{"name":"Ignore*","color":[180, 180, 180]},"isLocked":true}},{"type":"Feature","id":"4d0174a6-6836-4190-ab4b-242ab66362cf","geometry":{"type":"Polygon","coordinates":[[[17864, 10384],[17864, 10416],[17872, 10416],[17872, 10432],[17880, 10432],[17880, 10440],[17888, 10440],[17888, 10448],[17896, 10448],[17896, 10456],[17952, 10456],[17952, 10464],[17968, 10464],[17968, 10472],[17984, 10472],[17984, 10480],[18000, 10480],[18000, 10488],[18040, 10488],[18040, 10496],[18056, 10496],[18056, 10504],[18072, 10504],[18072, 10512],[18088, 10512],[18088, 10520],[18112, 10520],[18112, 10512],[18120, 10512],[18120, 10472],[18112, 10472],[18112, 10464],[18104, 10464],[18104, 10456],[18096, 10456],[18096, 10448],[18080, 10448],[18080, 10432],[18072, 10432],[18072, 10424],[18064, 10424],[18064, 10416],[18056, 10416],[18056, 10408],[18024, 10408],[18024, 10400],[17992, 10400],[17992, 10392],[17928, 10392],[17928, 10384],[17912, 10384],[17912, 10376],[17872, 10376],[17872, 10384],[17864, 10384]]]},"properties":{"objectType":"annotation","classification":{"name":"Ignore*","color":[180, 180, 180]},"isLocked":true}},{"type":"Feature","id":"1c704997-4cb5-43ca-a18f-017e3717ddd9","geometry":{"type":"Polygon","coordinates":[[[15128, 10344],[15128, 10376],[15136, 10376],[15136, 10400],[15144, 10400],[15144, 10416],[15152, 10416],[15152, 10448],[15160, 10448],[15160, 10472],[15168, 10472],[15168, 10488],[15176, 10488],[15176, 10496],[15184, 10496],[15184, 10504],[15192, 10504],[15192, 10512],[15208, 10512],[15208, 10520],[15232, 10520],[15232, 10528],[15240, 10528],[15240, 10536],[15256, 10536],[15256, 10544],[15272, 10544],[15272, 10552],[15320, 10552],[15320, 10544],[15328, 10544],[15328, 10536],[15336, 10536],[15336, 10528],[15344, 10528],[15344, 10504],[15336, 10504],[15336, 10488],[15328, 10488],[15328, 10480],[15312, 10480],[15312, 10472],[15304, 10472],[15304, 10464],[15296, 10464],[15296, 10456],[15288, 10456],[15288, 10448],[15280, 10448],[15280, 10440],[15272, 10440],[15272, 10432],[15264, 10432],[15264, 10424],[15256, 10424],[15256, 10408],[15248, 10408],[15248, 10400],[15240, 10400],[15240, 10384],[15232, 10384],[15232, 10368],[15224, 10368],[15224, 10360],[15208, 10360],[15208, 10352],[15192, 10352],[15192, 10344],[15184, 10344],[15184, 10336],[15168, 10336],[15168, 10328],[15144, 10328],[15144, 10336],[15136, 10336],[15136, 10344],[15128, 10344]]]},"properties":{"objectType":"annotation","classification":{"name":"Ignore*","color":[180, 180, 180]},"isLocked":true}},{"type":"Feature","id":"1576b392-92d5-452b-b9c5-070607f4835c","geometry":{"type":"Polygon","coordinates":[[[9648, 10328],[9648, 10352],[9656, 10352],[9656, 10368],[9664, 10368],[9664, 10376],[9672, 10376],[9672, 10384],[9680, 10384],[9680, 10392],[9688, 10392],[9688, 10400],[9704, 10400],[9704, 10408],[9712, 10408],[9712, 10424],[9720, 10424],[9720, 10432],[9728, 10432],[9728, 10440],[9744, 10440],[9744, 10448],[9776, 10448],[9776, 10464],[9784, 10464],[9784, 10472],[9792, 10472],[9792, 10488],[9800, 10488],[9800, 10496],[9816, 10496],[9816, 10504],[9832, 10504],[9832, 10512],[9856, 10512],[9856, 10520],[9880, 10520],[9880, 10528],[9904, 10528],[9904, 10536],[9920, 10536],[9920, 10544],[9952, 10544],[9952, 10552],[10000, 10552],[10000, 10544],[10048, 10544],[10048, 10552],[10064, 10552],[10064, 10544],[10072, 10544],[10072, 10520],[10080, 10520],[10080, 10504],[10088, 10504],[10088, 10496],[10120, 10496],[10120, 10504],[10128, 10504],[10128, 10520],[10136, 10520],[10136, 10528],[10144, 10528],[10144, 10536],[10200, 10536],[10200, 10528],[10208, 10528],[10208, 10520],[10216, 10520],[10216, 10496],[10208, 10496],[10208, 10480],[10200, 10480],[10200, 10472],[10192, 10472],[10192, 10464],[10184, 10464],[10184, 10456],[10168, 10456],[10168, 10448],[10152, 10448],[10152, 10440],[10144, 10440],[10144, 10432],[10136, 10432],[10136, 10424],[10120, 10424],[10120, 10416],[10096, 10416],[10096, 10424],[10088, 10424],[10088, 10432],[10080, 10432],[10080, 10440],[10064, 10440],[10064, 10448],[10008, 10448],[10008, 10464],[10000, 10464],[10000, 10472],[9992, 10472],[9992, 10480],[9976, 10480],[9976, 10488],[9968, 10488],[9968, 10480],[9960, 10480],[9960, 10464],[9976, 10464],[9976, 10456],[9984, 10456],[9984, 10448],[9992, 10448],[9992, 10408],[9984, 10408],[9984, 10392],[9976, 10392],[9976, 10384],[9944, 10384],[9944, 10392],[9920, 10392],[9920, 10400],[9912, 10400],[9912, 10408],[9896, 10408],[9896, 10384],[9888, 10384],[9888, 10392],[9864, 10392],[9864, 10400],[9824, 10400],[9824, 10392],[9816, 10392],[9816, 10376],[9808, 10376],[9808, 10368],[9800, 10368],[9800, 10360],[9784, 10360],[9784, 10352],[9752, 10352],[9752, 10344],[9728, 10344],[9728, 10336],[9704, 10336],[9704, 10328],[9680, 10328],[9680, 10320],[9656, 10320],[9656, 10328],[9648, 10328]]]},"properties":{"objectType":"annotation","classification":{"name":"Ignore*","color":[180, 180, 180]},"isLocked":true}},{"type":"Feature","id":"2daad95d-9bfb-4775-90bc-1e3a1db8de9a","geometry":{"type":"Polygon","coordinates":[[[17376, 10480],[17376, 10496],[17384, 10496],[17384, 10512],[17400, 10512],[17400, 10520],[17416, 10520],[17416, 10528],[17440, 10528],[17440, 10536],[17448, 10536],[17448, 10528],[17480, 10528],[17480, 10520],[17488, 10520],[17488, 10496],[17480, 10496],[17480, 10480],[17472, 10480],[17472, 10472],[17456, 10472],[17456, 10464],[17440, 10464],[17440, 10456],[17400, 10456],[17400, 10464],[17384, 10464],[17384, 10480],[17376, 10480]]]},"properties":{"objectType":"annotation","classification":{"name":"Ignore*","color":[180, 180, 180]},"isLocked":true}},{"type":"Feature","id":"ef6f3a91-0575-4f20-8163-d4ae2415368e","geometry":{"type":"Polygon","coordinates":[[[15656, 10536],[15656, 10576],[15664, 10576],[15664, 10584],[15672, 10584],[15672, 10592],[15720, 10592],[15720, 10584],[15792, 10584],[15792, 10576],[15808, 10576],[15808, 10568],[15816, 10568],[15816, 10528],[15808, 10528],[15808, 10520],[15800, 10520],[15800, 10512],[15736, 10512],[15736, 10520],[15672, 10520],[15672, 10528],[15664, 10528],[15664, 10536],[15656, 10536]]]},"properties":{"objectType":"annotation","classification":{"name":"Ignore*","color":[180, 180, 180]},"isLocked":true}},{"type":"Feature","id":"ee0a53c7-b363-457d-acd4-7efc69588818","geometry":{"type":"Polygon","coordinates":[[[10264, 10584],[10264, 10592],[10272, 10592],[10272, 10608],[10280, 10608],[10280, 10624],[10272, 10624],[10272, 10712],[10280, 10712],[10280, 10720],[10352, 10720],[10352, 10712],[10360, 10712],[10360, 10696],[10368, 10696],[10368, 10688],[10384, 10688],[10384, 10696],[10392, 10696],[10392, 10704],[10400, 10704],[10400, 10712],[10456, 10712],[10456, 10720],[10480, 10720],[10480, 10712],[10528, 10712],[10528, 10720],[10552, 10720],[10552, 10712],[10560, 10712],[10560, 10696],[10568, 10696],[10568, 10680],[10584, 10680],[10584, 10672],[10600, 10672],[10600, 10664],[10616, 10664],[10616, 10656],[10664, 10656],[10664, 10664],[10680, 10664],[10680, 10752],[10688, 10752],[10688, 10760],[10696, 10760],[10696, 10768],[10712, 10768],[10712, 10776],[10728, 10776],[10728, 10784],[10744, 10784],[10744, 10792],[10760, 10792],[10760, 10800],[10800, 10800],[10800, 10808],[10832, 10808],[10832, 10816],[10856, 10816],[10856, 10824],[10904, 10824],[10904, 10832],[10928, 10832],[10928, 10824],[10936, 10824],[10936, 10816],[10944, 10816],[10944, 10808],[10936, 10808],[10936, 10792],[10928, 10792],[10928, 10784],[10920, 10784],[10920, 10776],[10904, 10776],[10904, 10768],[10896, 10768],[10896, 10760],[10880, 10760],[10880, 10752],[10864, 10752],[10864, 10744],[10856, 10744],[10856, 10736],[10848, 10736],[10848, 10728],[10840, 10728],[10840, 10720],[10824, 10720],[10824, 10712],[10816, 10712],[10816, 10704],[10760, 10704],[10760, 10736],[10768, 10736],[10768, 10744],[10760, 10744],[10760, 10760],[10736, 10760],[10736, 10720],[10744, 10720],[10744, 10712],[10752, 10712],[10752, 10696],[10744, 10696],[10744, 10680],[10736, 10680],[10736, 10664],[10728, 10664],[10728, 10656],[10712, 10656],[10712, 10648],[10696, 10648],[10696, 10640],[10688, 10640],[10688, 10632],[10680, 10632],[10680, 10624],[10664, 10624],[10664, 10616],[10640, 10616],[10640, 10608],[10600, 10608],[10600, 10616],[10592, 10616],[10592, 10608],[10584, 10608],[10584, 10568],[10576, 10568],[10576, 10552],[10568, 10552],[10568, 10536],[10544, 10536],[10544, 10528],[10520, 10528],[10520, 10536],[10416, 10536],[10416, 10544],[10376, 10544],[10376, 10536],[10368, 10536],[10368, 10528],[10360, 10528],[10360, 10520],[10352, 10520],[10352, 10512],[10344, 10512],[10344, 10504],[10320, 10504],[10320, 10496],[10312, 10496],[10312, 10488],[10288, 10488],[10288, 10496],[10296, 10496],[10296, 10520],[10304, 10520],[10304, 10536],[10312, 10536],[10312, 10552],[10328, 10552],[10328, 10560],[10368, 10560],[10368, 10568],[10376, 10568],[10376, 10576],[10384, 10576],[10384, 10592],[10376, 10592],[10376, 10600],[10344, 10600],[10344, 10592],[10296, 10592],[10296, 10584],[10280, 10584],[10280, 10576],[10272, 10576],[10272, 10584],[10264, 10584]]]},"properties":{"objectType":"annotation","classification":{"name":"Ignore*","color":[180, 180, 180]},"isLocked":true}},{"type":"Feature","id":"6c1d8ca8-da02-4a5a-bf08-52290af0fb3e","geometry":{"type":"Polygon","coordinates":[[[17624, 10776],[17672, 10816],[17736, 10800],[17736, 10752],[17648, 10728],[17624, 10776]]]},"properties":{"objectType":"annotation","classification":{"name":"Tumor","color":[102, 77, 179]}}},{"type":"Feature","id":"ac91357a-d40c-4105-9a1c-e28a5b94dc70","geometry":{"type":"Polygon","coordinates":[[[13952, 10696],[13952, 10752],[14016, 10808],[14016, 10872],[14184, 10856],[14280, 10792],[14240, 10712],[14120, 10712],[14064, 10672],[13952, 10696]]]},"properties":{"objectType":"annotation","classification":{"name":"Tumor","color":[102, 77, 179]}}},{"type":"Feature","id":"21d99268-268a-4ec0-a636-386c8e210777","geometry":{"type":"Polygon","coordinates":[[[17792, 10824],[17792, 10840],[17800, 10840],[17800, 10864],[17808, 10864],[17808, 10872],[17816, 10872],[17816, 10880],[17824, 10880],[17824, 10888],[17840, 10888],[17840, 10896],[17856, 10896],[17856, 10904],[17864, 10904],[17864, 10912],[17944, 10912],[17944, 10928],[17936, 10928],[17936, 10944],[17928, 10944],[17928, 10960],[17920, 10960],[17920, 10976],[17912, 10976],[17912, 10984],[17920, 10984],[17920, 11000],[17944, 11000],[17944, 11008],[17952, 11008],[17952, 11000],[17968, 11000],[17968, 10992],[17984, 10992],[17984, 10984],[17992, 10984],[17992, 10968],[18000, 10968],[18000, 10960],[18008, 10960],[18008, 10944],[18016, 10944],[18016, 10904],[18008, 10904],[18008, 10896],[18000, 10896],[18000, 10888],[17984, 10888],[17984, 10880],[17992, 10880],[17992, 10864],[18000, 10864],[18000, 10856],[17992, 10856],[17992, 10832],[17984, 10832],[17984, 10792],[18000, 10792],[18000, 10800],[18024, 10800],[18024, 10808],[18040, 10808],[18040, 10816],[18056, 10816],[18056, 10824],[18120, 10824],[18120, 10832],[18144, 10832],[18144, 10840],[18152, 10840],[18152, 10848],[18168, 10848],[18168, 10856],[18184, 10856],[18184, 10848],[18192, 10848],[18192, 10840],[18208, 10840],[18208, 10832],[18216, 10832],[18216, 10824],[18232, 10824],[18232, 10808],[18240, 10808],[18240, 10784],[18232, 10784],[18232, 10776],[18216, 10776],[18216, 10768],[18168, 10768],[18168, 10760],[18136, 10760],[18136, 10752],[18080, 10752],[18080, 10744],[18056, 10744],[18056, 10736],[18040, 10736],[18040, 10744],[18016, 10744],[18016, 10752],[18008, 10752],[18008, 10760],[17968, 10760],[17968, 10752],[17840, 10752],[17840, 10760],[17832, 10760],[17832, 10768],[17824, 10768],[17824, 10784],[17816, 10784],[17816, 10792],[17808, 10792],[17808, 10808],[17800, 10808],[17800, 10824],[17792, 10824]]]},"properties":{"objectType":"annotation","classification":{"name":"Ignore*","color":[180, 180, 180]},"isLocked":true}},{"type":"Feature","id":"5eef7ef0-faca-413f-936e-b02d9a212c8f","geometry":{"type":"Polygon","coordinates":[[[14648, 10832],[14648, 10864],[14656, 10864],[14656, 10880],[14664, 10880],[14664, 10904],[14672, 10904],[14672, 10912],[14680, 10912],[14680, 10920],[14696, 10920],[14696, 10928],[14776, 10928],[14776, 10920],[14792, 10920],[14792, 10912],[14808, 10912],[14808, 10904],[14816, 10904],[14816, 10880],[14824, 10880],[14824, 10848],[14816, 10848],[14816, 10832],[14808, 10832],[14808, 10816],[14800, 10816],[14800, 10808],[14784, 10808],[14784, 10800],[14680, 10800],[14680, 10808],[14664, 10808],[14664, 10816],[14656, 10816],[14656, 10832],[14648, 10832]]]},"properties":{"objectType":"annotation","classification":{"name":"Ignore*","color":[180, 180, 180]},"isLocked":true}},{"type":"Feature","id":"362e2475-804d-44e5-a359-32b1da3813b6","geometry":{"type":"Polygon","coordinates":[[[19416, 10768],[19416, 10808],[19424, 10808],[19424, 10824],[19432, 10824],[19432, 10840],[19440, 10840],[19440, 10856],[19448, 10856],[19448, 10872],[19456, 10872],[19456, 10888],[19464, 10888],[19464, 10904],[19472, 10904],[19472, 10912],[19488, 10912],[19488, 10920],[19504, 10920],[19504, 10928],[19520, 10928],[19520, 10936],[19528, 10936],[19528, 10944],[19552, 10944],[19552, 10952],[19576, 10952],[19576, 10960],[19608, 10960],[19608, 10968],[19624, 10968],[19624, 10984],[19632, 10984],[19632, 11000],[19640, 11000],[19640, 11016],[19648, 11016],[19648, 11024],[19656, 11024],[19656, 11048],[19664, 11048],[19664, 11064],[19672, 11064],[19672, 11072],[19680, 11072],[19680, 11080],[19688, 11080],[19688, 11088],[19696, 11088],[19696, 11096],[19704, 11096],[19704, 11104],[19712, 11104],[19712, 11112],[19720, 11112],[19720, 11120],[19728, 11120],[19728, 11128],[19744, 11128],[19744, 11136],[19752, 11136],[19752, 11144],[19760, 11144],[19760, 11152],[19768, 11152],[19768, 11160],[19784, 11160],[19784, 11168],[19792, 11168],[19792, 11176],[19808, 11176],[19808, 11184],[19816, 11184],[19816, 11176],[19824, 11176],[19824, 11168],[19832, 11168],[19832, 11144],[19824, 11144],[19824, 11128],[19816, 11128],[19816, 11120],[19808, 11120],[19808, 11112],[19800, 11112],[19800, 11104],[19792, 11104],[19792, 11096],[19784, 11096],[19784, 11080],[19768, 11080],[19768, 11072],[19760, 11072],[19760, 11064],[19752, 11064],[19752, 11056],[19744, 11056],[19744, 11048],[19736, 11048],[19736, 11040],[19728, 11040],[19728, 11024],[19720, 11024],[19720, 11016],[19712, 11016],[19712, 11008],[19704, 11008],[19704, 10992],[19712, 10992],[19712, 10976],[19720, 10976],[19720, 10920],[19712, 10920],[19712, 10904],[19672, 10904],[19672, 10912],[19656, 10912],[19656, 10920],[19624, 10920],[19624, 10912],[19616, 10912],[19616, 10904],[19608, 10904],[19608, 10888],[19600, 10888],[19600, 10872],[19592, 10872],[19592, 10848],[19584, 10848],[19584, 10840],[19576, 10840],[19576, 10832],[19560, 10832],[19560, 10824],[19544, 10824],[19544, 10816],[19520, 10816],[19520, 10808],[19504, 10808],[19504, 10800],[19488, 10800],[19488, 10792],[19472, 10792],[19472, 10784],[19464, 10784],[19464, 10776],[19456, 10776],[19456, 10768],[19448, 10768],[19448, 10760],[19424, 10760],[19424, 10768],[19416, 10768]]]},"properties":{"objectType":"annotation","classification":{"name":"Ignore*","color":[180, 180, 180]},"isLocked":true}},{"type":"Feature","id":"9484dcd6-36d1-454a-8ddd-538b67b5e8f0","geometry":{"type":"Polygon","coordinates":[[[13768, 10952],[13768, 10992],[13776, 10992],[13776, 11000],[13784, 11000],[13784, 11008],[13800, 11008],[13800, 11016],[13840, 11016],[13840, 11008],[13856, 11008],[13856, 11000],[13872, 11000],[13872, 10992],[13880, 10992],[13880, 10984],[13888, 10984],[13888, 10968],[13896, 10968],[13896, 10936],[13888, 10936],[13888, 10928],[13880, 10928],[13880, 10920],[13872, 10920],[13872, 10912],[13848, 10912],[13848, 10904],[13808, 10904],[13808, 10912],[13800, 10912],[13800, 10920],[13792, 10920],[13792, 10936],[13784, 10936],[13784, 10944],[13776, 10944],[13776, 10952],[13768, 10952]]]},"properties":{"objectType":"annotation","classification":{"name":"Ignore*","color":[180, 180, 180]},"isLocked":true}},{"type":"Feature","id":"2d8e6107-7649-4ab1-91a8-a87e17dcbb7a","geometry":{"type":"Polygon","coordinates":[[[14912, 11016],[15040, 11096],[15120, 11080],[15168, 10968],[15064, 10824],[15000, 10832],[14912, 11016]]]},"properties":{"objectType":"annotation","classification":{"name":"Tumor","color":[102, 77, 179]}}},{"type":"Feature","id":"7020dd30-da75-4ed2-83df-f6051ace5c16","geometry":{"type":"Polygon","coordinates":[[[10304, 10960],[10304, 10976],[10312, 10976],[10312, 10984],[10328, 10984],[10328, 10992],[10344, 10992],[10344, 11000],[10352, 11000],[10352, 11008],[10368, 11008],[10368, 11016],[10376, 11016],[10376, 11024],[10384, 11024],[10384, 11032],[10392, 11032],[10392, 11040],[10400, 11040],[10400, 11048],[10480, 11048],[10480, 11040],[10536, 11040],[10536, 11048],[10544, 11048],[10544, 11056],[10552, 11056],[10552, 11064],[10560, 11064],[10560, 11072],[10568, 11072],[10568, 11080],[10616, 11080],[10616, 11088],[10632, 11088],[10632, 11080],[10640, 11080],[10640, 11072],[10648, 11072],[10648, 11048],[10640, 11048],[10640, 11032],[10632, 11032],[10632, 11016],[10624, 11016],[10624, 11008],[10616, 11008],[10616, 11000],[10600, 11000],[10600, 10992],[10584, 10992],[10584, 10976],[10576, 10976],[10576, 10968],[10568, 10968],[10568, 10960],[10560, 10960],[10560, 10952],[10544, 10952],[10544, 10944],[10528, 10944],[10528, 10936],[10512, 10936],[10512, 10928],[10496, 10928],[10496, 10920],[10464, 10920],[10464, 10928],[10456, 10928],[10456, 10936],[10440, 10936],[10440, 10944],[10392, 10944],[10392, 10936],[10368, 10936],[10368, 10944],[10328, 10944],[10328, 10952],[10312, 10952],[10312, 10960],[10304, 10960]]]},"properties":{"objectType":"annotation","classification":{"name":"Ignore*","color":[180, 180, 180]},"isLocked":true}},{"type":"Feature","id":"3e0ebcbe-40ec-49eb-a8a7-80f7a48f137b","geometry":{"type":"Polygon","coordinates":[[[15312, 10976],[15312, 11008],[15320, 11008],[15320, 11040],[15328, 11040],[15328, 11064],[15336, 11064],[15336, 11112],[15344, 11112],[15344, 11128],[15352, 11128],[15352, 11136],[15360, 11136],[15360, 11144],[15368, 11144],[15368, 11160],[15376, 11160],[15376, 11168],[15384, 11168],[15384, 11176],[15392, 11176],[15392, 11184],[15400, 11184],[15400, 11176],[15408, 11176],[15408, 11160],[15400, 11160],[15400, 11152],[15408, 11152],[15408, 11080],[15400, 11080],[15400, 11064],[15392, 11064],[15392, 11024],[15384, 11024],[15384, 11000],[15376, 11000],[15376, 10976],[15368, 10976],[15368, 10968],[15328, 10968],[15328, 10976],[15312, 10976]]]},"properties":{"objectType":"annotation","classification":{"name":"Ignore*","color":[180, 180, 180]},"isLocked":true}},{"type":"Feature","id":"77790e8c-b88b-46f7-b83e-e1ca3a4269b7","geometry":{"type":"Polygon","coordinates":[[[10760, 11128],[10760, 11160],[10776, 11160],[10776, 11168],[10784, 11168],[10784, 11176],[10800, 11176],[10800, 11184],[10824, 11184],[10824, 11192],[10832, 11192],[10832, 11184],[10840, 11184],[10840, 11168],[10848, 11168],[10848, 11152],[10856, 11152],[10856, 11136],[10864, 11136],[10864, 11128],[10872, 11128],[10872, 11120],[10880, 11120],[10880, 11096],[10888, 11096],[10888, 11088],[10880, 11088],[10880, 11072],[10856, 11072],[10856, 11064],[10816, 11064],[10816, 11072],[10808, 11072],[10808, 11088],[10800, 11088],[10800, 11096],[10792, 11096],[10792, 11104],[10784, 11104],[10784, 11112],[10776, 11112],[10776, 11120],[10768, 11120],[10768, 11128],[10760, 11128]]]},"properties":{"objectType":"annotation","classification":{"name":"Ignore*","color":[180, 180, 180]},"isLocked":true}},{"type":"Feature","id":"abb50d9f-1c29-4d85-a905-2c8edaf2c511","geometry":{"type":"Polygon","coordinates":[[[12040, 11080],[12048, 11080],[12048, 11096],[12056, 11096],[12056, 11104],[12064, 11104],[12064, 11120],[12072, 11120],[12072, 11136],[12080, 11136],[12080, 11144],[12088, 11144],[12088, 11152],[12096, 11152],[12096, 11160],[12104, 11160],[12104, 11168],[12112, 11168],[12112, 11176],[12144, 11176],[12144, 11184],[12168, 11184],[12168, 11192],[12200, 11192],[12200, 11200],[12224, 11200],[12224, 11208],[12248, 11208],[12248, 11216],[12256, 11216],[12256, 11224],[12264, 11224],[12264, 11232],[12272, 11232],[12272, 11240],[12280, 11240],[12280, 11248],[12296, 11248],[12296, 11256],[12320, 11256],[12320, 11264],[12344, 11264],[12344, 11272],[12376, 11272],[12376, 11264],[12392, 11264],[12392, 11256],[12408, 11256],[12408, 11248],[12416, 11248],[12416, 11240],[12424, 11240],[12424, 11232],[12432, 11232],[12432, 11224],[12440, 11224],[12440, 11208],[12448, 11208],[12448, 11168],[12440, 11168],[12440, 11160],[12432, 11160],[12432, 11152],[12424, 11152],[12424, 11144],[12416, 11144],[12416, 11128],[12408, 11128],[12408, 11112],[12416, 11112],[12416, 11104],[12424, 11104],[12424, 11072],[12416, 11072],[12416, 11064],[12392, 11064],[12392, 11056],[12384, 11056],[12384, 11064],[12368, 11064],[12368, 11096],[12360, 11096],[12360, 11120],[12368, 11120],[12368, 11136],[12376, 11136],[12376, 11144],[12384, 11144],[12384, 11152],[12392, 11152],[12392, 11160],[12400, 11160],[12400, 11176],[12408, 11176],[12408, 11200],[12400, 11200],[12400, 11208],[12392, 11208],[12392, 11216],[12352, 11216],[12352, 11208],[12344, 11208],[12344, 11200],[12336, 11200],[12336, 11192],[12328, 11192],[12328, 11184],[12320, 11184],[12320, 11176],[12328, 11176],[12328, 11168],[12336, 11168],[12336, 11160],[12344, 11160],[12344, 11120],[12336, 11120],[12336, 11112],[12328, 11112],[12328, 11104],[12304, 11104],[12304, 11096],[12248, 11096],[12248, 11088],[12240, 11088],[12240, 11080],[12232, 11080],[12232, 11072],[12224, 11072],[12224, 11064],[12216, 11064],[12216, 11056],[12200, 11056],[12200, 11048],[12192, 11048],[12192, 11040],[12176, 11040],[12176, 11032],[12168, 11032],[12168, 11024],[12152, 11024],[12152, 11016],[12136, 11016],[12136, 11008],[12112, 11008],[12112, 11000],[12064, 11000],[12064, 11008],[12056, 11008],[12056, 11016],[12048, 11016],[12048, 11024],[12040, 11024],[12040, 11080]],[[12232, 11128],[12232, 11120],[12264, 11120],[12264, 11128],[12288, 11128],[12288, 11136],[12296, 11136],[12296, 11152],[12304, 11152],[12304, 11168],[12312, 11168],[12312, 11184],[12304, 11184],[12304, 11192],[12296, 11192],[12296, 11200],[12248, 11200],[12248, 11192],[12240, 11192],[12240, 11184],[12232, 11184],[12232, 11176],[12224, 11176],[12224, 11168],[12216, 11168],[12216, 11128],[12232, 11128]]]},"properties":{"objectType":"annotation","classification":{"name":"Ignore*","color":[180, 180, 180]},"isLocked":true}},{"type":"Feature","id":"fba9e90f-379a-4a81-bbfc-2a5c75b9dad9","geometry":{"type":"Polygon","coordinates":[[[19808, 10896],[19808, 10928],[19816, 10928],[19816, 10944],[19824, 10944],[19824, 10952],[19832, 10952],[19832, 10960],[19840, 10960],[19840, 10968],[19848, 10968],[19848, 10976],[19856, 10976],[19856, 10984],[19864, 10984],[19864, 11000],[19872, 11000],[19872, 11016],[19880, 11016],[19880, 11032],[19888, 11032],[19888, 11040],[19896, 11040],[19896, 11048],[19904, 11048],[19904, 11064],[19912, 11064],[19912, 11080],[19920, 11080],[19920, 11088],[19928, 11088],[19928, 11096],[19952, 11096],[19952, 11104],[19960, 11104],[19960, 11112],[19968, 11112],[19968, 11120],[19976, 11120],[19976, 11128],[19984, 11128],[19984, 11136],[20000, 11136],[20000, 11144],[20008, 11144],[20008, 11152],[20024, 11152],[20024, 11160],[20032, 11160],[20032, 11168],[20048, 11168],[20048, 11176],[20056, 11176],[20056, 11184],[20064, 11184],[20064, 11192],[20080, 11192],[20080, 11200],[20096, 11200],[20096, 11208],[20112, 11208],[20112, 11216],[20128, 11216],[20128, 11224],[20136, 11224],[20136, 11232],[20152, 11232],[20152, 11240],[20160, 11240],[20160, 11248],[20168, 11248],[20168, 11256],[20184, 11256],[20184, 11264],[20192, 11264],[20192, 11272],[20200, 11272],[20200, 11280],[20208, 11280],[20208, 11288],[20256, 11288],[20256, 11296],[20280, 11296],[20280, 11304],[20296, 11304],[20296, 11312],[20312, 11312],[20312, 11320],[20328, 11320],[20328, 11328],[20336, 11328],[20336, 11296],[20344, 11296],[20344, 11264],[20352, 11264],[20352, 11200],[20344, 11200],[20344, 11192],[20328, 11192],[20328, 11200],[20312, 11200],[20312, 11208],[20296, 11208],[20296, 11216],[20288, 11216],[20288, 11224],[20280, 11224],[20280, 11232],[20256, 11232],[20256, 11224],[20240, 11224],[20240, 11216],[20216, 11216],[20216, 11208],[20200, 11208],[20200, 11200],[20192, 11200],[20192, 11192],[20176, 11192],[20176, 11184],[20168, 11184],[20168, 11176],[20160, 11176],[20160, 11168],[20152, 11168],[20152, 11160],[20144, 11160],[20144, 11152],[20136, 11152],[20136, 11136],[20128, 11136],[20128, 11128],[20120, 11128],[20120, 11120],[20104, 11120],[20104, 11112],[20088, 11112],[20088, 11104],[20080, 11104],[20080, 11096],[20072, 11096],[20072, 11088],[20056, 11088],[20056, 11080],[20048, 11080],[20048, 11072],[20032, 11072],[20032, 11064],[20016, 11064],[20016, 11056],[20000, 11056],[20000, 11048],[19984, 11048],[19984, 11040],[19976, 11040],[19976, 11032],[19960, 11032],[19960, 11024],[19952, 11024],[19952, 11016],[19944, 11016],[19944, 11008],[19936, 11008],[19936, 11000],[19920, 11000],[19920, 10992],[19912, 10992],[19912, 10984],[19904, 10984],[19904, 10976],[19896, 10976],[19896, 10968],[19888, 10968],[19888, 10960],[19880, 10960],[19880, 10952],[19872, 10952],[19872, 10936],[19864, 10936],[19864, 10928],[19856, 10928],[19856, 10920],[19848, 10920],[19848, 10912],[19840, 10912],[19840, 10904],[19824, 10904],[19824, 10896],[19808, 10896]]]},"properties":{"objectType":"annotation","classification":{"name":"Ignore*","color":[180, 180, 180]},"isLocked":true}},{"type":"Feature","id":"0d45ffb1-c2d6-49bb-9399-1ab8e2901124","geometry":{"type":"Polygon","coordinates":[[[11408, 11184],[11408, 11216],[11416, 11216],[11416, 11224],[11424, 11224],[11424, 11232],[11440, 11232],[11440, 11240],[11456, 11240],[11456, 11248],[11464, 11248],[11464, 11256],[11472, 11256],[11472, 11272],[11480, 11272],[11480, 11288],[11488, 11288],[11488, 11304],[11496, 11304],[11496, 11312],[11504, 11312],[11504, 11320],[11512, 11320],[11512, 11328],[11536, 11328],[11536, 11336],[11560, 11336],[11560, 11328],[11576, 11328],[11576, 11312],[11584, 11312],[11584, 11288],[11576, 11288],[11576, 11272],[11568, 11272],[11568, 11264],[11560, 11264],[11560, 11248],[11552, 11248],[11552, 11240],[11544, 11240],[11544, 11232],[11528, 11232],[11528, 11224],[11504, 11224],[11504, 11216],[11472, 11216],[11472, 11208],[11464, 11208],[11464, 11200],[11456, 11200],[11456, 11192],[11440, 11192],[11440, 11184],[11408, 11184]]]},"properties":{"objectType":"annotation","classification":{"name":"Ignore*","color":[180, 180, 180]},"isLocked":true}},{"type":"Feature","id":"fe71bae1-aff1-45b9-98d3-7f49ab9771ad","geometry":{"type":"Polygon","coordinates":[[[14720, 11240],[14720, 11296],[14736, 11296],[14736, 11304],[14800, 11304],[14800, 11312],[14808, 11312],[14808, 11328],[14816, 11328],[14816, 11344],[14824, 11344],[14824, 11360],[14840, 11360],[14840, 11368],[14872, 11368],[14872, 11360],[14896, 11360],[14896, 11352],[14904, 11352],[14904, 11344],[14912, 11344],[14912, 11320],[14904, 11320],[14904, 11312],[14896, 11312],[14896, 11304],[14888, 11304],[14888, 11296],[14872, 11296],[14872, 11288],[14816, 11288],[14816, 11280],[14800, 11280],[14800, 11272],[14792, 11272],[14792, 11256],[14784, 11256],[14784, 11248],[14776, 11248],[14776, 11240],[14768, 11240],[14768, 11232],[14728, 11232],[14728, 11240],[14720, 11240]]]},"properties":{"objectType":"annotation","classification":{"name":"Ignore*","color":[180, 180, 180]},"isLocked":true}},{"type":"Feature","id":"3b2c6a1e-5489-4931-9070-210909ebef79","geometry":{"type":"Polygon","coordinates":[[[12008, 11288],[12008, 11304],[12016, 11304],[12016, 11312],[12024, 11312],[12024, 11320],[12032, 11320],[12032, 11328],[12048, 11328],[12048, 11336],[12072, 11336],[12072, 11344],[12096, 11344],[12096, 11352],[12112, 11352],[12112, 11360],[12128, 11360],[12128, 11368],[12136, 11368],[12136, 11376],[12144, 11376],[12144, 11384],[12152, 11384],[12152, 11392],[12168, 11392],[12168, 11400],[12184, 11400],[12184, 11392],[12200, 11392],[12200, 11376],[12208, 11376],[12208, 11368],[12200, 11368],[12200, 11344],[12192, 11344],[12192, 11336],[12184, 11336],[12184, 11312],[12176, 11312],[12176, 11288],[12168, 11288],[12168, 11280],[12160, 11280],[12160, 11272],[12152, 11272],[12152, 11264],[12144, 11264],[12144, 11256],[12136, 11256],[12136, 11248],[12128, 11248],[12128, 11240],[12112, 11240],[12112, 11232],[12088, 11232],[12088, 11240],[12072, 11240],[12072, 11248],[12064, 11248],[12064, 11256],[12048, 11256],[12048, 11264],[12040, 11264],[12040, 11272],[12024, 11272],[12024, 11280],[12016, 11280],[12016, 11288],[12008, 11288]]]},"properties":{"objectType":"annotation","classification":{"name":"Ignore*","color":[180, 180, 180]},"isLocked":true}},{"type":"Feature","id":"81fa5404-72ef-40f5-b27e-80b1950aae08","geometry":{"type":"Polygon","coordinates":[[[19888, 11368],[19888, 11416],[19896, 11416],[19896, 11432],[19904, 11432],[19904, 11440],[19912, 11440],[19912, 11456],[19920, 11456],[19920, 11480],[19928, 11480],[19928, 11504],[19936, 11504],[19936, 11512],[19944, 11512],[19944, 11520],[19952, 11520],[19952, 11528],[19968, 11528],[19968, 11536],[19976, 11536],[19976, 11544],[19984, 11544],[19984, 11552],[19992, 11552],[19992, 11568],[20000, 11568],[20000, 11576],[20008, 11576],[20008, 11592],[20016, 11592],[20016, 11600],[20024, 11600],[20024, 11608],[20032, 11608],[20032, 11616],[20048, 11616],[20048, 11624],[20080, 11624],[20080, 11592],[20072, 11592],[20072, 11528],[20064, 11528],[20064, 11520],[20056, 11520],[20056, 11512],[20040, 11512],[20040, 11504],[20032, 11504],[20032, 11496],[20024, 11496],[20024, 11488],[20016, 11488],[20016, 11480],[20008, 11480],[20008, 11456],[20000, 11456],[20000, 11424],[19992, 11424],[19992, 11416],[19984, 11416],[19984, 11408],[19968, 11408],[19968, 11400],[19952, 11400],[19952, 11392],[19944, 11392],[19944, 11384],[19936, 11384],[19936, 11376],[19928, 11376],[19928, 11368],[19920, 11368],[19920, 11360],[19896, 11360],[19896, 11368],[19888, 11368]]]},"properties":{"objectType":"annotation","classification":{"name":"Ignore*","color":[180, 180, 180]},"isLocked":true}},{"type":"Feature","id":"01497985-cc7e-4c85-b325-85f4645762be","geometry":{"type":"Polygon","coordinates":[[[9856, 11416],[9856, 11456],[9864, 11456],[9864, 11464],[9880, 11464],[9880, 11472],[9896, 11472],[9896, 11480],[9928, 11480],[9928, 11488],[9944, 11488],[9944, 11504],[9952, 11504],[9952, 11512],[9960, 11512],[9960, 11520],[9968, 11520],[9968, 11528],[9976, 11528],[9976, 11536],[9992, 11536],[9992, 11544],[10000, 11544],[10000, 11552],[10008, 11552],[10008, 11560],[10016, 11560],[10016, 11568],[10024, 11568],[10024, 11576],[10032, 11576],[10032, 11584],[10056, 11584],[10056, 11576],[10064, 11576],[10064, 11544],[10056, 11544],[10056, 11528],[10048, 11528],[10048, 11520],[10040, 11520],[10040, 11512],[10032, 11512],[10032, 11504],[10024, 11504],[10024, 11496],[10008, 11496],[10008, 11488],[9984, 11488],[9984, 11480],[9944, 11480],[9944, 11472],[9936, 11472],[9936, 11464],[9928, 11464],[9928, 11448],[9920, 11448],[9920, 11440],[9912, 11440],[9912, 11432],[9904, 11432],[9904, 11424],[9896, 11424],[9896, 11416],[9856, 11416]]]},"properties":{"objectType":"annotation","classification":{"name":"Ignore*","color":[180, 180, 180]},"isLocked":true}},{"type":"Feature","id":"3c9fbcb3-607a-4cdc-8e7e-4f825c0e5874","geometry":{"type":"Polygon","coordinates":[[[12960, 11488],[12960, 11528],[12968, 11528],[12968, 11544],[12976, 11544],[12976, 11552],[13032, 11552],[13032, 11544],[13040, 11544],[13040, 11536],[13056, 11536],[13056, 11528],[13064, 11528],[13064, 11520],[13080, 11520],[13080, 11512],[13120, 11512],[13120, 11520],[13136, 11520],[13136, 11528],[13152, 11528],[13152, 11536],[13168, 11536],[13168, 11544],[13184, 11544],[13184, 11552],[13192, 11552],[13192, 11560],[13200, 11560],[13200, 11568],[13216, 11568],[13216, 11576],[13256, 11576],[13256, 11568],[13264, 11568],[13264, 11520],[13256, 11520],[13256, 11512],[13248, 11512],[13248, 11504],[13240, 11504],[13240, 11496],[13224, 11496],[13224, 11488],[13208, 11488],[13208, 11480],[13184, 11480],[13184, 11472],[13040, 11472],[13040, 11464],[13024, 11464],[13024, 11456],[13008, 11456],[13008, 11448],[13000, 11448],[13000, 11456],[12976, 11456],[12976, 11472],[12968, 11472],[12968, 11488],[12960, 11488]]]},"properties":{"objectType":"annotation","classification":{"name":"Ignore*","color":[180, 180, 180]},"isLocked":true}},{"type":"Feature","id":"3a573aa4-df99-42cd-a3f9-b9c0882b7bd8","geometry":{"type":"Polygon","coordinates":[[[20320, 11696],[20320, 11712],[20328, 11712],[20328, 11728],[20336, 11728],[20336, 11736],[20352, 11736],[20352, 11744],[20384, 11744],[20384, 11736],[20408, 11736],[20408, 11728],[20424, 11728],[20424, 11720],[20448, 11720],[20448, 11712],[20464, 11712],[20464, 11704],[20472, 11704],[20472, 11696],[20480, 11696],[20480, 11680],[20488, 11680],[20488, 11648],[20480, 11648],[20480, 11640],[20472, 11640],[20472, 11632],[20432, 11632],[20432, 11640],[20424, 11640],[20424, 11648],[20416, 11648],[20416, 11656],[20408, 11656],[20408, 11672],[20400, 11672],[20400, 11680],[20384, 11680],[20384, 11688],[20360, 11688],[20360, 11696],[20320, 11696]]]},"properties":{"objectType":"annotation","classification":{"name":"Ignore*","color":[180, 180, 180]},"isLocked":true}},{"type":"Feature","id":"6865c3f3-617f-4060-aeed-c688f0dc2a34","geometry":{"type":"Polygon","coordinates":[[[15640, 11728],[15640, 11752],[15648, 11752],[15648, 11760],[15656, 11760],[15656, 11768],[15664, 11768],[15664, 11776],[15680, 11776],[15680, 11784],[15696, 11784],[15696, 11792],[15704, 11792],[15704, 11800],[15720, 11800],[15720, 11808],[15736, 11808],[15736, 11816],[15760, 11816],[15760, 11824],[15768, 11824],[15768, 11832],[15776, 11832],[15776, 11840],[15784, 11840],[15784, 11848],[15800, 11848],[15800, 11856],[15840, 11856],[15840, 11848],[15864, 11848],[15864, 11856],[15888, 11856],[15888, 11864],[15904, 11864],[15904, 11872],[15920, 11872],[15920, 11880],[15952, 11880],[15952, 11888],[15960, 11888],[15960, 11880],[15992, 11880],[15992, 11872],[16000, 11872],[16000, 11864],[16016, 11864],[16016, 11856],[16024, 11856],[16024, 11840],[16032, 11840],[16032, 11728],[16024, 11728],[16024, 11720],[16016, 11720],[16016, 11712],[16000, 11712],[16000, 11704],[15992, 11704],[15992, 11696],[15976, 11696],[15976, 11688],[15968, 11688],[15968, 11672],[15960, 11672],[15960, 11664],[15952, 11664],[15952, 11656],[15944, 11656],[15944, 11648],[15936, 11648],[15936, 11640],[15928, 11640],[15928, 11632],[15912, 11632],[15912, 11624],[15896, 11624],[15896, 11616],[15880, 11616],[15880, 11608],[15872, 11608],[15872, 11600],[15856, 11600],[15856, 11592],[15832, 11592],[15832, 11584],[15776, 11584],[15776, 11592],[15744, 11592],[15744, 11600],[15736, 11600],[15736, 11608],[15728, 11608],[15728, 11616],[15720, 11616],[15720, 11624],[15712, 11624],[15712, 11632],[15704, 11632],[15704, 11656],[15696, 11656],[15696, 11688],[15688, 11688],[15688, 11696],[15680, 11696],[15680, 11704],[15664, 11704],[15664, 11712],[15648, 11712],[15648, 11728],[15640, 11728]]]},"properties":{"objectType":"annotation","classification":{"name":"Ignore*","color":[180, 180, 180]},"isLocked":true}},{"type":"Feature","id":"9c7cd00f-c157-4a1b-9538-beaca725cd73","geometry":{"type":"Polygon","coordinates":[[[19336, 12040],[19336, 12048],[19344, 12048],[19344, 12064],[19352, 12064],[19352, 12072],[19360, 12072],[19360, 12080],[19376, 12080],[19376, 12088],[19384, 12088],[19384, 12096],[19400, 12096],[19400, 12104],[19432, 12104],[19432, 12112],[19464, 12112],[19464, 12104],[19488, 12104],[19488, 12112],[19544, 12112],[19544, 12104],[19552, 12104],[19552, 12112],[19560, 12112],[19560, 12120],[19568, 12120],[19568, 12128],[19576, 12128],[19576, 12152],[19584, 12152],[19584, 12160],[19592, 12160],[19592, 12168],[19600, 12168],[19600, 12176],[19624, 12176],[19624, 12184],[19648, 12184],[19648, 12192],[19664, 12192],[19664, 12200],[19672, 12200],[19672, 12208],[19688, 12208],[19688, 12216],[19696, 12216],[19696, 12224],[19728, 12224],[19728, 12232],[19752, 12232],[19752, 12224],[19776, 12224],[19776, 12184],[19768, 12184],[19768, 12168],[19760, 12168],[19760, 12152],[19752, 12152],[19752, 12144],[19744, 12144],[19744, 12136],[19736, 12136],[19736, 12128],[19712, 12128],[19712, 12120],[19624, 12120],[19624, 12112],[19600, 12112],[19600, 12104],[19560, 12104],[19560, 12096],[19552, 12096],[19552, 12088],[19544, 12088],[19544, 12080],[19536, 12080],[19536, 12072],[19528, 12072],[19528, 12056],[19520, 12056],[19520, 12048],[19512, 12048],[19512, 12040],[19504, 12040],[19504, 12024],[19496, 12024],[19496, 12008],[19488, 12008],[19488, 12000],[19480, 12000],[19480, 11992],[19472, 11992],[19472, 11984],[19464, 11984],[19464, 11976],[19456, 11976],[19456, 11968],[19448, 11968],[19448, 11960],[19440, 11960],[19440, 11952],[19432, 11952],[19432, 11944],[19416, 11944],[19416, 11936],[19400, 11936],[19400, 11928],[19368, 11928],[19368, 12000],[19376, 12000],[19376, 12016],[19368, 12016],[19368, 12024],[19360, 12024],[19360, 12032],[19344, 12032],[19344, 12040],[19336, 12040]]]},"properties":{"objectType":"annotation","classification":{"name":"Ignore*","color":[180, 180, 180]},"isLocked":true}},{"type":"Feature","id":"68c6360b-989b-41ea-9eab-b00a37a9ab9b","geometry":{"type":"Polygon","coordinates":[[[19080, 12152],[19080, 12168],[19088, 12168],[19088, 12176],[19096, 12176],[19096, 12184],[19104, 12184],[19104, 12192],[19160, 12192],[19160, 12184],[19168, 12184],[19168, 12176],[19176, 12176],[19176, 12152],[19184, 12152],[19184, 12136],[19176, 12136],[19176, 12128],[19168, 12128],[19168, 12120],[19128, 12120],[19128, 12128],[19112, 12128],[19112, 12136],[19096, 12136],[19096, 12144],[19088, 12144],[19088, 12152],[19080, 12152]]]},"properties":{"objectType":"annotation","classification":{"name":"Ignore*","color":[180, 180, 180]},"isLocked":true}},{"type":"Feature","id":"c9240532-2772-4cfe-b659-8acfe53ca663","geometry":{"type":"Polygon","coordinates":[[[17240, 12240],[17240, 12256],[17248, 12256],[17248, 12264],[17256, 12264],[17256, 12280],[17264, 12280],[17264, 12304],[17272, 12304],[17272, 12312],[17280, 12312],[17280, 12320],[17304, 12320],[17304, 12328],[17320, 12328],[17320, 12336],[17328, 12336],[17328, 12352],[17336, 12352],[17336, 12384],[17344, 12384],[17344, 12408],[17352, 12408],[17352, 12416],[17384, 12416],[17384, 12408],[17400, 12408],[17400, 12400],[17408, 12400],[17408, 12376],[17416, 12376],[17416, 12344],[17424, 12344],[17424, 12336],[17504, 12336],[17504, 12344],[17528, 12344],[17528, 12352],[17672, 12352],[17672, 12360],[17680, 12360],[17680, 12368],[17688, 12368],[17688, 12376],[17696, 12376],[17696, 12384],[17704, 12384],[17704, 12392],[17712, 12392],[17712, 12400],[17720, 12400],[17720, 12408],[17736, 12408],[17736, 12416],[17744, 12416],[17744, 12424],[17800, 12424],[17800, 12432],[17808, 12432],[17808, 12440],[17816, 12440],[17816, 12448],[17856, 12448],[17856, 12456],[17872, 12456],[17872, 12464],[17888, 12464],[17888, 12472],[17928, 12472],[17928, 12464],[17936, 12464],[17936, 12424],[17928, 12424],[17928, 12416],[17920, 12416],[17920, 12408],[17912, 12408],[17912, 12400],[17904, 12400],[17904, 12392],[17888, 12392],[17888, 12384],[17880, 12384],[17880, 12368],[17872, 12368],[17872, 12352],[17880, 12352],[17880, 12344],[17888, 12344],[17888, 12336],[17896, 12336],[17896, 12328],[17912, 12328],[17912, 12320],[17920, 12320],[17920, 12280],[17912, 12280],[17912, 12272],[17848, 12272],[17848, 12280],[17744, 12280],[17744, 12272],[17704, 12272],[17704, 12280],[17672, 12280],[17672, 12272],[17640, 12272],[17640, 12264],[17624, 12264],[17624, 12256],[17608, 12256],[17608, 12248],[17552, 12248],[17552, 12256],[17480, 12256],[17480, 12264],[17432, 12264],[17432, 12256],[17392, 12256],[17392, 12248],[17352, 12248],[17352, 12256],[17312, 12256],[17312, 12248],[17288, 12248],[17288, 12240],[17240, 12240]]]},"properties":{"objectType":"annotation","classification":{"name":"Ignore*","color":[180, 180, 180]},"isLocked":true}},{"type":"Feature","id":"03ff1544-ca34-431d-a4e8-f4be4af04755","geometry":{"type":"Polygon","coordinates":[[[17848, 12504],[17848, 12528],[17856, 12528],[17856, 12544],[17864, 12544],[17864, 12552],[17872, 12552],[17872, 12560],[17888, 12560],[17888, 12568],[17904, 12568],[17904, 12576],[17944, 12576],[17944, 12568],[17952, 12568],[17952, 12560],[17960, 12560],[17960, 12536],[17968, 12536],[17968, 12528],[17960, 12528],[17960, 12496],[17952, 12496],[17952, 12488],[17920, 12488],[17920, 12496],[17896, 12496],[17896, 12488],[17864, 12488],[17864, 12496],[17856, 12496],[17856, 12504],[17848, 12504]]]},"properties":{"objectType":"annotation","classification":{"name":"Ignore*","color":[180, 180, 180]},"isLocked":true}},{"type":"Feature","id":"b9670432-e45e-45df-9373-c1e64f32376b","geometry":{"type":"Polygon","coordinates":[[[21080, 12728],[21080, 12744],[21088, 12744],[21088, 12752],[21104, 12752],[21104, 12760],[21112, 12760],[21112, 12768],[21128, 12768],[21128, 12776],[21136, 12776],[21136, 12784],[21152, 12784],[21152, 12792],[21176, 12792],[21176, 12784],[21192, 12784],[21192, 12752],[21184, 12752],[21184, 12736],[21176, 12736],[21176, 12728],[21168, 12728],[21168, 12720],[21152, 12720],[21152, 12712],[21128, 12712],[21128, 12704],[21112, 12704],[21112, 12712],[21096, 12712],[21096, 12720],[21088, 12720],[21088, 12728],[21080, 12728]]]},"properties":{"objectType":"annotation","classification":{"name":"Ignore*","color":[180, 180, 180]},"isLocked":true}},{"type":"Feature","id":"8739aa38-f9da-4677-8b78-764a51493276","geometry":{"type":"Polygon","coordinates":[[[21728, 13056],[21728, 13080],[21808, 13080],[21808, 13072],[21824, 13072],[21824, 13056],[21832, 13056],[21832, 13048],[21840, 13048],[21840, 13040],[21848, 13040],[21848, 13032],[21856, 13032],[21856, 13016],[21864, 13016],[21864, 12984],[21856, 12984],[21856, 12920],[21864, 12920],[21864, 12888],[21856, 12888],[21856, 12880],[21840, 12880],[21840, 12888],[21824, 12888],[21824, 12896],[21816, 12896],[21816, 12912],[21808, 12912],[21808, 12920],[21800, 12920],[21800, 12928],[21792, 12928],[21792, 12944],[21784, 12944],[21784, 12952],[21776, 12952],[21776, 12976],[21768, 12976],[21768, 12992],[21760, 12992],[21760, 13008],[21752, 13008],[21752, 13024],[21744, 13024],[21744, 13040],[21736, 13040],[21736, 13056],[21728, 13056]]]},"properties":{"objectType":"annotation","classification":{"name":"Ignore*","color":[180, 180, 180]},"isLocked":true}},{"type":"Feature","id":"f0c088e3-d74d-4edd-aa8a-36b96ba1e5d7","geometry":{"type":"Polygon","coordinates":[[[19256, 12984],[19256, 13008],[19272, 13008],[19272, 13016],[19288, 13016],[19288, 13024],[19304, 13024],[19304, 13032],[19320, 13032],[19320, 13040],[19392, 13040],[19392, 13048],[19408, 13048],[19408, 13056],[19424, 13056],[19424, 13064],[19440, 13064],[19440, 13072],[19472, 13072],[19472, 13080],[19496, 13080],[19496, 13088],[19512, 13088],[19512, 13096],[19536, 13096],[19536, 13104],[19552, 13104],[19552, 13112],[19560, 13112],[19560, 13120],[19568, 13120],[19568, 13128],[19576, 13128],[19576, 13144],[19584, 13144],[19584, 13160],[19576, 13160],[19576, 13168],[19568, 13168],[19568, 13176],[19560, 13176],[19560, 13192],[19552, 13192],[19552, 13200],[19544, 13200],[19544, 13216],[19536, 13216],[19536, 13224],[19528, 13224],[19528, 13240],[19520, 13240],[19520, 13264],[19528, 13264],[19528, 13288],[19536, 13288],[19536, 13312],[19544, 13312],[19544, 13328],[19552, 13328],[19552, 13336],[19560, 13336],[19560, 13344],[19600, 13344],[19600, 13312],[19592, 13312],[19592, 13280],[19600, 13280],[19600, 13264],[19616, 13264],[19616, 13256],[19624, 13256],[19624, 13240],[19632, 13240],[19632, 13192],[19624, 13192],[19624, 13168],[19616, 13168],[19616, 13144],[19624, 13144],[19624, 13136],[19632, 13136],[19632, 13128],[19640, 13128],[19640, 13096],[19632, 13096],[19632, 13088],[19624, 13088],[19624, 13080],[19616, 13080],[19616, 13072],[19592, 13072],[19592, 13064],[19560, 13064],[19560, 13056],[19544, 13056],[19544, 13048],[19528, 13048],[19528, 13040],[19512, 13040],[19512, 13032],[19496, 13032],[19496, 13024],[19480, 13024],[19480, 13016],[19464, 13016],[19464, 13008],[19440, 13008],[19440, 13000],[19416, 13000],[19416, 12992],[19400, 12992],[19400, 12984],[19384, 12984],[19384, 12976],[19368, 12976],[19368, 12968],[19344, 12968],[19344, 12960],[19312, 12960],[19312, 12952],[19280, 12952],[19280, 12960],[19272, 12960],[19272, 12968],[19264, 12968],[19264, 12984],[19256, 12984]]]},"properties":{"objectType":"annotation","classification":{"name":"Ignore*","color":[180, 180, 180]},"isLocked":true}},{"type":"Feature","id":"299eea1a-d1b1-4a32-a8b9-d3da039b755c","geometry":{"type":"Polygon","coordinates":[[[21584, 13088],[21584, 13112],[21592, 13112],[21592, 13120],[21600, 13120],[21600, 13128],[21608, 13128],[21608, 13136],[21616, 13136],[21616, 13144],[21624, 13144],[21624, 13152],[21632, 13152],[21632, 13160],[21640, 13160],[21640, 13168],[21648, 13168],[21648, 13176],[21656, 13176],[21656, 13192],[21664, 13192],[21664, 13200],[21672, 13200],[21672, 13208],[21680, 13208],[21680, 13216],[21688, 13216],[21688, 13224],[21704, 13224],[21704, 13232],[21712, 13232],[21712, 13240],[21720, 13240],[21720, 13248],[21728, 13248],[21728, 13264],[21736, 13264],[21736, 13272],[21744, 13272],[21744, 13280],[21752, 13280],[21752, 13288],[21760, 13288],[21760, 13296],[21768, 13296],[21768, 13312],[21776, 13312],[21776, 13320],[21784, 13320],[21784, 13328],[21792, 13328],[21792, 13336],[21800, 13336],[21800, 13344],[21808, 13344],[21808, 13352],[21824, 13352],[21824, 13360],[21832, 13360],[21832, 13368],[21840, 13368],[21840, 13376],[21848, 13376],[21848, 13384],[21856, 13384],[21856, 13400],[21864, 13400],[21864, 13408],[21872, 13408],[21872, 13416],[21880, 13416],[21880, 13424],[21888, 13424],[21888, 13440],[21896, 13440],[21896, 13464],[21904, 13464],[21904, 13480],[21912, 13480],[21912, 13488],[21920, 13488],[21920, 13496],[21928, 13496],[21928, 13504],[21936, 13504],[21936, 13512],[21944, 13512],[21944, 13520],[21952, 13520],[21952, 13528],[21960, 13528],[21960, 13536],[21968, 13536],[21968, 13544],[21976, 13544],[21976, 13552],[21984, 13552],[21984, 13560],[21992, 13560],[21992, 13568],[22000, 13568],[22000, 13584],[22008, 13584],[22008, 13592],[22016, 13592],[22016, 13600],[22024, 13600],[22024, 13608],[22032, 13608],[22032, 13616],[22040, 13616],[22040, 13632],[22048, 13632],[22048, 13640],[22056, 13640],[22056, 13648],[22064, 13648],[22064, 13656],[22080, 13656],[22080, 13664],[22088, 13664],[22088, 13672],[22096, 13672],[22096, 13688],[22104, 13688],[22104, 13696],[22112, 13696],[22112, 13704],[22120, 13704],[22120, 13712],[22128, 13712],[22128, 13720],[22136, 13720],[22136, 13728],[22144, 13728],[22144, 13736],[22160, 13736],[22160, 13744],[22176, 13744],[22176, 13752],[22216, 13752],[22216, 13728],[22208, 13728],[22208, 13712],[22200, 13712],[22200, 13696],[22192, 13696],[22192, 13688],[22184, 13688],[22184, 13664],[22176, 13664],[22176, 13648],[22168, 13648],[22168, 13640],[22160, 13640],[22160, 13632],[22152, 13632],[22152, 13624],[22144, 13624],[22144, 13616],[22136, 13616],[22136, 13608],[22128, 13608],[22128, 13600],[22120, 13600],[22120, 13592],[22112, 13592],[22112, 13584],[22104, 13584],[22104, 13576],[22096, 13576],[22096, 13568],[22088, 13568],[22088, 13560],[22080, 13560],[22080, 13544],[22072, 13544],[22072, 13528],[22064, 13528],[22064, 13512],[22056, 13512],[22056, 13504],[22048, 13504],[22048, 13496],[22040, 13496],[22040, 13488],[22032, 13488],[22032, 13480],[22024, 13480],[22024, 13464],[22016, 13464],[22016, 13456],[22008, 13456],[22008, 13448],[22000, 13448],[22000, 13440],[21992, 13440],[21992, 13432],[21984, 13432],[21984, 13424],[21976, 13424],[21976, 13416],[21968, 13416],[21968, 13408],[21960, 13408],[21960, 13400],[21952, 13400],[21952, 13392],[21944, 13392],[21944, 13384],[21936, 13384],[21936, 13376],[21928, 13376],[21928, 13368],[21920, 13368],[21920, 13360],[21912, 13360],[21912, 13344],[21904, 13344],[21904, 13336],[21896, 13336],[21896, 13328],[21888, 13328],[21888, 13312],[21880, 13312],[21880, 13304],[21864, 13304],[21864, 13296],[21856, 13296],[21856, 13288],[21848, 13288],[21848, 13280],[21840, 13280],[21840, 13272],[21832, 13272],[21832, 13264],[21824, 13264],[21824, 13256],[21816, 13256],[21816, 13248],[21808, 13248],[21808, 13240],[21800, 13240],[21800, 13232],[21792, 13232],[21792, 13224],[21784, 13224],[21784, 13216],[21776, 13216],[21776, 13208],[21768, 13208],[21768, 13200],[21760, 13200],[21760, 13192],[21752, 13192],[21752, 13184],[21744, 13184],[21744, 13176],[21736, 13176],[21736, 13168],[21728, 13168],[21728, 13160],[21720, 13160],[21720, 13152],[21712, 13152],[21712, 13136],[21704, 13136],[21704, 13128],[21688, 13128],[21688, 13120],[21680, 13120],[21680, 13112],[21672, 13112],[21672, 13104],[21664, 13104],[21664, 13096],[21656, 13096],[21656, 13088],[21648, 13088],[21648, 13080],[21624, 13080],[21624, 13072],[21600, 13072],[21600, 13080],[21592, 13080],[21592, 13088],[21584, 13088]]]},"properties":{"objectType":"annotation","classification":{"name":"Ignore*","color":[180, 180, 180]},"isLocked":true}},{"type":"Feature","id":"9769ceae-139b-4705-b515-fd7ab0ec7fc9","geometry":{"type":"Polygon","coordinates":[[[22360, 13480],[22360, 13504],[22368, 13504],[22368, 13520],[22384, 13520],[22384, 13528],[22408, 13528],[22408, 13536],[22480, 13536],[22480, 13544],[22496, 13544],[22496, 13552],[22512, 13552],[22512, 13560],[22520, 13560],[22520, 13568],[22528, 13568],[22528, 13576],[22544, 13576],[22544, 13584],[22552, 13584],[22552, 13592],[22560, 13592],[22560, 13600],[22616, 13600],[22616, 13568],[22608, 13568],[22608, 13552],[22592, 13552],[22592, 13544],[22584, 13544],[22584, 13536],[22576, 13536],[22576, 13528],[22568, 13528],[22568, 13512],[22560, 13512],[22560, 13504],[22552, 13504],[22552, 13496],[22544, 13496],[22544, 13488],[22528, 13488],[22528, 13480],[22512, 13480],[22512, 13472],[22472, 13472],[22472, 13464],[22456, 13464],[22456, 13456],[22392, 13456],[22392, 13464],[22376, 13464],[22376, 13472],[22368, 13472],[22368, 13480],[22360, 13480]]]},"properties":{"objectType":"annotation","classification":{"name":"Ignore*","color":[180, 180, 180]},"isLocked":true}},{"type":"Feature","id":"23b6e455-56b5-4030-8c48-8dc983658583","geometry":{"type":"Polygon","coordinates":[[[20168, 13552],[20168, 13576],[20176, 13576],[20176, 13584],[20184, 13584],[20184, 13592],[20200, 13592],[20200, 13600],[20232, 13600],[20232, 13592],[20248, 13592],[20248, 13584],[20256, 13584],[20256, 13576],[20264, 13576],[20264, 13568],[20272, 13568],[20272, 13560],[20288, 13560],[20288, 13552],[20296, 13552],[20296, 13544],[20304, 13544],[20304, 13504],[20296, 13504],[20296, 13496],[20288, 13496],[20288, 13488],[20232, 13488],[20232, 13496],[20224, 13496],[20224, 13504],[20216, 13504],[20216, 13512],[20208, 13512],[20208, 13520],[20200, 13520],[20200, 13528],[20192, 13528],[20192, 13536],[20184, 13536],[20184, 13544],[20176, 13544],[20176, 13552],[20168, 13552]]]},"properties":{"objectType":"annotation","classification":{"name":"Ignore*","color":[180, 180, 180]},"isLocked":true}},{"type":"Feature","id":"1b3a66e5-0ec8-437c-b093-53f53a8e1b3a","geometry":{"type":"Polygon","coordinates":[[[22680, 13464],[22680, 13520],[22688, 13520],[22688, 13536],[22696, 13536],[22696, 13560],[22704, 13560],[22704, 13584],[22712, 13584],[22712, 13616],[22720, 13616],[22720, 13624],[22728, 13624],[22728, 13632],[22744, 13632],[22744, 13640],[22776, 13640],[22776, 13632],[22792, 13632],[22792, 13640],[22832, 13640],[22832, 13632],[22840, 13632],[22840, 13624],[22848, 13624],[22848, 13616],[22864, 13616],[22864, 13608],[22872, 13608],[22872, 13600],[22880, 13600],[22880, 13576],[22872, 13576],[22872, 13568],[22864, 13568],[22864, 13560],[22856, 13560],[22856, 13552],[22848, 13552],[22848, 13536],[22840, 13536],[22840, 13528],[22832, 13528],[22832, 13512],[22824, 13512],[22824, 13496],[22816, 13496],[22816, 13488],[22808, 13488],[22808, 13480],[22800, 13480],[22800, 13472],[22784, 13472],[22784, 13464],[22776, 13464],[22776, 13456],[22768, 13456],[22768, 13448],[22752, 13448],[22752, 13440],[22704, 13440],[22704, 13448],[22696, 13448],[22696, 13456],[22688, 13456],[22688, 13464],[22680, 13464]]]},"properties":{"objectType":"annotation","classification":{"name":"Ignore*","color":[180, 180, 180]},"isLocked":true}},{"type":"Feature","id":"121983eb-5dec-403d-a260-b1b8c209ac80","geometry":{"type":"Polygon","coordinates":[[[22904, 13600],[22904, 13640],[22912, 13640],[22912, 13664],[22904, 13664],[22904, 13704],[22912, 13704],[22912, 13712],[22920, 13712],[22920, 13720],[22960, 13720],[22960, 13712],[22976, 13712],[22976, 13704],[23032, 13704],[23032, 13696],[23040, 13696],[23040, 13688],[23032, 13688],[23032, 13672],[23024, 13672],[23024, 13664],[23008, 13664],[23008, 13656],[23000, 13656],[23000, 13648],[22992, 13648],[22992, 13640],[22984, 13640],[22984, 13608],[22976, 13608],[22976, 13592],[22968, 13592],[22968, 13584],[22952, 13584],[22952, 13576],[22928, 13576],[22928, 13584],[22912, 13584],[22912, 13600],[22904, 13600]]]},"properties":{"objectType":"annotation","classification":{"name":"Ignore*","color":[180, 180, 180]},"isLocked":true}},{"type":"Feature","id":"37a10213-1025-4827-90d9-1a0def330e75","geometry":{"type":"Polygon","coordinates":[[[22968, 13776],[22968, 13824],[22976, 13824],[22976, 13832],[22984, 13832],[22984, 13840],[23024, 13840],[23024, 13832],[23048, 13832],[23048, 13824],[23064, 13824],[23064, 13816],[23072, 13816],[23072, 13800],[23112, 13800],[23112, 13792],[23136, 13792],[23136, 13752],[23128, 13752],[23128, 13736],[23120, 13736],[23120, 13728],[23112, 13728],[23112, 13720],[23080, 13720],[23080, 13728],[23072, 13728],[23072, 13760],[23064, 13760],[23064, 13768],[23048, 13768],[23048, 13760],[22992, 13760],[22992, 13768],[22976, 13768],[22976, 13776],[22968, 13776]]]},"properties":{"objectType":"annotation","classification":{"name":"Ignore*","color":[180, 180, 180]},"isLocked":true}},{"type":"Feature","id":"3974ae98-1b70-4c6f-bed8-ec49eb33f402","geometry":{"type":"Polygon","coordinates":[[[23176, 13888],[23176, 13920],[23184, 13920],[23184, 13928],[23208, 13928],[23208, 13936],[23232, 13936],[23232, 13944],[23248, 13944],[23248, 13952],[23264, 13952],[23264, 13960],[23288, 13960],[23288, 13952],[23296, 13952],[23296, 13928],[23288, 13928],[23288, 13920],[23280, 13920],[23280, 13912],[23272, 13912],[23272, 13904],[23264, 13904],[23264, 13896],[23256, 13896],[23256, 13880],[23240, 13880],[23240, 13872],[23200, 13872],[23200, 13880],[23184, 13880],[23184, 13888],[23176, 13888]]]},"properties":{"objectType":"annotation","classification":{"name":"Ignore*","color":[180, 180, 180]},"isLocked":true}},{"type":"Feature","id":"9ce9773e-7f9b-4d97-944b-2ed0d065cc3b","geometry":{"type":"Polygon","coordinates":[[[22392, 13896],[22392, 13920],[22400, 13920],[22400, 13928],[22408, 13928],[22408, 13936],[22416, 13936],[22416, 13944],[22424, 13944],[22424, 13952],[22448, 13952],[22448, 13960],[22472, 13960],[22472, 13952],[22488, 13952],[22488, 13944],[22496, 13944],[22496, 13928],[22504, 13928],[22504, 13920],[22512, 13920],[22512, 13896],[22456, 13896],[22456, 13888],[22432, 13888],[22432, 13880],[22400, 13880],[22400, 13896],[22392, 13896]]]},"properties":{"objectType":"annotation","classification":{"name":"Ignore*","color":[180, 180, 180]},"isLocked":true}},{"type":"Feature","id":"dfb448db-8c73-4c84-9e1a-19ffb74774ed","geometry":{"type":"Polygon","coordinates":[[[22944, 14040],[22944, 14072],[22952, 14072],[22952, 14088],[22960, 14088],[22960, 14096],[22976, 14096],[22976, 14104],[23008, 14104],[23008, 14096],[23024, 14096],[23024, 14088],[23064, 14088],[23064, 14080],[23088, 14080],[23088, 14072],[23136, 14072],[23136, 14080],[23168, 14080],[23168, 14088],[23184, 14088],[23184, 14096],[23200, 14096],[23200, 14104],[23216, 14104],[23216, 14112],[23224, 14112],[23224, 14120],[23240, 14120],[23240, 14128],[23256, 14128],[23256, 14136],[23272, 14136],[23272, 14144],[23288, 14144],[23288, 14152],[23296, 14152],[23296, 14160],[23312, 14160],[23312, 14168],[23320, 14168],[23320, 14176],[23328, 14176],[23328, 14184],[23344, 14184],[23344, 14192],[23352, 14192],[23352, 14200],[23368, 14200],[23368, 14208],[23384, 14208],[23384, 14216],[23408, 14216],[23408, 14224],[23424, 14224],[23424, 14232],[23456, 14232],[23456, 14216],[23448, 14216],[23448, 14200],[23440, 14200],[23440, 14192],[23432, 14192],[23432, 14184],[23424, 14184],[23424, 14176],[23416, 14176],[23416, 14168],[23408, 14168],[23408, 14160],[23400, 14160],[23400, 14152],[23392, 14152],[23392, 14144],[23376, 14144],[23376, 14136],[23368, 14136],[23368, 14128],[23352, 14128],[23352, 14120],[23344, 14120],[23344, 14112],[23336, 14112],[23336, 14104],[23320, 14104],[23320, 14096],[23304, 14096],[23304, 14088],[23288, 14088],[23288, 14080],[23272, 14080],[23272, 14072],[23256, 14072],[23256, 14064],[23240, 14064],[23240, 14056],[23224, 14056],[23224, 14048],[23208, 14048],[23208, 14040],[23200, 14040],[23200, 14032],[23184, 14032],[23184, 14024],[23176, 14024],[23176, 14016],[23160, 14016],[23160, 14008],[23144, 14008],[23144, 14000],[23136, 14000],[23136, 13992],[23120, 13992],[23120, 13984],[23112, 13984],[23112, 13976],[23088, 13976],[23088, 13968],[23072, 13968],[23072, 13976],[23056, 13976],[23056, 13984],[23048, 13984],[23048, 13992],[23040, 13992],[23040, 14000],[23024, 14000],[23024, 14008],[22976, 14008],[22976, 14000],[22968, 14000],[22968, 14008],[22952, 14008],[22952, 14040],[22944, 14040]]]},"properties":{"objectType":"annotation","classification":{"name":"Ignore*","color":[180, 180, 180]},"isLocked":true}},{"type":"Feature","id":"74f407ce-2e58-4340-9e03-1fd0e4097caf","geometry":{"type":"Polygon","coordinates":[[[18880, 14368],[18880, 14376],[18888, 14376],[18888, 14416],[18896, 14416],[18896, 14432],[18912, 14432],[18912, 14440],[18944, 14440],[18944, 14432],[18960, 14432],[18960, 14424],[18984, 14424],[18984, 14416],[19000, 14416],[19000, 14408],[19008, 14408],[19008, 14400],[19016, 14400],[19016, 14392],[19008, 14392],[19008, 14376],[19000, 14376],[19000, 14360],[18992, 14360],[18992, 14352],[18984, 14352],[18984, 14344],[18912, 14344],[18912, 14352],[18888, 14352],[18888, 14368],[18880, 14368]]]},"properties":{"objectType":"annotation","classification":{"name":"Ignore*","color":[180, 180, 180]},"isLocked":true}},{"type":"Feature","id":"25ab6ca8-a217-4a9e-994a-c3dd8fbcccf8","geometry":{"type":"Polygon","coordinates":[[[18424, 14416],[18424, 14456],[18432, 14456],[18432, 14472],[18440, 14472],[18440, 14488],[18448, 14488],[18448, 14504],[18456, 14504],[18456, 14520],[18464, 14520],[18464, 14528],[18472, 14528],[18472, 14536],[18496, 14536],[18496, 14528],[18504, 14528],[18504, 14520],[18512, 14520],[18512, 14504],[18520, 14504],[18520, 14488],[18528, 14488],[18528, 14472],[18536, 14472],[18536, 14464],[18544, 14464],[18544, 14456],[18568, 14456],[18568, 14464],[18584, 14464],[18584, 14472],[18600, 14472],[18600, 14480],[18616, 14480],[18616, 14488],[18624, 14488],[18624, 14496],[18632, 14496],[18632, 14512],[18672, 14512],[18672, 14504],[18680, 14504],[18680, 14496],[18696, 14496],[18696, 14488],[18704, 14488],[18704, 14472],[18712, 14472],[18712, 14448],[18704, 14448],[18704, 14432],[18696, 14432],[18696, 14424],[18688, 14424],[18688, 14416],[18672, 14416],[18672, 14408],[18608, 14408],[18608, 14416],[18576, 14416],[18576, 14424],[18552, 14424],[18552, 14416],[18536, 14416],[18536, 14408],[18528, 14408],[18528, 14400],[18520, 14400],[18520, 14392],[18456, 14392],[18456, 14400],[18440, 14400],[18440, 14408],[18432, 14408],[18432, 14416],[18424, 14416]]]},"properties":{"objectType":"annotation","classification":{"name":"Ignore*","color":[180, 180, 180]},"isLocked":true}},{"type":"Feature","id":"caf1b117-9d14-4f3e-811c-d3e8a1994d57","geometry":{"type":"Polygon","coordinates":[[[22048, 14472],[22048, 14512],[22056, 14512],[22056, 14520],[22064, 14520],[22064, 14536],[22072, 14536],[22072, 14544],[22080, 14544],[22080, 14552],[22096, 14552],[22096, 14560],[22120, 14560],[22120, 14552],[22136, 14552],[22136, 14544],[22144, 14544],[22144, 14536],[22160, 14536],[22160, 14520],[22168, 14520],[22168, 14512],[22160, 14512],[22160, 14496],[22152, 14496],[22152, 14488],[22136, 14488],[22136, 14480],[22120, 14480],[22120, 14472],[22096, 14472],[22096, 14464],[22056, 14464],[22056, 14472],[22048, 14472]]]},"properties":{"objectType":"annotation","classification":{"name":"Ignore*","color":[180, 180, 180]},"isLocked":true}},{"type":"Feature","id":"d5a676f0-27e9-474d-aac3-0d8d24d00495","geometry":{"type":"Polygon","coordinates":[[[19192, 14584],[19192, 14608],[19200, 14608],[19200, 14624],[19208, 14624],[19208, 14640],[19216, 14640],[19216, 14680],[19224, 14680],[19224, 14696],[19288, 14696],[19288, 14688],[19312, 14688],[19312, 14680],[19328, 14680],[19328, 14672],[19352, 14672],[19352, 14664],[19392, 14664],[19392, 14672],[19424, 14672],[19424, 14664],[19480, 14664],[19480, 14672],[19512, 14672],[19512, 14680],[19560, 14680],[19560, 14672],[19624, 14672],[19624, 14664],[19640, 14664],[19640, 14656],[19696, 14656],[19696, 14648],[19704, 14648],[19704, 14632],[19712, 14632],[19712, 14608],[19704, 14608],[19704, 14592],[19672, 14592],[19672, 14600],[19656, 14600],[19656, 14608],[19640, 14608],[19640, 14616],[19624, 14616],[19624, 14624],[19600, 14624],[19600, 14632],[19520, 14632],[19520, 14624],[19496, 14624],[19496, 14632],[19464, 14632],[19464, 14640],[19448, 14640],[19448, 14632],[19432, 14632],[19432, 14624],[19424, 14624],[19424, 14616],[19416, 14616],[19416, 14608],[19400, 14608],[19400, 14600],[19352, 14600],[19352, 14592],[19328, 14592],[19328, 14584],[19312, 14584],[19312, 14576],[19288, 14576],[19288, 14568],[19232, 14568],[19232, 14576],[19200, 14576],[19200, 14584],[19192, 14584]]]},"properties":{"objectType":"annotation","classification":{"name":"Ignore*","color":[180, 180, 180]},"isLocked":true}},{"type":"Feature","id":"702597a8-4c0c-43e2-a8ce-f251089dbecf","geometry":{"type":"Polygon","coordinates":[[[19976, 14624],[19976, 14648],[19984, 14648],[19984, 14664],[19992, 14664],[19992, 14680],[20000, 14680],[20000, 14688],[20008, 14688],[20008, 14696],[20016, 14696],[20016, 14704],[20024, 14704],[20024, 14728],[20032, 14728],[20032, 14744],[20040, 14744],[20040, 14752],[20048, 14752],[20048, 14760],[20056, 14760],[20056, 14768],[20080, 14768],[20080, 14760],[20088, 14760],[20088, 14744],[20096, 14744],[20096, 14720],[20088, 14720],[20088, 14704],[20080, 14704],[20080, 14688],[20072, 14688],[20072, 14672],[20064, 14672],[20064, 14656],[20056, 14656],[20056, 14640],[20048, 14640],[20048, 14632],[20040, 14632],[20040, 14616],[20032, 14616],[20032, 14600],[20024, 14600],[20024, 14576],[20016, 14576],[20016, 14568],[20000, 14568],[20000, 14608],[19992, 14608],[19992, 14616],[19984, 14616],[19984, 14624],[19976, 14624]]]},"properties":{"objectType":"annotation","classification":{"name":"Ignore*","color":[180, 180, 180]},"isLocked":true}},{"type":"Feature","id":"98b1bbdf-7680-4208-9b32-f1b529ea0f41","geometry":{"type":"Polygon","coordinates":[[[19392, 14728],[19392, 14768],[19400, 14768],[19400, 14776],[19408, 14776],[19408, 14784],[19424, 14784],[19424, 14792],[19440, 14792],[19440, 14800],[19480, 14800],[19480, 14792],[19496, 14792],[19496, 14784],[19504, 14784],[19504, 14744],[19496, 14744],[19496, 14728],[19488, 14728],[19488, 14720],[19480, 14720],[19480, 14712],[19408, 14712],[19408, 14720],[19400, 14720],[19400, 14728],[19392, 14728]]]},"properties":{"objectType":"annotation","classification":{"name":"Ignore*","color":[180, 180, 180]},"isLocked":true}},{"type":"Feature","id":"7881e997-c8e6-40db-b131-f2447e924e80","geometry":{"type":"Polygon","coordinates":[[[20192, 14712],[20192, 14720],[20200, 14720],[20200, 14752],[20208, 14752],[20208, 14768],[20216, 14768],[20216, 14792],[20224, 14792],[20224, 14808],[20232, 14808],[20232, 14824],[20240, 14824],[20240, 14832],[20256, 14832],[20256, 14840],[20272, 14840],[20272, 14848],[20288, 14848],[20288, 14840],[20296, 14840],[20296, 14832],[20304, 14832],[20304, 14824],[20312, 14824],[20312, 14808],[20320, 14808],[20320, 14784],[20312, 14784],[20312, 14768],[20304, 14768],[20304, 14760],[20288, 14760],[20288, 14752],[20280, 14752],[20280, 14736],[20272, 14736],[20272, 14712],[20264, 14712],[20264, 14704],[20256, 14704],[20256, 14688],[20248, 14688],[20248, 14680],[20232, 14680],[20232, 14672],[20216, 14672],[20216, 14680],[20208, 14680],[20208, 14688],[20200, 14688],[20200, 14712],[20192, 14712]]]},"properties":{"objectType":"annotation","classification":{"name":"Ignore*","color":[180, 180, 180]},"isLocked":true}},{"type":"Feature","id":"68ca2086-a139-4de9-a0aa-5d9ff559bf44","geometry":{"type":"Polygon","coordinates":[[[22184, 14440],[22184, 14456],[22192, 14456],[22192, 14472],[22200, 14472],[22200, 14488],[22208, 14488],[22208, 14496],[22216, 14496],[22216, 14512],[22224, 14512],[22224, 14520],[22232, 14520],[22232, 14528],[22240, 14528],[22240, 14536],[22248, 14536],[22248, 14552],[22256, 14552],[22256, 14560],[22264, 14560],[22264, 14576],[22272, 14576],[22272, 14584],[22280, 14584],[22280, 14592],[22296, 14592],[22296, 14600],[22304, 14600],[22304, 14608],[22312, 14608],[22312, 14616],[22328, 14616],[22328, 14624],[22336, 14624],[22336, 14632],[22344, 14632],[22344, 14640],[22352, 14640],[22352, 14648],[22360, 14648],[22360, 14664],[22368, 14664],[22368, 14672],[22376, 14672],[22376, 14680],[22384, 14680],[22384, 14688],[22392, 14688],[22392, 14696],[22408, 14696],[22408, 14704],[22416, 14704],[22416, 14712],[22432, 14712],[22432, 14720],[22440, 14720],[22440, 14728],[22448, 14728],[22448, 14736],[22464, 14736],[22464, 14744],[22480, 14744],[22480, 14752],[22496, 14752],[22496, 14760],[22512, 14760],[22512, 14768],[22520, 14768],[22520, 14776],[22536, 14776],[22536, 14784],[22552, 14784],[22552, 14792],[22560, 14792],[22560, 14800],[22576, 14800],[22576, 14808],[22584, 14808],[22584, 14816],[22592, 14816],[22592, 14824],[22600, 14824],[22600, 14832],[22608, 14832],[22608, 14840],[22616, 14840],[22616, 14848],[22624, 14848],[22624, 14856],[22632, 14856],[22632, 14864],[22640, 14864],[22640, 14872],[22656, 14872],[22656, 14880],[22672, 14880],[22672, 14896],[22680, 14896],[22680, 14904],[22688, 14904],[22688, 14912],[22696, 14912],[22696, 14920],[22704, 14920],[22704, 14928],[22720, 14928],[22720, 14936],[22728, 14936],[22728, 14944],[22744, 14944],[22744, 14952],[22752, 14952],[22752, 14960],[22768, 14960],[22768, 14968],[22776, 14968],[22776, 14976],[22784, 14976],[22784, 14984],[22800, 14984],[22800, 14992],[22808, 14992],[22808, 15000],[22816, 15000],[22816, 15008],[22824, 15008],[22824, 15016],[22832, 15016],[22832, 15024],[22840, 15024],[22840, 15032],[22848, 15032],[22848, 15040],[22864, 15040],[22864, 15048],[22872, 15048],[22872, 15056],[22880, 15056],[22880, 15064],[22888, 15064],[22888, 15072],[22896, 15072],[22896, 15080],[22904, 15080],[22904, 15088],[22912, 15088],[22912, 15104],[22920, 15104],[22920, 15112],[22928, 15112],[22928, 15120],[22960, 15120],[22960, 15064],[22952, 15064],[22952, 15008],[22936, 15008],[22936, 15000],[22896, 15000],[22896, 14992],[22888, 14992],[22888, 14984],[22880, 14984],[22880, 14976],[22872, 14976],[22872, 14968],[22864, 14968],[22864, 14960],[22856, 14960],[22856, 14952],[22848, 14952],[22848, 14944],[22840, 14944],[22840, 14936],[22832, 14936],[22832, 14920],[22824, 14920],[22824, 14912],[22816, 14912],[22816, 14904],[22808, 14904],[22808, 14896],[22800, 14896],[22800, 14888],[22792, 14888],[22792, 14880],[22784, 14880],[22784, 14872],[22776, 14872],[22776, 14864],[22768, 14864],[22768, 14856],[22752, 14856],[22752, 14848],[22744, 14848],[22744, 14840],[22736, 14840],[22736, 14832],[22728, 14832],[22728, 14824],[22720, 14824],[22720, 14816],[22712, 14816],[22712, 14808],[22696, 14808],[22696, 14800],[22688, 14800],[22688, 14792],[22664, 14792],[22664, 14784],[22656, 14784],[22656, 14776],[22648, 14776],[22648, 14768],[22640, 14768],[22640, 14760],[22632, 14760],[22632, 14752],[22624, 14752],[22624, 14744],[22616, 14744],[22616, 14736],[22600, 14736],[22600, 14728],[22592, 14728],[22592, 14720],[22576, 14720],[22576, 14712],[22560, 14712],[22560, 14704],[22536, 14704],[22536, 14696],[22528, 14696],[22528, 14688],[22520, 14688],[22520, 14680],[22504, 14680],[22504, 14672],[22488, 14672],[22488, 14664],[22464, 14664],[22464, 14656],[22456, 14656],[22456, 14648],[22448, 14648],[22448, 14640],[22440, 14640],[22440, 14632],[22432, 14632],[22432, 14624],[22424, 14624],[22424, 14616],[22408, 14616],[22408, 14608],[22400, 14608],[22400, 14600],[22392, 14600],[22392, 14592],[22384, 14592],[22384, 14584],[22376, 14584],[22376, 14576],[22368, 14576],[22368, 14568],[22360, 14568],[22360, 14560],[22344, 14560],[22344, 14552],[22336, 14552],[22336, 14536],[22328, 14536],[22328, 14528],[22320, 14528],[22320, 14520],[22312, 14520],[22312, 14512],[22304, 14512],[22304, 14504],[22288, 14504],[22288, 14496],[22272, 14496],[22272, 14488],[22264, 14488],[22264, 14472],[22256, 14472],[22256, 14456],[22248, 14456],[22248, 14448],[22240, 14448],[22240, 14440],[22224, 14440],[22224, 14432],[22192, 14432],[22192, 14440],[22184, 14440]]]},"properties":{"objectType":"annotation","classification":{"name":"Ignore*","color":[180, 180, 180]},"isLocked":true}},{"type":"Feature","id":"e9927160-1c2e-445c-ac6c-1bacec676f63","geometry":{"type":"Polygon","coordinates":[[[16248, 15024],[16248, 15040],[16256, 15040],[16256, 15048],[16296, 15048],[16296, 15056],[16304, 15056],[16304, 15048],[16368, 15048],[16368, 15056],[16456, 15056],[16456, 15048],[16464, 15048],[16464, 15040],[16472, 15040],[16472, 15024],[16480, 15024],[16480, 15016],[16472, 15016],[16472, 15000],[16464, 15000],[16464, 14992],[16456, 14992],[16456, 14984],[16424, 14984],[16424, 14976],[16384, 14976],[16384, 14968],[16368, 14968],[16368, 14960],[16360, 14960],[16360, 14968],[16336, 14968],[16336, 14976],[16280, 14976],[16280, 14984],[16264, 14984],[16264, 15000],[16256, 15000],[16256, 15024],[16248, 15024]]]},"properties":{"objectType":"annotation","classification":{"name":"Ignore*","color":[180, 180, 180]},"isLocked":true}},{"type":"Feature","id":"8880bcdc-f3d0-492c-934f-a3f6acb00806","geometry":{"type":"Polygon","coordinates":[[[20672, 14992],[20672, 15024],[20680, 15024],[20680, 15032],[20688, 15032],[20688, 15040],[20696, 15040],[20696, 15048],[20720, 15048],[20720, 15056],[20760, 15056],[20760, 15048],[20768, 15048],[20768, 15040],[20776, 15040],[20776, 15024],[20768, 15024],[20768, 15008],[20752, 15008],[20752, 15000],[20744, 15000],[20744, 14992],[20728, 14992],[20728, 14984],[20680, 14984],[20680, 14992],[20672, 14992]]]},"properties":{"objectType":"annotation","classification":{"name":"Ignore*","color":[180, 180, 180]},"isLocked":true}},{"type":"Feature","id":"8d545d2d-7a7a-49c4-b105-f1710dbe410c","geometry":{"type":"Polygon","coordinates":[[[16072, 15040],[16072, 15048],[16080, 15048],[16080, 15064],[16088, 15064],[16088, 15080],[16096, 15080],[16096, 15088],[16112, 15088],[16112, 15096],[16136, 15096],[16136, 15104],[16152, 15104],[16152, 15112],[16208, 15112],[16208, 15104],[16216, 15104],[16216, 15096],[16224, 15096],[16224, 15064],[16216, 15064],[16216, 15056],[16192, 15056],[16192, 15048],[16136, 15048],[16136, 15040],[16112, 15040],[16112, 15032],[16080, 15032],[16080, 15040],[16072, 15040]]]},"properties":{"objectType":"annotation","classification":{"name":"Ignore*","color":[180, 180, 180]},"isLocked":true}},{"type":"Feature","id":"37a5e13d-5387-4550-9ce4-507abb39ff7d","geometry":{"type":"Polygon","coordinates":[[[20256, 15024],[20256, 15056],[20264, 15056],[20264, 15064],[20272, 15064],[20272, 15072],[20280, 15072],[20280, 15080],[20296, 15080],[20296, 15088],[20304, 15088],[20304, 15104],[20312, 15104],[20312, 15128],[20320, 15128],[20320, 15144],[20336, 15144],[20336, 15152],[20368, 15152],[20368, 15144],[20376, 15144],[20376, 15136],[20384, 15136],[20384, 15128],[20392, 15128],[20392, 15120],[20384, 15120],[20384, 15104],[20368, 15104],[20368, 15096],[20360, 15096],[20360, 15088],[20336, 15088],[20336, 15080],[20320, 15080],[20320, 15032],[20312, 15032],[20312, 15016],[20296, 15016],[20296, 15008],[20272, 15008],[20272, 15016],[20264, 15016],[20264, 15024],[20256, 15024]]]},"properties":{"objectType":"annotation","classification":{"name":"Ignore*","color":[180, 180, 180]},"isLocked":true}},{"type":"Feature","id":"c77da021-847b-4aa9-9604-052b4f1f378f","geometry":{"type":"Polygon","coordinates":[[[20984, 15056],[20984, 15080],[20992, 15080],[20992, 15104],[21000, 15104],[21000, 15128],[21008, 15128],[21008, 15136],[21016, 15136],[21016, 15152],[21024, 15152],[21024, 15160],[21032, 15160],[21032, 15168],[21040, 15168],[21040, 15176],[21048, 15176],[21048, 15184],[21056, 15184],[21056, 15192],[21064, 15192],[21064, 15200],[21080, 15200],[21080, 15208],[21088, 15208],[21088, 15216],[21096, 15216],[21096, 15224],[21104, 15224],[21104, 15232],[21176, 15232],[21176, 15224],[21184, 15224],[21184, 15216],[21192, 15216],[21192, 15192],[21184, 15192],[21184, 15184],[21176, 15184],[21176, 15176],[21168, 15176],[21168, 15168],[21160, 15168],[21160, 15160],[21152, 15160],[21152, 15128],[21160, 15128],[21160, 15120],[21168, 15120],[21168, 15104],[21176, 15104],[21176, 15088],[21184, 15088],[21184, 15064],[21176, 15064],[21176, 15016],[21168, 15016],[21168, 15008],[21120, 15008],[21120, 15016],[21112, 15016],[21112, 15032],[21104, 15032],[21104, 15048],[21096, 15048],[21096, 15056],[21048, 15056],[21048, 15048],[21016, 15048],[21016, 15040],[21000, 15040],[21000, 15048],[20992, 15048],[20992, 15056],[20984, 15056]]]},"properties":{"objectType":"annotation","classification":{"name":"Ignore*","color":[180, 180, 180]},"isLocked":true}},{"type":"Feature","id":"e50ffb58-cf46-433c-a0ef-37caf0a7958c","geometry":{"type":"Polygon","coordinates":[[[23400, 15232],[23400, 15264],[23408, 15264],[23408, 15272],[23424, 15272],[23424, 15280],[23464, 15280],[23464, 15288],[23480, 15288],[23480, 15296],[23496, 15296],[23496, 15304],[23520, 15304],[23520, 15296],[23528, 15296],[23528, 15288],[23536, 15288],[23536, 15272],[23544, 15272],[23544, 15216],[23552, 15216],[23552, 15184],[23560, 15184],[23560, 15144],[23568, 15144],[23568, 15128],[23560, 15128],[23560, 15120],[23552, 15120],[23552, 15112],[23536, 15112],[23536, 15104],[23496, 15104],[23496, 15112],[23480, 15112],[23480, 15120],[23464, 15120],[23464, 15128],[23456, 15128],[23456, 15144],[23448, 15144],[23448, 15168],[23440, 15168],[23440, 15208],[23432, 15208],[23432, 15216],[23424, 15216],[23424, 15224],[23408, 15224],[23408, 15232],[23400, 15232]]]},"properties":{"objectType":"annotation","classification":{"name":"Ignore*","color":[180, 180, 180]},"isLocked":true}},{"type":"Feature","id":"22bffe35-8175-4093-9506-ae803c675c78","geometry":{"type":"Polygon","coordinates":[[[15784, 15312],[15784, 15328],[15792, 15328],[15792, 15336],[15800, 15336],[15800, 15344],[15808, 15344],[15808, 15352],[15832, 15352],[15832, 15360],[15840, 15360],[15840, 15368],[15880, 15368],[15880, 15288],[15864, 15288],[15864, 15280],[15816, 15280],[15816, 15288],[15808, 15288],[15808, 15296],[15800, 15296],[15800, 15304],[15792, 15304],[15792, 15312],[15784, 15312]]]},"properties":{"objectType":"annotation","classification":{"name":"Ignore*","color":[180, 180, 180]},"isLocked":true}},{"type":"Feature","id":"4f2275e9-9f35-4511-979b-eb992d80d365","geometry":{"type":"Polygon","coordinates":[[[22936, 15168],[22936, 15232],[22944, 15232],[22944, 15256],[22952, 15256],[22952, 15272],[22944, 15272],[22944, 15296],[22936, 15296],[22936, 15336],[22944, 15336],[22944, 15352],[22952, 15352],[22952, 15368],[22960, 15368],[22960, 15376],[22968, 15376],[22968, 15392],[22976, 15392],[22976, 15400],[22984, 15400],[22984, 15416],[22992, 15416],[22992, 15440],[23000, 15440],[23000, 15464],[23008, 15464],[23008, 15472],[23016, 15472],[23016, 15488],[23024, 15488],[23024, 15544],[23032, 15544],[23032, 15552],[23064, 15552],[23064, 15544],[23072, 15544],[23072, 15504],[23088, 15504],[23088, 15496],[23096, 15496],[23096, 15480],[23104, 15480],[23104, 15456],[23096, 15456],[23096, 15448],[23088, 15448],[23088, 15440],[23080, 15440],[23080, 15432],[23072, 15432],[23072, 15424],[23064, 15424],[23064, 15376],[23056, 15376],[23056, 15352],[23048, 15352],[23048, 15304],[23040, 15304],[23040, 15280],[23032, 15280],[23032, 15248],[23024, 15248],[23024, 15192],[23016, 15192],[23016, 15168],[23008, 15168],[23008, 15160],[23000, 15160],[23000, 15152],[22984, 15152],[22984, 15144],[22968, 15144],[22968, 15152],[22960, 15152],[22960, 15160],[22944, 15160],[22944, 15168],[22936, 15168]]]},"properties":{"objectType":"annotation","classification":{"name":"Ignore*","color":[180, 180, 180]},"isLocked":true}},{"type":"Feature","id":"e310756b-be71-4a66-82c4-d7fec52bd003","geometry":{"type":"Polygon","coordinates":[[[16128, 15360],[16128, 15368],[16136, 15368],[16136, 15384],[16144, 15384],[16144, 15392],[16152, 15392],[16152, 15400],[16160, 15400],[16160, 15408],[16176, 15408],[16176, 15416],[16192, 15416],[16192, 15424],[16208, 15424],[16208, 15432],[16216, 15432],[16216, 15440],[16224, 15440],[16224, 15464],[16232, 15464],[16232, 15472],[16240, 15472],[16240, 15480],[16248, 15480],[16248, 15496],[16256, 15496],[16256, 15504],[16296, 15504],[16296, 15496],[16312, 15496],[16312, 15480],[16320, 15480],[16320, 15464],[16328, 15464],[16328, 15456],[16336, 15456],[16336, 15408],[16328, 15408],[16328, 15392],[16320, 15392],[16320, 15376],[16312, 15376],[16312, 15360],[16304, 15360],[16304, 15352],[16296, 15352],[16296, 15344],[16288, 15344],[16288, 15336],[16240, 15336],[16240, 15344],[16176, 15344],[16176, 15336],[16160, 15336],[16160, 15344],[16144, 15344],[16144, 15352],[16136, 15352],[16136, 15360],[16128, 15360]]]},"properties":{"objectType":"annotation","classification":{"name":"Ignore*","color":[180, 180, 180]},"isLocked":true}},{"type":"Feature","id":"f578e554-6b09-4bb5-802f-fa7b9145ae8e","geometry":{"type":"Polygon","coordinates":[[[23160, 15528],[23160, 15560],[23168, 15560],[23168, 15568],[23176, 15568],[23176, 15576],[23192, 15576],[23192, 15584],[23248, 15584],[23248, 15576],[23264, 15576],[23264, 15568],[23272, 15568],[23272, 15560],[23280, 15560],[23280, 15528],[23272, 15528],[23272, 15520],[23264, 15520],[23264, 15512],[23256, 15512],[23256, 15504],[23240, 15504],[23240, 15496],[23216, 15496],[23216, 15488],[23200, 15488],[23200, 15496],[23184, 15496],[23184, 15504],[23176, 15504],[23176, 15512],[23168, 15512],[23168, 15528],[23160, 15528]]]},"properties":{"objectType":"annotation","classification":{"name":"Ignore*","color":[180, 180, 180]},"isLocked":true}},{"type":"Feature","id":"e6566f35-0d30-4746-98dd-83d2447ce954","geometry":{"type":"Polygon","coordinates":[[[24568, 15656],[24568, 15704],[24576, 15704],[24576, 15720],[24664, 15720],[24664, 15712],[24672, 15712],[24672, 15704],[24680, 15704],[24680, 15680],[24672, 15680],[24672, 15664],[24664, 15664],[24664, 15656],[24656, 15656],[24656, 15648],[24648, 15648],[24648, 15640],[24632, 15640],[24632, 15632],[24624, 15632],[24624, 15624],[24592, 15624],[24592, 15632],[24584, 15632],[24584, 15640],[24576, 15640],[24576, 15656],[24568, 15656]]]},"properties":{"objectType":"annotation","classification":{"name":"Ignore*","color":[180, 180, 180]},"isLocked":true}},{"type":"Feature","id":"1ecbecb4-c92c-4a98-958b-140b51f4f79d","geometry":{"type":"Polygon","coordinates":[[[21784, 15768],[21784, 15808],[21800, 15808],[21800, 15816],[21840, 15816],[21840, 15824],[21864, 15824],[21864, 15832],[21896, 15832],[21896, 15824],[21920, 15824],[21920, 15816],[21928, 15816],[21928, 15808],[21936, 15808],[21936, 15792],[21952, 15792],[21952, 15784],[21976, 15784],[21976, 15776],[21984, 15776],[21984, 15736],[21976, 15736],[21976, 15712],[21968, 15712],[21968, 15696],[21960, 15696],[21960, 15688],[21952, 15688],[21952, 15680],[21936, 15680],[21936, 15672],[21912, 15672],[21912, 15680],[21896, 15680],[21896, 15688],[21880, 15688],[21880, 15696],[21864, 15696],[21864, 15704],[21856, 15704],[21856, 15720],[21848, 15720],[21848, 15736],[21840, 15736],[21840, 15744],[21832, 15744],[21832, 15752],[21816, 15752],[21816, 15760],[21800, 15760],[21800, 15768],[21784, 15768]]]},"properties":{"objectType":"annotation","classification":{"name":"Ignore*","color":[180, 180, 180]},"isLocked":true}},{"type":"Feature","id":"694aca6c-2190-4263-8968-1429b3e02074","geometry":{"type":"Polygon","coordinates":[[[24288, 15768],[24288, 15832],[24296, 15832],[24296, 15848],[24304, 15848],[24304, 15864],[24312, 15864],[24312, 15872],[24328, 15872],[24328, 15880],[24336, 15880],[24336, 15872],[24352, 15872],[24352, 15864],[24360, 15864],[24360, 15848],[24368, 15848],[24368, 15824],[24376, 15824],[24376, 15776],[24368, 15776],[24368, 15760],[24360, 15760],[24360, 15744],[24344, 15744],[24344, 15736],[24328, 15736],[24328, 15744],[24312, 15744],[24312, 15752],[24304, 15752],[24304, 15760],[24296, 15760],[24296, 15768],[24288, 15768]]]},"properties":{"objectType":"annotation","classification":{"name":"Ignore*","color":[180, 180, 180]},"isLocked":true}},{"type":"Feature","id":"9ff42926-2baa-45dd-b919-d584f8775f87","geometry":{"type":"Polygon","coordinates":[[[21224, 15800],[21224, 15816],[21232, 15816],[21232, 15824],[21256, 15824],[21256, 15832],[21264, 15832],[21264, 15840],[21272, 15840],[21272, 15848],[21288, 15848],[21288, 15856],[21336, 15856],[21336, 15864],[21392, 15864],[21392, 15840],[21400, 15840],[21400, 15808],[21392, 15808],[21392, 15800],[21384, 15800],[21384, 15792],[21376, 15792],[21376, 15784],[21352, 15784],[21352, 15776],[21344, 15776],[21344, 15784],[21288, 15784],[21288, 15792],[21232, 15792],[21232, 15800],[21224, 15800]]]},"properties":{"objectType":"annotation","classification":{"name":"Ignore*","color":[180, 180, 180]},"isLocked":true}},{"type":"Feature","id":"4ea1ddfb-c0a4-4414-8e93-8e934af91ff4","geometry":{"type":"Polygon","coordinates":[[[24112, 16096],[24112, 16120],[24120, 16120],[24120, 16128],[24128, 16128],[24128, 16136],[24176, 16136],[24176, 16128],[24184, 16128],[24184, 16120],[24192, 16120],[24192, 16112],[24200, 16112],[24200, 16104],[24208, 16104],[24208, 16024],[24200, 16024],[24200, 16016],[24192, 16016],[24192, 16008],[24184, 16008],[24184, 16000],[24176, 16000],[24176, 15992],[24144, 15992],[24144, 16000],[24136, 16000],[24136, 16016],[24128, 16016],[24128, 16072],[24120, 16072],[24120, 16096],[24112, 16096]]]},"properties":{"objectType":"annotation","classification":{"name":"Ignore*","color":[180, 180, 180]},"isLocked":true}},{"type":"Feature","id":"0ebabac9-10fd-4a2c-ac3f-67235dfcffdd","geometry":{"type":"Polygon","coordinates":[[[20536, 15888],[20536, 15936],[20544, 15936],[20544, 15944],[20552, 15944],[20552, 15960],[20560, 15960],[20560, 15968],[20568, 15968],[20568, 15976],[20576, 15976],[20576, 15984],[20584, 15984],[20584, 16000],[20592, 16000],[20592, 16008],[20600, 16008],[20600, 16016],[20608, 16016],[20608, 16032],[20616, 16032],[20616, 16040],[20624, 16040],[20624, 16048],[20632, 16048],[20632, 16056],[20640, 16056],[20640, 16064],[20656, 16064],[20656, 16072],[20672, 16072],[20672, 16080],[20680, 16080],[20680, 16088],[20696, 16088],[20696, 16096],[20704, 16096],[20704, 16112],[20712, 16112],[20712, 16120],[20720, 16120],[20720, 16128],[20728, 16128],[20728, 16144],[20736, 16144],[20736, 16160],[20744, 16160],[20744, 16200],[20752, 16200],[20752, 16248],[20760, 16248],[20760, 16256],[20768, 16256],[20768, 16272],[20776, 16272],[20776, 16280],[20784, 16280],[20784, 16288],[20800, 16288],[20800, 16296],[20848, 16296],[20848, 16288],[20864, 16288],[20864, 16280],[20920, 16280],[20920, 16272],[20936, 16272],[20936, 16264],[20944, 16264],[20944, 16232],[20936, 16232],[20936, 16224],[20928, 16224],[20928, 16216],[20912, 16216],[20912, 16208],[20888, 16208],[20888, 16216],[20872, 16216],[20872, 16224],[20864, 16224],[20864, 16232],[20848, 16232],[20848, 16224],[20840, 16224],[20840, 16208],[20832, 16208],[20832, 16192],[20824, 16192],[20824, 16176],[20816, 16176],[20816, 16168],[20808, 16168],[20808, 16152],[20800, 16152],[20800, 16144],[20792, 16144],[20792, 16128],[20784, 16128],[20784, 16120],[20776, 16120],[20776, 16104],[20768, 16104],[20768, 16088],[20760, 16088],[20760, 16064],[20752, 16064],[20752, 16048],[20744, 16048],[20744, 16040],[20736, 16040],[20736, 16032],[20728, 16032],[20728, 16024],[20712, 16024],[20712, 16016],[20704, 16016],[20704, 16008],[20696, 16008],[20696, 16000],[20688, 16000],[20688, 15992],[20680, 15992],[20680, 15984],[20672, 15984],[20672, 15976],[20664, 15976],[20664, 15968],[20648, 15968],[20648, 15960],[20640, 15960],[20640, 15952],[20624, 15952],[20624, 15944],[20616, 15944],[20616, 15936],[20608, 15936],[20608, 15920],[20600, 15920],[20600, 15912],[20592, 15912],[20592, 15904],[20584, 15904],[20584, 15896],[20576, 15896],[20576, 15888],[20568, 15888],[20568, 15880],[20544, 15880],[20544, 15888],[20536, 15888]]]},"properties":{"objectType":"annotation","classification":{"name":"Ignore*","color":[180, 180, 180]},"isLocked":true}},{"type":"Feature","id":"70112ac2-f41e-4c77-99ad-85d6d99914b3","geometry":{"type":"Polygon","coordinates":[[[22192, 16128],[22192, 16152],[22200, 16152],[22200, 16160],[22208, 16160],[22208, 16168],[22216, 16168],[22216, 16176],[22224, 16176],[22224, 16184],[22240, 16184],[22240, 16192],[22248, 16192],[22248, 16200],[22256, 16200],[22256, 16208],[22264, 16208],[22264, 16216],[22272, 16216],[22272, 16264],[22264, 16264],[22264, 16280],[22272, 16280],[22272, 16304],[22280, 16304],[22280, 16312],[22304, 16312],[22304, 16320],[22400, 16320],[22400, 16312],[22408, 16312],[22408, 16304],[22416, 16304],[22416, 16280],[22408, 16280],[22408, 16272],[22400, 16272],[22400, 16264],[22392, 16264],[22392, 16256],[22376, 16256],[22376, 16248],[22360, 16248],[22360, 16240],[22336, 16240],[22336, 16232],[22320, 16232],[22320, 16208],[22328, 16208],[22328, 16200],[22344, 16200],[22344, 16192],[22352, 16192],[22352, 16184],[22360, 16184],[22360, 16168],[22368, 16168],[22368, 16136],[22360, 16136],[22360, 16128],[22344, 16128],[22344, 16120],[22320, 16120],[22320, 16112],[22264, 16112],[22264, 16120],[22208, 16120],[22208, 16128],[22192, 16128]]]},"properties":{"objectType":"annotation","classification":{"name":"Ignore*","color":[180, 180, 180]},"isLocked":true}},{"type":"Feature","id":"4afcd68e-0be6-4c34-a5a9-aadb89406e09","geometry":{"type":"Polygon","coordinates":[[[22640, 16304],[22640, 16328],[22648, 16328],[22648, 16344],[22656, 16344],[22656, 16352],[22664, 16352],[22664, 16360],[22680, 16360],[22680, 16368],[22688, 16368],[22688, 16376],[22704, 16376],[22704, 16384],[22712, 16384],[22712, 16392],[22720, 16392],[22720, 16400],[22736, 16400],[22736, 16408],[22752, 16408],[22752, 16400],[22776, 16400],[22776, 16392],[22784, 16392],[22784, 16384],[22792, 16384],[22792, 16376],[22808, 16376],[22808, 16368],[22824, 16368],[22824, 16360],[22832, 16360],[22832, 16328],[22824, 16328],[22824, 16320],[22816, 16320],[22816, 16304],[22776, 16304],[22776, 16312],[22720, 16312],[22720, 16304],[22704, 16304],[22704, 16296],[22680, 16296],[22680, 16288],[22672, 16288],[22672, 16296],[22648, 16296],[22648, 16304],[22640, 16304]]]},"properties":{"objectType":"annotation","classification":{"name":"Ignore*","color":[180, 180, 180]},"isLocked":true}},{"type":"Feature","id":"b016634d-8087-47fa-89de-47f442cdfcc5","geometry":{"type":"Polygon","coordinates":[[[23640, 16792],[23640, 16808],[23648, 16808],[23648, 16824],[23664, 16824],[23664, 16832],[23696, 16832],[23696, 16840],[23728, 16840],[23728, 16832],[23744, 16832],[23744, 16824],[23752, 16824],[23752, 16792],[23744, 16792],[23744, 16784],[23736, 16784],[23736, 16776],[23696, 16776],[23696, 16768],[23672, 16768],[23672, 16776],[23656, 16776],[23656, 16784],[23648, 16784],[23648, 16792],[23640, 16792]]]},"properties":{"objectType":"annotation","classification":{"name":"Ignore*","color":[180, 180, 180]},"isLocked":true}},{"type":"Feature","id":"7fe3fcb1-2bae-41ff-a713-5e31d7b84804","geometry":{"type":"Polygon","coordinates":[[[25240, 16784],[25240, 16800],[25248, 16800],[25248, 16816],[25256, 16816],[25256, 16832],[25264, 16832],[25264, 16848],[25272, 16848],[25272, 16856],[25280, 16856],[25280, 16864],[25328, 16864],[25328, 16856],[25336, 16856],[25336, 16848],[25344, 16848],[25344, 16832],[25352, 16832],[25352, 16816],[25360, 16816],[25360, 16800],[25352, 16800],[25352, 16792],[25344, 16792],[25344, 16784],[25328, 16784],[25328, 16776],[25288, 16776],[25288, 16784],[25240, 16784]]]},"properties":{"objectType":"annotation","classification":{"name":"Ignore*","color":[180, 180, 180]},"isLocked":true}},{"type":"Feature","id":"4c6c9d2e-229e-4ab7-a0c8-0f3beffca613","geometry":{"type":"Polygon","coordinates":[[[24152, 16840],[24152, 16880],[24160, 16880],[24160, 16896],[24168, 16896],[24168, 16904],[24176, 16904],[24176, 16912],[24184, 16912],[24184, 16920],[24200, 16920],[24200, 16928],[24224, 16928],[24224, 16920],[24248, 16920],[24248, 16912],[24280, 16912],[24280, 16904],[24288, 16904],[24288, 16896],[24296, 16896],[24296, 16888],[24304, 16888],[24304, 16800],[24296, 16800],[24296, 16792],[24288, 16792],[24288, 16784],[24272, 16784],[24272, 16792],[24256, 16792],[24256, 16800],[24248, 16800],[24248, 16816],[24240, 16816],[24240, 16824],[24232, 16824],[24232, 16832],[24160, 16832],[24160, 16840],[24152, 16840]]]},"properties":{"objectType":"annotation","classification":{"name":"Ignore*","color":[180, 180, 180]},"isLocked":true}},{"type":"Feature","id":"ca03cf83-c604-4d20-a220-4fa9d47516b2","geometry":{"type":"Polygon","coordinates":[[[22784, 16896],[22784, 16920],[22792, 16920],[22792, 16928],[22808, 16928],[22808, 16936],[22832, 16936],[22832, 16944],[22864, 16944],[22864, 16936],[22880, 16936],[22880, 16920],[22888, 16920],[22888, 16896],[22880, 16896],[22880, 16888],[22872, 16888],[22872, 16880],[22864, 16880],[22864, 16872],[22816, 16872],[22816, 16880],[22800, 16880],[22800, 16888],[22792, 16888],[22792, 16896],[22784, 16896]]]},"properties":{"objectType":"annotation","classification":{"name":"Ignore*","color":[180, 180, 180]},"isLocked":true}},{"type":"Feature","id":"220be674-8db1-439c-94d1-2a4d1d8080e1","geometry":{"type":"Polygon","coordinates":[[[21232, 17120],[21232, 17184],[21240, 17184],[21240, 17224],[21248, 17224],[21248, 17248],[21256, 17248],[21256, 17264],[21264, 17264],[21264, 17280],[21272, 17280],[21272, 17296],[21280, 17296],[21280, 17312],[21288, 17312],[21288, 17320],[21304, 17320],[21304, 17328],[21344, 17328],[21344, 17312],[21352, 17312],[21352, 17256],[21344, 17256],[21344, 17248],[21336, 17248],[21336, 17240],[21328, 17240],[21328, 17232],[21320, 17232],[21320, 17216],[21312, 17216],[21312, 17192],[21304, 17192],[21304, 17168],[21296, 17168],[21296, 17144],[21288, 17144],[21288, 17136],[21280, 17136],[21280, 17128],[21272, 17128],[21272, 17120],[21232, 17120]]]},"properties":{"objectType":"annotation","classification":{"name":"Ignore*","color":[180, 180, 180]},"isLocked":true}},{"type":"Feature","id":"f06a978d-c9d3-406d-9725-20359badee51","geometry":{"type":"Polygon","coordinates":[[[24936, 17200],[24936, 17216],[24944, 17216],[24944, 17224],[24952, 17224],[24952, 17232],[24968, 17232],[24968, 17272],[24960, 17272],[24960, 17328],[24952, 17328],[24952, 17368],[24960, 17368],[24960, 17384],[24984, 17384],[24984, 17392],[24992, 17392],[24992, 17384],[25016, 17384],[25016, 17376],[25032, 17376],[25032, 17368],[25056, 17368],[25056, 17376],[25072, 17376],[25072, 17384],[25080, 17384],[25080, 17392],[25088, 17392],[25088, 17400],[25128, 17400],[25128, 17392],[25144, 17392],[25144, 17384],[25160, 17384],[25160, 17376],[25184, 17376],[25184, 17368],[25200, 17368],[25200, 17360],[25216, 17360],[25216, 17352],[25224, 17352],[25224, 17328],[25232, 17328],[25232, 17320],[25224, 17320],[25224, 17304],[25208, 17304],[25208, 17296],[25160, 17296],[25160, 17304],[25144, 17304],[25144, 17312],[25128, 17312],[25128, 17320],[25112, 17320],[25112, 17328],[25088, 17328],[25088, 17336],[25080, 17336],[25080, 17328],[25072, 17328],[25072, 17304],[25080, 17304],[25080, 17288],[25088, 17288],[25088, 17272],[25096, 17272],[25096, 17232],[25088, 17232],[25088, 17208],[25080, 17208],[25080, 17200],[25072, 17200],[25072, 17192],[25048, 17192],[25048, 17184],[24968, 17184],[24968, 17192],[24952, 17192],[24952, 17200],[24936, 17200]]]},"properties":{"objectType":"annotation","classification":{"name":"Ignore*","color":[180, 180, 180]},"isLocked":true}},{"type":"Feature","id":"810ac029-43a5-41ee-b8a9-19cab07d4b76","geometry":{"type":"Polygon","coordinates":[[[23288, 17344],[23288, 17360],[23296, 17360],[23296, 17376],[23304, 17376],[23304, 17384],[23312, 17384],[23312, 17392],[23352, 17392],[23352, 17400],[23384, 17400],[23384, 17408],[23480, 17408],[23480, 17416],[23552, 17416],[23552, 17424],[23616, 17424],[23616, 17432],[23696, 17432],[23696, 17440],[23752, 17440],[23752, 17448],[23784, 17448],[23784, 17440],[23816, 17440],[23816, 17432],[23864, 17432],[23864, 17424],[23904, 17424],[23904, 17416],[23960, 17416],[23960, 17408],[23984, 17408],[23984, 17400],[24000, 17400],[24000, 17392],[24032, 17392],[24032, 17384],[24160, 17384],[24160, 17392],[24208, 17392],[24208, 17384],[24272, 17384],[24272, 17392],[24288, 17392],[24288, 17384],[24408, 17384],[24408, 17392],[24432, 17392],[24432, 17400],[24440, 17400],[24440, 17408],[24448, 17408],[24448, 17424],[24456, 17424],[24456, 17440],[24464, 17440],[24464, 17448],[24472, 17448],[24472, 17456],[24488, 17456],[24488, 17464],[24512, 17464],[24512, 17456],[24536, 17456],[24536, 17448],[24560, 17448],[24560, 17456],[24576, 17456],[24576, 17464],[24592, 17464],[24592, 17472],[24616, 17472],[24616, 17480],[24648, 17480],[24648, 17488],[24672, 17488],[24672, 17480],[24688, 17480],[24688, 17440],[24680, 17440],[24680, 17432],[24672, 17432],[24672, 17424],[24624, 17424],[24624, 17416],[24608, 17416],[24608, 17408],[24592, 17408],[24592, 17400],[24584, 17400],[24584, 17392],[24568, 17392],[24568, 17384],[24552, 17384],[24552, 17376],[24544, 17376],[24544, 17368],[24536, 17368],[24536, 17360],[24520, 17360],[24520, 17352],[24512, 17352],[24512, 17344],[24496, 17344],[24496, 17336],[24488, 17336],[24488, 17328],[24480, 17328],[24480, 17248],[24472, 17248],[24472, 17232],[24464, 17232],[24464, 17224],[24448, 17224],[24448, 17216],[24440, 17216],[24440, 17208],[24432, 17208],[24432, 17200],[24424, 17200],[24424, 17184],[24432, 17184],[24432, 17176],[24440, 17176],[24440, 17168],[24448, 17168],[24448, 17136],[24440, 17136],[24440, 17128],[24408, 17128],[24408, 17120],[24400, 17120],[24400, 17128],[24336, 17128],[24336, 17120],[24328, 17120],[24328, 17096],[24320, 17096],[24320, 17080],[24312, 17080],[24312, 17072],[24304, 17072],[24304, 17064],[24264, 17064],[24264, 17072],[24256, 17072],[24256, 17112],[24264, 17112],[24264, 17120],[24272, 17120],[24272, 17136],[24280, 17136],[24280, 17144],[24288, 17144],[24288, 17152],[24296, 17152],[24296, 17168],[24304, 17168],[24304, 17184],[24312, 17184],[24312, 17216],[24320, 17216],[24320, 17248],[24312, 17248],[24312, 17264],[24304, 17264],[24304, 17272],[24296, 17272],[24296, 17280],[24280, 17280],[24280, 17288],[24272, 17288],[24272, 17296],[24256, 17296],[24256, 17304],[24232, 17304],[24232, 17312],[24208, 17312],[24208, 17320],[24176, 17320],[24176, 17312],[24128, 17312],[24128, 17320],[24104, 17320],[24104, 17328],[24048, 17328],[24048, 17336],[24000, 17336],[24000, 17344],[23952, 17344],[23952, 17352],[23840, 17352],[23840, 17344],[23824, 17344],[23824, 17336],[23816, 17336],[23816, 17328],[23808, 17328],[23808, 17312],[23800, 17312],[23800, 17304],[23792, 17304],[23792, 17296],[23784, 17296],[23784, 17280],[23768, 17280],[23768, 17272],[23752, 17272],[23752, 17280],[23736, 17280],[23736, 17288],[23728, 17288],[23728, 17312],[23720, 17312],[23720, 17328],[23712, 17328],[23712, 17344],[23704, 17344],[23704, 17352],[23696, 17352],[23696, 17360],[23648, 17360],[23648, 17352],[23520, 17352],[23520, 17344],[23488, 17344],[23488, 17336],[23448, 17336],[23448, 17328],[23392, 17328],[23392, 17320],[23368, 17320],[23368, 17312],[23320, 17312],[23320, 17320],[23304, 17320],[23304, 17328],[23296, 17328],[23296, 17344],[23288, 17344]]]},"properties":{"objectType":"annotation","classification":{"name":"Ignore*","color":[180, 180, 180]},"isLocked":true}},{"type":"Feature","id":"9d23230b-0d39-4e6f-a51c-884b27603be8","geometry":{"type":"Polygon","coordinates":[[[24168, 17616],[24168, 17632],[24176, 17632],[24176, 17648],[24184, 17648],[24184, 17656],[24200, 17656],[24200, 17664],[24232, 17664],[24232, 17656],[24256, 17656],[24256, 17648],[24264, 17648],[24264, 17600],[24256, 17600],[24256, 17592],[24192, 17592],[24192, 17600],[24176, 17600],[24176, 17616],[24168, 17616]]]},"properties":{"objectType":"annotation","classification":{"name":"Ignore*","color":[180, 180, 180]},"isLocked":true}},{"type":"Feature","id":"52e922ce-2dba-47a0-a5e2-51ca202cf37f","geometry":{"type":"Polygon","coordinates":[[[21408, 17576],[21408, 17584],[21416, 17584],[21416, 17608],[21424, 17608],[21424, 17624],[21432, 17624],[21432, 17640],[21440, 17640],[21440, 17648],[21448, 17648],[21448, 17664],[21456, 17664],[21456, 17672],[21464, 17672],[21464, 17688],[21472, 17688],[21472, 17704],[21480, 17704],[21480, 17712],[21496, 17712],[21496, 17720],[21512, 17720],[21512, 17712],[21520, 17712],[21520, 17696],[21528, 17696],[21528, 17688],[21520, 17688],[21520, 17656],[21512, 17656],[21512, 17632],[21504, 17632],[21504, 17616],[21496, 17616],[21496, 17608],[21488, 17608],[21488, 17592],[21480, 17592],[21480, 17584],[21472, 17584],[21472, 17576],[21464, 17576],[21464, 17568],[21448, 17568],[21448, 17560],[21424, 17560],[21424, 17568],[21416, 17568],[21416, 17576],[21408, 17576]]]},"properties":{"objectType":"annotation","classification":{"name":"Ignore*","color":[180, 180, 180]},"isLocked":true}},{"type":"Feature","id":"cf969a14-435b-49ef-a369-cbd8beeed091","geometry":{"type":"Polygon","coordinates":[[[29544, 17704],[29544, 17720],[29552, 17720],[29552, 17728],[29568, 17728],[29568, 17736],[29592, 17736],[29592, 17744],[29648, 17744],[29648, 17752],[29672, 17752],[29672, 17760],[29680, 17760],[29680, 17768],[29688, 17768],[29688, 17776],[29704, 17776],[29704, 17784],[29728, 17784],[29728, 17776],[29736, 17776],[29736, 17768],[29744, 17768],[29744, 17760],[29736, 17760],[29736, 17744],[29728, 17744],[29728, 17736],[29720, 17736],[29720, 17728],[29712, 17728],[29712, 17720],[29704, 17720],[29704, 17712],[29696, 17712],[29696, 17704],[29688, 17704],[29688, 17696],[29680, 17696],[29680, 17688],[29672, 17688],[29672, 17680],[29664, 17680],[29664, 17672],[29648, 17672],[29648, 17664],[29632, 17664],[29632, 17656],[29616, 17656],[29616, 17664],[29600, 17664],[29600, 17672],[29584, 17672],[29584, 17680],[29576, 17680],[29576, 17688],[29560, 17688],[29560, 17696],[29552, 17696],[29552, 17704],[29544, 17704]]]},"properties":{"objectType":"annotation","classification":{"name":"Ignore*","color":[180, 180, 180]},"isLocked":true}},{"type":"Feature","id":"f4a6e125-eedf-4081-8450-abe2c8bdc4b6","geometry":{"type":"Polygon","coordinates":[[[21960, 17752],[21960, 17768],[21968, 17768],[21968, 17784],[21976, 17784],[21976, 17792],[21984, 17792],[21984, 17800],[21992, 17800],[21992, 17808],[22000, 17808],[22000, 17816],[22048, 17816],[22048, 17824],[22064, 17824],[22064, 17832],[22088, 17832],[22088, 17824],[22096, 17824],[22096, 17800],[22064, 17800],[22064, 17792],[22048, 17792],[22048, 17784],[22040, 17784],[22040, 17776],[22032, 17776],[22032, 17768],[22024, 17768],[22024, 17760],[22016, 17760],[22016, 17752],[22000, 17752],[22000, 17744],[21968, 17744],[21968, 17752],[21960, 17752]]]},"properties":{"objectType":"annotation","classification":{"name":"Ignore*","color":[180, 180, 180]},"isLocked":true}},{"type":"Feature","id":"6c139614-1c96-4cf1-9018-f303720cfd56","geometry":{"type":"Polygon","coordinates":[[[21576, 17792],[21576, 17824],[21584, 17824],[21584, 17840],[21592, 17840],[21592, 17856],[21600, 17856],[21600, 17880],[21608, 17880],[21608, 17912],[21616, 17912],[21616, 17920],[21624, 17920],[21624, 17928],[21632, 17928],[21632, 17920],[21640, 17920],[21640, 17904],[21648, 17904],[21648, 17880],[21656, 17880],[21656, 17872],[21664, 17872],[21664, 17848],[21672, 17848],[21672, 17824],[21664, 17824],[21664, 17816],[21656, 17816],[21656, 17808],[21648, 17808],[21648, 17800],[21632, 17800],[21632, 17792],[21616, 17792],[21616, 17784],[21592, 17784],[21592, 17792],[21576, 17792]]]},"properties":{"objectType":"annotation","classification":{"name":"Ignore*","color":[180, 180, 180]},"isLocked":true}},{"type":"Feature","id":"8c07306a-8e02-4d33-85e3-42d8cde1e2ea","geometry":{"type":"Polygon","coordinates":[[[21856, 17808],[21856, 17864],[21864, 17864],[21864, 17880],[21872, 17880],[21872, 17896],[21880, 17896],[21880, 17904],[21904, 17904],[21904, 17912],[21928, 17912],[21928, 17904],[21944, 17904],[21944, 17872],[21936, 17872],[21936, 17856],[21928, 17856],[21928, 17848],[21920, 17848],[21920, 17832],[21912, 17832],[21912, 17816],[21904, 17816],[21904, 17808],[21896, 17808],[21896, 17800],[21872, 17800],[21872, 17808],[21856, 17808]]]},"properties":{"objectType":"annotation","classification":{"name":"Ignore*","color":[180, 180, 180]},"isLocked":true}},{"type":"Feature","id":"331c8d5b-6441-4df4-8ff9-457a68a8e248","geometry":{"type":"Polygon","coordinates":[[[29568, 17808],[29568, 17880],[29576, 17880],[29576, 17888],[29584, 17888],[29584, 17904],[29600, 17904],[29600, 17912],[29624, 17912],[29624, 17920],[29656, 17920],[29656, 17928],[29664, 17928],[29664, 17952],[29688, 17952],[29688, 17928],[29680, 17928],[29680, 17920],[29688, 17920],[29688, 17904],[29696, 17904],[29696, 17888],[29704, 17888],[29704, 17856],[29696, 17856],[29696, 17840],[29688, 17840],[29688, 17816],[29680, 17816],[29680, 17808],[29664, 17808],[29664, 17800],[29632, 17800],[29632, 17792],[29576, 17792],[29576, 17808],[29568, 17808]]]},"properties":{"objectType":"annotation","classification":{"name":"Ignore*","color":[180, 180, 180]},"isLocked":true}},{"type":"Feature","id":"9d49478b-193b-4e07-9b53-f2acf039b354","geometry":{"type":"Polygon","coordinates":[[[22080, 18152],[22080, 18184],[22088, 18184],[22088, 18192],[22096, 18192],[22096, 18200],[22104, 18200],[22104, 18208],[22176, 18208],[22176, 18200],[22208, 18200],[22208, 18192],[22216, 18192],[22216, 18184],[22224, 18184],[22224, 18144],[22216, 18144],[22216, 18128],[22208, 18128],[22208, 18120],[22160, 18120],[22160, 18128],[22128, 18128],[22128, 18136],[22096, 18136],[22096, 18144],[22088, 18144],[22088, 18152],[22080, 18152]]]},"properties":{"objectType":"annotation","classification":{"name":"Ignore*","color":[180, 180, 180]},"isLocked":true}},{"type":"Feature","id":"aa896b7e-2164-4e61-9165-4701b5c19993","geometry":{"type":"Polygon","coordinates":[[[27272, 18352],[27272, 18384],[27280, 18384],[27280, 18392],[27320, 18392],[27320, 18384],[27352, 18384],[27352, 18376],[27368, 18376],[27368, 18368],[27376, 18368],[27376, 18360],[27384, 18360],[27384, 18328],[27392, 18328],[27392, 18320],[27400, 18320],[27400, 18312],[27432, 18312],[27432, 18304],[27448, 18304],[27448, 18272],[27456, 18272],[27456, 18256],[27464, 18256],[27464, 18240],[27472, 18240],[27472, 18224],[27480, 18224],[27480, 18184],[27472, 18184],[27472, 18176],[27464, 18176],[27464, 18168],[27448, 18168],[27448, 18160],[27432, 18160],[27432, 18168],[27408, 18168],[27408, 18176],[27360, 18176],[27360, 18184],[27344, 18184],[27344, 18200],[27336, 18200],[27336, 18240],[27328, 18240],[27328, 18256],[27336, 18256],[27336, 18304],[27328, 18304],[27328, 18312],[27320, 18312],[27320, 18320],[27312, 18320],[27312, 18328],[27296, 18328],[27296, 18336],[27288, 18336],[27288, 18344],[27280, 18344],[27280, 18352],[27272, 18352]]]},"properties":{"objectType":"annotation","classification":{"name":"Ignore*","color":[180, 180, 180]},"isLocked":true}},{"type":"Feature","id":"93d47fab-3aa6-44e1-8286-6307822be450","geometry":{"type":"Polygon","coordinates":[[[24328, 18192],[24328, 18200],[24336, 18200],[24336, 18232],[24344, 18232],[24344, 18264],[24352, 18264],[24352, 18280],[24360, 18280],[24360, 18304],[24368, 18304],[24368, 18360],[24376, 18360],[24376, 18368],[24408, 18368],[24408, 18360],[24424, 18360],[24424, 18352],[24432, 18352],[24432, 18344],[24440, 18344],[24440, 18264],[24432, 18264],[24432, 18240],[24424, 18240],[24424, 18232],[24416, 18232],[24416, 18224],[24408, 18224],[24408, 18216],[24400, 18216],[24400, 18200],[24392, 18200],[24392, 18192],[24384, 18192],[24384, 18184],[24376, 18184],[24376, 18176],[24344, 18176],[24344, 18184],[24336, 18184],[24336, 18192],[24328, 18192]]]},"properties":{"objectType":"annotation","classification":{"name":"Ignore*","color":[180, 180, 180]},"isLocked":true}},{"type":"Feature","id":"aa476b49-db0e-457e-a7bc-88b073621652","geometry":{"type":"Polygon","coordinates":[[[21256, 18248],[21256, 18264],[21264, 18264],[21264, 18272],[21280, 18272],[21280, 18280],[21296, 18280],[21296, 18288],[21304, 18288],[21304, 18304],[21312, 18304],[21312, 18320],[21304, 18320],[21304, 18336],[21296, 18336],[21296, 18392],[21288, 18392],[21288, 18400],[21280, 18400],[21280, 18416],[21272, 18416],[21272, 18464],[21280, 18464],[21280, 18480],[21296, 18480],[21296, 18488],[21320, 18488],[21320, 18480],[21336, 18480],[21336, 18472],[21352, 18472],[21352, 18464],[21360, 18464],[21360, 18456],[21368, 18456],[21368, 18448],[21376, 18448],[21376, 18392],[21368, 18392],[21368, 18344],[21376, 18344],[21376, 18336],[21384, 18336],[21384, 18328],[21392, 18328],[21392, 18312],[21400, 18312],[21400, 18288],[21408, 18288],[21408, 18216],[21464, 18216],[21464, 18208],[21472, 18208],[21472, 18200],[21480, 18200],[21480, 18192],[21488, 18192],[21488, 18168],[21480, 18168],[21480, 18152],[21472, 18152],[21472, 18144],[21464, 18144],[21464, 18136],[21448, 18136],[21448, 18128],[21424, 18128],[21424, 18120],[21400, 18120],[21400, 18128],[21384, 18128],[21384, 18144],[21376, 18144],[21376, 18168],[21384, 18168],[21384, 18200],[21320, 18200],[21320, 18208],[21296, 18208],[21296, 18216],[21288, 18216],[21288, 18224],[21280, 18224],[21280, 18232],[21272, 18232],[21272, 18240],[21264, 18240],[21264, 18248],[21256, 18248]]]},"properties":{"objectType":"annotation","classification":{"name":"Ignore*","color":[180, 180, 180]},"isLocked":true}},{"type":"Feature","id":"2b223a0e-afd5-491c-9527-362117ce5dd0","geometry":{"type":"Polygon","coordinates":[[[29672, 18328],[29672, 18336],[29680, 18336],[29680, 18360],[29688, 18360],[29688, 18368],[29696, 18368],[29696, 18376],[29704, 18376],[29704, 18392],[29712, 18392],[29712, 18400],[29720, 18400],[29720, 18408],[29728, 18408],[29728, 18416],[29752, 18416],[29752, 18424],[29776, 18424],[29776, 18432],[29800, 18432],[29800, 18424],[29808, 18424],[29808, 18392],[29816, 18392],[29816, 18352],[29808, 18352],[29808, 18328],[29800, 18328],[29800, 18320],[29792, 18320],[29792, 18312],[29688, 18312],[29688, 18320],[29680, 18320],[29680, 18328],[29672, 18328]]]},"properties":{"objectType":"annotation","classification":{"name":"Ignore*","color":[180, 180, 180]},"isLocked":true}},{"type":"Feature","id":"00575884-f733-42f8-a211-0f21a1e7eb16","geometry":{"type":"Polygon","coordinates":[[[21512, 18400],[21512, 18432],[21520, 18432],[21520, 18464],[21528, 18464],[21528, 18480],[21536, 18480],[21536, 18488],[21544, 18488],[21544, 18496],[21568, 18496],[21568, 18504],[21592, 18504],[21592, 18512],[21616, 18512],[21616, 18504],[21624, 18504],[21624, 18496],[21632, 18496],[21632, 18488],[21640, 18488],[21640, 18472],[21648, 18472],[21648, 18464],[21656, 18464],[21656, 18456],[21664, 18456],[21664, 18448],[21672, 18448],[21672, 18440],[21712, 18440],[21712, 18432],[21728, 18432],[21728, 18416],[21736, 18416],[21736, 18400],[21728, 18400],[21728, 18384],[21720, 18384],[21720, 18376],[21712, 18376],[21712, 18360],[21704, 18360],[21704, 18328],[21696, 18328],[21696, 18304],[21688, 18304],[21688, 18296],[21680, 18296],[21680, 18288],[21656, 18288],[21656, 18296],[21648, 18296],[21648, 18304],[21640, 18304],[21640, 18312],[21632, 18312],[21632, 18320],[21624, 18320],[21624, 18336],[21616, 18336],[21616, 18352],[21608, 18352],[21608, 18360],[21600, 18360],[21600, 18368],[21592, 18368],[21592, 18376],[21584, 18376],[21584, 18384],[21568, 18384],[21568, 18392],[21552, 18392],[21552, 18384],[21520, 18384],[21520, 18400],[21512, 18400]]]},"properties":{"objectType":"annotation","classification":{"name":"Ignore*","color":[180, 180, 180]},"isLocked":true}},{"type":"Feature","id":"072b31cd-73f6-4972-8a6c-62d74896c697","geometry":{"type":"Polygon","coordinates":[[[25760, 18136],[25760, 18192],[25768, 18192],[25768, 18240],[25776, 18240],[25776, 18248],[25832, 18248],[25832, 18240],[25880, 18240],[25880, 18232],[25928, 18232],[25928, 18240],[25960, 18240],[25960, 18248],[25976, 18248],[25976, 18256],[25984, 18256],[25984, 18264],[25992, 18264],[25992, 18272],[26008, 18272],[26008, 18280],[26024, 18280],[26024, 18288],[26048, 18288],[26048, 18296],[26056, 18296],[26056, 18304],[26072, 18304],[26072, 18312],[26080, 18312],[26080, 18320],[26088, 18320],[26088, 18328],[26096, 18328],[26096, 18336],[26104, 18336],[26104, 18344],[26112, 18344],[26112, 18352],[26120, 18352],[26120, 18360],[26128, 18360],[26128, 18368],[26136, 18368],[26136, 18376],[26144, 18376],[26144, 18384],[26152, 18384],[26152, 18400],[26160, 18400],[26160, 18424],[26168, 18424],[26168, 18440],[26176, 18440],[26176, 18464],[26184, 18464],[26184, 18496],[26176, 18496],[26176, 18504],[26168, 18504],[26168, 18512],[26160, 18512],[26160, 18520],[26128, 18520],[26128, 18512],[26112, 18512],[26112, 18504],[26104, 18504],[26104, 18496],[26040, 18496],[26040, 18512],[26032, 18512],[26032, 18520],[26024, 18520],[26024, 18528],[26016, 18528],[26016, 18536],[26008, 18536],[26008, 18544],[25992, 18544],[25992, 18552],[25976, 18552],[25976, 18560],[25952, 18560],[25952, 18568],[25936, 18568],[25936, 18576],[25928, 18576],[25928, 18600],[25936, 18600],[25936, 18608],[25960, 18608],[25960, 18616],[25984, 18616],[25984, 18624],[26016, 18624],[26016, 18616],[26048, 18616],[26048, 18608],[26072, 18608],[26072, 18600],[26088, 18600],[26088, 18608],[26104, 18608],[26104, 18616],[26112, 18616],[26112, 18624],[26152, 18624],[26152, 18616],[26160, 18616],[26160, 18600],[26168, 18600],[26168, 18592],[26184, 18592],[26184, 18584],[26200, 18584],[26200, 18592],[26208, 18592],[26208, 18600],[26216, 18600],[26216, 18616],[26224, 18616],[26224, 18640],[26232, 18640],[26232, 18680],[26240, 18680],[26240, 18712],[26248, 18712],[26248, 18784],[26240, 18784],[26240, 18808],[26232, 18808],[26232, 18840],[26224, 18840],[26224, 18856],[26216, 18856],[26216, 18880],[26208, 18880],[26208, 18912],[26216, 18912],[26216, 18920],[26224, 18920],[26224, 18928],[26240, 18928],[26240, 18920],[26248, 18920],[26248, 18912],[26256, 18912],[26256, 18888],[26264, 18888],[26264, 18864],[26272, 18864],[26272, 18848],[26280, 18848],[26280, 18832],[26288, 18832],[26288, 18808],[26296, 18808],[26296, 18752],[26304, 18752],[26304, 18712],[26312, 18712],[26312, 18664],[26320, 18664],[26320, 18624],[26312, 18624],[26312, 18600],[26304, 18600],[26304, 18576],[26296, 18576],[26296, 18552],[26288, 18552],[26288, 18480],[26280, 18480],[26280, 18432],[26272, 18432],[26272, 18416],[26264, 18416],[26264, 18400],[26256, 18400],[26256, 18360],[26248, 18360],[26248, 18352],[26240, 18352],[26240, 18344],[26224, 18344],[26224, 18336],[26216, 18336],[26216, 18328],[26208, 18328],[26208, 18320],[26200, 18320],[26200, 18312],[26192, 18312],[26192, 18304],[26176, 18304],[26176, 18296],[26168, 18296],[26168, 18288],[26160, 18288],[26160, 18280],[26152, 18280],[26152, 18272],[26144, 18272],[26144, 18256],[26136, 18256],[26136, 18240],[26128, 18240],[26128, 18232],[26112, 18232],[26112, 18224],[26096, 18224],[26096, 18216],[26080, 18216],[26080, 18208],[26072, 18208],[26072, 18200],[26064, 18200],[26064, 18144],[26056, 18144],[26056, 18120],[26048, 18120],[26048, 18080],[26040, 18080],[26040, 18064],[26024, 18064],[26024, 18056],[26000, 18056],[26000, 18064],[25992, 18064],[25992, 18072],[25984, 18072],[25984, 18120],[25976, 18120],[25976, 18136],[25968, 18136],[25968, 18144],[25960, 18144],[25960, 18152],[25928, 18152],[25928, 18160],[25872, 18160],[25872, 18152],[25840, 18152],[25840, 18144],[25832, 18144],[25832, 18136],[25808, 18136],[25808, 18128],[25768, 18128],[25768, 18136],[25760, 18136]]]},"properties":{"objectType":"annotation","classification":{"name":"Ignore*","color":[180, 180, 180]},"isLocked":true}},{"type":"Feature","id":"dcc29577-d68e-4715-a470-67da49d3dbb6","geometry":{"type":"Polygon","coordinates":[[[26440, 18576],[26440, 18608],[26456, 18608],[26456, 18616],[26496, 18616],[26496, 18608],[26520, 18608],[26520, 18600],[26536, 18600],[26536, 18592],[26544, 18592],[26544, 18584],[26552, 18584],[26552, 18576],[26568, 18576],[26568, 18568],[26576, 18568],[26576, 18560],[26584, 18560],[26584, 18552],[26592, 18552],[26592, 18544],[26600, 18544],[26600, 18536],[26608, 18536],[26608, 18528],[26624, 18528],[26624, 18520],[26648, 18520],[26648, 18512],[26672, 18512],[26672, 18504],[26688, 18504],[26688, 18496],[26704, 18496],[26704, 18488],[26720, 18488],[26720, 18480],[26728, 18480],[26728, 18472],[26736, 18472],[26736, 18464],[26760, 18464],[26760, 18456],[26784, 18456],[26784, 18448],[26848, 18448],[26848, 18440],[26872, 18440],[26872, 18432],[26880, 18432],[26880, 18424],[26888, 18424],[26888, 18392],[26896, 18392],[26896, 18360],[26888, 18360],[26888, 18352],[26864, 18352],[26864, 18344],[26832, 18344],[26832, 18352],[26808, 18352],[26808, 18360],[26792, 18360],[26792, 18352],[26776, 18352],[26776, 18344],[26768, 18344],[26768, 18336],[26760, 18336],[26760, 18328],[26752, 18328],[26752, 18320],[26728, 18320],[26728, 18312],[26704, 18312],[26704, 18328],[26696, 18328],[26696, 18344],[26704, 18344],[26704, 18360],[26712, 18360],[26712, 18376],[26720, 18376],[26720, 18400],[26712, 18400],[26712, 18408],[26704, 18408],[26704, 18416],[26696, 18416],[26696, 18424],[26680, 18424],[26680, 18432],[26672, 18432],[26672, 18440],[26656, 18440],[26656, 18448],[26648, 18448],[26648, 18456],[26640, 18456],[26640, 18464],[26624, 18464],[26624, 18472],[26608, 18472],[26608, 18480],[26592, 18480],[26592, 18488],[26568, 18488],[26568, 18496],[26552, 18496],[26552, 18504],[26544, 18504],[26544, 18512],[26528, 18512],[26528, 18520],[26512, 18520],[26512, 18528],[26496, 18528],[26496, 18536],[26480, 18536],[26480, 18544],[26472, 18544],[26472, 18552],[26464, 18552],[26464, 18560],[26456, 18560],[26456, 18568],[26448, 18568],[26448, 18576],[26440, 18576]]]},"properties":{"objectType":"annotation","classification":{"name":"Ignore*","color":[180, 180, 180]},"isLocked":true}},{"type":"Feature","id":"bd5b7b87-7202-4d80-9697-f10fcc6bab7b","geometry":{"type":"Polygon","coordinates":[[[27904, 18472],[27904, 18496],[27912, 18496],[27912, 18504],[27928, 18504],[27928, 18512],[27976, 18512],[27976, 18504],[27984, 18504],[27984, 18488],[27992, 18488],[27992, 18472],[28000, 18472],[28000, 18448],[27992, 18448],[27992, 18440],[27976, 18440],[27976, 18432],[27952, 18432],[27952, 18440],[27944, 18440],[27944, 18448],[27936, 18448],[27936, 18456],[27920, 18456],[27920, 18464],[27912, 18464],[27912, 18472],[27904, 18472]]]},"properties":{"objectType":"annotation","classification":{"name":"Ignore*","color":[180, 180, 180]},"isLocked":true}},{"type":"Feature","id":"52bd323e-398b-4ab7-9e68-bcecfdcfcbb4","geometry":{"type":"Polygon","coordinates":[[[30144, 18512],[30144, 18544],[30152, 18544],[30152, 18552],[30192, 18552],[30192, 18544],[30208, 18544],[30208, 18536],[30216, 18536],[30216, 18528],[30224, 18528],[30224, 18512],[30232, 18512],[30232, 18504],[30248, 18504],[30248, 18496],[30256, 18496],[30256, 18480],[30264, 18480],[30264, 18456],[30256, 18456],[30256, 18440],[30216, 18440],[30216, 18448],[30208, 18448],[30208, 18456],[30192, 18456],[30192, 18464],[30184, 18464],[30184, 18480],[30176, 18480],[30176, 18488],[30168, 18488],[30168, 18496],[30160, 18496],[30160, 18504],[30152, 18504],[30152, 18512],[30144, 18512]]]},"properties":{"objectType":"annotation","classification":{"name":"Ignore*","color":[180, 180, 180]},"isLocked":true}},{"type":"Feature","id":"da600482-8e37-4dd1-820e-7f7e845b3b8d","geometry":{"type":"Polygon","coordinates":[[[23104, 18528],[23104, 18544],[23112, 18544],[23112, 18552],[23128, 18552],[23128, 18560],[23152, 18560],[23152, 18568],[23200, 18568],[23200, 18552],[23208, 18552],[23208, 18528],[23200, 18528],[23200, 18488],[23192, 18488],[23192, 18480],[23184, 18480],[23184, 18472],[23168, 18472],[23168, 18464],[23152, 18464],[23152, 18456],[23136, 18456],[23136, 18464],[23128, 18464],[23128, 18504],[23120, 18504],[23120, 18520],[23112, 18520],[23112, 18528],[23104, 18528]]]},"properties":{"objectType":"annotation","classification":{"name":"Ignore*","color":[180, 180, 180]},"isLocked":true}},{"type":"Feature","id":"77145a3d-3525-496a-8815-110a4edbedb4","geometry":{"type":"Polygon","coordinates":[[[23816, 18672],[23816, 18680],[23824, 18680],[23824, 18696],[23832, 18696],[23832, 18712],[23840, 18712],[23840, 18720],[23848, 18720],[23848, 18736],[23856, 18736],[23856, 18744],[23864, 18744],[23864, 18752],[23872, 18752],[23872, 18760],[23888, 18760],[23888, 18768],[23928, 18768],[23928, 18760],[23936, 18760],[23936, 18728],[23928, 18728],[23928, 18704],[23920, 18704],[23920, 18696],[23912, 18696],[23912, 18688],[23896, 18688],[23896, 18680],[23856, 18680],[23856, 18672],[23832, 18672],[23832, 18664],[23824, 18664],[23824, 18672],[23816, 18672]]]},"properties":{"objectType":"annotation","classification":{"name":"Ignore*","color":[180, 180, 180]},"isLocked":true}},{"type":"Feature","id":"5d6c76c2-078b-444a-bc09-1c9780ea8938","geometry":{"type":"Polygon","coordinates":[[[24944, 18744],[24944, 18768],[24952, 18768],[24952, 18776],[24960, 18776],[24960, 18784],[24968, 18784],[24968, 18792],[24984, 18792],[24984, 18800],[24992, 18800],[24992, 18808],[25000, 18808],[25000, 18816],[25016, 18816],[25016, 18824],[25024, 18824],[25024, 18816],[25048, 18816],[25048, 18808],[25056, 18808],[25056, 18800],[25072, 18800],[25072, 18792],[25080, 18792],[25080, 18784],[25088, 18784],[25088, 18776],[25104, 18776],[25104, 18768],[25112, 18768],[25112, 18760],[25176, 18760],[25176, 18752],[25184, 18752],[25184, 18744],[25192, 18744],[25192, 18688],[25184, 18688],[25184, 18672],[25176, 18672],[25176, 18664],[25144, 18664],[25144, 18672],[25128, 18672],[25128, 18680],[25112, 18680],[25112, 18688],[25080, 18688],[25080, 18696],[25064, 18696],[25064, 18704],[25048, 18704],[25048, 18712],[25040, 18712],[25040, 18720],[25024, 18720],[25024, 18728],[24968, 18728],[24968, 18736],[24952, 18736],[24952, 18744],[24944, 18744]]]},"properties":{"objectType":"annotation","classification":{"name":"Ignore*","color":[180, 180, 180]},"isLocked":true}},{"type":"Feature","id":"ad76ea7f-1344-4d83-987f-a78d8b93ec01","geometry":{"type":"Polygon","coordinates":[[[26784, 18728],[26784, 18736],[26792, 18736],[26792, 18760],[26800, 18760],[26800, 18768],[26808, 18768],[26808, 18776],[26816, 18776],[26816, 18792],[26824, 18792],[26824, 18800],[26832, 18800],[26832, 18816],[26840, 18816],[26840, 18824],[26848, 18824],[26848, 18832],[26856, 18832],[26856, 18840],[26880, 18840],[26880, 18848],[26920, 18848],[26920, 18840],[26928, 18840],[26928, 18832],[26936, 18832],[26936, 18816],[26944, 18816],[26944, 18808],[26936, 18808],[26936, 18792],[26928, 18792],[26928, 18784],[26920, 18784],[26920, 18776],[26912, 18776],[26912, 18768],[26896, 18768],[26896, 18760],[26888, 18760],[26888, 18752],[26880, 18752],[26880, 18744],[26872, 18744],[26872, 18736],[26864, 18736],[26864, 18728],[26856, 18728],[26856, 18720],[26840, 18720],[26840, 18712],[26832, 18712],[26832, 18704],[26824, 18704],[26824, 18696],[26808, 18696],[26808, 18704],[26800, 18704],[26800, 18712],[26792, 18712],[26792, 18728],[26784, 18728]]]},"properties":{"objectType":"annotation","classification":{"name":"Ignore*","color":[180, 180, 180]},"isLocked":true}},{"type":"Feature","id":"0b36f40d-1da6-4633-9f74-e862e8e313df","geometry":{"type":"Polygon","coordinates":[[[30488, 18816],[30488, 18848],[30496, 18848],[30496, 18856],[30512, 18856],[30512, 18864],[30600, 18864],[30600, 18872],[30664, 18872],[30664, 18864],[30688, 18864],[30688, 18856],[30704, 18856],[30704, 18848],[30720, 18848],[30720, 18840],[30736, 18840],[30736, 18832],[30752, 18832],[30752, 18824],[30760, 18824],[30760, 18816],[30776, 18816],[30776, 18808],[30784, 18808],[30784, 18784],[30776, 18784],[30776, 18776],[30760, 18776],[30760, 18768],[30736, 18768],[30736, 18776],[30680, 18776],[30680, 18784],[30624, 18784],[30624, 18792],[30544, 18792],[30544, 18800],[30504, 18800],[30504, 18808],[30496, 18808],[30496, 18816],[30488, 18816]]]},"properties":{"objectType":"annotation","classification":{"name":"Ignore*","color":[180, 180, 180]},"isLocked":true}},{"type":"Feature","id":"99eda54c-168b-4672-883a-0aca277b838f","geometry":{"type":"Polygon","coordinates":[[[21704, 18848],[21704, 18888],[21712, 18888],[21712, 18904],[21720, 18904],[21720, 18912],[21728, 18912],[21728, 18920],[21744, 18920],[21744, 18928],[21792, 18928],[21792, 18920],[21816, 18920],[21816, 18912],[21832, 18912],[21832, 18904],[21856, 18904],[21856, 18896],[21872, 18896],[21872, 18888],[21880, 18888],[21880, 18848],[21872, 18848],[21872, 18832],[21864, 18832],[21864, 18824],[21856, 18824],[21856, 18808],[21928, 18808],[21928, 18800],[21944, 18800],[21944, 18792],[21952, 18792],[21952, 18776],[21944, 18776],[21944, 18760],[21928, 18760],[21928, 18752],[21912, 18752],[21912, 18744],[21888, 18744],[21888, 18736],[21848, 18736],[21848, 18744],[21840, 18744],[21840, 18752],[21832, 18752],[21832, 18760],[21824, 18760],[21824, 18792],[21808, 18792],[21808, 18800],[21792, 18800],[21792, 18808],[21728, 18808],[21728, 18816],[21720, 18816],[21720, 18824],[21712, 18824],[21712, 18848],[21704, 18848]]]},"properties":{"objectType":"annotation","classification":{"name":"Ignore*","color":[180, 180, 180]},"isLocked":true}},{"type":"Feature","id":"049982b4-08d4-47d6-ba18-0f9fe632f884","geometry":{"type":"Polygon","coordinates":[[[22768, 18880],[22768, 18928],[22784, 18928],[22784, 18936],[22800, 18936],[22800, 18928],[22808, 18928],[22808, 18920],[22816, 18920],[22816, 18904],[22824, 18904],[22824, 18888],[22832, 18888],[22832, 18880],[22848, 18880],[22848, 18864],[22856, 18864],[22856, 18840],[22848, 18840],[22848, 18832],[22840, 18832],[22840, 18824],[22792, 18824],[22792, 18832],[22784, 18832],[22784, 18848],[22776, 18848],[22776, 18880],[22768, 18880]]]},"properties":{"objectType":"annotation","classification":{"name":"Ignore*","color":[180, 180, 180]},"isLocked":true}},{"type":"Feature","id":"2bb4d576-ce09-4091-8646-0f60d8532f39","geometry":{"type":"Polygon","coordinates":[[[22496, 18232],[22496, 18264],[22504, 18264],[22504, 18272],[22512, 18272],[22512, 18280],[22520, 18280],[22520, 18288],[22528, 18288],[22528, 18296],[22536, 18296],[22536, 18304],[22544, 18304],[22544, 18320],[22552, 18320],[22552, 18328],[22560, 18328],[22560, 18336],[22568, 18336],[22568, 18344],[22576, 18344],[22576, 18360],[22584, 18360],[22584, 18376],[22592, 18376],[22592, 18392],[22600, 18392],[22600, 18408],[22608, 18408],[22608, 18416],[22616, 18416],[22616, 18424],[22624, 18424],[22624, 18440],[22632, 18440],[22632, 18448],[22640, 18448],[22640, 18464],[22648, 18464],[22648, 18480],[22656, 18480],[22656, 18496],[22664, 18496],[22664, 18512],[22672, 18512],[22672, 18520],[22680, 18520],[22680, 18536],[22688, 18536],[22688, 18552],[22696, 18552],[22696, 18560],[22704, 18560],[22704, 18576],[22712, 18576],[22712, 18584],[22720, 18584],[22720, 18600],[22728, 18600],[22728, 18616],[22736, 18616],[22736, 18624],[22744, 18624],[22744, 18648],[22752, 18648],[22752, 18664],[22760, 18664],[22760, 18680],[22768, 18680],[22768, 18688],[22776, 18688],[22776, 18696],[22784, 18696],[22784, 18704],[22792, 18704],[22792, 18720],[22800, 18720],[22800, 18736],[22808, 18736],[22808, 18744],[22816, 18744],[22816, 18752],[22824, 18752],[22824, 18760],[22832, 18760],[22832, 18768],[22840, 18768],[22840, 18776],[22848, 18776],[22848, 18792],[22856, 18792],[22856, 18816],[22864, 18816],[22864, 18832],[22872, 18832],[22872, 18840],[22880, 18840],[22880, 18848],[22888, 18848],[22888, 18856],[22896, 18856],[22896, 18872],[22904, 18872],[22904, 18928],[22920, 18928],[22920, 18936],[22936, 18936],[22936, 18944],[22944, 18944],[22944, 18952],[22960, 18952],[22960, 18960],[22968, 18960],[22968, 18976],[22976, 18976],[22976, 19056],[22968, 19056],[22968, 19088],[22960, 19088],[22960, 19096],[22944, 19096],[22944, 19104],[22936, 19104],[22936, 19112],[22928, 19112],[22928, 19136],[22936, 19136],[22936, 19152],[22944, 19152],[22944, 19160],[22952, 19160],[22952, 19168],[22960, 19168],[22960, 19176],[22968, 19176],[22968, 19184],[22976, 19184],[22976, 19192],[22984, 19192],[22984, 19200],[22992, 19200],[22992, 19216],[23000, 19216],[23000, 19224],[23008, 19224],[23008, 19240],[23016, 19240],[23016, 19248],[23032, 19248],[23032, 19256],[23056, 19256],[23056, 19264],[23064, 19264],[23064, 19256],[23072, 19256],[23072, 19248],[23080, 19248],[23080, 19240],[23088, 19240],[23088, 19208],[23080, 19208],[23080, 19192],[23072, 19192],[23072, 19176],[23064, 19176],[23064, 19168],[23056, 19168],[23056, 19160],[23048, 19160],[23048, 19152],[23040, 19152],[23040, 19128],[23032, 19128],[23032, 19096],[23040, 19096],[23040, 19088],[23056, 19088],[23056, 19096],[23064, 19096],[23064, 19104],[23072, 19104],[23072, 19112],[23080, 19112],[23080, 19128],[23088, 19128],[23088, 19136],[23104, 19136],[23104, 19144],[23120, 19144],[23120, 19152],[23136, 19152],[23136, 19160],[23144, 19160],[23144, 19168],[23160, 19168],[23160, 19176],[23168, 19176],[23168, 19184],[23176, 19184],[23176, 19192],[23184, 19192],[23184, 19200],[23192, 19200],[23192, 19208],[23200, 19208],[23200, 19216],[23208, 19216],[23208, 19224],[23216, 19224],[23216, 19232],[23224, 19232],[23224, 19240],[23232, 19240],[23232, 19248],[23240, 19248],[23240, 19256],[23248, 19256],[23248, 19264],[23256, 19264],[23256, 19272],[23264, 19272],[23264, 19280],[23272, 19280],[23272, 19288],[23280, 19288],[23280, 19304],[23288, 19304],[23288, 19320],[23296, 19320],[23296, 19328],[23304, 19328],[23304, 19336],[23312, 19336],[23312, 19344],[23336, 19344],[23336, 19336],[23344, 19336],[23344, 19328],[23336, 19328],[23336, 19320],[23328, 19320],[23328, 19312],[23320, 19312],[23320, 19304],[23312, 19304],[23312, 19296],[23304, 19296],[23304, 19288],[23296, 19288],[23296, 19272],[23288, 19272],[23288, 19256],[23280, 19256],[23280, 19232],[23272, 19232],[23272, 19208],[23264, 19208],[23264, 19200],[23256, 19200],[23256, 19192],[23248, 19192],[23248, 19176],[23240, 19176],[23240, 19168],[23232, 19168],[23232, 19152],[23224, 19152],[23224, 19136],[23216, 19136],[23216, 19128],[23208, 19128],[23208, 19112],[23200, 19112],[23200, 19096],[23192, 19096],[23192, 19080],[23184, 19080],[23184, 19072],[23176, 19072],[23176, 19064],[23168, 19064],[23168, 19056],[23160, 19056],[23160, 19048],[23152, 19048],[23152, 19040],[23144, 19040],[23144, 19016],[23136, 19016],[23136, 19000],[23128, 19000],[23128, 18992],[23120, 18992],[23120, 18984],[23112, 18984],[23112, 18968],[23104, 18968],[23104, 18960],[23096, 18960],[23096, 18952],[23088, 18952],[23088, 18936],[23080, 18936],[23080, 18928],[23072, 18928],[23072, 18920],[23064, 18920],[23064, 18912],[23056, 18912],[23056, 18904],[23048, 18904],[23048, 18896],[23040, 18896],[23040, 18888],[23032, 18888],[23032, 18880],[23024, 18880],[23024, 18872],[23016, 18872],[23016, 18864],[23008, 18864],[23008, 18856],[23000, 18856],[23000, 18848],[22992, 18848],[22992, 18840],[22984, 18840],[22984, 18832],[22976, 18832],[22976, 18824],[22968, 18824],[22968, 18816],[22960, 18816],[22960, 18808],[22952, 18808],[22952, 18792],[22944, 18792],[22944, 18784],[22936, 18784],[22936, 18776],[22928, 18776],[22928, 18768],[22920, 18768],[22920, 18760],[22912, 18760],[22912, 18752],[22904, 18752],[22904, 18736],[22896, 18736],[22896, 18728],[22888, 18728],[22888, 18712],[22880, 18712],[22880, 18704],[22872, 18704],[22872, 18696],[22864, 18696],[22864, 18688],[22856, 18688],[22856, 18672],[22848, 18672],[22848, 18664],[22840, 18664],[22840, 18656],[22832, 18656],[22832, 18640],[22824, 18640],[22824, 18632],[22816, 18632],[22816, 18624],[22808, 18624],[22808, 18616],[22800, 18616],[22800, 18600],[22792, 18600],[22792, 18584],[22784, 18584],[22784, 18568],[22776, 18568],[22776, 18552],[22768, 18552],[22768, 18536],[22760, 18536],[22760, 18528],[22744, 18528],[22744, 18520],[22736, 18520],[22736, 18504],[22728, 18504],[22728, 18488],[22720, 18488],[22720, 18472],[22712, 18472],[22712, 18464],[22704, 18464],[22704, 18448],[22696, 18448],[22696, 18440],[22688, 18440],[22688, 18432],[22680, 18432],[22680, 18416],[22672, 18416],[22672, 18408],[22664, 18408],[22664, 18400],[22656, 18400],[22656, 18384],[22648, 18384],[22648, 18376],[22640, 18376],[22640, 18368],[22632, 18368],[22632, 18360],[22624, 18360],[22624, 18352],[22616, 18352],[22616, 18344],[22608, 18344],[22608, 18336],[22600, 18336],[22600, 18320],[22592, 18320],[22592, 18304],[22584, 18304],[22584, 18280],[22576, 18280],[22576, 18272],[22568, 18272],[22568, 18264],[22560, 18264],[22560, 18256],[22552, 18256],[22552, 18240],[22544, 18240],[22544, 18232],[22528, 18232],[22528, 18224],[22512, 18224],[22512, 18232],[22496, 18232]]]},"properties":{"objectType":"annotation","classification":{"name":"Ignore*","color":[180, 180, 180]},"isLocked":true}},{"type":"Feature","id":"c40e3529-61b5-4a5b-9684-281a2b40e1e2","geometry":{"type":"Polygon","coordinates":[[[26088, 19088],[26088, 19120],[26096, 19120],[26096, 19128],[26128, 19128],[26128, 19120],[26144, 19120],[26144, 19112],[26152, 19112],[26152, 19104],[26160, 19104],[26160, 19096],[26168, 19096],[26168, 19088],[26184, 19088],[26184, 19080],[26192, 19080],[26192, 19064],[26200, 19064],[26200, 19056],[26208, 19056],[26208, 19048],[26216, 19048],[26216, 19040],[26224, 19040],[26224, 19024],[26232, 19024],[26232, 19008],[26248, 19008],[26248, 19000],[26288, 19000],[26288, 18992],[26296, 18992],[26296, 18984],[26312, 18984],[26312, 18976],[26320, 18976],[26320, 18968],[26344, 18968],[26344, 18960],[26368, 18960],[26368, 18952],[26376, 18952],[26376, 18944],[26384, 18944],[26384, 18936],[26392, 18936],[26392, 18904],[26384, 18904],[26384, 18896],[26336, 18896],[26336, 18904],[26312, 18904],[26312, 18912],[26304, 18912],[26304, 18920],[26296, 18920],[26296, 18928],[26288, 18928],[26288, 18936],[26280, 18936],[26280, 18944],[26264, 18944],[26264, 18952],[26256, 18952],[26256, 18960],[26240, 18960],[26240, 18968],[26224, 18968],[26224, 18976],[26200, 18976],[26200, 18984],[26184, 18984],[26184, 18992],[26176, 18992],[26176, 19000],[26168, 19000],[26168, 19008],[26160, 19008],[26160, 19024],[26152, 19024],[26152, 19040],[26144, 19040],[26144, 19048],[26128, 19048],[26128, 19056],[26112, 19056],[26112, 19064],[26104, 19064],[26104, 19072],[26096, 19072],[26096, 19088],[26088, 19088]]]},"properties":{"objectType":"annotation","classification":{"name":"Ignore*","color":[180, 180, 180]},"isLocked":true}},{"type":"Feature","id":"ca80cd62-19b4-49c5-9109-872d31463889","geometry":{"type":"Polygon","coordinates":[[[27248, 19008],[27248, 19040],[27264, 19040],[27264, 19048],[27328, 19048],[27328, 19040],[27344, 19040],[27344, 19000],[27336, 19000],[27336, 18992],[27320, 18992],[27320, 18984],[27264, 18984],[27264, 18992],[27256, 18992],[27256, 19008],[27248, 19008]]]},"properties":{"objectType":"annotation","classification":{"name":"Ignore*","color":[180, 180, 180]},"isLocked":true}},{"type":"Feature","id":"038f1a93-3395-4f8b-87a2-cb91f6f0856f","geometry":{"type":"Polygon","coordinates":[[[30528, 19040],[30528, 19048],[30536, 19048],[30536, 19072],[30544, 19072],[30544, 19080],[30552, 19080],[30552, 19088],[30568, 19088],[30568, 19096],[30584, 19096],[30584, 19104],[30656, 19104],[30656, 19112],[30664, 19112],[30664, 19120],[30672, 19120],[30672, 19128],[30696, 19128],[30696, 19120],[30712, 19120],[30712, 19112],[30720, 19112],[30720, 19104],[30728, 19104],[30728, 19096],[30736, 19096],[30736, 19056],[30728, 19056],[30728, 19032],[30720, 19032],[30720, 19016],[30712, 19016],[30712, 19008],[30696, 19008],[30696, 19000],[30560, 19000],[30560, 19008],[30552, 19008],[30552, 19016],[30544, 19016],[30544, 19024],[30536, 19024],[30536, 19040],[30528, 19040]]]},"properties":{"objectType":"annotation","classification":{"name":"Ignore*","color":[180, 180, 180]},"isLocked":true}},{"type":"Feature","id":"151dce2b-8d8f-4016-b7f5-78a05efc6dc0","geometry":{"type":"Polygon","coordinates":[[[24440, 19400],[24440, 19424],[24448, 19424],[24448, 19440],[24456, 19440],[24456, 19448],[24464, 19448],[24464, 19456],[24472, 19456],[24472, 19464],[24480, 19464],[24480, 19472],[24488, 19472],[24488, 19480],[24496, 19480],[24496, 19488],[24504, 19488],[24504, 19496],[24512, 19496],[24512, 19504],[24536, 19504],[24536, 19496],[24544, 19496],[24544, 19488],[24552, 19488],[24552, 19448],[24544, 19448],[24544, 19424],[24536, 19424],[24536, 19392],[24528, 19392],[24528, 19360],[24536, 19360],[24536, 19344],[24544, 19344],[24544, 19336],[24552, 19336],[24552, 19328],[24560, 19328],[24560, 19312],[24568, 19312],[24568, 19304],[24576, 19304],[24576, 19288],[24584, 19288],[24584, 19272],[24592, 19272],[24592, 19200],[24584, 19200],[24584, 19152],[24576, 19152],[24576, 19088],[24584, 19088],[24584, 19064],[24592, 19064],[24592, 19032],[24600, 19032],[24600, 19016],[24608, 19016],[24608, 19000],[24616, 19000],[24616, 18976],[24624, 18976],[24624, 18864],[24616, 18864],[24616, 18840],[24608, 18840],[24608, 18824],[24600, 18824],[24600, 18808],[24592, 18808],[24592, 18768],[24584, 18768],[24584, 18664],[24576, 18664],[24576, 18656],[24568, 18656],[24568, 18648],[24552, 18648],[24552, 18640],[24536, 18640],[24536, 18648],[24520, 18648],[24520, 18656],[24512, 18656],[24512, 18664],[24504, 18664],[24504, 18672],[24496, 18672],[24496, 18728],[24504, 18728],[24504, 18760],[24512, 18760],[24512, 18800],[24520, 18800],[24520, 18872],[24528, 18872],[24528, 18896],[24536, 18896],[24536, 19032],[24528, 19032],[24528, 19168],[24520, 19168],[24520, 19192],[24512, 19192],[24512, 19248],[24504, 19248],[24504, 19280],[24512, 19280],[24512, 19296],[24504, 19296],[24504, 19328],[24496, 19328],[24496, 19336],[24488, 19336],[24488, 19352],[24480, 19352],[24480, 19360],[24472, 19360],[24472, 19368],[24464, 19368],[24464, 19376],[24456, 19376],[24456, 19384],[24448, 19384],[24448, 19400],[24440, 19400]]]},"properties":{"objectType":"annotation","classification":{"name":"Ignore*","color":[180, 180, 180]},"isLocked":true}},{"type":"Feature","id":"aa1d3ba9-d26c-4c43-93ba-ff1c617f4958","geometry":{"type":"Polygon","coordinates":[[[27368, 19112],[27368, 19120],[27376, 19120],[27376, 19160],[27384, 19160],[27384, 19168],[27416, 19168],[27416, 19128],[27408, 19128],[27408, 19112],[27448, 19112],[27448, 19120],[27488, 19120],[27488, 19128],[27520, 19128],[27520, 19136],[27544, 19136],[27544, 19128],[27552, 19128],[27552, 19120],[27560, 19120],[27560, 19096],[27552, 19096],[27552, 19080],[27536, 19080],[27536, 19072],[27504, 19072],[27504, 19064],[27488, 19064],[27488, 19056],[27480, 19056],[27480, 19048],[27464, 19048],[27464, 19040],[27440, 19040],[27440, 19032],[27400, 19032],[27400, 19048],[27392, 19048],[27392, 19064],[27384, 19064],[27384, 19080],[27376, 19080],[27376, 19112],[27368, 19112]]]},"properties":{"objectType":"annotation","classification":{"name":"Ignore*","color":[180, 180, 180]},"isLocked":true}},{"type":"Feature","id":"f890b4a1-aafd-4e83-af50-62c2ab118f53","geometry":{"type":"Polygon","coordinates":[[[25856, 19128],[25856, 19224],[25864, 19224],[25864, 19240],[25880, 19240],[25880, 19248],[25904, 19248],[25904, 19240],[25912, 19240],[25912, 19224],[25920, 19224],[25920, 19200],[25928, 19200],[25928, 19192],[25984, 19192],[25984, 19184],[26000, 19184],[26000, 19176],[26008, 19176],[26008, 19168],[26016, 19168],[26016, 19152],[26024, 19152],[26024, 19136],[26016, 19136],[26016, 19120],[26008, 19120],[26008, 19112],[25992, 19112],[25992, 19104],[25976, 19104],[25976, 19096],[25968, 19096],[25968, 19088],[25952, 19088],[25952, 19080],[25936, 19080],[25936, 19088],[25920, 19088],[25920, 19096],[25912, 19096],[25912, 19104],[25904, 19104],[25904, 19112],[25888, 19112],[25888, 19120],[25864, 19120],[25864, 19128],[25856, 19128]]]},"properties":{"objectType":"annotation","classification":{"name":"Ignore*","color":[180, 180, 180]},"isLocked":true}},{"type":"Feature","id":"903f3722-16d9-4cca-a4cc-a67507eece28","geometry":{"type":"Polygon","coordinates":[[[26632, 19240],[26632, 19264],[26640, 19264],[26640, 19272],[26648, 19272],[26648, 19288],[26656, 19288],[26656, 19296],[26672, 19296],[26672, 19304],[26680, 19304],[26680, 19312],[26736, 19312],[26736, 19304],[26752, 19304],[26752, 19288],[26760, 19288],[26760, 19264],[26752, 19264],[26752, 19256],[26744, 19256],[26744, 19248],[26736, 19248],[26736, 19240],[26728, 19240],[26728, 19232],[26712, 19232],[26712, 19224],[26664, 19224],[26664, 19232],[26640, 19232],[26640, 19240],[26632, 19240]]]},"properties":{"objectType":"annotation","classification":{"name":"Ignore*","color":[180, 180, 180]},"isLocked":true}},{"type":"Feature","id":"965b1f98-7a83-4e54-870b-e90d15d8362e","geometry":{"type":"Polygon","coordinates":[[[30168, 19264],[30168, 19296],[30176, 19296],[30176, 19304],[30184, 19304],[30184, 19312],[30208, 19312],[30208, 19320],[30240, 19320],[30240, 19312],[30248, 19312],[30248, 19304],[30256, 19304],[30256, 19256],[30248, 19256],[30248, 19248],[30184, 19248],[30184, 19256],[30176, 19256],[30176, 19264],[30168, 19264]]]},"properties":{"objectType":"annotation","classification":{"name":"Ignore*","color":[180, 180, 180]},"isLocked":true}},{"type":"Feature","id":"53fd8736-5a4c-4294-af83-53c2818651f2","geometry":{"type":"Polygon","coordinates":[[[22176, 19280],[22176, 19320],[22184, 19320],[22184, 19336],[22192, 19336],[22192, 19344],[22208, 19344],[22208, 19352],[22272, 19352],[22272, 19344],[22280, 19344],[22280, 19336],[22288, 19336],[22288, 19288],[22280, 19288],[22280, 19272],[22232, 19272],[22232, 19264],[22200, 19264],[22200, 19272],[22184, 19272],[22184, 19280],[22176, 19280]]]},"properties":{"objectType":"annotation","classification":{"name":"Ignore*","color":[180, 180, 180]},"isLocked":true}},{"type":"Feature","id":"44eee214-c4fe-4a91-a251-a069920a1f6b","geometry":{"type":"Polygon","coordinates":[[[22048, 19272],[22048, 19304],[22056, 19304],[22056, 19320],[22064, 19320],[22064, 19336],[22072, 19336],[22072, 19352],[22080, 19352],[22080, 19368],[22088, 19368],[22088, 19392],[22096, 19392],[22096, 19408],[22104, 19408],[22104, 19424],[22112, 19424],[22112, 19432],[22120, 19432],[22120, 19448],[22128, 19448],[22128, 19456],[22136, 19456],[22136, 19464],[22144, 19464],[22144, 19480],[22152, 19480],[22152, 19496],[22160, 19496],[22160, 19512],[22168, 19512],[22168, 19520],[22176, 19520],[22176, 19536],[22184, 19536],[22184, 19552],[22192, 19552],[22192, 19568],[22200, 19568],[22200, 19584],[22208, 19584],[22208, 19600],[22216, 19600],[22216, 19616],[22224, 19616],[22224, 19624],[22240, 19624],[22240, 19632],[22248, 19632],[22248, 19640],[22296, 19640],[22296, 19632],[22312, 19632],[22312, 19624],[22336, 19624],[22336, 19616],[22400, 19616],[22400, 19624],[22424, 19624],[22424, 19632],[22456, 19632],[22456, 19624],[22472, 19624],[22472, 19616],[22480, 19616],[22480, 19608],[22488, 19608],[22488, 19600],[22496, 19600],[22496, 19592],[22504, 19592],[22504, 19600],[22512, 19600],[22512, 19608],[22520, 19608],[22520, 19624],[22528, 19624],[22528, 19632],[22536, 19632],[22536, 19640],[22552, 19640],[22552, 19648],[22568, 19648],[22568, 19656],[22584, 19656],[22584, 19664],[22592, 19664],[22592, 19672],[22608, 19672],[22608, 19680],[22624, 19680],[22624, 19688],[22632, 19688],[22632, 19696],[22648, 19696],[22648, 19704],[22672, 19704],[22672, 19712],[22704, 19712],[22704, 19704],[22720, 19704],[22720, 19672],[22712, 19672],[22712, 19664],[22696, 19664],[22696, 19656],[22688, 19656],[22688, 19648],[22672, 19648],[22672, 19640],[22656, 19640],[22656, 19632],[22640, 19632],[22640, 19624],[22632, 19624],[22632, 19616],[22624, 19616],[22624, 19608],[22616, 19608],[22616, 19600],[22608, 19600],[22608, 19592],[22600, 19592],[22600, 19584],[22584, 19584],[22584, 19576],[22576, 19576],[22576, 19568],[22568, 19568],[22568, 19560],[22560, 19560],[22560, 19552],[22552, 19552],[22552, 19544],[22536, 19544],[22536, 19536],[22504, 19536],[22504, 19544],[22496, 19544],[22496, 19552],[22472, 19552],[22472, 19544],[22464, 19544],[22464, 19528],[22456, 19528],[22456, 19512],[22448, 19512],[22448, 19504],[22440, 19504],[22440, 19488],[22432, 19488],[22432, 19480],[22424, 19480],[22424, 19464],[22416, 19464],[22416, 19456],[22408, 19456],[22408, 19440],[22400, 19440],[22400, 19432],[22392, 19432],[22392, 19416],[22384, 19416],[22384, 19400],[22376, 19400],[22376, 19392],[22368, 19392],[22368, 19376],[22360, 19376],[22360, 19368],[22352, 19368],[22352, 19320],[22360, 19320],[22360, 19304],[22368, 19304],[22368, 19280],[22360, 19280],[22360, 19264],[22328, 19264],[22328, 19272],[22320, 19272],[22320, 19304],[22312, 19304],[22312, 19312],[22304, 19312],[22304, 19328],[22296, 19328],[22296, 19344],[22304, 19344],[22304, 19368],[22312, 19368],[22312, 19392],[22320, 19392],[22320, 19416],[22328, 19416],[22328, 19440],[22336, 19440],[22336, 19456],[22344, 19456],[22344, 19472],[22352, 19472],[22352, 19488],[22360, 19488],[22360, 19520],[22352, 19520],[22352, 19528],[22328, 19528],[22328, 19520],[22312, 19520],[22312, 19512],[22304, 19512],[22304, 19504],[22288, 19504],[22288, 19496],[22272, 19496],[22272, 19488],[22256, 19488],[22256, 19480],[22240, 19480],[22240, 19472],[22232, 19472],[22232, 19464],[22224, 19464],[22224, 19456],[22216, 19456],[22216, 19440],[22208, 19440],[22208, 19432],[22200, 19432],[22200, 19424],[22192, 19424],[22192, 19416],[22184, 19416],[22184, 19408],[22176, 19408],[22176, 19392],[22168, 19392],[22168, 19376],[22160, 19376],[22160, 19312],[22152, 19312],[22152, 19296],[22144, 19296],[22144, 19288],[22136, 19288],[22136, 19272],[22128, 19272],[22128, 19264],[22120, 19264],[22120, 19256],[22104, 19256],[22104, 19248],[22072, 19248],[22072, 19256],[22064, 19256],[22064, 19264],[22056, 19264],[22056, 19272],[22048, 19272]]]},"properties":{"objectType":"annotation","classification":{"name":"Ignore*","color":[180, 180, 180]},"isLocked":true}},{"type":"Feature","id":"ab55c241-922c-4264-8758-db8bc38e8626","geometry":{"type":"Polygon","coordinates":[[[23528, 19544],[23528, 19552],[23536, 19552],[23536, 19576],[23544, 19576],[23544, 19592],[23552, 19592],[23552, 19600],[23560, 19600],[23560, 19608],[23568, 19608],[23568, 19616],[23576, 19616],[23576, 19624],[23608, 19624],[23608, 19616],[23616, 19616],[23616, 19608],[23624, 19608],[23624, 19584],[23632, 19584],[23632, 19568],[23640, 19568],[23640, 19560],[23648, 19560],[23648, 19552],[23680, 19552],[23680, 19544],[23696, 19544],[23696, 19536],[23712, 19536],[23712, 19528],[23736, 19528],[23736, 19520],[23752, 19520],[23752, 19512],[23760, 19512],[23760, 19504],[23776, 19504],[23776, 19496],[23800, 19496],[23800, 19488],[23808, 19488],[23808, 19472],[23816, 19472],[23816, 19456],[23808, 19456],[23808, 19448],[23800, 19448],[23800, 19440],[23792, 19440],[23792, 19432],[23696, 19432],[23696, 19440],[23680, 19440],[23680, 19448],[23672, 19448],[23672, 19456],[23664, 19456],[23664, 19464],[23656, 19464],[23656, 19472],[23632, 19472],[23632, 19480],[23584, 19480],[23584, 19488],[23568, 19488],[23568, 19496],[23552, 19496],[23552, 19512],[23544, 19512],[23544, 19520],[23536, 19520],[23536, 19544],[23528, 19544]]]},"properties":{"objectType":"annotation","classification":{"name":"Ignore*","color":[180, 180, 180]},"isLocked":true}},{"type":"Feature","id":"b831163a-713c-413f-8bbe-c0471ebcd822","geometry":{"type":"Polygon","coordinates":[[[31648, 19512],[31648, 19544],[31656, 19544],[31656, 19552],[31664, 19552],[31664, 19560],[31696, 19560],[31696, 19568],[31712, 19568],[31712, 19576],[31728, 19576],[31728, 19584],[31736, 19584],[31736, 19592],[31752, 19592],[31752, 19600],[31760, 19600],[31760, 19608],[31768, 19608],[31768, 19616],[31800, 19616],[31800, 19608],[31808, 19608],[31808, 19592],[31816, 19592],[31816, 19576],[31808, 19576],[31808, 19568],[31800, 19568],[31800, 19560],[31784, 19560],[31784, 19552],[31776, 19552],[31776, 19544],[31768, 19544],[31768, 19536],[31760, 19536],[31760, 19520],[31752, 19520],[31752, 19504],[31744, 19504],[31744, 19496],[31736, 19496],[31736, 19488],[31728, 19488],[31728, 19480],[31696, 19480],[31696, 19472],[31680, 19472],[31680, 19480],[31664, 19480],[31664, 19488],[31656, 19488],[31656, 19512],[31648, 19512]]]},"properties":{"objectType":"annotation","classification":{"name":"Ignore*","color":[180, 180, 180]},"isLocked":true}},{"type":"Feature","id":"8f79f2c4-5b8e-420d-81eb-ae48b8e6696c","geometry":{"type":"Polygon","coordinates":[[[26136, 19672],[26136, 19712],[26144, 19712],[26144, 19720],[26168, 19720],[26168, 19712],[26184, 19712],[26184, 19704],[26200, 19704],[26200, 19696],[26208, 19696],[26208, 19688],[26224, 19688],[26224, 19680],[26232, 19680],[26232, 19672],[26240, 19672],[26240, 19664],[26264, 19664],[26264, 19672],[26272, 19672],[26272, 19680],[26280, 19680],[26280, 19688],[26312, 19688],[26312, 19680],[26320, 19680],[26320, 19672],[26328, 19672],[26328, 19664],[26336, 19664],[26336, 19656],[26352, 19656],[26352, 19648],[26360, 19648],[26360, 19640],[26392, 19640],[26392, 19632],[26408, 19632],[26408, 19608],[26400, 19608],[26400, 19600],[26384, 19600],[26384, 19592],[26344, 19592],[26344, 19584],[26264, 19584],[26264, 19592],[26216, 19592],[26216, 19584],[26192, 19584],[26192, 19592],[26176, 19592],[26176, 19600],[26168, 19600],[26168, 19640],[26160, 19640],[26160, 19648],[26152, 19648],[26152, 19656],[26144, 19656],[26144, 19672],[26136, 19672]]]},"properties":{"objectType":"annotation","classification":{"name":"Ignore*","color":[180, 180, 180]},"isLocked":true}},{"type":"Feature","id":"7a0e376a-9e35-4670-8ad9-363d69e66f4d","geometry":{"type":"Polygon","coordinates":[[[29408, 19632],[29408, 19696],[29416, 19696],[29416, 19712],[29424, 19712],[29424, 19720],[29432, 19720],[29432, 19728],[29448, 19728],[29448, 19736],[29480, 19736],[29480, 19728],[29496, 19728],[29496, 19720],[29504, 19720],[29504, 19712],[29512, 19712],[29512, 19704],[29520, 19704],[29520, 19672],[29512, 19672],[29512, 19656],[29504, 19656],[29504, 19632],[29496, 19632],[29496, 19608],[29488, 19608],[29488, 19576],[29480, 19576],[29480, 19568],[29472, 19568],[29472, 19560],[29464, 19560],[29464, 19552],[29440, 19552],[29440, 19576],[29432, 19576],[29432, 19600],[29424, 19600],[29424, 19616],[29416, 19616],[29416, 19632],[29408, 19632]]]},"properties":{"objectType":"annotation","classification":{"name":"Ignore*","color":[180, 180, 180]},"isLocked":true}},{"type":"Feature","id":"f6901c51-3c64-47ce-baa5-bc82c9456261","geometry":{"type":"Polygon","coordinates":[[[24096, 19680],[24096, 19712],[24104, 19712],[24104, 19720],[24120, 19720],[24120, 19728],[24136, 19728],[24136, 19736],[24152, 19736],[24152, 19744],[24176, 19744],[24176, 19752],[24216, 19752],[24216, 19744],[24224, 19744],[24224, 19736],[24232, 19736],[24232, 19720],[24224, 19720],[24224, 19704],[24216, 19704],[24216, 19688],[24208, 19688],[24208, 19672],[24200, 19672],[24200, 19664],[24192, 19664],[24192, 19656],[24160, 19656],[24160, 19648],[24136, 19648],[24136, 19656],[24120, 19656],[24120, 19664],[24112, 19664],[24112, 19672],[24104, 19672],[24104, 19680],[24096, 19680]]]},"properties":{"objectType":"annotation","classification":{"name":"Ignore*","color":[180, 180, 180]},"isLocked":true}},{"type":"Feature","id":"9b78f2ad-6f1c-40cd-91c1-cb9998a174ba","geometry":{"type":"Polygon","coordinates":[[[24968, 19712],[24968, 19728],[24976, 19728],[24976, 19744],[24992, 19744],[24992, 19752],[25032, 19752],[25032, 19760],[25040, 19760],[25040, 19768],[25056, 19768],[25056, 19776],[25080, 19776],[25080, 19768],[25104, 19768],[25104, 19760],[25136, 19760],[25136, 19752],[25160, 19752],[25160, 19744],[25176, 19744],[25176, 19736],[25192, 19736],[25192, 19728],[25208, 19728],[25208, 19720],[25216, 19720],[25216, 19696],[25224, 19696],[25224, 19680],[25232, 19680],[25232, 19648],[25216, 19648],[25216, 19640],[25192, 19640],[25192, 19648],[25168, 19648],[25168, 19656],[25152, 19656],[25152, 19664],[25136, 19664],[25136, 19672],[25128, 19672],[25128, 19680],[25104, 19680],[25104, 19688],[25080, 19688],[25080, 19680],[25064, 19680],[25064, 19672],[25056, 19672],[25056, 19664],[25008, 19664],[25008, 19672],[25000, 19672],[25000, 19680],[24992, 19680],[24992, 19688],[24984, 19688],[24984, 19696],[24976, 19696],[24976, 19712],[24968, 19712]]]},"properties":{"objectType":"annotation","classification":{"name":"Ignore*","color":[180, 180, 180]},"isLocked":true}},{"type":"Feature","id":"9cfeaf3b-660d-49f2-b3cb-240b7d972360","geometry":{"type":"Polygon","coordinates":[[[26640, 19720],[26640, 19768],[26648, 19768],[26648, 19784],[26656, 19784],[26656, 19800],[26664, 19800],[26664, 19816],[26680, 19816],[26680, 19824],[26704, 19824],[26704, 19816],[26712, 19816],[26712, 19808],[26720, 19808],[26720, 19768],[26712, 19768],[26712, 19736],[26728, 19736],[26728, 19744],[26736, 19744],[26736, 19752],[26744, 19752],[26744, 19760],[26752, 19760],[26752, 19768],[26800, 19768],[26800, 19776],[26824, 19776],[26824, 19784],[26840, 19784],[26840, 19792],[26856, 19792],[26856, 19800],[26880, 19800],[26880, 19808],[26896, 19808],[26896, 19816],[26912, 19816],[26912, 19824],[26920, 19824],[26920, 19832],[26928, 19832],[26928, 19840],[26936, 19840],[26936, 19848],[26944, 19848],[26944, 19864],[26984, 19864],[26984, 19872],[27016, 19872],[27016, 19880],[27040, 19880],[27040, 19888],[27064, 19888],[27064, 19864],[27056, 19864],[27056, 19856],[27040, 19856],[27040, 19848],[27024, 19848],[27024, 19840],[27016, 19840],[27016, 19832],[27008, 19832],[27008, 19824],[27000, 19824],[27000, 19808],[26992, 19808],[26992, 19800],[27000, 19800],[27000, 19736],[26992, 19736],[26992, 19696],[26984, 19696],[26984, 19688],[26976, 19688],[26976, 19680],[26968, 19680],[26968, 19672],[26960, 19672],[26960, 19656],[26944, 19656],[26944, 19648],[26920, 19648],[26920, 19656],[26912, 19656],[26912, 19672],[26904, 19672],[26904, 19728],[26912, 19728],[26912, 19736],[26920, 19736],[26920, 19744],[26928, 19744],[26928, 19760],[26936, 19760],[26936, 19768],[26944, 19768],[26944, 19784],[26920, 19784],[26920, 19776],[26912, 19776],[26912, 19768],[26896, 19768],[26896, 19760],[26888, 19760],[26888, 19752],[26880, 19752],[26880, 19744],[26864, 19744],[26864, 19736],[26840, 19736],[26840, 19728],[26824, 19728],[26824, 19720],[26808, 19720],[26808, 19712],[26792, 19712],[26792, 19704],[26784, 19704],[26784, 19696],[26768, 19696],[26768, 19688],[26760, 19688],[26760, 19680],[26744, 19680],[26744, 19672],[26728, 19672],[26728, 19664],[26712, 19664],[26712, 19656],[26696, 19656],[26696, 19648],[26656, 19648],[26656, 19656],[26648, 19656],[26648, 19688],[26656, 19688],[26656, 19712],[26648, 19712],[26648, 19720],[26640, 19720]]]},"properties":{"objectType":"annotation","classification":{"name":"Ignore*","color":[180, 180, 180]},"isLocked":true}},{"type":"Feature","id":"21ec6af8-4d82-404c-90d9-e44a50377bcc","geometry":{"type":"Polygon","coordinates":[[[29744, 19832],[29744, 19848],[29752, 19848],[29752, 19856],[29760, 19856],[29760, 19864],[29792, 19864],[29792, 19872],[29824, 19872],[29824, 19864],[29832, 19864],[29832, 19856],[29840, 19856],[29840, 19840],[29848, 19840],[29848, 19824],[29864, 19824],[29864, 19816],[29896, 19816],[29896, 19808],[29904, 19808],[29904, 19800],[29912, 19800],[29912, 19784],[29904, 19784],[29904, 19776],[29872, 19776],[29872, 19784],[29864, 19784],[29864, 19792],[29856, 19792],[29856, 19800],[29848, 19800],[29848, 19808],[29792, 19808],[29792, 19816],[29752, 19816],[29752, 19832],[29744, 19832]]]},"properties":{"objectType":"annotation","classification":{"name":"Ignore*","color":[180, 180, 180]},"isLocked":true}},{"type":"Feature","id":"b4299047-2be8-4b0f-a947-903ceae178ca","geometry":{"type":"Polygon","coordinates":[[[31336, 19904],[31336, 19944],[31344, 19944],[31344, 19952],[31384, 19952],[31384, 19944],[31400, 19944],[31400, 19936],[31416, 19936],[31416, 19928],[31424, 19928],[31424, 19920],[31432, 19920],[31432, 19912],[31440, 19912],[31440, 19904],[31424, 19904],[31424, 19896],[31408, 19896],[31408, 19856],[31416, 19856],[31416, 19848],[31424, 19848],[31424, 19840],[31432, 19840],[31432, 19832],[31440, 19832],[31440, 19824],[31448, 19824],[31448, 19816],[31480, 19816],[31480, 19824],[31488, 19824],[31488, 19872],[31480, 19872],[31480, 19888],[31504, 19888],[31504, 19880],[31520, 19880],[31520, 19864],[31528, 19864],[31528, 19856],[31536, 19856],[31536, 19832],[31544, 19832],[31544, 19800],[31536, 19800],[31536, 19792],[31528, 19792],[31528, 19784],[31504, 19784],[31504, 19792],[31488, 19792],[31488, 19800],[31472, 19800],[31472, 19808],[31440, 19808],[31440, 19816],[31416, 19816],[31416, 19824],[31400, 19824],[31400, 19832],[31384, 19832],[31384, 19840],[31376, 19840],[31376, 19848],[31368, 19848],[31368, 19864],[31360, 19864],[31360, 19872],[31352, 19872],[31352, 19888],[31344, 19888],[31344, 19904],[31336, 19904]]]},"properties":{"objectType":"annotation","classification":{"name":"Ignore*","color":[180, 180, 180]},"isLocked":true}},{"type":"Feature","id":"53400a01-c05f-4800-8efc-4ab41cb2e6e7","geometry":{"type":"Polygon","coordinates":[[[27640, 19936],[27640, 20008],[27648, 20008],[27648, 20016],[27656, 20016],[27656, 20008],[27672, 20008],[27672, 20000],[27688, 20000],[27688, 19992],[27744, 19992],[27744, 19984],[27760, 19984],[27760, 19976],[27768, 19976],[27768, 19952],[27752, 19952],[27752, 19944],[27736, 19944],[27736, 19936],[27720, 19936],[27720, 19928],[27704, 19928],[27704, 19920],[27688, 19920],[27688, 19912],[27664, 19912],[27664, 19920],[27648, 19920],[27648, 19936],[27640, 19936]]]},"properties":{"objectType":"annotation","classification":{"name":"Ignore*","color":[180, 180, 180]},"isLocked":true}},{"type":"Feature","id":"76bab070-f8f6-45e2-a96f-eef39863a0fa","geometry":{"type":"Polygon","coordinates":[[[22112, 19936],[22112, 19944],[22120, 19944],[22120, 19968],[22128, 19968],[22128, 19976],[22136, 19976],[22136, 19984],[22144, 19984],[22144, 19992],[22152, 19992],[22152, 20000],[22160, 20000],[22160, 20008],[22176, 20008],[22176, 20016],[22192, 20016],[22192, 20024],[22208, 20024],[22208, 20032],[22224, 20032],[22224, 20040],[22240, 20040],[22240, 20032],[22256, 20032],[22256, 20024],[22264, 20024],[22264, 20000],[22256, 20000],[22256, 19976],[22248, 19976],[22248, 19952],[22240, 19952],[22240, 19944],[22232, 19944],[22232, 19936],[22208, 19936],[22208, 19928],[22184, 19928],[22184, 19920],[22160, 19920],[22160, 19912],[22128, 19912],[22128, 19920],[22120, 19920],[22120, 19936],[22112, 19936]]]},"properties":{"objectType":"annotation","classification":{"name":"Ignore*","color":[180, 180, 180]},"isLocked":true}},{"type":"Feature","id":"8aee3d79-3776-4a38-91f1-9a29266b6218","geometry":{"type":"Polygon","coordinates":[[[25336, 20024],[25336, 20064],[25344, 20064],[25344, 20080],[25352, 20080],[25352, 20088],[25368, 20088],[25368, 20096],[25392, 20096],[25392, 20104],[25400, 20104],[25400, 20120],[25408, 20120],[25408, 20128],[25416, 20128],[25416, 20136],[25424, 20136],[25424, 20144],[25456, 20144],[25456, 20136],[25472, 20136],[25472, 20128],[25480, 20128],[25480, 20112],[25488, 20112],[25488, 20104],[25480, 20104],[25480, 20080],[25472, 20080],[25472, 20072],[25464, 20072],[25464, 20064],[25408, 20064],[25408, 20056],[25400, 20056],[25400, 20048],[25392, 20048],[25392, 20040],[25384, 20040],[25384, 20032],[25376, 20032],[25376, 20024],[25336, 20024]]]},"properties":{"objectType":"annotation","classification":{"name":"Ignore*","color":[180, 180, 180]},"isLocked":true}},{"type":"Feature","id":"be54f4ff-11d2-423d-befa-78754fa1e96f","geometry":{"type":"Polygon","coordinates":[[[24800, 20064],[24800, 20080],[24808, 20080],[24808, 20088],[24816, 20088],[24816, 20096],[24824, 20096],[24824, 20104],[24840, 20104],[24840, 20112],[24848, 20112],[24848, 20128],[24856, 20128],[24856, 20136],[24864, 20136],[24864, 20144],[24872, 20144],[24872, 20152],[24904, 20152],[24904, 20160],[24952, 20160],[24952, 20152],[24968, 20152],[24968, 20128],[24960, 20128],[24960, 20112],[24952, 20112],[24952, 20104],[24944, 20104],[24944, 20096],[24936, 20096],[24936, 20088],[24928, 20088],[24928, 20072],[24920, 20072],[24920, 20064],[24912, 20064],[24912, 20056],[24904, 20056],[24904, 20048],[24896, 20048],[24896, 20040],[24888, 20040],[24888, 20032],[24880, 20032],[24880, 20024],[24872, 20024],[24872, 20016],[24856, 20016],[24856, 20024],[24848, 20024],[24848, 20032],[24840, 20032],[24840, 20040],[24832, 20040],[24832, 20048],[24824, 20048],[24824, 20056],[24808, 20056],[24808, 20064],[24800, 20064]]]},"properties":{"objectType":"annotation","classification":{"name":"Ignore*","color":[180, 180, 180]},"isLocked":true}},{"type":"Feature","id":"affd796d-a95a-40ce-a4b8-910b22b8f4e2","geometry":{"type":"Polygon","coordinates":[[[31128, 20112],[31128, 20144],[31136, 20144],[31136, 20160],[31152, 20160],[31152, 20168],[31168, 20168],[31168, 20176],[31192, 20176],[31192, 20168],[31208, 20168],[31208, 20160],[31216, 20160],[31216, 20152],[31224, 20152],[31224, 20144],[31232, 20144],[31232, 20104],[31224, 20104],[31224, 20088],[31216, 20088],[31216, 20064],[31200, 20064],[31200, 20072],[31184, 20072],[31184, 20080],[31168, 20080],[31168, 20088],[31152, 20088],[31152, 20096],[31144, 20096],[31144, 20104],[31136, 20104],[31136, 20112],[31128, 20112]]]},"properties":{"objectType":"annotation","classification":{"name":"Ignore*","color":[180, 180, 180]},"isLocked":true}},{"type":"Feature","id":"0b1525af-102e-40bb-aa71-230ade26a3e3","geometry":{"type":"Polygon","coordinates":[[[27904, 20144],[27904, 20184],[27912, 20184],[27912, 20200],[27920, 20200],[27920, 20216],[27936, 20216],[27936, 20224],[27952, 20224],[27952, 20216],[27960, 20216],[27960, 20208],[27968, 20208],[27968, 20184],[27976, 20184],[27976, 20168],[27984, 20168],[27984, 20160],[28000, 20160],[28000, 20152],[28024, 20152],[28024, 20144],[28032, 20144],[28032, 20136],[28040, 20136],[28040, 20128],[28048, 20128],[28048, 20112],[28040, 20112],[28040, 20104],[28032, 20104],[28032, 20096],[28024, 20096],[28024, 20088],[27984, 20088],[27984, 20096],[27976, 20096],[27976, 20104],[27960, 20104],[27960, 20112],[27944, 20112],[27944, 20120],[27928, 20120],[27928, 20128],[27920, 20128],[27920, 20136],[27912, 20136],[27912, 20144],[27904, 20144]]]},"properties":{"objectType":"annotation","classification":{"name":"Ignore*","color":[180, 180, 180]},"isLocked":true}},{"type":"Feature","id":"45033e09-2196-4250-b0f5-f9c9d3925197","geometry":{"type":"Polygon","coordinates":[[[26408, 20120],[26408, 20160],[26416, 20160],[26416, 20168],[26424, 20168],[26424, 20176],[26432, 20176],[26432, 20184],[26448, 20184],[26448, 20192],[26464, 20192],[26464, 20200],[26488, 20200],[26488, 20208],[26520, 20208],[26520, 20200],[26536, 20200],[26536, 20192],[26544, 20192],[26544, 20152],[26536, 20152],[26536, 20136],[26520, 20136],[26520, 20128],[26504, 20128],[26504, 20120],[26472, 20120],[26472, 20112],[26416, 20112],[26416, 20120],[26408, 20120]]]},"properties":{"objectType":"annotation","classification":{"name":"Ignore*","color":[180, 180, 180]},"isLocked":true}},{"type":"Feature","id":"ba3c00a2-31de-4de6-920f-089bc30dc255","geometry":{"type":"Polygon","coordinates":[[[27096, 19904],[27096, 19920],[27104, 19920],[27104, 19928],[27112, 19928],[27112, 19936],[27128, 19936],[27128, 19944],[27152, 19944],[27152, 19952],[27160, 19952],[27160, 19960],[27168, 19960],[27168, 19968],[27184, 19968],[27184, 19976],[27192, 19976],[27192, 19984],[27200, 19984],[27200, 19992],[27208, 19992],[27208, 20000],[27224, 20000],[27224, 20008],[27240, 20008],[27240, 20016],[27256, 20016],[27256, 20024],[27272, 20024],[27272, 20032],[27280, 20032],[27280, 20048],[27288, 20048],[27288, 20056],[27296, 20056],[27296, 20064],[27304, 20064],[27304, 20080],[27312, 20080],[27312, 20088],[27320, 20088],[27320, 20096],[27336, 20096],[27336, 20104],[27344, 20104],[27344, 20112],[27352, 20112],[27352, 20120],[27360, 20120],[27360, 20128],[27368, 20128],[27368, 20136],[27376, 20136],[27376, 20152],[27384, 20152],[27384, 20160],[27400, 20160],[27400, 20168],[27416, 20168],[27416, 20176],[27424, 20176],[27424, 20184],[27432, 20184],[27432, 20192],[27440, 20192],[27440, 20200],[27448, 20200],[27448, 20208],[27456, 20208],[27456, 20224],[27464, 20224],[27464, 20232],[27472, 20232],[27472, 20240],[27480, 20240],[27480, 20264],[27488, 20264],[27488, 20288],[27496, 20288],[27496, 20296],[27512, 20296],[27512, 20304],[27552, 20304],[27552, 20296],[27576, 20296],[27576, 20304],[27592, 20304],[27592, 20312],[27600, 20312],[27600, 20320],[27616, 20320],[27616, 20328],[27624, 20328],[27624, 20336],[27632, 20336],[27632, 20344],[27640, 20344],[27640, 20352],[27656, 20352],[27656, 20360],[27664, 20360],[27664, 20368],[27680, 20368],[27680, 20376],[27712, 20376],[27712, 20384],[27728, 20384],[27728, 20368],[27720, 20368],[27720, 20360],[27712, 20360],[27712, 20344],[27704, 20344],[27704, 20336],[27696, 20336],[27696, 20320],[27688, 20320],[27688, 20312],[27680, 20312],[27680, 20304],[27664, 20304],[27664, 20296],[27656, 20296],[27656, 20288],[27648, 20288],[27648, 20280],[27640, 20280],[27640, 20272],[27632, 20272],[27632, 20264],[27624, 20264],[27624, 20248],[27616, 20248],[27616, 20240],[27608, 20240],[27608, 20232],[27600, 20232],[27600, 20216],[27584, 20216],[27584, 20208],[27576, 20208],[27576, 20200],[27560, 20200],[27560, 20192],[27536, 20192],[27536, 20184],[27520, 20184],[27520, 20176],[27512, 20176],[27512, 20168],[27504, 20168],[27504, 20152],[27496, 20152],[27496, 20144],[27488, 20144],[27488, 20136],[27472, 20136],[27472, 20128],[27448, 20128],[27448, 20120],[27432, 20120],[27432, 20112],[27424, 20112],[27424, 20096],[27416, 20096],[27416, 20080],[27408, 20080],[27408, 20072],[27400, 20072],[27400, 20064],[27384, 20064],[27384, 20056],[27368, 20056],[27368, 20048],[27360, 20048],[27360, 20040],[27344, 20040],[27344, 20032],[27336, 20032],[27336, 20024],[27328, 20024],[27328, 20016],[27320, 20016],[27320, 20008],[27304, 20008],[27304, 20000],[27296, 20000],[27296, 19992],[27288, 19992],[27288, 19984],[27280, 19984],[27280, 19976],[27264, 19976],[27264, 19968],[27240, 19968],[27240, 19960],[27216, 19960],[27216, 19952],[27184, 19952],[27184, 19944],[27168, 19944],[27168, 19936],[27160, 19936],[27160, 19928],[27152, 19928],[27152, 19920],[27144, 19920],[27144, 19912],[27128, 19912],[27128, 19904],[27096, 19904]]]},"properties":{"objectType":"annotation","classification":{"name":"Ignore*","color":[180, 180, 180]},"isLocked":true}},{"type":"Feature","id":"56e52c33-811d-48be-91ae-0baad06853a5","geometry":{"type":"Polygon","coordinates":[[[28256, 20152],[28256, 20160],[28264, 20160],[28264, 20168],[28280, 20168],[28280, 20176],[28288, 20176],[28288, 20184],[28296, 20184],[28296, 20192],[28304, 20192],[28304, 20200],[28312, 20200],[28312, 20208],[28320, 20208],[28320, 20216],[28360, 20216],[28360, 20208],[28368, 20208],[28368, 20200],[28376, 20200],[28376, 20176],[28368, 20176],[28368, 20168],[28360, 20168],[28360, 20160],[28352, 20160],[28352, 20152],[28344, 20152],[28344, 20144],[28336, 20144],[28336, 20136],[28328, 20136],[28328, 20128],[28280, 20128],[28280, 20136],[28264, 20136],[28264, 20152],[28256, 20152]]]},"properties":{"objectType":"annotation","classification":{"name":"Ignore*","color":[180, 180, 180]},"isLocked":true}},{"type":"Feature","id":"b67cdd49-e40c-4c2c-9f99-ad20b23a60a8","geometry":{"type":"Polygon","coordinates":[[[28072, 20232],[28072, 20248],[28080, 20248],[28080, 20256],[28088, 20256],[28088, 20264],[28104, 20264],[28104, 20256],[28120, 20256],[28120, 20240],[28128, 20240],[28128, 20216],[28136, 20216],[28136, 20176],[28144, 20176],[28144, 20160],[28152, 20160],[28152, 20136],[28160, 20136],[28160, 20128],[28152, 20128],[28152, 20112],[28136, 20112],[28136, 20104],[28128, 20104],[28128, 20096],[28088, 20096],[28088, 20104],[28080, 20104],[28080, 20112],[28088, 20112],[28088, 20128],[28096, 20128],[28096, 20136],[28104, 20136],[28104, 20152],[28112, 20152],[28112, 20184],[28104, 20184],[28104, 20200],[28096, 20200],[28096, 20208],[28088, 20208],[28088, 20224],[28080, 20224],[28080, 20232],[28072, 20232]]]},"properties":{"objectType":"annotation","classification":{"name":"Ignore*","color":[180, 180, 180]},"isLocked":true}},{"type":"Feature","id":"768e28eb-5736-4d24-8e8c-88e3f6258634","geometry":{"type":"Polygon","coordinates":[[[22240, 20184],[22240, 20200],[22248, 20200],[22248, 20216],[22256, 20216],[22256, 20232],[22264, 20232],[22264, 20240],[22272, 20240],[22272, 20248],[22280, 20248],[22280, 20256],[22288, 20256],[22288, 20264],[22304, 20264],[22304, 20272],[22320, 20272],[22320, 20280],[22328, 20280],[22328, 20272],[22344, 20272],[22344, 20264],[22368, 20264],[22368, 20256],[22424, 20256],[22424, 20248],[22432, 20248],[22432, 20232],[22440, 20232],[22440, 20192],[22448, 20192],[22448, 20176],[22440, 20176],[22440, 20152],[22432, 20152],[22432, 20144],[22416, 20144],[22416, 20136],[22408, 20136],[22408, 20128],[22400, 20128],[22400, 20120],[22392, 20120],[22392, 20112],[22384, 20112],[22384, 20104],[22376, 20104],[22376, 20096],[22368, 20096],[22368, 20088],[22360, 20088],[22360, 20080],[22352, 20080],[22352, 20072],[22336, 20072],[22336, 20064],[22328, 20064],[22328, 20056],[22280, 20056],[22280, 20064],[22272, 20064],[22272, 20080],[22264, 20080],[22264, 20096],[22272, 20096],[22272, 20120],[22280, 20120],[22280, 20152],[22272, 20152],[22272, 20160],[22264, 20160],[22264, 20168],[22256, 20168],[22256, 20176],[22248, 20176],[22248, 20184],[22240, 20184]]]},"properties":{"objectType":"annotation","classification":{"name":"Ignore*","color":[180, 180, 180]},"isLocked":true}},{"type":"Feature","id":"4ff64919-5ed7-476b-bfaa-435a1e6da09f","geometry":{"type":"Polygon","coordinates":[[[25648, 20352],[25648, 20400],[25656, 20400],[25656, 20408],[25664, 20408],[25664, 20416],[25680, 20416],[25680, 20408],[25696, 20408],[25696, 20400],[25712, 20400],[25712, 20392],[25720, 20392],[25720, 20384],[25736, 20384],[25736, 20368],[25744, 20368],[25744, 20336],[25736, 20336],[25736, 20320],[25728, 20320],[25728, 20312],[25712, 20312],[25712, 20304],[25696, 20304],[25696, 20312],[25680, 20312],[25680, 20320],[25672, 20320],[25672, 20328],[25664, 20328],[25664, 20336],[25656, 20336],[25656, 20352],[25648, 20352]]]},"properties":{"objectType":"annotation","classification":{"name":"Ignore*","color":[180, 180, 180]},"isLocked":true}},{"type":"Feature","id":"a647ab45-a04c-4f5c-b862-a2a7d54ceff3","geometry":{"type":"Polygon","coordinates":[[[30480, 20464],[30480, 20496],[30488, 20496],[30488, 20512],[30496, 20512],[30496, 20520],[30504, 20520],[30504, 20528],[30584, 20528],[30584, 20520],[30600, 20520],[30600, 20512],[30616, 20512],[30616, 20504],[30632, 20504],[30632, 20512],[30648, 20512],[30648, 20520],[30664, 20520],[30664, 20528],[30688, 20528],[30688, 20520],[30704, 20520],[30704, 20512],[30712, 20512],[30712, 20504],[30720, 20504],[30720, 20488],[30728, 20488],[30728, 20456],[30736, 20456],[30736, 20392],[30744, 20392],[30744, 20384],[30760, 20384],[30760, 20376],[30768, 20376],[30768, 20368],[30776, 20368],[30776, 20320],[30768, 20320],[30768, 20312],[30760, 20312],[30760, 20304],[30744, 20304],[30744, 20296],[30728, 20296],[30728, 20288],[30712, 20288],[30712, 20280],[30696, 20280],[30696, 20272],[30648, 20272],[30648, 20280],[30640, 20280],[30640, 20288],[30632, 20288],[30632, 20304],[30624, 20304],[30624, 20312],[30608, 20312],[30608, 20320],[30600, 20320],[30600, 20328],[30584, 20328],[30584, 20336],[30576, 20336],[30576, 20344],[30560, 20344],[30560, 20352],[30552, 20352],[30552, 20360],[30536, 20360],[30536, 20368],[30520, 20368],[30520, 20376],[30496, 20376],[30496, 20384],[30488, 20384],[30488, 20408],[30496, 20408],[30496, 20416],[30504, 20416],[30504, 20424],[30520, 20424],[30520, 20416],[30552, 20416],[30552, 20408],[30584, 20408],[30584, 20440],[30576, 20440],[30576, 20448],[30568, 20448],[30568, 20456],[30544, 20456],[30544, 20448],[30520, 20448],[30520, 20440],[30496, 20440],[30496, 20448],[30488, 20448],[30488, 20464],[30480, 20464]]]},"properties":{"objectType":"annotation","classification":{"name":"Ignore*","color":[180, 180, 180]},"isLocked":true}},{"type":"Feature","id":"384e6682-c973-4930-bfed-272bfa602af1","geometry":{"type":"Polygon","coordinates":[[[28856, 20408],[28856, 20448],[28864, 20448],[28864, 20472],[28872, 20472],[28872, 20488],[28880, 20488],[28880, 20496],[28888, 20496],[28888, 20512],[28896, 20512],[28896, 20520],[28904, 20520],[28904, 20528],[28912, 20528],[28912, 20544],[28920, 20544],[28920, 20552],[28944, 20552],[28944, 20488],[28952, 20488],[28952, 20448],[28944, 20448],[28944, 20440],[28952, 20440],[28952, 20424],[28960, 20424],[28960, 20408],[28968, 20408],[28968, 20360],[28952, 20360],[28952, 20352],[28920, 20352],[28920, 20360],[28904, 20360],[28904, 20368],[28896, 20368],[28896, 20384],[28888, 20384],[28888, 20392],[28872, 20392],[28872, 20400],[28864, 20400],[28864, 20408],[28856, 20408]]]},"properties":{"objectType":"annotation","classification":{"name":"Ignore*","color":[180, 180, 180]},"isLocked":true}},{"type":"Feature","id":"9ddd6ca1-16a1-4e95-95e4-c3f87b18f38c","geometry":{"type":"Polygon","coordinates":[[[27256, 20408],[27256, 20448],[27264, 20448],[27264, 20472],[27272, 20472],[27272, 20488],[27280, 20488],[27280, 20496],[27296, 20496],[27296, 20504],[27328, 20504],[27328, 20496],[27344, 20496],[27344, 20488],[27352, 20488],[27352, 20456],[27344, 20456],[27344, 20440],[27336, 20440],[27336, 20408],[27328, 20408],[27328, 20400],[27320, 20400],[27320, 20392],[27272, 20392],[27272, 20400],[27264, 20400],[27264, 20408],[27256, 20408]]]},"properties":{"objectType":"annotation","classification":{"name":"Ignore*","color":[180, 180, 180]},"isLocked":true}},{"type":"Feature","id":"d3798c4e-9550-482c-a357-1fac2cc55519","geometry":{"type":"Polygon","coordinates":[[[28464, 20472],[28464, 20496],[28472, 20496],[28472, 20504],[28480, 20504],[28480, 20512],[28552, 20512],[28552, 20504],[28576, 20504],[28576, 20496],[28592, 20496],[28592, 20488],[28608, 20488],[28608, 20480],[28616, 20480],[28616, 20472],[28632, 20472],[28632, 20464],[28640, 20464],[28640, 20456],[28648, 20456],[28648, 20448],[28640, 20448],[28640, 20440],[28632, 20440],[28632, 20432],[28528, 20432],[28528, 20440],[28504, 20440],[28504, 20448],[28488, 20448],[28488, 20456],[28480, 20456],[28480, 20464],[28472, 20464],[28472, 20472],[28464, 20472]]]},"properties":{"objectType":"annotation","classification":{"name":"Ignore*","color":[180, 180, 180]},"isLocked":true}},{"type":"Feature","id":"ca0256db-5a21-4b90-918f-8baf2deb0bc0","geometry":{"type":"Polygon","coordinates":[[[26776, 20192],[26776, 20224],[26784, 20224],[26784, 20240],[26800, 20240],[26800, 20248],[26808, 20248],[26808, 20256],[26832, 20256],[26832, 20264],[26864, 20264],[26864, 20272],[26880, 20272],[26880, 20280],[26896, 20280],[26896, 20288],[26912, 20288],[26912, 20296],[26928, 20296],[26928, 20304],[26944, 20304],[26944, 20320],[26952, 20320],[26952, 20328],[26960, 20328],[26960, 20344],[26968, 20344],[26968, 20352],[26976, 20352],[26976, 20368],[26984, 20368],[26984, 20392],[26992, 20392],[26992, 20448],[27000, 20448],[27000, 20464],[27008, 20464],[27008, 20472],[27016, 20472],[27016, 20488],[27024, 20488],[27024, 20496],[27032, 20496],[27032, 20512],[27040, 20512],[27040, 20520],[27048, 20520],[27048, 20528],[27056, 20528],[27056, 20544],[27064, 20544],[27064, 20552],[27072, 20552],[27072, 20560],[27088, 20560],[27088, 20568],[27104, 20568],[27104, 20576],[27120, 20576],[27120, 20584],[27136, 20584],[27136, 20592],[27152, 20592],[27152, 20600],[27176, 20600],[27176, 20608],[27192, 20608],[27192, 20616],[27208, 20616],[27208, 20624],[27224, 20624],[27224, 20632],[27264, 20632],[27264, 20640],[27344, 20640],[27344, 20648],[27392, 20648],[27392, 20656],[27424, 20656],[27424, 20664],[27448, 20664],[27448, 20672],[27464, 20672],[27464, 20680],[27480, 20680],[27480, 20688],[27512, 20688],[27512, 20696],[27528, 20696],[27528, 20704],[27544, 20704],[27544, 20712],[27576, 20712],[27576, 20720],[27600, 20720],[27600, 20728],[27608, 20728],[27608, 20736],[27640, 20736],[27640, 20744],[27672, 20744],[27672, 20752],[27696, 20752],[27696, 20760],[27712, 20760],[27712, 20752],[27728, 20752],[27728, 20728],[27720, 20728],[27720, 20720],[27704, 20720],[27704, 20712],[27680, 20712],[27680, 20704],[27664, 20704],[27664, 20696],[27648, 20696],[27648, 20688],[27616, 20688],[27616, 20680],[27584, 20680],[27584, 20672],[27568, 20672],[27568, 20664],[27552, 20664],[27552, 20656],[27528, 20656],[27528, 20648],[27512, 20648],[27512, 20640],[27480, 20640],[27480, 20632],[27440, 20632],[27440, 20624],[27424, 20624],[27424, 20616],[27400, 20616],[27400, 20608],[27360, 20608],[27360, 20600],[27328, 20600],[27328, 20592],[27288, 20592],[27288, 20584],[27208, 20584],[27208, 20576],[27192, 20576],[27192, 20568],[27176, 20568],[27176, 20560],[27160, 20560],[27160, 20552],[27144, 20552],[27144, 20544],[27128, 20544],[27128, 20536],[27112, 20536],[27112, 20528],[27096, 20528],[27096, 20520],[27088, 20520],[27088, 20512],[27080, 20512],[27080, 20504],[27072, 20504],[27072, 20496],[27064, 20496],[27064, 20488],[27056, 20488],[27056, 20472],[27048, 20472],[27048, 20456],[27040, 20456],[27040, 20440],[27032, 20440],[27032, 20416],[27024, 20416],[27024, 20392],[27016, 20392],[27016, 20344],[27008, 20344],[27008, 20328],[27000, 20328],[27000, 20312],[26992, 20312],[26992, 20304],[26984, 20304],[26984, 20288],[26976, 20288],[26976, 20264],[26968, 20264],[26968, 20248],[26960, 20248],[26960, 20240],[26952, 20240],[26952, 20232],[26944, 20232],[26944, 20224],[26928, 20224],[26928, 20216],[26920, 20216],[26920, 20208],[26904, 20208],[26904, 20200],[26888, 20200],[26888, 20192],[26872, 20192],[26872, 20184],[26856, 20184],[26856, 20176],[26840, 20176],[26840, 20168],[26800, 20168],[26800, 20176],[26784, 20176],[26784, 20192],[26776, 20192]]]},"properties":{"objectType":"annotation","classification":{"name":"Ignore*","color":[180, 180, 180]},"isLocked":true}},{"type":"Feature","id":"22c2458d-f40d-4111-a463-a5eb1606a34f","geometry":{"type":"Polygon","coordinates":[[[24400, 20752],[24544, 20872],[24616, 20872],[24672, 20800],[24808, 20808],[24896, 20760],[24968, 20656],[24968, 20528],[24824, 20312],[24768, 20272],[24672, 20288],[24616, 20432],[24768, 20576],[24768, 20664],[24736, 20688],[24664, 20624],[24608, 20520],[24512, 20496],[24416, 20592],[24440, 20672],[24400, 20752]]]},"properties":{"objectType":"annotation","classification":{"name":"Tumor","color":[102, 77, 179]}}},{"type":"Feature","id":"60e2ba67-1817-4a5b-8d8a-926877b8b030","geometry":{"type":"Polygon","coordinates":[[[24048, 20616],[24048, 20680],[24056, 20680],[24056, 20688],[24064, 20688],[24064, 20696],[24072, 20696],[24072, 20704],[24080, 20704],[24080, 20720],[24088, 20720],[24088, 20728],[24104, 20728],[24104, 20736],[24120, 20736],[24120, 20728],[24136, 20728],[24136, 20720],[24144, 20720],[24144, 20704],[24152, 20704],[24152, 20696],[24160, 20696],[24160, 20664],[24152, 20664],[24152, 20640],[24144, 20640],[24144, 20624],[24136, 20624],[24136, 20616],[24120, 20616],[24120, 20608],[24056, 20608],[24056, 20616],[24048, 20616]]]},"properties":{"objectType":"annotation","classification":{"name":"Ignore*","color":[180, 180, 180]},"isLocked":true}},{"type":"Feature","id":"90108c14-1df1-43e1-a6f1-7755bd4352c2","geometry":{"type":"Polygon","coordinates":[[[32032, 20592],[32032, 20608],[32040, 20608],[32040, 20624],[32048, 20624],[32048, 20640],[32056, 20640],[32056, 20648],[32064, 20648],[32064, 20664],[32072, 20664],[32072, 20672],[32080, 20672],[32080, 20688],[32088, 20688],[32088, 20704],[32096, 20704],[32096, 20720],[32104, 20720],[32104, 20736],[32112, 20736],[32112, 20744],[32120, 20744],[32120, 20768],[32128, 20768],[32128, 20792],[32136, 20792],[32136, 20800],[32176, 20800],[32176, 20792],[32184, 20792],[32184, 20776],[32192, 20776],[32192, 20720],[32184, 20720],[32184, 20696],[32176, 20696],[32176, 20672],[32168, 20672],[32168, 20664],[32160, 20664],[32160, 20656],[32152, 20656],[32152, 20648],[32144, 20648],[32144, 20640],[32136, 20640],[32136, 20632],[32128, 20632],[32128, 20568],[32120, 20568],[32120, 20560],[32112, 20560],[32112, 20552],[32048, 20552],[32048, 20560],[32040, 20560],[32040, 20592],[32032, 20592]]]},"properties":{"objectType":"annotation","classification":{"name":"Ignore*","color":[180, 180, 180]},"isLocked":true}},{"type":"Feature","id":"1623d4a2-bdc7-43f5-8bb6-fb7448de440e","geometry":{"type":"Polygon","coordinates":[[[28128, 20664],[28128, 20696],[28136, 20696],[28136, 20704],[28144, 20704],[28144, 20712],[28152, 20712],[28152, 20720],[28192, 20720],[28192, 20712],[28216, 20712],[28216, 20704],[28224, 20704],[28224, 20696],[28232, 20696],[28232, 20680],[28224, 20680],[28224, 20672],[28216, 20672],[28216, 20664],[28208, 20664],[28208, 20656],[28136, 20656],[28136, 20664],[28128, 20664]]]},"properties":{"objectType":"annotation","classification":{"name":"Ignore*","color":[180, 180, 180]},"isLocked":true}},{"type":"Feature","id":"1ccdbf08-181a-415d-9fc2-6ccd90fa9cfa","geometry":{"type":"Polygon","coordinates":[[[30632, 20728],[30632, 20744],[30640, 20744],[30640, 20752],[30648, 20752],[30648, 20760],[30680, 20760],[30680, 20752],[30696, 20752],[30696, 20744],[30704, 20744],[30704, 20736],[30712, 20736],[30712, 20728],[30720, 20728],[30720, 20720],[30728, 20720],[30728, 20712],[30744, 20712],[30744, 20704],[30768, 20704],[30768, 20696],[30784, 20696],[30784, 20688],[30792, 20688],[30792, 20680],[30800, 20680],[30800, 20672],[30808, 20672],[30808, 20664],[30816, 20664],[30816, 20656],[30824, 20656],[30824, 20640],[30816, 20640],[30816, 20632],[30784, 20632],[30784, 20640],[30768, 20640],[30768, 20648],[30760, 20648],[30760, 20656],[30752, 20656],[30752, 20664],[30744, 20664],[30744, 20672],[30728, 20672],[30728, 20680],[30688, 20680],[30688, 20688],[30664, 20688],[30664, 20696],[30656, 20696],[30656, 20704],[30648, 20704],[30648, 20712],[30640, 20712],[30640, 20728],[30632, 20728]]]},"properties":{"objectType":"annotation","classification":{"name":"Ignore*","color":[180, 180, 180]},"isLocked":true}},{"type":"Feature","id":"df466a0a-7ca4-4ef1-94d1-c3d8d84ad1ef","geometry":{"type":"Polygon","coordinates":[[[23600, 20648],[23600, 20720],[23608, 20720],[23608, 20728],[23616, 20728],[23616, 20736],[23624, 20736],[23624, 20752],[23632, 20752],[23632, 20760],[23640, 20760],[23640, 20776],[23648, 20776],[23648, 20784],[23656, 20784],[23656, 20792],[23664, 20792],[23664, 20800],[23680, 20800],[23680, 20808],[23696, 20808],[23696, 20816],[23712, 20816],[23712, 20824],[23728, 20824],[23728, 20832],[23760, 20832],[23760, 20840],[23784, 20840],[23784, 20848],[23808, 20848],[23808, 20856],[23832, 20856],[23832, 20864],[23840, 20864],[23840, 20872],[23856, 20872],[23856, 20880],[23864, 20880],[23864, 20888],[23880, 20888],[23880, 20896],[23904, 20896],[23904, 20888],[23912, 20888],[23912, 20872],[23920, 20872],[23920, 20816],[23928, 20816],[23928, 20792],[23936, 20792],[23936, 20776],[23928, 20776],[23928, 20752],[23920, 20752],[23920, 20656],[23928, 20656],[23928, 20640],[23920, 20640],[23920, 20632],[23912, 20632],[23912, 20616],[23904, 20616],[23904, 20608],[23896, 20608],[23896, 20592],[23888, 20592],[23888, 20576],[23880, 20576],[23880, 20568],[23872, 20568],[23872, 20560],[23856, 20560],[23856, 20552],[23792, 20552],[23792, 20544],[23784, 20544],[23784, 20536],[23768, 20536],[23768, 20528],[23760, 20528],[23760, 20520],[23744, 20520],[23744, 20512],[23736, 20512],[23736, 20504],[23720, 20504],[23720, 20496],[23688, 20496],[23688, 20504],[23680, 20504],[23680, 20552],[23688, 20552],[23688, 20560],[23696, 20560],[23696, 20568],[23704, 20568],[23704, 20576],[23712, 20576],[23712, 20584],[23728, 20584],[23728, 20592],[23744, 20592],[23744, 20600],[23776, 20600],[23776, 20608],[23792, 20608],[23792, 20616],[23800, 20616],[23800, 20640],[23808, 20640],[23808, 20720],[23800, 20720],[23800, 20728],[23792, 20728],[23792, 20736],[23784, 20736],[23784, 20744],[23768, 20744],[23768, 20752],[23720, 20752],[23720, 20744],[23704, 20744],[23704, 20736],[23696, 20736],[23696, 20728],[23688, 20728],[23688, 20656],[23680, 20656],[23680, 20632],[23672, 20632],[23672, 20624],[23632, 20624],[23632, 20632],[23608, 20632],[23608, 20648],[23600, 20648]]]},"properties":{"objectType":"annotation","classification":{"name":"Ignore*","color":[180, 180, 180]},"isLocked":true}},{"type":"Feature","id":"79106fb0-9579-4b0d-a314-11340ca1483f","geometry":{"type":"Polygon","coordinates":[[[30152, 20776],[30152, 20808],[30160, 20808],[30160, 20840],[30168, 20840],[30168, 20888],[30176, 20888],[30176, 20896],[30208, 20896],[30208, 20880],[30216, 20880],[30216, 20856],[30224, 20856],[30224, 20848],[30232, 20848],[30232, 20840],[30240, 20840],[30240, 20824],[30248, 20824],[30248, 20800],[30240, 20800],[30240, 20792],[30232, 20792],[30232, 20776],[30216, 20776],[30216, 20768],[30192, 20768],[30192, 20760],[30176, 20760],[30176, 20768],[30160, 20768],[30160, 20776],[30152, 20776]]]},"properties":{"objectType":"annotation","classification":{"name":"Ignore*","color":[180, 180, 180]},"isLocked":true}},{"type":"Feature","id":"9130ae2f-9441-42c0-a8f4-12719fa3e108","geometry":{"type":"Polygon","coordinates":[[[30976, 20824],[30976, 20896],[30984, 20896],[30984, 20912],[30992, 20912],[30992, 20920],[31008, 20920],[31008, 20928],[31032, 20928],[31032, 20936],[31048, 20936],[31048, 20944],[31056, 20944],[31056, 20952],[31112, 20952],[31112, 20944],[31128, 20944],[31128, 20936],[31144, 20936],[31144, 20928],[31168, 20928],[31168, 20920],[31184, 20920],[31184, 20912],[31192, 20912],[31192, 20904],[31200, 20904],[31200, 20896],[31216, 20896],[31216, 20888],[31224, 20888],[31224, 20880],[31232, 20880],[31232, 20848],[31224, 20848],[31224, 20840],[31120, 20840],[31120, 20848],[31088, 20848],[31088, 20856],[31064, 20856],[31064, 20848],[31048, 20848],[31048, 20840],[31040, 20840],[31040, 20816],[31032, 20816],[31032, 20776],[31008, 20776],[31008, 20784],[31000, 20784],[31000, 20792],[30992, 20792],[30992, 20800],[30984, 20800],[30984, 20824],[30976, 20824]]]},"properties":{"objectType":"annotation","classification":{"name":"Ignore*","color":[180, 180, 180]},"isLocked":true}},{"type":"Feature","id":"fa4b8135-56fc-4544-a295-040a0145e3f8","geometry":{"type":"Polygon","coordinates":[[[31832, 20928],[31832, 20976],[31840, 20976],[31840, 20984],[31856, 20984],[31856, 20992],[31872, 20992],[31872, 21000],[31888, 21000],[31888, 21008],[31952, 21008],[31952, 21000],[31984, 21000],[31984, 20992],[32000, 20992],[32000, 20984],[32008, 20984],[32008, 20976],[32016, 20976],[32016, 20928],[32008, 20928],[32008, 20920],[32000, 20920],[32000, 20912],[31984, 20912],[31984, 20904],[31888, 20904],[31888, 20912],[31864, 20912],[31864, 20920],[31848, 20920],[31848, 20928],[31832, 20928]]]},"properties":{"objectType":"annotation","classification":{"name":"Ignore*","color":[180, 180, 180]},"isLocked":true}},{"type":"Feature","id":"1818d33b-5eee-443c-9971-d67c598dfdde","geometry":{"type":"Polygon","coordinates":[[[23688, 20944],[23688, 20960],[23696, 20960],[23696, 20968],[23704, 20968],[23704, 20984],[23712, 20984],[23712, 20992],[23720, 20992],[23720, 21000],[23728, 21000],[23728, 21008],[23736, 21008],[23736, 21024],[23744, 21024],[23744, 21032],[23752, 21032],[23752, 21040],[23776, 21040],[23776, 21032],[23784, 21032],[23784, 21024],[23792, 21024],[23792, 21016],[23800, 21016],[23800, 21008],[23816, 21008],[23816, 21016],[23824, 21016],[23824, 21024],[23840, 21024],[23840, 21032],[23848, 21032],[23848, 21040],[23864, 21040],[23864, 21048],[23888, 21048],[23888, 21040],[23896, 21040],[23896, 21032],[23904, 21032],[23904, 21008],[23896, 21008],[23896, 21000],[23888, 21000],[23888, 20992],[23880, 20992],[23880, 20984],[23864, 20984],[23864, 20976],[23824, 20976],[23824, 20984],[23792, 20984],[23792, 20976],[23776, 20976],[23776, 20968],[23768, 20968],[23768, 20960],[23760, 20960],[23760, 20952],[23744, 20952],[23744, 20944],[23720, 20944],[23720, 20936],[23696, 20936],[23696, 20944],[23688, 20944]]]},"properties":{"objectType":"annotation","classification":{"name":"Ignore*","color":[180, 180, 180]},"isLocked":true}},{"type":"Feature","id":"cbb764e2-5761-4e96-a5ba-aac602659f6b","geometry":{"type":"Polygon","coordinates":[[[30432, 21008],[30432, 21048],[30440, 21048],[30440, 21056],[30472, 21056],[30472, 21048],[30488, 21048],[30488, 21040],[30496, 21040],[30496, 21032],[30504, 21032],[30504, 21024],[30520, 21024],[30520, 21016],[30536, 21016],[30536, 21008],[30544, 21008],[30544, 21000],[30552, 21000],[30552, 20976],[30560, 20976],[30560, 20936],[30528, 20936],[30528, 20944],[30512, 20944],[30512, 20952],[30496, 20952],[30496, 20960],[30488, 20960],[30488, 20968],[30472, 20968],[30472, 20976],[30464, 20976],[30464, 20984],[30448, 20984],[30448, 20992],[30440, 20992],[30440, 21008],[30432, 21008]]]},"properties":{"objectType":"annotation","classification":{"name":"Ignore*","color":[180, 180, 180]},"isLocked":true}},{"type":"Feature","id":"d76525f9-cf00-4fdb-a191-1bd4cf29e054","geometry":{"type":"Polygon","coordinates":[[[23280, 20864],[23280, 20920],[23288, 20920],[23288, 20936],[23296, 20936],[23296, 20944],[23304, 20944],[23304, 20952],[23320, 20952],[23320, 20960],[23336, 20960],[23336, 20968],[23344, 20968],[23344, 20976],[23360, 20976],[23360, 20984],[23368, 20984],[23368, 20992],[23384, 20992],[23384, 21000],[23392, 21000],[23392, 21008],[23400, 21008],[23400, 21016],[23408, 21016],[23408, 21048],[23392, 21048],[23392, 21056],[23368, 21056],[23368, 21064],[23360, 21064],[23360, 21088],[23368, 21088],[23368, 21104],[23376, 21104],[23376, 21112],[23384, 21112],[23384, 21120],[23392, 21120],[23392, 21128],[23408, 21128],[23408, 21136],[23432, 21136],[23432, 21144],[23440, 21144],[23440, 21136],[23496, 21136],[23496, 21144],[23528, 21144],[23528, 21152],[23544, 21152],[23544, 21144],[23552, 21144],[23552, 21088],[23544, 21088],[23544, 21072],[23536, 21072],[23536, 21064],[23520, 21064],[23520, 21056],[23504, 21056],[23504, 21048],[23496, 21048],[23496, 21040],[23480, 21040],[23480, 21032],[23472, 21032],[23472, 21016],[23464, 21016],[23464, 21008],[23456, 21008],[23456, 20992],[23448, 20992],[23448, 20976],[23440, 20976],[23440, 20968],[23432, 20968],[23432, 20952],[23424, 20952],[23424, 20944],[23416, 20944],[23416, 20928],[23408, 20928],[23408, 20920],[23400, 20920],[23400, 20912],[23384, 20912],[23384, 20904],[23360, 20904],[23360, 20896],[23344, 20896],[23344, 20888],[23336, 20888],[23336, 20880],[23328, 20880],[23328, 20872],[23320, 20872],[23320, 20864],[23304, 20864],[23304, 20856],[23288, 20856],[23288, 20864],[23280, 20864]]]},"properties":{"objectType":"annotation","classification":{"name":"Ignore*","color":[180, 180, 180]},"isLocked":true}},{"type":"Feature","id":"3f63356f-c859-4f08-9228-42ac7e111a73","geometry":{"type":"Polygon","coordinates":[[[24072, 21048],[24072, 21056],[24080, 21056],[24080, 21072],[24088, 21072],[24088, 21080],[24096, 21080],[24096, 21088],[24104, 21088],[24104, 21096],[24120, 21096],[24120, 21104],[24128, 21104],[24128, 21112],[24136, 21112],[24136, 21120],[24144, 21120],[24144, 21128],[24152, 21128],[24152, 21136],[24184, 21136],[24184, 21128],[24208, 21128],[24208, 21120],[24224, 21120],[24224, 21112],[24240, 21112],[24240, 21104],[24248, 21104],[24248, 21096],[24256, 21096],[24256, 21088],[24264, 21088],[24264, 21080],[24288, 21080],[24288, 21072],[24328, 21072],[24328, 21064],[24448, 21064],[24448, 21056],[24456, 21056],[24456, 21016],[24448, 21016],[24448, 20992],[24440, 20992],[24440, 20976],[24432, 20976],[24432, 20968],[24424, 20968],[24424, 20960],[24416, 20960],[24416, 20952],[24400, 20952],[24400, 20944],[24392, 20944],[24392, 20952],[24368, 20952],[24368, 20960],[24360, 20960],[24360, 20968],[24352, 20968],[24352, 20976],[24336, 20976],[24336, 20984],[24328, 20984],[24328, 20992],[24296, 20992],[24296, 21000],[24280, 21000],[24280, 21008],[24272, 21008],[24272, 21016],[24264, 21016],[24264, 21024],[24248, 21024],[24248, 21032],[24240, 21032],[24240, 21040],[24224, 21040],[24224, 21048],[24208, 21048],[24208, 21056],[24192, 21056],[24192, 21064],[24184, 21064],[24184, 21072],[24144, 21072],[24144, 21064],[24128, 21064],[24128, 21056],[24120, 21056],[24120, 21048],[24112, 21048],[24112, 21040],[24104, 21040],[24104, 21032],[24080, 21032],[24080, 21048],[24072, 21048]]]},"properties":{"objectType":"annotation","classification":{"name":"Ignore*","color":[180, 180, 180]},"isLocked":true}},{"type":"Feature","id":"d222ce10-8eec-4f41-b46b-72fa5dcd2c25","geometry":{"type":"Polygon","coordinates":[[[27376, 20880],[27376, 20944],[27384, 20944],[27384, 20952],[27392, 20952],[27392, 20960],[27400, 20960],[27400, 20968],[27408, 20968],[27408, 20976],[27416, 20976],[27416, 20984],[27424, 20984],[27424, 21080],[27416, 21080],[27416, 21112],[27408, 21112],[27408, 21120],[27416, 21120],[27416, 21136],[27424, 21136],[27424, 21152],[27432, 21152],[27432, 21160],[27440, 21160],[27440, 21168],[27448, 21168],[27448, 21176],[27456, 21176],[27456, 21192],[27464, 21192],[27464, 21208],[27472, 21208],[27472, 21216],[27488, 21216],[27488, 21224],[27496, 21224],[27496, 21216],[27512, 21216],[27512, 21208],[27520, 21208],[27520, 21192],[27528, 21192],[27528, 21144],[27520, 21144],[27520, 21128],[27512, 21128],[27512, 21104],[27504, 21104],[27504, 21032],[27496, 21032],[27496, 21016],[27488, 21016],[27488, 21008],[27480, 21008],[27480, 21000],[27464, 21000],[27464, 20992],[27456, 20992],[27456, 20968],[27464, 20968],[27464, 20928],[27456, 20928],[27456, 20904],[27448, 20904],[27448, 20888],[27440, 20888],[27440, 20880],[27432, 20880],[27432, 20872],[27424, 20872],[27424, 20864],[27416, 20864],[27416, 20856],[27392, 20856],[27392, 20864],[27384, 20864],[27384, 20880],[27376, 20880]]]},"properties":{"objectType":"annotation","classification":{"name":"Ignore*","color":[180, 180, 180]},"isLocked":true}},{"type":"Feature","id":"ec118e59-513a-43e5-9616-9a1fbf2f1057","geometry":{"type":"Polygon","coordinates":[[[27280, 21128],[27280, 21160],[27288, 21160],[27288, 21184],[27296, 21184],[27296, 21192],[27304, 21192],[27304, 21200],[27312, 21200],[27312, 21216],[27320, 21216],[27320, 21224],[27328, 21224],[27328, 21240],[27344, 21240],[27344, 21248],[27376, 21248],[27376, 21240],[27384, 21240],[27384, 21208],[27376, 21208],[27376, 21192],[27368, 21192],[27368, 21168],[27360, 21168],[27360, 21136],[27352, 21136],[27352, 21128],[27344, 21128],[27344, 21120],[27328, 21120],[27328, 21112],[27296, 21112],[27296, 21120],[27288, 21120],[27288, 21128],[27280, 21128]]]},"properties":{"objectType":"annotation","classification":{"name":"Ignore*","color":[180, 180, 180]},"isLocked":true}},{"type":"Feature","id":"60765a53-1d04-4440-9688-537e877bbb34","geometry":{"type":"Polygon","coordinates":[[[22632, 21056],[22632, 21072],[22640, 21072],[22640, 21104],[22648, 21104],[22648, 21120],[22656, 21120],[22656, 21128],[22664, 21128],[22664, 21144],[22680, 21144],[22680, 21152],[22688, 21152],[22688, 21160],[22744, 21160],[22744, 21152],[22840, 21152],[22840, 21160],[22856, 21160],[22856, 21168],[22896, 21168],[22896, 21176],[22904, 21176],[22904, 21232],[22912, 21232],[22912, 21256],[22928, 21256],[22928, 21264],[22952, 21264],[22952, 21272],[22968, 21272],[22968, 21280],[22984, 21280],[22984, 21288],[22992, 21288],[22992, 21296],[23000, 21296],[23000, 21312],[23008, 21312],[23008, 21320],[23024, 21320],[23024, 21328],[23032, 21328],[23032, 21336],[23048, 21336],[23048, 21344],[23080, 21344],[23080, 21352],[23096, 21352],[23096, 21360],[23104, 21360],[23104, 21376],[23112, 21376],[23112, 21384],[23128, 21384],[23128, 21392],[23152, 21392],[23152, 21400],[23168, 21400],[23168, 21408],[23192, 21408],[23192, 21416],[23224, 21416],[23224, 21424],[23240, 21424],[23240, 21432],[23288, 21432],[23288, 21416],[23296, 21416],[23296, 21392],[23288, 21392],[23288, 21376],[23280, 21376],[23280, 21368],[23272, 21368],[23272, 21352],[23264, 21352],[23264, 21344],[23256, 21344],[23256, 21328],[23248, 21328],[23248, 21320],[23240, 21320],[23240, 21312],[23232, 21312],[23232, 21304],[23224, 21304],[23224, 21296],[23208, 21296],[23208, 21288],[23200, 21288],[23200, 21272],[23192, 21272],[23192, 21256],[23184, 21256],[23184, 21240],[23176, 21240],[23176, 21232],[23168, 21232],[23168, 21224],[23160, 21224],[23160, 21216],[23152, 21216],[23152, 21208],[23136, 21208],[23136, 21200],[23096, 21200],[23096, 21208],[23072, 21208],[23072, 21216],[23008, 21216],[23008, 21208],[23000, 21208],[23000, 21200],[22992, 21200],[22992, 21192],[22984, 21192],[22984, 21184],[22976, 21184],[22976, 21176],[22944, 21176],[22944, 21168],[22912, 21168],[22912, 21128],[22904, 21128],[22904, 21112],[22896, 21112],[22896, 21104],[22888, 21104],[22888, 21088],[22872, 21088],[22872, 21080],[22832, 21080],[22832, 21072],[22824, 21072],[22824, 21064],[22808, 21064],[22808, 21056],[22784, 21056],[22784, 21048],[22760, 21048],[22760, 21040],[22744, 21040],[22744, 21032],[22728, 21032],[22728, 21024],[22712, 21024],[22712, 21016],[22696, 21016],[22696, 21008],[22664, 21008],[22664, 21016],[22656, 21016],[22656, 21024],[22648, 21024],[22648, 21032],[22640, 21032],[22640, 21056],[22632, 21056]]]},"properties":{"objectType":"annotation","classification":{"name":"Ignore*","color":[180, 180, 180]},"isLocked":true}},{"type":"Feature","id":"6d4cc08f-9595-4778-be4d-8ba31815a04e","geometry":{"type":"Polygon","coordinates":[[[30384, 21224],[30384, 21272],[30392, 21272],[30392, 21280],[30400, 21280],[30400, 21288],[30408, 21288],[30408, 21296],[30416, 21296],[30416, 21304],[30424, 21304],[30424, 21312],[30432, 21312],[30432, 21320],[30448, 21320],[30448, 21328],[30472, 21328],[30472, 21320],[30480, 21320],[30480, 21312],[30488, 21312],[30488, 21256],[30480, 21256],[30480, 21248],[30464, 21248],[30464, 21240],[30448, 21240],[30448, 21232],[30440, 21232],[30440, 21224],[30424, 21224],[30424, 21216],[30392, 21216],[30392, 21224],[30384, 21224]]]},"properties":{"objectType":"annotation","classification":{"name":"Ignore*","color":[180, 180, 180]},"isLocked":true}},{"type":"Feature","id":"86c87b0e-fd02-4bac-a745-da83df998995","geometry":{"type":"Polygon","coordinates":[[[31720, 21312],[31720, 21344],[31728, 21344],[31728, 21352],[31736, 21352],[31736, 21360],[31744, 21360],[31744, 21376],[31760, 21376],[31760, 21384],[31776, 21384],[31776, 21376],[31792, 21376],[31792, 21360],[31800, 21360],[31800, 21352],[31808, 21352],[31808, 21336],[31816, 21336],[31816, 21296],[31808, 21296],[31808, 21288],[31800, 21288],[31800, 21280],[31776, 21280],[31776, 21272],[31768, 21272],[31768, 21280],[31744, 21280],[31744, 21288],[31736, 21288],[31736, 21296],[31728, 21296],[31728, 21312],[31720, 21312]]]},"properties":{"objectType":"annotation","classification":{"name":"Ignore*","color":[180, 180, 180]},"isLocked":true}},{"type":"Feature","id":"4ac77863-a826-49c1-9e70-3d81033da471","geometry":{"type":"Polygon","coordinates":[[[25984, 21184],[25984, 21192],[25992, 21192],[25992, 21208],[26000, 21208],[26000, 21224],[26008, 21224],[26008, 21312],[26016, 21312],[26016, 21328],[26024, 21328],[26024, 21336],[26040, 21336],[26040, 21344],[26048, 21344],[26048, 21352],[26056, 21352],[26056, 21360],[26064, 21360],[26064, 21368],[26072, 21368],[26072, 21384],[26080, 21384],[26080, 21400],[26088, 21400],[26088, 21416],[26096, 21416],[26096, 21456],[26088, 21456],[26088, 21480],[26096, 21480],[26096, 21488],[26104, 21488],[26104, 21504],[26112, 21504],[26112, 21512],[26120, 21512],[26120, 21528],[26128, 21528],[26128, 21536],[26136, 21536],[26136, 21544],[26144, 21544],[26144, 21560],[26152, 21560],[26152, 21576],[26160, 21576],[26160, 21584],[26184, 21584],[26184, 21576],[26192, 21576],[26192, 21544],[26184, 21544],[26184, 21528],[26176, 21528],[26176, 21512],[26168, 21512],[26168, 21456],[26160, 21456],[26160, 21432],[26152, 21432],[26152, 21416],[26144, 21416],[26144, 21400],[26136, 21400],[26136, 21384],[26128, 21384],[26128, 21368],[26120, 21368],[26120, 21304],[26112, 21304],[26112, 21296],[26104, 21296],[26104, 21288],[26096, 21288],[26096, 21280],[26088, 21280],[26088, 21272],[26080, 21272],[26080, 21248],[26072, 21248],[26072, 21192],[26064, 21192],[26064, 21176],[26056, 21176],[26056, 21160],[26048, 21160],[26048, 21152],[26040, 21152],[26040, 21144],[26024, 21144],[26024, 21152],[26008, 21152],[26008, 21160],[26000, 21160],[26000, 21168],[25992, 21168],[25992, 21184],[25984, 21184]]]},"properties":{"objectType":"annotation","classification":{"name":"Ignore*","color":[180, 180, 180]},"isLocked":true}},{"type":"Feature","id":"d90d83a6-97d4-4c9c-b4bd-d1eaab6607a1","geometry":{"type":"Polygon","coordinates":[[[22840, 21312],[22840, 21352],[22848, 21352],[22848, 21368],[22856, 21368],[22856, 21384],[22864, 21384],[22864, 21416],[22856, 21416],[22856, 21432],[22848, 21432],[22848, 21440],[22856, 21440],[22856, 21448],[22864, 21448],[22864, 21456],[22880, 21456],[22880, 21464],[22896, 21464],[22896, 21472],[22904, 21472],[22904, 21488],[22912, 21488],[22912, 21512],[22920, 21512],[22920, 21528],[22928, 21528],[22928, 21544],[22936, 21544],[22936, 21552],[22944, 21552],[22944, 21560],[22968, 21560],[22968, 21552],[22976, 21552],[22976, 21544],[22984, 21544],[22984, 21528],[22992, 21528],[22992, 21472],[22984, 21472],[22984, 21456],[22976, 21456],[22976, 21440],[22968, 21440],[22968, 21424],[22960, 21424],[22960, 21400],[22952, 21400],[22952, 21376],[22944, 21376],[22944, 21368],[22936, 21368],[22936, 21352],[22928, 21352],[22928, 21344],[22920, 21344],[22920, 21328],[22912, 21328],[22912, 21312],[22896, 21312],[22896, 21304],[22848, 21304],[22848, 21312],[22840, 21312]]]},"properties":{"objectType":"annotation","classification":{"name":"Ignore*","color":[180, 180, 180]},"isLocked":true}},{"type":"Feature","id":"36c7e13f-a9fc-42cf-a90d-e97697a02f97","geometry":{"type":"Polygon","coordinates":[[[29496, 21424],[29496, 21456],[29504, 21456],[29504, 21464],[29512, 21464],[29512, 21472],[29520, 21472],[29520, 21480],[29528, 21480],[29528, 21488],[29544, 21488],[29544, 21480],[29560, 21480],[29560, 21472],[29600, 21472],[29600, 21480],[29624, 21480],[29624, 21488],[29640, 21488],[29640, 21496],[29664, 21496],[29664, 21504],[29704, 21504],[29704, 21512],[29744, 21512],[29744, 21504],[29752, 21504],[29752, 21488],[29744, 21488],[29744, 21472],[29728, 21472],[29728, 21464],[29720, 21464],[29720, 21456],[29704, 21456],[29704, 21448],[29688, 21448],[29688, 21440],[29672, 21440],[29672, 21432],[29656, 21432],[29656, 21424],[29640, 21424],[29640, 21416],[29592, 21416],[29592, 21408],[29560, 21408],[29560, 21400],[29520, 21400],[29520, 21408],[29504, 21408],[29504, 21424],[29496, 21424]]]},"properties":{"objectType":"annotation","classification":{"name":"Ignore*","color":[180, 180, 180]},"isLocked":true}},{"type":"Feature","id":"8f1d89bb-e872-4b82-9132-3bba113c04a1","geometry":{"type":"Polygon","coordinates":[[[28648, 21432],[28648, 21480],[28656, 21480],[28656, 21488],[28672, 21488],[28672, 21496],[28696, 21496],[28696, 21504],[28712, 21504],[28712, 21512],[28720, 21512],[28720, 21520],[28736, 21520],[28736, 21528],[28752, 21528],[28752, 21536],[28768, 21536],[28768, 21544],[28792, 21544],[28792, 21552],[28824, 21552],[28824, 21560],[28840, 21560],[28840, 21552],[28864, 21552],[28864, 21544],[28872, 21544],[28872, 21512],[28864, 21512],[28864, 21504],[28856, 21504],[28856, 21496],[28832, 21496],[28832, 21488],[28816, 21488],[28816, 21480],[28792, 21480],[28792, 21472],[28768, 21472],[28768, 21464],[28752, 21464],[28752, 21456],[28744, 21456],[28744, 21440],[28736, 21440],[28736, 21432],[28728, 21432],[28728, 21424],[28712, 21424],[28712, 21416],[28704, 21416],[28704, 21408],[28680, 21408],[28680, 21400],[28672, 21400],[28672, 21408],[28664, 21408],[28664, 21416],[28656, 21416],[28656, 21432],[28648, 21432]]]},"properties":{"objectType":"annotation","classification":{"name":"Ignore*","color":[180, 180, 180]},"isLocked":true}},{"type":"Feature","id":"19d47988-8794-468c-bcbd-d280ae8e46bf","geometry":{"type":"Polygon","coordinates":[[[25920, 21480],[25920, 21568],[25928, 21568],[25928, 21584],[25944, 21584],[25944, 21592],[25952, 21592],[25952, 21584],[25968, 21584],[25968, 21576],[25976, 21576],[25976, 21560],[25984, 21560],[25984, 21544],[25992, 21544],[25992, 21480],[25984, 21480],[25984, 21456],[25976, 21456],[25976, 21448],[25968, 21448],[25968, 21440],[25944, 21440],[25944, 21448],[25936, 21448],[25936, 21464],[25928, 21464],[25928, 21480],[25920, 21480]]]},"properties":{"objectType":"annotation","classification":{"name":"Ignore*","color":[180, 180, 180]},"isLocked":true}},{"type":"Feature","id":"e8cb8635-cc57-49b9-b69a-51b797ebf016","geometry":{"type":"Polygon","coordinates":[[[29984, 21496],[29984, 21520],[29992, 21520],[29992, 21536],[30000, 21536],[30000, 21544],[30008, 21544],[30008, 21552],[30024, 21552],[30024, 21560],[30032, 21560],[30032, 21568],[30056, 21568],[30056, 21576],[30072, 21576],[30072, 21584],[30088, 21584],[30088, 21592],[30128, 21592],[30128, 21600],[30160, 21600],[30160, 21576],[30152, 21576],[30152, 21568],[30144, 21568],[30144, 21560],[30128, 21560],[30128, 21552],[30120, 21552],[30120, 21544],[30104, 21544],[30104, 21536],[30096, 21536],[30096, 21528],[30088, 21528],[30088, 21520],[30080, 21520],[30080, 21512],[30072, 21512],[30072, 21480],[30064, 21480],[30064, 21456],[30056, 21456],[30056, 21448],[30024, 21448],[30024, 21456],[30008, 21456],[30008, 21464],[30000, 21464],[30000, 21472],[29992, 21472],[29992, 21496],[29984, 21496]]]},"properties":{"objectType":"annotation","classification":{"name":"Ignore*","color":[180, 180, 180]},"isLocked":true}},{"type":"Feature","id":"180306f0-45f0-4dd8-9d77-5c6da53f1e52","geometry":{"type":"Polygon","coordinates":[[[23432, 21536],[23432, 21592],[23440, 21592],[23440, 21608],[23448, 21608],[23448, 21616],[23456, 21616],[23456, 21624],[23496, 21624],[23496, 21616],[23504, 21616],[23504, 21600],[23512, 21600],[23512, 21560],[23504, 21560],[23504, 21544],[23496, 21544],[23496, 21536],[23488, 21536],[23488, 21528],[23472, 21528],[23472, 21520],[23448, 21520],[23448, 21528],[23440, 21528],[23440, 21536],[23432, 21536]]]},"properties":{"objectType":"annotation","classification":{"name":"Ignore*","color":[180, 180, 180]},"isLocked":true}},{"type":"Feature","id":"67f783f8-7089-4a98-9a72-e4e26a179657","geometry":{"type":"Polygon","coordinates":[[[26000, 21616],[26000, 21648],[26008, 21648],[26008, 21656],[26016, 21656],[26016, 21664],[26024, 21664],[26024, 21672],[26040, 21672],[26040, 21680],[26048, 21680],[26048, 21688],[26056, 21688],[26056, 21744],[26064, 21744],[26064, 21752],[26072, 21752],[26072, 21744],[26096, 21744],[26096, 21736],[26104, 21736],[26104, 21728],[26112, 21728],[26112, 21712],[26120, 21712],[26120, 21680],[26128, 21680],[26128, 21624],[26112, 21624],[26112, 21616],[26048, 21616],[26048, 21608],[26008, 21608],[26008, 21616],[26000, 21616]]]},"properties":{"objectType":"annotation","classification":{"name":"Ignore*","color":[180, 180, 180]},"isLocked":true}},{"type":"Feature","id":"b2af5ffa-96ea-46af-9bd8-0a37483d2a3d","geometry":{"type":"Polygon","coordinates":[[[34072, 21856],[34072, 21888],[34088, 21888],[34088, 21896],[34112, 21896],[34112, 21888],[34128, 21888],[34128, 21880],[34136, 21880],[34136, 21872],[34144, 21872],[34144, 21856],[34152, 21856],[34152, 21840],[34160, 21840],[34160, 21824],[34168, 21824],[34168, 21808],[34176, 21808],[34176, 21800],[34192, 21800],[34192, 21792],[34200, 21792],[34200, 21776],[34208, 21776],[34208, 21768],[34216, 21768],[34216, 21752],[34224, 21752],[34224, 21744],[34232, 21744],[34232, 21728],[34240, 21728],[34240, 21712],[34248, 21712],[34248, 21704],[34240, 21704],[34240, 21680],[34232, 21680],[34232, 21656],[34224, 21656],[34224, 21616],[34184, 21616],[34184, 21624],[34176, 21624],[34176, 21632],[34168, 21632],[34168, 21648],[34160, 21648],[34160, 21664],[34152, 21664],[34152, 21672],[34144, 21672],[34144, 21680],[34136, 21680],[34136, 21696],[34128, 21696],[34128, 21744],[34120, 21744],[34120, 21776],[34112, 21776],[34112, 21792],[34104, 21792],[34104, 21816],[34096, 21816],[34096, 21832],[34088, 21832],[34088, 21840],[34080, 21840],[34080, 21856],[34072, 21856]]]},"properties":{"objectType":"annotation","classification":{"name":"Ignore*","color":[180, 180, 180]},"isLocked":true}},{"type":"Feature","id":"483d6956-e9a8-4384-a2f2-8494dfab4c3f","geometry":{"type":"Polygon","coordinates":[[[28896, 21776],[28896, 21808],[28904, 21808],[28904, 21816],[28912, 21816],[28912, 21824],[28920, 21824],[28920, 21832],[28944, 21832],[28944, 21840],[28952, 21840],[28952, 21832],[28968, 21832],[28968, 21824],[28976, 21824],[28976, 21816],[28984, 21816],[28984, 21792],[28976, 21792],[28976, 21744],[28968, 21744],[28968, 21736],[28928, 21736],[28928, 21744],[28920, 21744],[28920, 21752],[28912, 21752],[28912, 21760],[28904, 21760],[28904, 21776],[28896, 21776]]]},"properties":{"objectType":"annotation","classification":{"name":"Ignore*","color":[180, 180, 180]},"isLocked":true}},{"type":"Feature","id":"620cc666-c8bb-4c8b-b53a-a0e4d95112af","geometry":{"type":"Polygon","coordinates":[[[30272, 21760],[30272, 21784],[30280, 21784],[30280, 21800],[30288, 21800],[30288, 21808],[30296, 21808],[30296, 21832],[30304, 21832],[30304, 21856],[30312, 21856],[30312, 21872],[30320, 21872],[30320, 21896],[30328, 21896],[30328, 21912],[30336, 21912],[30336, 21928],[30344, 21928],[30344, 21944],[30360, 21944],[30360, 21952],[30368, 21952],[30368, 21960],[30384, 21960],[30384, 21968],[30392, 21968],[30392, 21976],[30408, 21976],[30408, 21984],[30456, 21984],[30456, 21976],[30464, 21976],[30464, 21952],[30456, 21952],[30456, 21936],[30448, 21936],[30448, 21928],[30440, 21928],[30440, 21920],[30432, 21920],[30432, 21912],[30416, 21912],[30416, 21904],[30408, 21904],[30408, 21896],[30400, 21896],[30400, 21880],[30392, 21880],[30392, 21872],[30384, 21872],[30384, 21856],[30376, 21856],[30376, 21800],[30384, 21800],[30384, 21768],[30376, 21768],[30376, 21760],[30368, 21760],[30368, 21752],[30352, 21752],[30352, 21744],[30296, 21744],[30296, 21752],[30280, 21752],[30280, 21760],[30272, 21760]]]},"properties":{"objectType":"annotation","classification":{"name":"Ignore*","color":[180, 180, 180]},"isLocked":true}},{"type":"Feature","id":"6ed8b10d-b439-46a7-834f-5bcf7d0101af","geometry":{"type":"Polygon","coordinates":[[[24944, 21776],[24944, 21832],[24952, 21832],[24952, 21848],[24960, 21848],[24960, 21864],[24968, 21864],[24968, 21872],[24976, 21872],[24976, 21888],[24984, 21888],[24984, 21896],[24992, 21896],[24992, 21904],[25000, 21904],[25000, 21912],[25016, 21912],[25016, 21920],[25032, 21920],[25032, 21928],[25040, 21928],[25040, 21936],[25056, 21936],[25056, 21944],[25072, 21944],[25072, 21952],[25080, 21952],[25080, 21960],[25088, 21960],[25088, 21968],[25096, 21968],[25096, 21976],[25112, 21976],[25112, 21984],[25144, 21984],[25144, 21960],[25136, 21960],[25136, 21944],[25128, 21944],[25128, 21920],[25120, 21920],[25120, 21912],[25112, 21912],[25112, 21896],[25104, 21896],[25104, 21888],[25096, 21888],[25096, 21880],[25088, 21880],[25088, 21872],[25080, 21872],[25080, 21864],[25072, 21864],[25072, 21856],[25064, 21856],[25064, 21848],[25056, 21848],[25056, 21840],[25048, 21840],[25048, 21824],[25040, 21824],[25040, 21792],[25032, 21792],[25032, 21784],[25024, 21784],[25024, 21776],[25016, 21776],[25016, 21768],[25000, 21768],[25000, 21760],[24992, 21760],[24992, 21752],[24960, 21752],[24960, 21760],[24952, 21760],[24952, 21776],[24944, 21776]]]},"properties":{"objectType":"annotation","classification":{"name":"Ignore*","color":[180, 180, 180]},"isLocked":true}},{"type":"Feature","id":"3738513a-bce0-4d06-8fcb-e39c51db60d6","geometry":{"type":"Polygon","coordinates":[[[33832, 21856],[33832, 21928],[33840, 21928],[33840, 21944],[33848, 21944],[33848, 21960],[33856, 21960],[33856, 21968],[33864, 21968],[33864, 21976],[33896, 21976],[33896, 21968],[33904, 21968],[33904, 21960],[33912, 21960],[33912, 21912],[33904, 21912],[33904, 21896],[33896, 21896],[33896, 21880],[33888, 21880],[33888, 21840],[33896, 21840],[33896, 21832],[33904, 21832],[33904, 21800],[33896, 21800],[33896, 21792],[33880, 21792],[33880, 21784],[33856, 21784],[33856, 21808],[33864, 21808],[33864, 21840],[33856, 21840],[33856, 21848],[33840, 21848],[33840, 21856],[33832, 21856]]]},"properties":{"objectType":"annotation","classification":{"name":"Ignore*","color":[180, 180, 180]},"isLocked":true}},{"type":"Feature","id":"f91c54a7-4cdc-4886-bcfc-b99b8dce10e1","geometry":{"type":"Polygon","coordinates":[[[30056, 21952],[30056, 21968],[30064, 21968],[30064, 21984],[30072, 21984],[30072, 21992],[30096, 21992],[30096, 21984],[30120, 21984],[30120, 21976],[30168, 21976],[30168, 21968],[30176, 21968],[30176, 21960],[30184, 21960],[30184, 21952],[30192, 21952],[30192, 21944],[30200, 21944],[30200, 21936],[30208, 21936],[30208, 21928],[30216, 21928],[30216, 21920],[30232, 21920],[30232, 21912],[30240, 21912],[30240, 21904],[30248, 21904],[30248, 21896],[30256, 21896],[30256, 21880],[30264, 21880],[30264, 21864],[30272, 21864],[30272, 21848],[30264, 21848],[30264, 21832],[30256, 21832],[30256, 21824],[30248, 21824],[30248, 21816],[30216, 21816],[30216, 21824],[30208, 21824],[30208, 21840],[30200, 21840],[30200, 21856],[30192, 21856],[30192, 21872],[30184, 21872],[30184, 21880],[30176, 21880],[30176, 21888],[30168, 21888],[30168, 21896],[30152, 21896],[30152, 21904],[30136, 21904],[30136, 21912],[30112, 21912],[30112, 21920],[30080, 21920],[30080, 21928],[30072, 21928],[30072, 21936],[30064, 21936],[30064, 21952],[30056, 21952]]]},"properties":{"objectType":"annotation","classification":{"name":"Ignore*","color":[180, 180, 180]},"isLocked":true}},{"type":"Feature","id":"af3afd77-1cea-4052-a2f2-f49256b4bd1d","geometry":{"type":"Polygon","coordinates":[[[26304, 21904],[26304, 21944],[26312, 21944],[26312, 21952],[26320, 21952],[26320, 21960],[26344, 21960],[26344, 21968],[26408, 21968],[26408, 21960],[26424, 21960],[26424, 21968],[26440, 21968],[26440, 21976],[26456, 21976],[26456, 21992],[26464, 21992],[26464, 22000],[26472, 22000],[26472, 22024],[26480, 22024],[26480, 22056],[26488, 22056],[26488, 22072],[26496, 22072],[26496, 22088],[26512, 22088],[26512, 22096],[26520, 22096],[26520, 22088],[26536, 22088],[26536, 22072],[26544, 22072],[26544, 21952],[26536, 21952],[26536, 21944],[26528, 21944],[26528, 21928],[26512, 21928],[26512, 21920],[26496, 21920],[26496, 21912],[26448, 21912],[26448, 21904],[26440, 21904],[26440, 21896],[26424, 21896],[26424, 21888],[26416, 21888],[26416, 21880],[26408, 21880],[26408, 21872],[26400, 21872],[26400, 21864],[26376, 21864],[26376, 21872],[26360, 21872],[26360, 21880],[26328, 21880],[26328, 21888],[26320, 21888],[26320, 21896],[26312, 21896],[26312, 21904],[26304, 21904]]]},"properties":{"objectType":"annotation","classification":{"name":"Ignore*","color":[180, 180, 180]},"isLocked":true}},{"type":"Feature","id":"e59ec79a-0194-449e-be41-6c611ad2497f","geometry":{"type":"Polygon","coordinates":[[[25672, 21800],[25672, 21824],[25680, 21824],[25680, 21840],[25688, 21840],[25688, 21848],[25696, 21848],[25696, 21856],[25704, 21856],[25704, 21864],[25712, 21864],[25712, 21880],[25704, 21880],[25704, 21904],[25696, 21904],[25696, 21920],[25704, 21920],[25704, 21936],[25712, 21936],[25712, 21944],[25720, 21944],[25720, 21952],[25728, 21952],[25728, 21960],[25736, 21960],[25736, 21984],[25744, 21984],[25744, 22008],[25752, 22008],[25752, 22016],[25784, 22016],[25784, 22008],[25800, 22008],[25800, 22000],[25824, 22000],[25824, 22008],[25832, 22008],[25832, 22016],[25840, 22016],[25840, 22032],[25848, 22032],[25848, 22048],[25856, 22048],[25856, 22056],[25864, 22056],[25864, 22072],[25872, 22072],[25872, 22088],[25880, 22088],[25880, 22112],[25888, 22112],[25888, 22128],[25896, 22128],[25896, 22144],[25912, 22144],[25912, 22152],[25936, 22152],[25936, 22104],[25928, 22104],[25928, 22064],[25920, 22064],[25920, 22048],[25912, 22048],[25912, 22040],[25896, 22040],[25896, 22032],[25888, 22032],[25888, 22016],[25880, 22016],[25880, 22008],[25872, 22008],[25872, 21992],[25864, 21992],[25864, 21976],[25856, 21976],[25856, 21968],[25848, 21968],[25848, 21960],[25840, 21960],[25840, 21944],[25832, 21944],[25832, 21912],[25824, 21912],[25824, 21896],[25816, 21896],[25816, 21888],[25792, 21888],[25792, 21880],[25776, 21880],[25776, 21872],[25760, 21872],[25760, 21864],[25752, 21864],[25752, 21848],[25744, 21848],[25744, 21824],[25736, 21824],[25736, 21816],[25728, 21816],[25728, 21808],[25720, 21808],[25720, 21800],[25672, 21800]]]},"properties":{"objectType":"annotation","classification":{"name":"Ignore*","color":[180, 180, 180]},"isLocked":true}},{"type":"Feature","id":"7fd29bce-bfdb-4b47-93fd-a38cb1458abe","geometry":{"type":"Polygon","coordinates":[[[27664, 21912],[27664, 21944],[27672, 21944],[27672, 21952],[27680, 21952],[27680, 21968],[27688, 21968],[27688, 22000],[27696, 22000],[27696, 22056],[27688, 22056],[27688, 22096],[27696, 22096],[27696, 22104],[27728, 22104],[27728, 22112],[27768, 22112],[27768, 22104],[27816, 22104],[27816, 22096],[27824, 22096],[27824, 22088],[27832, 22088],[27832, 22080],[27840, 22080],[27840, 22064],[27848, 22064],[27848, 22040],[27840, 22040],[27840, 22032],[27832, 22032],[27832, 22024],[27824, 22024],[27824, 22016],[27816, 22016],[27816, 22008],[27808, 22008],[27808, 22000],[27800, 22000],[27800, 21992],[27792, 21992],[27792, 21984],[27784, 21984],[27784, 21968],[27776, 21968],[27776, 21960],[27768, 21960],[27768, 21944],[27760, 21944],[27760, 21928],[27752, 21928],[27752, 21920],[27744, 21920],[27744, 21904],[27736, 21904],[27736, 21896],[27728, 21896],[27728, 21888],[27696, 21888],[27696, 21896],[27672, 21896],[27672, 21912],[27664, 21912]]]},"properties":{"objectType":"annotation","classification":{"name":"Ignore*","color":[180, 180, 180]},"isLocked":true}},{"type":"Feature","id":"efd80a3f-6d9d-4a47-9f01-28eea2c25042","geometry":{"type":"Polygon","coordinates":[[[34544, 21960],[34544, 21992],[34552, 21992],[34552, 22000],[34568, 22000],[34568, 22008],[34584, 22008],[34584, 22016],[34592, 22016],[34592, 22048],[34600, 22048],[34600, 22056],[34608, 22056],[34608, 22064],[34616, 22064],[34616, 22072],[34624, 22072],[34624, 22080],[34632, 22080],[34632, 22104],[34640, 22104],[34640, 22144],[34632, 22144],[34632, 22160],[34624, 22160],[34624, 22168],[34632, 22168],[34632, 22176],[34656, 22176],[34656, 22168],[34664, 22168],[34664, 22160],[34672, 22160],[34672, 22136],[34680, 22136],[34680, 22120],[34688, 22120],[34688, 22112],[34696, 22112],[34696, 22096],[34704, 22096],[34704, 22080],[34712, 22080],[34712, 22064],[34720, 22064],[34720, 22056],[34728, 22056],[34728, 22048],[34736, 22048],[34736, 22040],[34744, 22040],[34744, 22016],[34736, 22016],[34736, 22000],[34728, 22000],[34728, 21992],[34720, 21992],[34720, 21944],[34712, 21944],[34712, 21928],[34704, 21928],[34704, 21920],[34688, 21920],[34688, 21928],[34672, 21928],[34672, 21936],[34656, 21936],[34656, 21944],[34648, 21944],[34648, 21952],[34640, 21952],[34640, 21960],[34632, 21960],[34632, 21968],[34624, 21968],[34624, 21976],[34592, 21976],[34592, 21968],[34584, 21968],[34584, 21960],[34544, 21960]]]},"properties":{"objectType":"annotation","classification":{"name":"Ignore*","color":[180, 180, 180]},"isLocked":true}},{"type":"Feature","id":"6c19e770-45b1-412d-ae11-fb1bd932e454","geometry":{"type":"Polygon","coordinates":[[[24496, 22016],[24496, 22040],[24504, 22040],[24504, 22048],[24512, 22048],[24512, 22056],[24520, 22056],[24520, 22064],[24528, 22064],[24528, 22072],[24544, 22072],[24544, 22080],[24552, 22080],[24552, 22088],[24568, 22088],[24568, 22096],[24584, 22096],[24584, 22104],[24600, 22104],[24600, 22112],[24616, 22112],[24616, 22120],[24640, 22120],[24640, 22128],[24680, 22128],[24680, 22120],[24688, 22120],[24688, 22088],[24680, 22088],[24680, 22072],[24672, 22072],[24672, 22064],[24664, 22064],[24664, 22056],[24656, 22056],[24656, 22048],[24616, 22048],[24616, 22056],[24600, 22056],[24600, 22040],[24592, 22040],[24592, 22024],[24584, 22024],[24584, 22016],[24568, 22016],[24568, 22008],[24504, 22008],[24504, 22016],[24496, 22016]]]},"properties":{"objectType":"annotation","classification":{"name":"Ignore*","color":[180, 180, 180]},"isLocked":true}},{"type":"Feature","id":"ffde9767-2db1-441c-9b27-0ad25f05c4bc","geometry":{"type":"Polygon","coordinates":[[[22960, 22000],[22960, 22016],[22968, 22016],[22968, 22032],[22976, 22032],[22976, 22040],[22992, 22040],[22992, 22048],[23008, 22048],[23008, 22056],[23024, 22056],[23024, 22064],[23032, 22064],[23032, 22072],[23040, 22072],[23040, 22080],[23048, 22080],[23048, 22096],[23064, 22096],[23064, 22104],[23072, 22104],[23072, 22112],[23088, 22112],[23088, 22120],[23104, 22120],[23104, 22128],[23112, 22128],[23112, 22136],[23120, 22136],[23120, 22152],[23128, 22152],[23128, 22160],[23144, 22160],[23144, 22168],[23152, 22168],[23152, 22176],[23208, 22176],[23208, 22160],[23200, 22160],[23200, 22144],[23192, 22144],[23192, 22136],[23176, 22136],[23176, 22128],[23168, 22128],[23168, 22120],[23160, 22120],[23160, 22112],[23144, 22112],[23144, 22104],[23136, 22104],[23136, 22096],[23128, 22096],[23128, 22088],[23120, 22088],[23120, 22080],[23112, 22080],[23112, 22064],[23104, 22064],[23104, 22056],[23088, 22056],[23088, 22048],[23080, 22048],[23080, 22040],[23072, 22040],[23072, 22032],[23056, 22032],[23056, 22024],[23048, 22024],[23048, 22016],[23040, 22016],[23040, 22008],[23032, 22008],[23032, 22000],[23024, 22000],[23024, 21992],[23000, 21992],[23000, 22000],[22960, 22000]]]},"properties":{"objectType":"annotation","classification":{"name":"Ignore*","color":[180, 180, 180]},"isLocked":true}},{"type":"Feature","id":"51e1d61a-3dd7-4e61-9949-20da4f89bdbe","geometry":{"type":"Polygon","coordinates":[[[27520, 22016],[27520, 22072],[27528, 22072],[27528, 22080],[27536, 22080],[27536, 22096],[27544, 22096],[27544, 22120],[27552, 22120],[27552, 22152],[27560, 22152],[27560, 22160],[27568, 22160],[27568, 22168],[27584, 22168],[27584, 22160],[27592, 22160],[27592, 22152],[27600, 22152],[27600, 22136],[27608, 22136],[27608, 22120],[27616, 22120],[27616, 22080],[27608, 22080],[27608, 22072],[27600, 22072],[27600, 22056],[27592, 22056],[27592, 22048],[27584, 22048],[27584, 22032],[27576, 22032],[27576, 22024],[27568, 22024],[27568, 22016],[27560, 22016],[27560, 22008],[27536, 22008],[27536, 22016],[27520, 22016]]]},"properties":{"objectType":"annotation","classification":{"name":"Ignore*","color":[180, 180, 180]},"isLocked":true}},{"type":"Feature","id":"c5b2f437-a800-45ee-be9b-0bcb3001a87b","geometry":{"type":"Polygon","coordinates":[[[29632, 22064],[29632, 22104],[29640, 22104],[29640, 22120],[29648, 22120],[29648, 22128],[29656, 22128],[29656, 22152],[29664, 22152],[29664, 22160],[29672, 22160],[29672, 22168],[29704, 22168],[29704, 22160],[29712, 22160],[29712, 22112],[29704, 22112],[29704, 22096],[29696, 22096],[29696, 22064],[29688, 22064],[29688, 22056],[29640, 22056],[29640, 22064],[29632, 22064]]]},"properties":{"objectType":"annotation","classification":{"name":"Ignore*","color":[180, 180, 180]},"isLocked":true}},{"type":"Feature","id":"7da48f79-a823-4f89-935b-264673ea82b4","geometry":{"type":"Polygon","coordinates":[[[24888, 22064],[24888, 22104],[24896, 22104],[24896, 22120],[24904, 22120],[24904, 22128],[24912, 22128],[24912, 22144],[24928, 22144],[24928, 22152],[24952, 22152],[24952, 22144],[24984, 22144],[24984, 22136],[25040, 22136],[25040, 22144],[25064, 22144],[25064, 22152],[25080, 22152],[25080, 22160],[25088, 22160],[25088, 22168],[25104, 22168],[25104, 22176],[25112, 22176],[25112, 22184],[25128, 22184],[25128, 22192],[25144, 22192],[25144, 22200],[25160, 22200],[25160, 22208],[25168, 22208],[25168, 22216],[25184, 22216],[25184, 22224],[25192, 22224],[25192, 22232],[25200, 22232],[25200, 22240],[25216, 22240],[25216, 22248],[25224, 22248],[25224, 22256],[25248, 22256],[25248, 22264],[25264, 22264],[25264, 22272],[25280, 22272],[25280, 22280],[25296, 22280],[25296, 22288],[25328, 22288],[25328, 22280],[25336, 22280],[25336, 22256],[25328, 22256],[25328, 22248],[25312, 22248],[25312, 22240],[25304, 22240],[25304, 22232],[25296, 22232],[25296, 22224],[25288, 22224],[25288, 22208],[25280, 22208],[25280, 22200],[25272, 22200],[25272, 22192],[25264, 22192],[25264, 22184],[25248, 22184],[25248, 22176],[25240, 22176],[25240, 22168],[25232, 22168],[25232, 22160],[25224, 22160],[25224, 22152],[25200, 22152],[25200, 22144],[25184, 22144],[25184, 22136],[25168, 22136],[25168, 22128],[25160, 22128],[25160, 22120],[25144, 22120],[25144, 22112],[25120, 22112],[25120, 22104],[25096, 22104],[25096, 22096],[25080, 22096],[25080, 22080],[25072, 22080],[25072, 22072],[25064, 22072],[25064, 22064],[25056, 22064],[25056, 22056],[25048, 22056],[25048, 22048],[25040, 22048],[25040, 22040],[25016, 22040],[25016, 22032],[24960, 22032],[24960, 22040],[24928, 22040],[24928, 22048],[24912, 22048],[24912, 22056],[24896, 22056],[24896, 22064],[24888, 22064]]]},"properties":{"objectType":"annotation","classification":{"name":"Ignore*","color":[180, 180, 180]},"isLocked":true}},{"type":"Feature","id":"cc44cfe2-a59b-428a-9b5c-7efcf16c0ba5","geometry":{"type":"Polygon","coordinates":[[[26216, 22152],[26216, 22176],[26224, 22176],[26224, 22192],[26232, 22192],[26232, 22200],[26264, 22200],[26264, 22208],[26288, 22208],[26288, 22216],[26320, 22216],[26320, 22224],[26360, 22224],[26360, 22240],[26368, 22240],[26368, 22248],[26376, 22248],[26376, 22256],[26392, 22256],[26392, 22248],[26400, 22248],[26400, 22224],[26384, 22224],[26384, 22216],[26352, 22216],[26352, 22192],[26344, 22192],[26344, 22168],[26336, 22168],[26336, 22160],[26328, 22160],[26328, 22152],[26312, 22152],[26312, 22144],[26288, 22144],[26288, 22136],[26264, 22136],[26264, 22128],[26240, 22128],[26240, 22136],[26232, 22136],[26232, 22144],[26224, 22144],[26224, 22152],[26216, 22152]]]},"properties":{"objectType":"annotation","classification":{"name":"Ignore*","color":[180, 180, 180]},"isLocked":true}},{"type":"Feature","id":"17dab3b6-0703-48ee-9e05-b81a4d8526c8","geometry":{"type":"Polygon","coordinates":[[[33880, 22232],[33880, 22248],[33888, 22248],[33888, 22256],[33984, 22256],[33984, 22248],[34008, 22248],[34008, 22240],[34032, 22240],[34032, 22232],[34048, 22232],[34048, 22224],[34056, 22224],[34056, 22216],[34024, 22216],[34024, 22208],[34008, 22208],[34008, 22168],[33976, 22168],[33976, 22176],[33952, 22176],[33952, 22184],[33944, 22184],[33944, 22192],[33928, 22192],[33928, 22200],[33912, 22200],[33912, 22208],[33896, 22208],[33896, 22216],[33888, 22216],[33888, 22232],[33880, 22232]]]},"properties":{"objectType":"annotation","classification":{"name":"Ignore*","color":[180, 180, 180]},"isLocked":true}},{"type":"Feature","id":"b1973570-bb74-41a3-8a0a-e3693776044c","geometry":{"type":"Polygon","coordinates":[[[26584, 22200],[26584, 22208],[26592, 22208],[26592, 22224],[26600, 22224],[26600, 22232],[26616, 22232],[26616, 22240],[26624, 22240],[26624, 22280],[26632, 22280],[26632, 22296],[26640, 22296],[26640, 22304],[26672, 22304],[26672, 22296],[26680, 22296],[26680, 22280],[26688, 22280],[26688, 22248],[26680, 22248],[26680, 22240],[26672, 22240],[26672, 22232],[26656, 22232],[26656, 22224],[26648, 22224],[26648, 22184],[26640, 22184],[26640, 22168],[26632, 22168],[26632, 22160],[26616, 22160],[26616, 22168],[26608, 22168],[26608, 22176],[26600, 22176],[26600, 22184],[26592, 22184],[26592, 22200],[26584, 22200]]]},"properties":{"objectType":"annotation","classification":{"name":"Ignore*","color":[180, 180, 180]},"isLocked":true}},{"type":"Feature","id":"cd81942e-a82c-4350-a88c-be712927a0e6","geometry":{"type":"Polygon","coordinates":[[[31776, 22360],[31776, 22384],[31784, 22384],[31784, 22392],[31800, 22392],[31800, 22400],[31816, 22400],[31816, 22392],[31840, 22392],[31840, 22384],[31856, 22384],[31856, 22376],[31864, 22376],[31864, 22368],[31872, 22368],[31872, 22360],[31880, 22360],[31880, 22352],[31896, 22352],[31896, 22344],[31904, 22344],[31904, 22336],[31912, 22336],[31912, 22328],[31920, 22328],[31920, 22280],[31912, 22280],[31912, 22272],[31904, 22272],[31904, 22264],[31880, 22264],[31880, 22272],[31864, 22272],[31864, 22280],[31848, 22280],[31848, 22288],[31832, 22288],[31832, 22304],[31824, 22304],[31824, 22328],[31816, 22328],[31816, 22336],[31808, 22336],[31808, 22344],[31800, 22344],[31800, 22352],[31784, 22352],[31784, 22360],[31776, 22360]]]},"properties":{"objectType":"annotation","classification":{"name":"Ignore*","color":[180, 180, 180]},"isLocked":true}},{"type":"Feature","id":"fd500fb2-9b84-4885-a1b6-0e32c8dedf56","geometry":{"type":"Polygon","coordinates":[[[24064, 22344],[24064, 22368],[24072, 22368],[24072, 22384],[24080, 22384],[24080, 22392],[24088, 22392],[24088, 22400],[24096, 22400],[24096, 22408],[24112, 22408],[24112, 22416],[24144, 22416],[24144, 22408],[24160, 22408],[24160, 22368],[24152, 22368],[24152, 22360],[24144, 22360],[24144, 22352],[24128, 22352],[24128, 22344],[24120, 22344],[24120, 22336],[24104, 22336],[24104, 22328],[24080, 22328],[24080, 22336],[24072, 22336],[24072, 22344],[24064, 22344]]]},"properties":{"objectType":"annotation","classification":{"name":"Ignore*","color":[180, 180, 180]},"isLocked":true}},{"type":"Feature","id":"5daf85e0-daa4-4402-acdd-b433100ab442","geometry":{"type":"Polygon","coordinates":[[[23288, 22336],[23288, 22368],[23296, 22368],[23296, 22376],[23304, 22376],[23304, 22384],[23312, 22384],[23312, 22392],[23320, 22392],[23320, 22400],[23328, 22400],[23328, 22408],[23336, 22408],[23336, 22416],[23344, 22416],[23344, 22424],[23352, 22424],[23352, 22432],[23376, 22432],[23376, 22424],[23392, 22424],[23392, 22416],[23432, 22416],[23432, 22424],[23448, 22424],[23448, 22432],[23472, 22432],[23472, 22440],[23488, 22440],[23488, 22448],[23504, 22448],[23504, 22456],[23512, 22456],[23512, 22464],[23520, 22464],[23520, 22472],[23528, 22472],[23528, 22480],[23536, 22480],[23536, 22488],[23552, 22488],[23552, 22496],[23560, 22496],[23560, 22504],[23576, 22504],[23576, 22512],[23592, 22512],[23592, 22520],[23608, 22520],[23608, 22528],[23648, 22528],[23648, 22520],[23664, 22520],[23664, 22488],[23656, 22488],[23656, 22472],[23648, 22472],[23648, 22464],[23640, 22464],[23640, 22448],[23632, 22448],[23632, 22440],[23624, 22440],[23624, 22424],[23616, 22424],[23616, 22416],[23608, 22416],[23608, 22408],[23592, 22408],[23592, 22400],[23584, 22400],[23584, 22392],[23576, 22392],[23576, 22384],[23560, 22384],[23560, 22376],[23536, 22376],[23536, 22368],[23512, 22368],[23512, 22360],[23496, 22360],[23496, 22352],[23488, 22352],[23488, 22344],[23472, 22344],[23472, 22336],[23464, 22336],[23464, 22328],[23456, 22328],[23456, 22320],[23440, 22320],[23440, 22312],[23432, 22312],[23432, 22304],[23424, 22304],[23424, 22296],[23416, 22296],[23416, 22288],[23400, 22288],[23400, 22280],[23376, 22280],[23376, 22272],[23360, 22272],[23360, 22264],[23344, 22264],[23344, 22272],[23336, 22272],[23336, 22288],[23328, 22288],[23328, 22296],[23320, 22296],[23320, 22312],[23312, 22312],[23312, 22320],[23304, 22320],[23304, 22328],[23296, 22328],[23296, 22336],[23288, 22336]]]},"properties":{"objectType":"annotation","classification":{"name":"Ignore*","color":[180, 180, 180]},"isLocked":true}},{"type":"Feature","id":"015f02df-7c1e-4e84-a574-fc24188abb69","geometry":{"type":"Polygon","coordinates":[[[31576, 22392],[31576, 22400],[31584, 22400],[31584, 22416],[31592, 22416],[31592, 22424],[31648, 22424],[31648, 22432],[31672, 22432],[31672, 22440],[31688, 22440],[31688, 22448],[31704, 22448],[31704, 22440],[31712, 22440],[31712, 22432],[31720, 22432],[31720, 22408],[31728, 22408],[31728, 22384],[31720, 22384],[31720, 22368],[31600, 22368],[31600, 22376],[31592, 22376],[31592, 22384],[31584, 22384],[31584, 22392],[31576, 22392]]]},"properties":{"objectType":"annotation","classification":{"name":"Ignore*","color":[180, 180, 180]},"isLocked":true}},{"type":"Feature","id":"d198f6c6-846e-4112-a503-c2782d338703","geometry":{"type":"Polygon","coordinates":[[[26976, 22448],[26976, 22456],[26984, 22456],[26984, 22472],[26992, 22472],[26992, 22480],[27000, 22480],[27000, 22488],[27008, 22488],[27008, 22496],[27016, 22496],[27016, 22504],[27024, 22504],[27024, 22536],[27032, 22536],[27032, 22560],[27040, 22560],[27040, 22568],[27064, 22568],[27064, 22560],[27072, 22560],[27072, 22552],[27080, 22552],[27080, 22544],[27088, 22544],[27088, 22536],[27096, 22536],[27096, 22504],[27088, 22504],[27088, 22480],[27080, 22480],[27080, 22448],[27072, 22448],[27072, 22392],[27080, 22392],[27080, 22376],[27088, 22376],[27088, 22368],[27096, 22368],[27096, 22352],[27104, 22352],[27104, 22336],[27112, 22336],[27112, 22328],[27120, 22328],[27120, 22320],[27128, 22320],[27128, 22280],[27120, 22280],[27120, 22272],[27112, 22272],[27112, 22264],[27048, 22264],[27048, 22272],[27040, 22272],[27040, 22296],[27032, 22296],[27032, 22336],[27024, 22336],[27024, 22360],[27032, 22360],[27032, 22376],[27040, 22376],[27040, 22400],[27032, 22400],[27032, 22408],[27024, 22408],[27024, 22416],[27008, 22416],[27008, 22424],[26992, 22424],[26992, 22432],[26984, 22432],[26984, 22448],[26976, 22448]]]},"properties":{"objectType":"annotation","classification":{"name":"Ignore*","color":[180, 180, 180]},"isLocked":true}},{"type":"Feature","id":"a195c321-3fe4-4aca-ae61-a4a0fe1f736f","geometry":{"type":"Polygon","coordinates":[[[25640, 22424],[25640, 22440],[25648, 22440],[25648, 22448],[25664, 22448],[25664, 22456],[25680, 22456],[25680, 22464],[25744, 22464],[25744, 22472],[25784, 22472],[25784, 22464],[25808, 22464],[25808, 22456],[25816, 22456],[25816, 22448],[25824, 22448],[25824, 22440],[25832, 22440],[25832, 22408],[25824, 22408],[25824, 22400],[25816, 22400],[25816, 22392],[25808, 22392],[25808, 22384],[25768, 22384],[25768, 22392],[25696, 22392],[25696, 22400],[25680, 22400],[25680, 22408],[25656, 22408],[25656, 22416],[25648, 22416],[25648, 22424],[25640, 22424]]]},"properties":{"objectType":"annotation","classification":{"name":"Ignore*","color":[180, 180, 180]},"isLocked":true}},{"type":"Feature","id":"59bc3cdb-5059-41a2-9cb4-7abf44cfff5c","geometry":{"type":"Polygon","coordinates":[[[24568, 22368],[24568, 22384],[24576, 22384],[24576, 22440],[24584, 22440],[24584, 22456],[24592, 22456],[24592, 22472],[24608, 22472],[24608, 22480],[24648, 22480],[24648, 22488],[24664, 22488],[24664, 22496],[24680, 22496],[24680, 22504],[24712, 22504],[24712, 22496],[24720, 22496],[24720, 22480],[24728, 22480],[24728, 22448],[24720, 22448],[24720, 22440],[24712, 22440],[24712, 22424],[24704, 22424],[24704, 22416],[24688, 22416],[24688, 22408],[24680, 22408],[24680, 22400],[24672, 22400],[24672, 22392],[24664, 22392],[24664, 22384],[24656, 22384],[24656, 22376],[24640, 22376],[24640, 22368],[24616, 22368],[24616, 22360],[24600, 22360],[24600, 22352],[24584, 22352],[24584, 22360],[24576, 22360],[24576, 22368],[24568, 22368]]]},"properties":{"objectType":"annotation","classification":{"name":"Ignore*","color":[180, 180, 180]},"isLocked":true}},{"type":"Feature","id":"9ec47358-ac39-4264-a6c6-cf5cf87f07ce","geometry":{"type":"Polygon","coordinates":[[[34440, 22496],[34440, 22504],[34448, 22504],[34448, 22520],[34480, 22520],[34480, 22512],[34496, 22512],[34496, 22504],[34512, 22504],[34512, 22496],[34520, 22496],[34520, 22488],[34528, 22488],[34528, 22480],[34536, 22480],[34536, 22472],[34544, 22472],[34544, 22464],[34552, 22464],[34552, 22448],[34560, 22448],[34560, 22440],[34552, 22440],[34552, 22424],[34512, 22424],[34512, 22432],[34496, 22432],[34496, 22440],[34488, 22440],[34488, 22448],[34480, 22448],[34480, 22456],[34472, 22456],[34472, 22464],[34464, 22464],[34464, 22472],[34456, 22472],[34456, 22480],[34448, 22480],[34448, 22496],[34440, 22496]]]},"properties":{"objectType":"annotation","classification":{"name":"Ignore*","color":[180, 180, 180]},"isLocked":true}},{"type":"Feature","id":"c115ad71-2fbc-4e2f-8916-753e181bb312","geometry":{"type":"Polygon","coordinates":[[[36960, 22360],[36960, 22392],[36968, 22392],[36968, 22408],[36976, 22408],[36976, 22416],[36984, 22416],[36984, 22424],[37000, 22424],[37000, 22432],[37016, 22432],[37016, 22440],[37032, 22440],[37032, 22448],[37048, 22448],[37048, 22456],[37064, 22456],[37064, 22464],[37088, 22464],[37088, 22472],[37104, 22472],[37104, 22480],[37112, 22480],[37112, 22488],[37120, 22488],[37120, 22496],[37136, 22496],[37136, 22504],[37152, 22504],[37152, 22512],[37168, 22512],[37168, 22520],[37192, 22520],[37192, 22528],[37200, 22528],[37200, 22536],[37208, 22536],[37208, 22544],[37216, 22544],[37216, 22552],[37224, 22552],[37224, 22560],[37232, 22560],[37232, 22568],[37248, 22568],[37248, 22576],[37256, 22576],[37256, 22584],[37264, 22584],[37264, 22592],[37280, 22592],[37280, 22600],[37296, 22600],[37296, 22608],[37312, 22608],[37312, 22616],[37344, 22616],[37344, 22600],[37352, 22600],[37352, 22592],[37344, 22592],[37344, 22576],[37336, 22576],[37336, 22568],[37328, 22568],[37328, 22560],[37320, 22560],[37320, 22552],[37304, 22552],[37304, 22544],[37288, 22544],[37288, 22536],[37272, 22536],[37272, 22528],[37264, 22528],[37264, 22520],[37256, 22520],[37256, 22512],[37248, 22512],[37248, 22504],[37240, 22504],[37240, 22496],[37232, 22496],[37232, 22488],[37224, 22488],[37224, 22456],[37216, 22456],[37216, 22448],[37208, 22448],[37208, 22440],[37200, 22440],[37200, 22432],[37184, 22432],[37184, 22424],[37168, 22424],[37168, 22416],[37152, 22416],[37152, 22408],[37128, 22408],[37128, 22400],[37088, 22400],[37088, 22440],[37056, 22440],[37056, 22432],[37048, 22432],[37048, 22400],[37056, 22400],[37056, 22376],[37048, 22376],[37048, 22368],[37040, 22368],[37040, 22360],[37016, 22360],[37016, 22352],[36968, 22352],[36968, 22360],[36960, 22360]]]},"properties":{"objectType":"annotation","classification":{"name":"Ignore*","color":[180, 180, 180]},"isLocked":true}},{"type":"Feature","id":"e56b324e-d72e-41f2-8671-f8d2703f0a26","geometry":{"type":"Polygon","coordinates":[[[31032, 22448],[31032, 22456],[31040, 22456],[31040, 22472],[31048, 22472],[31048, 22488],[31064, 22488],[31064, 22496],[31072, 22496],[31072, 22504],[31088, 22504],[31088, 22512],[31096, 22512],[31096, 22520],[31120, 22520],[31120, 22528],[31176, 22528],[31176, 22512],[31168, 22512],[31168, 22496],[31160, 22496],[31160, 22488],[31152, 22488],[31152, 22480],[31144, 22480],[31144, 22472],[31136, 22472],[31136, 22464],[31120, 22464],[31120, 22456],[31104, 22456],[31104, 22448],[31088, 22448],[31088, 22440],[31072, 22440],[31072, 22432],[31040, 22432],[31040, 22448],[31032, 22448]]]},"properties":{"objectType":"annotation","classification":{"name":"Ignore*","color":[180, 180, 180]},"isLocked":true}},{"type":"Feature","id":"d043d47a-9ea6-4426-8f3d-386d2f3d0f69","geometry":{"type":"Polygon","coordinates":[[[31936, 22640],[31936, 22664],[31944, 22664],[31944, 22680],[31976, 22680],[31976, 22672],[32000, 22672],[32000, 22664],[32024, 22664],[32024, 22672],[32032, 22672],[32032, 22680],[32040, 22680],[32040, 22688],[32048, 22688],[32048, 22712],[32056, 22712],[32056, 22784],[32064, 22784],[32064, 22792],[32072, 22792],[32072, 22800],[32088, 22800],[32088, 22808],[32104, 22808],[32104, 22816],[32120, 22816],[32120, 22824],[32144, 22824],[32144, 22816],[32160, 22816],[32160, 22808],[32168, 22808],[32168, 22784],[32160, 22784],[32160, 22768],[32152, 22768],[32152, 22736],[32144, 22736],[32144, 22712],[32136, 22712],[32136, 22696],[32128, 22696],[32128, 22688],[32120, 22688],[32120, 22680],[32112, 22680],[32112, 22672],[32104, 22672],[32104, 22664],[32096, 22664],[32096, 22656],[32088, 22656],[32088, 22648],[32080, 22648],[32080, 22640],[32072, 22640],[32072, 22624],[32064, 22624],[32064, 22592],[32072, 22592],[32072, 22544],[32080, 22544],[32080, 22504],[32072, 22504],[32072, 22496],[32056, 22496],[32056, 22504],[32048, 22504],[32048, 22512],[32032, 22512],[32032, 22520],[32024, 22520],[32024, 22528],[32008, 22528],[32008, 22536],[32000, 22536],[32000, 22544],[31992, 22544],[31992, 22568],[31984, 22568],[31984, 22584],[31976, 22584],[31976, 22592],[31968, 22592],[31968, 22608],[31960, 22608],[31960, 22616],[31952, 22616],[31952, 22624],[31944, 22624],[31944, 22640],[31936, 22640]]]},"properties":{"objectType":"annotation","classification":{"name":"Ignore*","color":[180, 180, 180]},"isLocked":true}},{"type":"Feature","id":"cc8173cc-82b5-48e0-b3ae-8b40392461f2","geometry":{"type":"Polygon","coordinates":[[[35912, 22656],[35912, 22696],[35920, 22696],[35920, 22712],[35928, 22712],[35928, 22720],[35936, 22720],[35936, 22728],[35952, 22728],[35952, 22736],[36000, 22736],[36000, 22720],[36008, 22720],[36008, 22672],[36016, 22672],[36016, 22656],[36024, 22656],[36024, 22632],[36008, 22632],[36008, 22624],[35992, 22624],[35992, 22632],[35976, 22632],[35976, 22624],[35928, 22624],[35928, 22632],[35920, 22632],[35920, 22656],[35912, 22656]]]},"properties":{"objectType":"annotation","classification":{"name":"Ignore*","color":[180, 180, 180]},"isLocked":true}},{"type":"Feature","id":"374776ce-e666-43cc-84aa-c79520693057","geometry":{"type":"Polygon","coordinates":[[[25712, 22648],[25712, 22680],[25720, 22680],[25720, 22688],[25728, 22688],[25728, 22704],[25736, 22704],[25736, 22712],[25744, 22712],[25744, 22720],[25752, 22720],[25752, 22728],[25760, 22728],[25760, 22736],[25768, 22736],[25768, 22752],[25776, 22752],[25776, 22760],[25784, 22760],[25784, 22776],[25792, 22776],[25792, 22784],[25832, 22784],[25832, 22792],[25864, 22792],[25864, 22776],[25856, 22776],[25856, 22760],[25848, 22760],[25848, 22752],[25840, 22752],[25840, 22744],[25824, 22744],[25824, 22728],[25816, 22728],[25816, 22720],[25800, 22720],[25800, 22712],[25792, 22712],[25792, 22704],[25784, 22704],[25784, 22696],[25776, 22696],[25776, 22688],[25768, 22688],[25768, 22680],[25760, 22680],[25760, 22672],[25752, 22672],[25752, 22664],[25744, 22664],[25744, 22656],[25736, 22656],[25736, 22648],[25712, 22648]]]},"properties":{"objectType":"annotation","classification":{"name":"Ignore*","color":[180, 180, 180]},"isLocked":true}},{"type":"Feature","id":"506f43fb-5bf5-4307-be8e-54e9295c8f4f","geometry":{"type":"Polygon","coordinates":[[[29472, 22840],[29472, 22888],[29480, 22888],[29480, 22896],[29488, 22896],[29488, 22904],[29496, 22904],[29496, 22920],[29512, 22920],[29512, 22928],[29528, 22928],[29528, 22920],[29536, 22920],[29536, 22912],[29544, 22912],[29544, 22904],[29552, 22904],[29552, 22896],[29560, 22896],[29560, 22880],[29568, 22880],[29568, 22840],[29560, 22840],[29560, 22824],[29552, 22824],[29552, 22816],[29536, 22816],[29536, 22808],[29496, 22808],[29496, 22816],[29488, 22816],[29488, 22824],[29480, 22824],[29480, 22840],[29472, 22840]]]},"properties":{"objectType":"annotation","classification":{"name":"Ignore*","color":[180, 180, 180]},"isLocked":true}},{"type":"Feature","id":"bda79662-37b6-4b53-bc7b-f5aded705c54","geometry":{"type":"Polygon","coordinates":[[[32480, 22856],[32480, 22880],[32488, 22880],[32488, 22888],[32496, 22888],[32496, 22904],[32504, 22904],[32504, 22912],[32512, 22912],[32512, 22920],[32520, 22920],[32520, 22928],[32536, 22928],[32536, 22936],[32568, 22936],[32568, 22928],[32616, 22928],[32616, 22920],[32632, 22920],[32632, 22912],[32640, 22912],[32640, 22904],[32648, 22904],[32648, 22872],[32640, 22872],[32640, 22864],[32632, 22864],[32632, 22856],[32624, 22856],[32624, 22864],[32616, 22864],[32616, 22848],[32624, 22848],[32624, 22832],[32616, 22832],[32616, 22816],[32608, 22816],[32608, 22808],[32560, 22808],[32560, 22816],[32528, 22816],[32528, 22824],[32512, 22824],[32512, 22832],[32496, 22832],[32496, 22840],[32488, 22840],[32488, 22856],[32480, 22856]]]},"properties":{"objectType":"annotation","classification":{"name":"Ignore*","color":[180, 180, 180]},"isLocked":true}},{"type":"Feature","id":"799766ec-b0d2-4eaa-982e-b1ec5337d2f9","geometry":{"type":"Polygon","coordinates":[[[25576, 22936],[25576, 22944],[25584, 22944],[25584, 22984],[25592, 22984],[25592, 22992],[25600, 22992],[25600, 23000],[25608, 23000],[25608, 23008],[25616, 23008],[25616, 23016],[25624, 23016],[25624, 23024],[25672, 23024],[25672, 23016],[25688, 23016],[25688, 23008],[25704, 23008],[25704, 23000],[25720, 23000],[25720, 22992],[25736, 22992],[25736, 22984],[25768, 22984],[25768, 22992],[25784, 22992],[25784, 23000],[25792, 23000],[25792, 23008],[25800, 23008],[25800, 23048],[25808, 23048],[25808, 23064],[25816, 23064],[25816, 23080],[25824, 23080],[25824, 23088],[25840, 23088],[25840, 23096],[25856, 23096],[25856, 23104],[25864, 23104],[25864, 23096],[25888, 23096],[25888, 23088],[25896, 23088],[25896, 23064],[25888, 23064],[25888, 23056],[25880, 23056],[25880, 23048],[25872, 23048],[25872, 23040],[25864, 23040],[25864, 23032],[25856, 23032],[25856, 23024],[25848, 23024],[25848, 23016],[25840, 23016],[25840, 23008],[25832, 23008],[25832, 23000],[25824, 23000],[25824, 22952],[25816, 22952],[25816, 22944],[25808, 22944],[25808, 22936],[25800, 22936],[25800, 22928],[25792, 22928],[25792, 22920],[25752, 22920],[25752, 22928],[25728, 22928],[25728, 22920],[25696, 22920],[25696, 22912],[25632, 22912],[25632, 22904],[25600, 22904],[25600, 22912],[25584, 22912],[25584, 22936],[25576, 22936]]]},"properties":{"objectType":"annotation","classification":{"name":"Ignore*","color":[180, 180, 180]},"isLocked":true}},{"type":"Feature","id":"0b719e0b-fa66-4bba-a5a0-fb8d000def64","geometry":{"type":"Polygon","coordinates":[[[37440, 22984],[37440, 23008],[37448, 23008],[37448, 23016],[37456, 23016],[37456, 23032],[37464, 23032],[37464, 23040],[37480, 23040],[37480, 23048],[37544, 23048],[37544, 23056],[37560, 23056],[37560, 23048],[37576, 23048],[37576, 23040],[37584, 23040],[37584, 23024],[37576, 23024],[37576, 23016],[37568, 23016],[37568, 23008],[37536, 23008],[37536, 23000],[37528, 23000],[37528, 22992],[37512, 22992],[37512, 22984],[37504, 22984],[37504, 22968],[37488, 22968],[37488, 22960],[37464, 22960],[37464, 22968],[37448, 22968],[37448, 22984],[37440, 22984]]]},"properties":{"objectType":"annotation","classification":{"name":"Ignore*","color":[180, 180, 180]},"isLocked":true}},{"type":"Feature","id":"afe1b322-6b10-4c23-8035-bcb6df687462","geometry":{"type":"Polygon","coordinates":[[[36192, 23024],[36192, 23032],[36200, 23032],[36200, 23048],[36208, 23048],[36208, 23056],[36264, 23056],[36264, 23048],[36272, 23048],[36272, 23024],[36264, 23024],[36264, 22984],[36256, 22984],[36256, 22968],[36248, 22968],[36248, 22960],[36224, 22960],[36224, 22968],[36216, 22968],[36216, 22984],[36208, 22984],[36208, 23000],[36200, 23000],[36200, 23024],[36192, 23024]]]},"properties":{"objectType":"annotation","classification":{"name":"Ignore*","color":[180, 180, 180]},"isLocked":true}},{"type":"Feature","id":"7685c60b-b67c-4dec-ba99-2754a6bad899","geometry":{"type":"Polygon","coordinates":[[[25872, 22800],[25872, 22808],[25880, 22808],[25880, 22816],[25888, 22816],[25888, 22824],[25896, 22824],[25896, 22832],[25904, 22832],[25904, 22840],[25912, 22840],[25912, 22848],[25920, 22848],[25920, 22856],[25928, 22856],[25928, 22864],[25936, 22864],[25936, 22880],[25944, 22880],[25944, 22888],[25952, 22888],[25952, 22896],[25960, 22896],[25960, 22904],[25968, 22904],[25968, 22912],[25976, 22912],[25976, 22928],[25984, 22928],[25984, 22936],[25992, 22936],[25992, 22952],[26000, 22952],[26000, 22960],[26008, 22960],[26008, 22984],[26016, 22984],[26016, 23008],[26024, 23008],[26024, 23016],[26032, 23016],[26032, 23024],[26040, 23024],[26040, 23032],[26048, 23032],[26048, 23040],[26056, 23040],[26056, 23048],[26064, 23048],[26064, 23056],[26072, 23056],[26072, 23072],[26080, 23072],[26080, 23080],[26088, 23080],[26088, 23088],[26096, 23088],[26096, 23096],[26104, 23096],[26104, 23104],[26112, 23104],[26112, 23112],[26120, 23112],[26120, 23120],[26128, 23120],[26128, 23128],[26136, 23128],[26136, 23136],[26144, 23136],[26144, 23152],[26152, 23152],[26152, 23160],[26160, 23160],[26160, 23176],[26168, 23176],[26168, 23184],[26176, 23184],[26176, 23200],[26184, 23200],[26184, 23216],[26192, 23216],[26192, 23224],[26200, 23224],[26200, 23240],[26208, 23240],[26208, 23264],[26216, 23264],[26216, 23280],[26224, 23280],[26224, 23288],[26232, 23288],[26232, 23304],[26240, 23304],[26240, 23320],[26248, 23320],[26248, 23336],[26256, 23336],[26256, 23352],[26264, 23352],[26264, 23368],[26272, 23368],[26272, 23384],[26280, 23384],[26280, 23424],[26288, 23424],[26288, 23456],[26280, 23456],[26280, 23472],[26272, 23472],[26272, 23488],[26264, 23488],[26264, 23520],[26256, 23520],[26256, 23544],[26248, 23544],[26248, 23584],[26256, 23584],[26256, 23616],[26264, 23616],[26264, 23632],[26272, 23632],[26272, 23616],[26280, 23616],[26280, 23600],[26272, 23600],[26272, 23520],[26280, 23520],[26280, 23504],[26288, 23504],[26288, 23488],[26296, 23488],[26296, 23472],[26304, 23472],[26304, 23456],[26312, 23456],[26312, 23440],[26320, 23440],[26320, 23432],[26328, 23432],[26328, 23424],[26336, 23424],[26336, 23432],[26344, 23432],[26344, 23440],[26352, 23440],[26352, 23456],[26360, 23456],[26360, 23472],[26368, 23472],[26368, 23488],[26384, 23488],[26384, 23448],[26392, 23448],[26392, 23416],[26400, 23416],[26400, 23400],[26392, 23400],[26392, 23368],[26400, 23368],[26400, 23360],[26424, 23360],[26424, 23368],[26432, 23368],[26432, 23384],[26440, 23384],[26440, 23392],[26448, 23392],[26448, 23400],[26464, 23400],[26464, 23408],[26488, 23408],[26488, 23400],[26496, 23400],[26496, 23352],[26488, 23352],[26488, 23344],[26480, 23344],[26480, 23328],[26472, 23328],[26472, 23288],[26480, 23288],[26480, 23248],[26472, 23248],[26472, 23232],[26464, 23232],[26464, 23224],[26432, 23224],[26432, 23216],[26368, 23216],[26368, 23224],[26312, 23224],[26312, 23216],[26296, 23216],[26296, 23208],[26288, 23208],[26288, 23192],[26280, 23192],[26280, 23176],[26272, 23176],[26272, 23160],[26264, 23160],[26264, 23152],[26256, 23152],[26256, 23144],[26248, 23144],[26248, 23136],[26240, 23136],[26240, 23120],[26232, 23120],[26232, 23104],[26224, 23104],[26224, 23096],[26216, 23096],[26216, 23080],[26208, 23080],[26208, 23072],[26200, 23072],[26200, 23064],[26184, 23064],[26184, 23056],[26176, 23056],[26176, 23048],[26168, 23048],[26168, 23040],[26160, 23040],[26160, 23024],[26152, 23024],[26152, 23016],[26144, 23016],[26144, 23008],[26136, 23008],[26136, 23000],[26128, 23000],[26128, 22992],[26120, 22992],[26120, 22984],[26112, 22984],[26112, 22976],[26104, 22976],[26104, 22968],[26096, 22968],[26096, 22960],[26088, 22960],[26088, 22944],[26080, 22944],[26080, 22936],[26072, 22936],[26072, 22920],[26064, 22920],[26064, 22904],[26056, 22904],[26056, 22888],[26048, 22888],[26048, 22880],[26040, 22880],[26040, 22872],[26024, 22872],[26024, 22864],[26016, 22864],[26016, 22856],[25992, 22856],[25992, 22848],[25976, 22848],[25976, 22840],[25960, 22840],[25960, 22832],[25944, 22832],[25944, 22824],[25936, 22824],[25936, 22816],[25928, 22816],[25928, 22808],[25920, 22808],[25920, 22800],[25896, 22800],[25896, 22792],[25888, 22792],[25888, 22800],[25872, 22800]]]},"properties":{"objectType":"annotation","classification":{"name":"Ignore*","color":[180, 180, 180]},"isLocked":true}},{"type":"Feature","id":"34d6d168-df8a-4837-bc25-d9599f2b9373","geometry":{"type":"Polygon","coordinates":[[[34352, 23176],[34352, 23208],[34360, 23208],[34360, 23216],[34376, 23216],[34376, 23224],[34392, 23224],[34392, 23232],[34408, 23232],[34408, 23256],[34416, 23256],[34416, 23272],[34424, 23272],[34424, 23280],[34432, 23280],[34432, 23288],[34440, 23288],[34440, 23296],[34472, 23296],[34472, 23288],[34480, 23288],[34480, 23272],[34488, 23272],[34488, 23248],[34480, 23248],[34480, 23232],[34472, 23232],[34472, 23192],[34480, 23192],[34480, 23176],[34488, 23176],[34488, 23160],[34480, 23160],[34480, 23152],[34472, 23152],[34472, 23144],[34440, 23144],[34440, 23152],[34384, 23152],[34384, 23160],[34376, 23160],[34376, 23168],[34360, 23168],[34360, 23176],[34352, 23176]]]},"properties":{"objectType":"annotation","classification":{"name":"Ignore*","color":[180, 180, 180]},"isLocked":true}},{"type":"Feature","id":"f18bc09b-dda2-416e-b5eb-8b707bf33338","geometry":{"type":"Polygon","coordinates":[[[36768, 23232],[36768, 23248],[36784, 23248],[36784, 23256],[36800, 23256],[36800, 23264],[36840, 23264],[36840, 23272],[36888, 23272],[36888, 23264],[36928, 23264],[36928, 23256],[36952, 23256],[36952, 23248],[36960, 23248],[36960, 23232],[36968, 23232],[36968, 23216],[36960, 23216],[36960, 23200],[36944, 23200],[36944, 23192],[36928, 23192],[36928, 23184],[36912, 23184],[36912, 23176],[36896, 23176],[36896, 23168],[36888, 23168],[36888, 23152],[36880, 23152],[36880, 23144],[36856, 23144],[36856, 23152],[36848, 23152],[36848, 23184],[36840, 23184],[36840, 23192],[36832, 23192],[36832, 23200],[36824, 23200],[36824, 23208],[36808, 23208],[36808, 23216],[36792, 23216],[36792, 23224],[36776, 23224],[36776, 23232],[36768, 23232]]]},"properties":{"objectType":"annotation","classification":{"name":"Ignore*","color":[180, 180, 180]},"isLocked":true}},{"type":"Feature","id":"96a98c37-4b0d-484f-8406-6f46eb8ed6dc","geometry":{"type":"Polygon","coordinates":[[[34112, 23224],[34112, 23240],[34120, 23240],[34120, 23248],[34128, 23248],[34128, 23256],[34144, 23256],[34144, 23264],[34160, 23264],[34160, 23272],[34224, 23272],[34224, 23264],[34240, 23264],[34240, 23256],[34248, 23256],[34248, 23224],[34240, 23224],[34240, 23216],[34232, 23216],[34232, 23208],[34192, 23208],[34192, 23216],[34120, 23216],[34120, 23224],[34112, 23224]]]},"properties":{"objectType":"annotation","classification":{"name":"Ignore*","color":[180, 180, 180]},"isLocked":true}},{"type":"Feature","id":"53059c1d-629e-42b5-9595-358a1f8f9b65","geometry":{"type":"Polygon","coordinates":[[[25048, 23280],[25048, 23312],[25056, 23312],[25056, 23320],[25064, 23320],[25064, 23328],[25080, 23328],[25080, 23336],[25104, 23336],[25104, 23264],[25112, 23264],[25112, 23248],[25120, 23248],[25120, 23240],[25136, 23240],[25136, 23232],[25176, 23232],[25176, 23272],[25168, 23272],[25168, 23288],[25160, 23288],[25160, 23304],[25152, 23304],[25152, 23320],[25144, 23320],[25144, 23336],[25176, 23336],[25176, 23328],[25184, 23328],[25184, 23320],[25192, 23320],[25192, 23312],[25200, 23312],[25200, 23288],[25208, 23288],[25208, 23248],[25216, 23248],[25216, 23232],[25224, 23232],[25224, 23224],[25240, 23224],[25240, 23216],[25248, 23216],[25248, 23192],[25232, 23192],[25232, 23184],[25144, 23184],[25144, 23192],[25120, 23192],[25120, 23200],[25112, 23200],[25112, 23208],[25104, 23208],[25104, 23216],[25096, 23216],[25096, 23224],[25088, 23224],[25088, 23240],[25080, 23240],[25080, 23248],[25072, 23248],[25072, 23256],[25064, 23256],[25064, 23264],[25056, 23264],[25056, 23280],[25048, 23280]]]},"properties":{"objectType":"annotation","classification":{"name":"Ignore*","color":[180, 180, 180]},"isLocked":true}},{"type":"Feature","id":"26e500d8-f08d-43f1-89fc-ab3bd1b044bb","geometry":{"type":"Polygon","coordinates":[[[37272, 23400],[37272, 23416],[37280, 23416],[37280, 23440],[37296, 23440],[37296, 23448],[37312, 23448],[37312, 23440],[37328, 23440],[37328, 23432],[37336, 23432],[37336, 23424],[37344, 23424],[37344, 23416],[37352, 23416],[37352, 23408],[37360, 23408],[37360, 23392],[37368, 23392],[37368, 23368],[37376, 23368],[37376, 23352],[37392, 23352],[37392, 23344],[37456, 23344],[37456, 23336],[37464, 23336],[37464, 23304],[37456, 23304],[37456, 23296],[37448, 23296],[37448, 23288],[37416, 23288],[37416, 23280],[37376, 23280],[37376, 23288],[37368, 23288],[37368, 23296],[37360, 23296],[37360, 23304],[37352, 23304],[37352, 23320],[37344, 23320],[37344, 23344],[37336, 23344],[37336, 23352],[37328, 23352],[37328, 23360],[37320, 23360],[37320, 23368],[37312, 23368],[37312, 23376],[37296, 23376],[37296, 23384],[37288, 23384],[37288, 23392],[37280, 23392],[37280, 23400],[37272, 23400]]]},"properties":{"objectType":"annotation","classification":{"name":"Ignore*","color":[180, 180, 180]},"isLocked":true}},{"type":"Feature","id":"30e65254-7b0c-4ed5-9df0-54771673b129","geometry":{"type":"Polygon","coordinates":[[[26904, 23392],[26904, 23432],[26912, 23432],[26912, 23448],[26920, 23448],[26920, 23456],[26936, 23456],[26936, 23464],[26960, 23464],[26960, 23456],[26984, 23456],[26984, 23448],[26992, 23448],[26992, 23440],[27000, 23440],[27000, 23424],[27008, 23424],[27008, 23416],[27000, 23416],[27000, 23392],[26992, 23392],[26992, 23360],[27000, 23360],[27000, 23352],[27024, 23352],[27024, 23344],[27040, 23344],[27040, 23336],[27048, 23336],[27048, 23320],[27056, 23320],[27056, 23296],[27048, 23296],[27048, 23288],[27040, 23288],[27040, 23280],[27008, 23280],[27008, 23288],[27000, 23288],[27000, 23296],[26992, 23296],[26992, 23312],[26984, 23312],[26984, 23328],[26976, 23328],[26976, 23344],[26968, 23344],[26968, 23352],[26960, 23352],[26960, 23360],[26952, 23360],[26952, 23368],[26944, 23368],[26944, 23376],[26928, 23376],[26928, 23384],[26912, 23384],[26912, 23392],[26904, 23392]]]},"properties":{"objectType":"annotation","classification":{"name":"Ignore*","color":[180, 180, 180]},"isLocked":true}},{"type":"Feature","id":"750b7e7b-83fc-4e39-878f-044d1654372f","geometry":{"type":"Polygon","coordinates":[[[37840, 23400],[37840, 23440],[37848, 23440],[37848, 23448],[37864, 23448],[37864, 23456],[37880, 23456],[37880, 23464],[37888, 23464],[37888, 23472],[37896, 23472],[37896, 23480],[37912, 23480],[37912, 23488],[37944, 23488],[37944, 23496],[37992, 23496],[37992, 23504],[38088, 23504],[38088, 23512],[38112, 23512],[38112, 23504],[38120, 23504],[38120, 23488],[38112, 23488],[38112, 23480],[38104, 23480],[38104, 23472],[38088, 23472],[38088, 23464],[38072, 23464],[38072, 23456],[38056, 23456],[38056, 23448],[38048, 23448],[38048, 23440],[38040, 23440],[38040, 23432],[38032, 23432],[38032, 23424],[38000, 23424],[38000, 23416],[37968, 23416],[37968, 23408],[37936, 23408],[37936, 23400],[37872, 23400],[37872, 23392],[37856, 23392],[37856, 23400],[37840, 23400]]]},"properties":{"objectType":"annotation","classification":{"name":"Ignore*","color":[180, 180, 180]},"isLocked":true}},{"type":"Feature","id":"d6b5b9b9-269a-44cb-bbcf-e883c18cb455","geometry":{"type":"Polygon","coordinates":[[[33248, 23680],[33248, 23712],[33288, 23712],[33288, 23704],[33296, 23704],[33296, 23696],[33304, 23696],[33304, 23688],[33312, 23688],[33312, 23672],[33320, 23672],[33320, 23664],[33328, 23664],[33328, 23656],[33336, 23656],[33336, 23640],[33344, 23640],[33344, 23632],[33352, 23632],[33352, 23616],[33360, 23616],[33360, 23608],[33368, 23608],[33368, 23600],[33384, 23600],[33384, 23592],[33400, 23592],[33400, 23584],[33408, 23584],[33408, 23568],[33416, 23568],[33416, 23544],[33424, 23544],[33424, 23504],[33416, 23504],[33416, 23496],[33400, 23496],[33400, 23504],[33384, 23504],[33384, 23512],[33376, 23512],[33376, 23520],[33352, 23520],[33352, 23512],[33344, 23512],[33344, 23520],[33328, 23520],[33328, 23528],[33320, 23528],[33320, 23544],[33312, 23544],[33312, 23552],[33304, 23552],[33304, 23568],[33296, 23568],[33296, 23576],[33288, 23576],[33288, 23584],[33280, 23584],[33280, 23624],[33272, 23624],[33272, 23648],[33264, 23648],[33264, 23664],[33256, 23664],[33256, 23680],[33248, 23680]]]},"properties":{"objectType":"annotation","classification":{"name":"Ignore*","color":[180, 180, 180]},"isLocked":true}},{"type":"Feature","id":"cd041a2d-5667-4d39-9d1d-76f49c2aa869","geometry":{"type":"Polygon","coordinates":[[[36472, 23568],[36472, 23592],[36488, 23592],[36488, 23600],[36528, 23600],[36528, 23608],[36568, 23608],[36568, 23616],[36648, 23616],[36648, 23624],[36712, 23624],[36712, 23632],[36776, 23632],[36776, 23640],[36800, 23640],[36800, 23632],[36816, 23632],[36816, 23624],[36824, 23624],[36824, 23616],[36816, 23616],[36816, 23608],[36808, 23608],[36808, 23600],[36792, 23600],[36792, 23592],[36704, 23592],[36704, 23584],[36680, 23584],[36680, 23576],[36664, 23576],[36664, 23568],[36616, 23568],[36616, 23576],[36592, 23576],[36592, 23568],[36544, 23568],[36544, 23560],[36480, 23560],[36480, 23568],[36472, 23568]]]},"properties":{"objectType":"annotation","classification":{"name":"Ignore*","color":[180, 180, 180]},"isLocked":true}},{"type":"Feature","id":"ee7531db-de3e-4957-9ea4-bb9bb41bc74b","geometry":{"type":"Polygon","coordinates":[[[32120, 23744],[32120, 23776],[32128, 23776],[32128, 23800],[32144, 23800],[32144, 23808],[32168, 23808],[32168, 23800],[32184, 23800],[32184, 23792],[32192, 23792],[32192, 23776],[32200, 23776],[32200, 23720],[32192, 23720],[32192, 23712],[32152, 23712],[32152, 23720],[32136, 23720],[32136, 23728],[32128, 23728],[32128, 23744],[32120, 23744]]]},"properties":{"objectType":"annotation","classification":{"name":"Ignore*","color":[180, 180, 180]},"isLocked":true}},{"type":"Feature","id":"6b95a3a7-d41a-4c16-81cb-7f8230b9d71a","geometry":{"type":"Polygon","coordinates":[[[36992, 23592],[36992, 23608],[37000, 23608],[37000, 23616],[37008, 23616],[37008, 23624],[37024, 23624],[37024, 23632],[37048, 23632],[37048, 23640],[37072, 23640],[37072, 23648],[37088, 23648],[37088, 23656],[37104, 23656],[37104, 23664],[37120, 23664],[37120, 23672],[37128, 23672],[37128, 23680],[37144, 23680],[37144, 23688],[37152, 23688],[37152, 23696],[37176, 23696],[37176, 23704],[37184, 23704],[37184, 23696],[37216, 23696],[37216, 23704],[37240, 23704],[37240, 23712],[37272, 23712],[37272, 23720],[37304, 23720],[37304, 23728],[37360, 23728],[37360, 23736],[37376, 23736],[37376, 23744],[37392, 23744],[37392, 23752],[37400, 23752],[37400, 23760],[37416, 23760],[37416, 23768],[37456, 23768],[37456, 23776],[37480, 23776],[37480, 23784],[37496, 23784],[37496, 23792],[37520, 23792],[37520, 23800],[37544, 23800],[37544, 23808],[37568, 23808],[37568, 23816],[37584, 23816],[37584, 23824],[37608, 23824],[37608, 23832],[37640, 23832],[37640, 23840],[37656, 23840],[37656, 23848],[37672, 23848],[37672, 23856],[37688, 23856],[37688, 23864],[37712, 23864],[37712, 23872],[37744, 23872],[37744, 23880],[37760, 23880],[37760, 23888],[37784, 23888],[37784, 23896],[37808, 23896],[37808, 23904],[37824, 23904],[37824, 23912],[37832, 23912],[37832, 23920],[37848, 23920],[37848, 23928],[37856, 23928],[37856, 23936],[37872, 23936],[37872, 23944],[37912, 23944],[37912, 23952],[37936, 23952],[37936, 23960],[37952, 23960],[37952, 23968],[37968, 23968],[37968, 23976],[37976, 23976],[37976, 23984],[38008, 23984],[38008, 23992],[38024, 23992],[38024, 24000],[38032, 24000],[38032, 24008],[38056, 24008],[38056, 24016],[38080, 24016],[38080, 24024],[38104, 24024],[38104, 24032],[38120, 24032],[38120, 24040],[38144, 24040],[38144, 24048],[38160, 24048],[38160, 24056],[38176, 24056],[38176, 24064],[38200, 24064],[38200, 24072],[38216, 24072],[38216, 24080],[38248, 24080],[38248, 24088],[38256, 24088],[38256, 24080],[38264, 24080],[38264, 24064],[38256, 24064],[38256, 24056],[38240, 24056],[38240, 24048],[38224, 24048],[38224, 24040],[38200, 24040],[38200, 24032],[38184, 24032],[38184, 24024],[38160, 24024],[38160, 24016],[38144, 24016],[38144, 24008],[38128, 24008],[38128, 24000],[38112, 24000],[38112, 23992],[38096, 23992],[38096, 23984],[38080, 23984],[38080, 23976],[38056, 23976],[38056, 23968],[38032, 23968],[38032, 23960],[38000, 23960],[38000, 23952],[37984, 23952],[37984, 23944],[37960, 23944],[37960, 23936],[37936, 23936],[37936, 23928],[37928, 23928],[37928, 23920],[37912, 23920],[37912, 23912],[37896, 23912],[37896, 23904],[37872, 23904],[37872, 23896],[37856, 23896],[37856, 23888],[37832, 23888],[37832, 23880],[37816, 23880],[37816, 23872],[37800, 23872],[37800, 23864],[37792, 23864],[37792, 23856],[37776, 23856],[37776, 23848],[37736, 23848],[37736, 23840],[37720, 23840],[37720, 23832],[37696, 23832],[37696, 23824],[37672, 23824],[37672, 23816],[37648, 23816],[37648, 23808],[37632, 23808],[37632, 23800],[37616, 23800],[37616, 23792],[37600, 23792],[37600, 23784],[37592, 23784],[37592, 23776],[37576, 23776],[37576, 23768],[37544, 23768],[37544, 23760],[37512, 23760],[37512, 23752],[37496, 23752],[37496, 23744],[37480, 23744],[37480, 23736],[37464, 23736],[37464, 23728],[37448, 23728],[37448, 23720],[37424, 23720],[37424, 23712],[37400, 23712],[37400, 23704],[37376, 23704],[37376, 23696],[37360, 23696],[37360, 23688],[37352, 23688],[37352, 23680],[37336, 23680],[37336, 23672],[37312, 23672],[37312, 23664],[37280, 23664],[37280, 23656],[37264, 23656],[37264, 23648],[37248, 23648],[37248, 23640],[37232, 23640],[37232, 23632],[37184, 23632],[37184, 23624],[37168, 23624],[37168, 23616],[37112, 23616],[37112, 23608],[37080, 23608],[37080, 23600],[37048, 23600],[37048, 23592],[36992, 23592]]]},"properties":{"objectType":"annotation","classification":{"name":"Ignore*","color":[180, 180, 180]},"isLocked":true}},{"type":"Feature","id":"32c73c34-0867-4639-85aa-1fe46bd2d119","geometry":{"type":"Polygon","coordinates":[[[26240, 23848],[26240, 23880],[26248, 23880],[26248, 23952],[26256, 23952],[26256, 23976],[26264, 23976],[26264, 23984],[26280, 23984],[26280, 23976],[26288, 23976],[26288, 23960],[26296, 23960],[26296, 23920],[26304, 23920],[26304, 23896],[26312, 23896],[26312, 23864],[26320, 23864],[26320, 23840],[26328, 23840],[26328, 23824],[26336, 23824],[26336, 23808],[26344, 23808],[26344, 23800],[26352, 23800],[26352, 23784],[26360, 23784],[26360, 23768],[26368, 23768],[26368, 23736],[26376, 23736],[26376, 23688],[26352, 23688],[26352, 23696],[26344, 23696],[26344, 23712],[26336, 23712],[26336, 23728],[26344, 23728],[26344, 23752],[26336, 23752],[26336, 23784],[26328, 23784],[26328, 23800],[26320, 23800],[26320, 23808],[26288, 23808],[26288, 23800],[26280, 23800],[26280, 23792],[26264, 23792],[26264, 23800],[26256, 23800],[26256, 23808],[26248, 23808],[26248, 23848],[26240, 23848]]]},"properties":{"objectType":"annotation","classification":{"name":"Ignore*","color":[180, 180, 180]},"isLocked":true}},{"type":"Feature","id":"fb121697-a1b1-4b50-bc07-d5701bcabf9f","geometry":{"type":"Polygon","coordinates":[[[32768, 23832],[32768, 23880],[32776, 23880],[32776, 23888],[32784, 23888],[32784, 23896],[32792, 23896],[32792, 23904],[32824, 23904],[32824, 23896],[32856, 23896],[32856, 23888],[32904, 23888],[32904, 23880],[32912, 23880],[32912, 23872],[32920, 23872],[32920, 23864],[32928, 23864],[32928, 23832],[32936, 23832],[32936, 23816],[32928, 23816],[32928, 23800],[32896, 23800],[32896, 23808],[32880, 23808],[32880, 23816],[32864, 23816],[32864, 23824],[32840, 23824],[32840, 23832],[32832, 23832],[32832, 23824],[32776, 23824],[32776, 23832],[32768, 23832]]]},"properties":{"objectType":"annotation","classification":{"name":"Ignore*","color":[180, 180, 180]},"isLocked":true}},{"type":"Feature","id":"28afc938-52ac-40f5-a37c-9fc7660125f1","geometry":{"type":"Polygon","coordinates":[[[35832, 23864],[35832, 23888],[35840, 23888],[35840, 23904],[35848, 23904],[35848, 23912],[35856, 23912],[35856, 23920],[35872, 23920],[35872, 23928],[35920, 23928],[35920, 23920],[35928, 23920],[35928, 23912],[35936, 23912],[35936, 23904],[35944, 23904],[35944, 23896],[35952, 23896],[35952, 23880],[35960, 23880],[35960, 23872],[35968, 23872],[35968, 23856],[35976, 23856],[35976, 23816],[35968, 23816],[35968, 23808],[35952, 23808],[35952, 23800],[35888, 23800],[35888, 23808],[35880, 23808],[35880, 23816],[35872, 23816],[35872, 23824],[35864, 23824],[35864, 23832],[35856, 23832],[35856, 23840],[35848, 23840],[35848, 23848],[35840, 23848],[35840, 23864],[35832, 23864]]]},"properties":{"objectType":"annotation","classification":{"name":"Ignore*","color":[180, 180, 180]},"isLocked":true}},{"type":"Feature","id":"a1dabf08-b79a-4e55-a4c7-2cc4e92cd00e","geometry":{"type":"Polygon","coordinates":[[[26288, 24144],[26288, 24160],[26296, 24160],[26296, 24184],[26304, 24184],[26304, 24200],[26312, 24200],[26312, 24216],[26320, 24216],[26320, 24232],[26328, 24232],[26328, 24240],[26336, 24240],[26336, 24256],[26344, 24256],[26344, 24264],[26352, 24264],[26352, 24280],[26360, 24280],[26360, 24296],[26368, 24296],[26368, 24312],[26376, 24312],[26376, 24320],[26384, 24320],[26384, 24328],[26392, 24328],[26392, 24344],[26400, 24344],[26400, 24360],[26408, 24360],[26408, 24384],[26416, 24384],[26416, 24392],[26424, 24392],[26424, 24400],[26440, 24400],[26440, 24408],[26472, 24408],[26472, 24416],[26496, 24416],[26496, 24424],[26528, 24424],[26528, 24432],[26552, 24432],[26552, 24440],[26560, 24440],[26560, 24432],[26576, 24432],[26576, 24424],[26584, 24424],[26584, 24416],[26592, 24416],[26592, 24408],[26600, 24408],[26600, 24392],[26608, 24392],[26608, 24352],[26600, 24352],[26600, 24336],[26592, 24336],[26592, 24328],[26584, 24328],[26584, 24320],[26576, 24320],[26576, 24312],[26568, 24312],[26568, 24304],[26560, 24304],[26560, 24296],[26544, 24296],[26544, 24288],[26520, 24288],[26520, 24280],[26512, 24280],[26512, 24272],[26496, 24272],[26496, 24264],[26488, 24264],[26488, 24256],[26472, 24256],[26472, 24248],[26456, 24248],[26456, 24240],[26448, 24240],[26448, 24232],[26440, 24232],[26440, 24224],[26432, 24224],[26432, 24216],[26424, 24216],[26424, 24208],[26416, 24208],[26416, 24200],[26408, 24200],[26408, 24192],[26400, 24192],[26400, 24184],[26392, 24184],[26392, 24176],[26384, 24176],[26384, 24168],[26376, 24168],[26376, 24160],[26368, 24160],[26368, 24144],[26360, 24144],[26360, 24136],[26352, 24136],[26352, 24128],[26344, 24128],[26344, 24120],[26296, 24120],[26296, 24144],[26288, 24144]]]},"properties":{"objectType":"annotation","classification":{"name":"Ignore*","color":[180, 180, 180]},"isLocked":true}},{"type":"Feature","id":"0e5ecc9e-8a5a-4808-b960-7e255c2aef6e","geometry":{"type":"Polygon","coordinates":[[[38352, 24264],[38352, 24288],[38360, 24288],[38360, 24304],[38368, 24304],[38368, 24312],[38376, 24312],[38376, 24320],[38464, 24320],[38464, 24328],[38480, 24328],[38480, 24336],[38496, 24336],[38496, 24344],[38544, 24344],[38544, 24336],[38552, 24336],[38552, 24304],[38544, 24304],[38544, 24296],[38536, 24296],[38536, 24288],[38520, 24288],[38520, 24280],[38488, 24280],[38488, 24272],[38392, 24272],[38392, 24264],[38352, 24264]]]},"properties":{"objectType":"annotation","classification":{"name":"Ignore*","color":[180, 180, 180]},"isLocked":true}},{"type":"Feature","id":"16944e11-4fc3-41ee-82ad-a84860b30e2e","geometry":{"type":"Polygon","coordinates":[[[39144, 24328],[39144, 24352],[39160, 24352],[39160, 24360],[39192, 24360],[39192, 24368],[39216, 24368],[39216, 24376],[39264, 24376],[39264, 24384],[39280, 24384],[39280, 24392],[39360, 24392],[39360, 24400],[39376, 24400],[39376, 24408],[39392, 24408],[39392, 24400],[39408, 24400],[39408, 24392],[39416, 24392],[39416, 24384],[39424, 24384],[39424, 24360],[39416, 24360],[39416, 24344],[39408, 24344],[39408, 24336],[39392, 24336],[39392, 24328],[39384, 24328],[39384, 24320],[39280, 24320],[39280, 24328],[39256, 24328],[39256, 24336],[39216, 24336],[39216, 24328],[39192, 24328],[39192, 24320],[39152, 24320],[39152, 24328],[39144, 24328]]]},"properties":{"objectType":"annotation","classification":{"name":"Ignore*","color":[180, 180, 180]},"isLocked":true}},{"type":"Feature","id":"dfd4b7cb-04fc-4c58-a617-e7356ebf41e6","geometry":{"type":"Polygon","coordinates":[[[31752, 24584],[31752, 24632],[31760, 24632],[31760, 24640],[31768, 24640],[31768, 24648],[31832, 24648],[31832, 24640],[31848, 24640],[31848, 24632],[31856, 24632],[31856, 24616],[31864, 24616],[31864, 24600],[31856, 24600],[31856, 24584],[31848, 24584],[31848, 24576],[31768, 24576],[31768, 24584],[31752, 24584]]]},"properties":{"objectType":"annotation","classification":{"name":"Ignore*","color":[180, 180, 180]},"isLocked":true}},{"type":"Feature","id":"51bad8be-7df4-4298-9864-88b9ebb8f20b","geometry":{"type":"Polygon","coordinates":[[[32416, 24616],[32416, 24648],[32424, 24648],[32424, 24656],[32448, 24656],[32448, 24664],[32496, 24664],[32496, 24656],[32504, 24656],[32504, 24648],[32568, 24648],[32568, 24640],[32584, 24640],[32584, 24632],[32592, 24632],[32592, 24624],[32600, 24624],[32600, 24616],[32608, 24616],[32608, 24592],[32600, 24592],[32600, 24584],[32488, 24584],[32488, 24592],[32456, 24592],[32456, 24600],[32432, 24600],[32432, 24608],[32424, 24608],[32424, 24616],[32416, 24616]]]},"properties":{"objectType":"annotation","classification":{"name":"Ignore*","color":[180, 180, 180]},"isLocked":true}},{"type":"Feature","id":"4c2dc7aa-9d6c-415e-bcdf-3583e0be891b","geometry":{"type":"Polygon","coordinates":[[[38696, 24616],[38696, 24656],[38704, 24656],[38704, 24664],[38712, 24664],[38712, 24672],[38720, 24672],[38720, 24696],[38712, 24696],[38712, 24736],[38720, 24736],[38720, 24744],[38752, 24744],[38752, 24752],[38776, 24752],[38776, 24760],[38784, 24760],[38784, 24768],[38792, 24768],[38792, 24776],[38800, 24776],[38800, 24784],[38808, 24784],[38808, 24792],[38816, 24792],[38816, 24808],[38824, 24808],[38824, 24824],[38832, 24824],[38832, 24832],[38840, 24832],[38840, 24840],[38856, 24840],[38856, 24848],[38864, 24848],[38864, 24856],[38880, 24856],[38880, 24840],[38872, 24840],[38872, 24832],[38864, 24832],[38864, 24816],[38856, 24816],[38856, 24792],[38848, 24792],[38848, 24776],[38840, 24776],[38840, 24760],[38832, 24760],[38832, 24728],[38824, 24728],[38824, 24712],[38816, 24712],[38816, 24696],[38808, 24696],[38808, 24688],[38800, 24688],[38800, 24672],[38792, 24672],[38792, 24656],[38800, 24656],[38800, 24632],[38808, 24632],[38808, 24592],[38800, 24592],[38800, 24584],[38792, 24584],[38792, 24576],[38776, 24576],[38776, 24568],[38768, 24568],[38768, 24560],[38728, 24560],[38728, 24576],[38720, 24576],[38720, 24592],[38712, 24592],[38712, 24600],[38704, 24600],[38704, 24616],[38696, 24616]]]},"properties":{"objectType":"annotation","classification":{"name":"Ignore*","color":[180, 180, 180]},"isLocked":true}},{"type":"Feature","id":"929a4b4a-105a-4ca9-8e9a-65682fd0e7e0","geometry":{"type":"Polygon","coordinates":[[[35776, 24944],[35776, 24992],[35784, 24992],[35784, 25000],[35792, 25000],[35792, 25008],[35824, 25008],[35824, 25016],[35848, 25016],[35848, 25008],[35864, 25008],[35864, 25000],[35872, 25000],[35872, 24992],[35880, 24992],[35880, 24984],[35888, 24984],[35888, 24976],[35896, 24976],[35896, 24952],[35888, 24952],[35888, 24944],[35864, 24944],[35864, 24936],[35832, 24936],[35832, 24928],[35824, 24928],[35824, 24920],[35816, 24920],[35816, 24912],[35824, 24912],[35824, 24904],[35840, 24904],[35840, 24896],[35848, 24896],[35848, 24888],[35856, 24888],[35856, 24856],[35848, 24856],[35848, 24848],[35832, 24848],[35832, 24840],[35816, 24840],[35816, 24848],[35800, 24848],[35800, 24856],[35792, 24856],[35792, 24880],[35784, 24880],[35784, 24888],[35792, 24888],[35792, 24904],[35800, 24904],[35800, 24928],[35792, 24928],[35792, 24936],[35784, 24936],[35784, 24944],[35776, 24944]]]},"properties":{"objectType":"annotation","classification":{"name":"Ignore*","color":[180, 180, 180]},"isLocked":true}},{"type":"Feature","id":"26e5fbf0-8518-4b69-9cbc-3c3a621bcde9","geometry":{"type":"Polygon","coordinates":[[[31472, 24960],[31472, 24976],[31480, 24976],[31480, 24992],[31488, 24992],[31488, 25000],[31496, 25000],[31496, 25008],[31520, 25008],[31520, 25016],[31552, 25016],[31552, 25008],[31576, 25008],[31576, 25000],[31584, 25000],[31584, 24968],[31576, 24968],[31576, 24960],[31568, 24960],[31568, 24952],[31544, 24952],[31544, 24944],[31488, 24944],[31488, 24952],[31480, 24952],[31480, 24960],[31472, 24960]]]},"properties":{"objectType":"annotation","classification":{"name":"Ignore*","color":[180, 180, 180]},"isLocked":true}},{"type":"Feature","id":"0ed1f317-f90e-466e-a54f-85bef06d0dbb","geometry":{"type":"Polygon","coordinates":[[[38912, 24904],[38912, 24920],[38920, 24920],[38920, 24944],[38928, 24944],[38928, 24952],[38936, 24952],[38936, 24968],[38944, 24968],[38944, 24976],[38952, 24976],[38952, 24984],[38960, 24984],[38960, 24992],[38968, 24992],[38968, 25000],[38984, 25000],[38984, 25008],[38992, 25008],[38992, 25016],[39000, 25016],[39000, 25024],[39008, 25024],[39008, 25032],[39016, 25032],[39016, 25040],[39024, 25040],[39024, 25048],[39032, 25048],[39032, 25056],[39040, 25056],[39040, 25064],[39048, 25064],[39048, 25072],[39056, 25072],[39056, 25080],[39072, 25080],[39072, 25088],[39080, 25088],[39080, 25096],[39104, 25096],[39104, 25088],[39112, 25088],[39112, 25080],[39104, 25080],[39104, 25056],[39096, 25056],[39096, 25048],[39088, 25048],[39088, 25040],[39080, 25040],[39080, 25032],[39072, 25032],[39072, 25024],[39056, 25024],[39056, 25016],[39048, 25016],[39048, 25008],[39040, 25008],[39040, 25000],[39032, 25000],[39032, 24984],[39024, 24984],[39024, 24976],[39016, 24976],[39016, 24968],[39008, 24968],[39008, 24960],[39000, 24960],[39000, 24952],[38992, 24952],[38992, 24944],[38984, 24944],[38984, 24936],[38976, 24936],[38976, 24928],[38968, 24928],[38968, 24920],[38960, 24920],[38960, 24912],[38952, 24912],[38952, 24904],[38936, 24904],[38936, 24896],[38920, 24896],[38920, 24904],[38912, 24904]]]},"properties":{"objectType":"annotation","classification":{"name":"Ignore*","color":[180, 180, 180]},"isLocked":true}},{"type":"Feature","id":"faf29091-2093-4691-ad7e-cc797463001d","geometry":{"type":"Polygon","coordinates":[[[25064, 24184],[25064, 24208],[25072, 24208],[25072, 24224],[25080, 24224],[25080, 24248],[25072, 24248],[25072, 24280],[25080, 24280],[25080, 24296],[25088, 24296],[25088, 24312],[25096, 24312],[25096, 24320],[25112, 24320],[25112, 24328],[25192, 24328],[25192, 24336],[25200, 24336],[25200, 24352],[25208, 24352],[25208, 24368],[25216, 24368],[25216, 24392],[25224, 24392],[25224, 24448],[25232, 24448],[25232, 24464],[25240, 24464],[25240, 24472],[25248, 24472],[25248, 24480],[25256, 24480],[25256, 24496],[25264, 24496],[25264, 24504],[25272, 24504],[25272, 24512],[25280, 24512],[25280, 24504],[25288, 24504],[25288, 24464],[25296, 24464],[25296, 24472],[25304, 24472],[25304, 24480],[25312, 24480],[25312, 24496],[25320, 24496],[25320, 24512],[25328, 24512],[25328, 24528],[25336, 24528],[25336, 24544],[25344, 24544],[25344, 24592],[25320, 24592],[25320, 24600],[25312, 24600],[25312, 24632],[25320, 24632],[25320, 24648],[25328, 24648],[25328, 24656],[25336, 24656],[25336, 24672],[25344, 24672],[25344, 24696],[25352, 24696],[25352, 24720],[25360, 24720],[25360, 24728],[25368, 24728],[25368, 24744],[25376, 24744],[25376, 24760],[25384, 24760],[25384, 24768],[25392, 24768],[25392, 24776],[25400, 24776],[25400, 24784],[25408, 24784],[25408, 24792],[25424, 24792],[25424, 24800],[25432, 24800],[25432, 24808],[25440, 24808],[25440, 24816],[25448, 24816],[25448, 24824],[25456, 24824],[25456, 24840],[25464, 24840],[25464, 24848],[25472, 24848],[25472, 24856],[25480, 24856],[25480, 24864],[25488, 24864],[25488, 24872],[25496, 24872],[25496, 24880],[25504, 24880],[25504, 24888],[25512, 24888],[25512, 24904],[25520, 24904],[25520, 24912],[25528, 24912],[25528, 24928],[25544, 24928],[25544, 24936],[25552, 24936],[25552, 24944],[25568, 24944],[25568, 24952],[25576, 24952],[25576, 24960],[25592, 24960],[25592, 24968],[25600, 24968],[25600, 24976],[25616, 24976],[25616, 24984],[25624, 24984],[25624, 24992],[25632, 24992],[25632, 25008],[25640, 25008],[25640, 25016],[25648, 25016],[25648, 25024],[25656, 25024],[25656, 25032],[25672, 25032],[25672, 25040],[25680, 25040],[25680, 25048],[25688, 25048],[25688, 25056],[25704, 25056],[25704, 25064],[25720, 25064],[25720, 25072],[25736, 25072],[25736, 25080],[25752, 25080],[25752, 25088],[25760, 25088],[25760, 25096],[25768, 25096],[25768, 25104],[25776, 25104],[25776, 25112],[25784, 25112],[25784, 25128],[25792, 25128],[25792, 25136],[25784, 25136],[25784, 25152],[25768, 25152],[25768, 25160],[25728, 25160],[25728, 25168],[25720, 25168],[25720, 25176],[25712, 25176],[25712, 25216],[25720, 25216],[25720, 25224],[25728, 25224],[25728, 25232],[25776, 25232],[25776, 25240],[25792, 25240],[25792, 25248],[25808, 25248],[25808, 25256],[25848, 25256],[25848, 25264],[25880, 25264],[25880, 25272],[25904, 25272],[25904, 25280],[25912, 25280],[25912, 25288],[25928, 25288],[25928, 25296],[25936, 25296],[25936, 25304],[25944, 25304],[25944, 25312],[25952, 25312],[25952, 25320],[25968, 25320],[25968, 25328],[25976, 25328],[25976, 25336],[25984, 25336],[25984, 25344],[25992, 25344],[25992, 25352],[26000, 25352],[26000, 25360],[26008, 25360],[26008, 25368],[26016, 25368],[26016, 25376],[26024, 25376],[26024, 25392],[26032, 25392],[26032, 25400],[26040, 25400],[26040, 25408],[26048, 25408],[26048, 25416],[26056, 25416],[26056, 25432],[26064, 25432],[26064, 25448],[26072, 25448],[26072, 25464],[26080, 25464],[26080, 25472],[26088, 25472],[26088, 25480],[26112, 25480],[26112, 25488],[26152, 25488],[26152, 25496],[26160, 25496],[26160, 25504],[26168, 25504],[26168, 25528],[26176, 25528],[26176, 25544],[26184, 25544],[26184, 25560],[26192, 25560],[26192, 25568],[26200, 25568],[26200, 25584],[26208, 25584],[26208, 25592],[26216, 25592],[26216, 25600],[26224, 25600],[26224, 25608],[26232, 25608],[26232, 25616],[26248, 25616],[26248, 25624],[26280, 25624],[26280, 25632],[26304, 25632],[26304, 25640],[26328, 25640],[26328, 25648],[26352, 25648],[26352, 25608],[26344, 25608],[26344, 25600],[26336, 25600],[26336, 25584],[26328, 25584],[26328, 25520],[26320, 25520],[26320, 25488],[26312, 25488],[26312, 25472],[26304, 25472],[26304, 25456],[26296, 25456],[26296, 25448],[26288, 25448],[26288, 25440],[26280, 25440],[26280, 25424],[26272, 25424],[26272, 25408],[26296, 25408],[26296, 25416],[26304, 25416],[26304, 25424],[26320, 25424],[26320, 25432],[26352, 25432],[26352, 25424],[26360, 25424],[26360, 25408],[26352, 25408],[26352, 25392],[26344, 25392],[26344, 25376],[26336, 25376],[26336, 25352],[26328, 25352],[26328, 25344],[26288, 25344],[26288, 25336],[26272, 25336],[26272, 25328],[26248, 25328],[26248, 25320],[26232, 25320],[26232, 25312],[26224, 25312],[26224, 25304],[26216, 25304],[26216, 25296],[26208, 25296],[26208, 25288],[26200, 25288],[26200, 25280],[26192, 25280],[26192, 25272],[26184, 25272],[26184, 25256],[26176, 25256],[26176, 25248],[26168, 25248],[26168, 25240],[26160, 25240],[26160, 25232],[26144, 25232],[26144, 25224],[26136, 25224],[26136, 25216],[26128, 25216],[26128, 25208],[26120, 25208],[26120, 25200],[26112, 25200],[26112, 25192],[26104, 25192],[26104, 25184],[26096, 25184],[26096, 25168],[26088, 25168],[26088, 25160],[26080, 25160],[26080, 25144],[26072, 25144],[26072, 25136],[26064, 25136],[26064, 25120],[26056, 25120],[26056, 25112],[26048, 25112],[26048, 25104],[26040, 25104],[26040, 25096],[26032, 25096],[26032, 25064],[26024, 25064],[26024, 25040],[26016, 25040],[26016, 25024],[25976, 25024],[25976, 25056],[25984, 25056],[25984, 25072],[25992, 25072],[25992, 25088],[26000, 25088],[26000, 25096],[26008, 25096],[26008, 25104],[26016, 25104],[26016, 25120],[26024, 25120],[26024, 25144],[26032, 25144],[26032, 25176],[26040, 25176],[26040, 25192],[26048, 25192],[26048, 25200],[26056, 25200],[26056, 25208],[26064, 25208],[26064, 25216],[26072, 25216],[26072, 25240],[26064, 25240],[26064, 25248],[26056, 25248],[26056, 25240],[26048, 25240],[26048, 25232],[26040, 25232],[26040, 25224],[26032, 25224],[26032, 25216],[26024, 25216],[26024, 25208],[26008, 25208],[26008, 25200],[25992, 25200],[25992, 25192],[25984, 25192],[25984, 25184],[25976, 25184],[25976, 25176],[25960, 25176],[25960, 25168],[25952, 25168],[25952, 25160],[25944, 25160],[25944, 25152],[25928, 25152],[25928, 25144],[25912, 25144],[25912, 25136],[25904, 25136],[25904, 25128],[25896, 25128],[25896, 25120],[25888, 25120],[25888, 25112],[25880, 25112],[25880, 25104],[25872, 25104],[25872, 25096],[25864, 25096],[25864, 25080],[25856, 25080],[25856, 25072],[25848, 25072],[25848, 25056],[25840, 25056],[25840, 25040],[25832, 25040],[25832, 25032],[25824, 25032],[25824, 25016],[25816, 25016],[25816, 24992],[25808, 24992],[25808, 24976],[25800, 24976],[25800, 24960],[25792, 24960],[25792, 24952],[25784, 24952],[25784, 24944],[25776, 24944],[25776, 24936],[25736, 24936],[25736, 24944],[25712, 24944],[25712, 24952],[25704, 24952],[25704, 24944],[25688, 24944],[25688, 24936],[25680, 24936],[25680, 24928],[25672, 24928],[25672, 24920],[25656, 24920],[25656, 24912],[25640, 24912],[25640, 24904],[25632, 24904],[25632, 24896],[25624, 24896],[25624, 24888],[25616, 24888],[25616, 24880],[25608, 24880],[25608, 24872],[25600, 24872],[25600, 24864],[25592, 24864],[25592, 24856],[25576, 24856],[25576, 24848],[25568, 24848],[25568, 24840],[25560, 24840],[25560, 24832],[25552, 24832],[25552, 24824],[25544, 24824],[25544, 24816],[25536, 24816],[25536, 24808],[25528, 24808],[25528, 24800],[25520, 24800],[25520, 24792],[25512, 24792],[25512, 24784],[25504, 24784],[25504, 24776],[25496, 24776],[25496, 24760],[25488, 24760],[25488, 24752],[25480, 24752],[25480, 24744],[25472, 24744],[25472, 24736],[25464, 24736],[25464, 24720],[25456, 24720],[25456, 24696],[25448, 24696],[25448, 24680],[25440, 24680],[25440, 24672],[25432, 24672],[25432, 24656],[25424, 24656],[25424, 24624],[25416, 24624],[25416, 24608],[25408, 24608],[25408, 24592],[25400, 24592],[25400, 24576],[25392, 24576],[25392, 24560],[25384, 24560],[25384, 24544],[25376, 24544],[25376, 24520],[25368, 24520],[25368, 24488],[25360, 24488],[25360, 24472],[25352, 24472],[25352, 24464],[25344, 24464],[25344, 24456],[25336, 24456],[25336, 24448],[25328, 24448],[25328, 24440],[25320, 24440],[25320, 24432],[25312, 24432],[25312, 24424],[25304, 24424],[25304, 24408],[25296, 24408],[25296, 24384],[25288, 24384],[25288, 24368],[25280, 24368],[25280, 24360],[25264, 24360],[25264, 24416],[25256, 24416],[25256, 24408],[25248, 24408],[25248, 24400],[25240, 24400],[25240, 24352],[25248, 24352],[25248, 24344],[25256, 24344],[25256, 24312],[25248, 24312],[25248, 24296],[25240, 24296],[25240, 24272],[25232, 24272],[25232, 24256],[25224, 24256],[25224, 24248],[25216, 24248],[25216, 24240],[25184, 24240],[25184, 24232],[25168, 24232],[25168, 24224],[25160, 24224],[25160, 24216],[25152, 24216],[25152, 24200],[25144, 24200],[25144, 24192],[25136, 24192],[25136, 24184],[25128, 24184],[25128, 24176],[25120, 24176],[25120, 24168],[25080, 24168],[25080, 24176],[25072, 24176],[25072, 24184],[25064, 24184]]]},"properties":{"objectType":"annotation","classification":{"name":"Ignore*","color":[180, 180, 180]},"isLocked":true}},{"type":"Feature","id":"d5a40ecd-37d7-4347-9cd9-00de4fd5eafe","geometry":{"type":"Polygon","coordinates":[[[34264, 25192],[34264, 25208],[34272, 25208],[34272, 25224],[34296, 25224],[34296, 25216],[34304, 25216],[34304, 25208],[34312, 25208],[34312, 25200],[34320, 25200],[34320, 25152],[34328, 25152],[34328, 25136],[34336, 25136],[34336, 25120],[34344, 25120],[34344, 25072],[34328, 25072],[34328, 25080],[34320, 25080],[34320, 25088],[34312, 25088],[34312, 25112],[34304, 25112],[34304, 25128],[34296, 25128],[34296, 25144],[34288, 25144],[34288, 25160],[34280, 25160],[34280, 25168],[34272, 25168],[34272, 25192],[34264, 25192]]]},"properties":{"objectType":"annotation","classification":{"name":"Ignore*","color":[180, 180, 180]},"isLocked":true}},{"type":"Feature","id":"164eef4e-d728-4410-9965-f668bf6b4fb2","geometry":{"type":"Polygon","coordinates":[[[39496, 25096],[39496, 25128],[39504, 25128],[39504, 25144],[39512, 25144],[39512, 25152],[39520, 25152],[39520, 25160],[39528, 25160],[39528, 25192],[39536, 25192],[39536, 25224],[39544, 25224],[39544, 25232],[39584, 25232],[39584, 25216],[39592, 25216],[39592, 25176],[39584, 25176],[39584, 25168],[39576, 25168],[39576, 25152],[39560, 25152],[39560, 25136],[39552, 25136],[39552, 25120],[39544, 25120],[39544, 25096],[39536, 25096],[39536, 25088],[39528, 25088],[39528, 25080],[39512, 25080],[39512, 25088],[39504, 25088],[39504, 25096],[39496, 25096]]]},"properties":{"objectType":"annotation","classification":{"name":"Ignore*","color":[180, 180, 180]},"isLocked":true}},{"type":"Feature","id":"00089928-babf-4a3e-b174-536d429a2726","geometry":{"type":"Polygon","coordinates":[[[39728, 24992],[39728, 25048],[39736, 25048],[39736, 25072],[39744, 25072],[39744, 25096],[39752, 25096],[39752, 25160],[39760, 25160],[39760, 25176],[39768, 25176],[39768, 25224],[39760, 25224],[39760, 25304],[39768, 25304],[39768, 25336],[39776, 25336],[39776, 25344],[39792, 25344],[39792, 25352],[39808, 25352],[39808, 25344],[39816, 25344],[39816, 25336],[39824, 25336],[39824, 25320],[39832, 25320],[39832, 25296],[39840, 25296],[39840, 25280],[39832, 25280],[39832, 25240],[39824, 25240],[39824, 25216],[39816, 25216],[39816, 25200],[39808, 25200],[39808, 25176],[39800, 25176],[39800, 25160],[39792, 25160],[39792, 25144],[39784, 25144],[39784, 25120],[39776, 25120],[39776, 25104],[39768, 25104],[39768, 25088],[39760, 25088],[39760, 24984],[39736, 24984],[39736, 24992],[39728, 24992]]]},"properties":{"objectType":"annotation","classification":{"name":"Ignore*","color":[180, 180, 180]},"isLocked":true}},{"type":"Feature","id":"60b7cb42-74dc-42f2-872b-1927ce1f255b","geometry":{"type":"Polygon","coordinates":[[[34560, 25248],[34560, 25280],[34568, 25280],[34568, 25288],[34576, 25288],[34576, 25296],[34592, 25296],[34592, 25304],[34616, 25304],[34616, 25296],[34624, 25296],[34624, 25288],[34632, 25288],[34632, 25280],[34640, 25280],[34640, 25272],[34648, 25272],[34648, 25264],[34656, 25264],[34656, 25256],[34680, 25256],[34680, 25248],[34696, 25248],[34696, 25240],[34704, 25240],[34704, 25224],[34712, 25224],[34712, 25216],[34720, 25216],[34720, 25208],[34728, 25208],[34728, 25192],[34736, 25192],[34736, 25152],[34728, 25152],[34728, 25144],[34704, 25144],[34704, 25152],[34688, 25152],[34688, 25160],[34680, 25160],[34680, 25184],[34672, 25184],[34672, 25192],[34664, 25192],[34664, 25200],[34656, 25200],[34656, 25208],[34648, 25208],[34648, 25216],[34632, 25216],[34632, 25224],[34608, 25224],[34608, 25232],[34576, 25232],[34576, 25240],[34568, 25240],[34568, 25248],[34560, 25248]]]},"properties":{"objectType":"annotation","classification":{"name":"Ignore*","color":[180, 180, 180]},"isLocked":true}},{"type":"Feature","id":"3fb4c70b-6aab-411c-a575-fa036811dec7","geometry":{"type":"Polygon","coordinates":[[[40136, 25272],[40136, 25288],[40144, 25288],[40144, 25312],[40152, 25312],[40152, 25328],[40160, 25328],[40160, 25352],[40168, 25352],[40168, 25368],[40176, 25368],[40176, 25376],[40184, 25376],[40184, 25384],[40192, 25384],[40192, 25392],[40208, 25392],[40208, 25400],[40216, 25400],[40216, 25288],[40224, 25288],[40224, 25256],[40232, 25256],[40232, 25216],[40224, 25216],[40224, 25200],[40216, 25200],[40216, 25184],[40208, 25184],[40208, 25176],[40184, 25176],[40184, 25192],[40176, 25192],[40176, 25216],[40168, 25216],[40168, 25232],[40160, 25232],[40160, 25240],[40152, 25240],[40152, 25248],[40144, 25248],[40144, 25272],[40136, 25272]]]},"properties":{"objectType":"annotation","classification":{"name":"Ignore*","color":[180, 180, 180]},"isLocked":true}},{"type":"Feature","id":"52ccdc1b-c870-48a0-8285-90f3291c0512","geometry":{"type":"Polygon","coordinates":[[[39968, 25272],[39968, 25304],[39976, 25304],[39976, 25312],[39984, 25312],[39984, 25320],[39992, 25320],[39992, 25328],[40016, 25328],[40016, 25336],[40032, 25336],[40032, 25328],[40048, 25328],[40048, 25320],[40056, 25320],[40056, 25312],[40064, 25312],[40064, 25272],[40056, 25272],[40056, 25264],[40040, 25264],[40040, 25256],[39992, 25256],[39992, 25264],[39976, 25264],[39976, 25272],[39968, 25272]]]},"properties":{"objectType":"annotation","classification":{"name":"Ignore*","color":[180, 180, 180]},"isLocked":true}},{"type":"Feature","id":"fb0e0c43-1d75-4e3f-8eba-982f86e93d37","geometry":{"type":"Polygon","coordinates":[[[27440, 25264],[27440, 25288],[27448, 25288],[27448, 25296],[27456, 25296],[27456, 25304],[27464, 25304],[27464, 25312],[27472, 25312],[27472, 25320],[27480, 25320],[27480, 25328],[27496, 25328],[27496, 25336],[27512, 25336],[27512, 25344],[27544, 25344],[27544, 25328],[27552, 25328],[27552, 25312],[27544, 25312],[27544, 25296],[27536, 25296],[27536, 25288],[27528, 25288],[27528, 25280],[27520, 25280],[27520, 25272],[27496, 25272],[27496, 25264],[27440, 25264]]]},"properties":{"objectType":"annotation","classification":{"name":"Ignore*","color":[180, 180, 180]},"isLocked":true}},{"type":"Feature","id":"30ba0889-2519-460b-bb94-a75d3f4da90f","geometry":{"type":"Polygon","coordinates":[[[36328, 25296],[36328, 25360],[36336, 25360],[36336, 25376],[36344, 25376],[36344, 25392],[36352, 25392],[36352, 25400],[36384, 25400],[36384, 25296],[36352, 25296],[36352, 25288],[36344, 25288],[36344, 25296],[36328, 25296]]]},"properties":{"objectType":"annotation","classification":{"name":"Ignore*","color":[180, 180, 180]},"isLocked":true}},{"type":"Feature","id":"56124205-3441-4d17-b591-e5e986f8cebc","geometry":{"type":"Polygon","coordinates":[[[26840, 25336],[26840, 25344],[26848, 25344],[26848, 25360],[26864, 25360],[26864, 25352],[26872, 25352],[26872, 25344],[26920, 25344],[26920, 25352],[26928, 25352],[26928, 25368],[26936, 25368],[26936, 25392],[26928, 25392],[26928, 25400],[26904, 25400],[26904, 25408],[26888, 25408],[26888, 25424],[26896, 25424],[26896, 25432],[26904, 25432],[26904, 25440],[26912, 25440],[26912, 25448],[26920, 25448],[26920, 25456],[26952, 25456],[26952, 25448],[26968, 25448],[26968, 25440],[26976, 25440],[26976, 25400],[26968, 25400],[26968, 25392],[26960, 25392],[26960, 25384],[26952, 25384],[26952, 25368],[26944, 25368],[26944, 25352],[26936, 25352],[26936, 25336],[26928, 25336],[26928, 25328],[26920, 25328],[26920, 25320],[26912, 25320],[26912, 25312],[26904, 25312],[26904, 25304],[26896, 25304],[26896, 25296],[26864, 25296],[26864, 25304],[26856, 25304],[26856, 25312],[26848, 25312],[26848, 25336],[26840, 25336]]]},"properties":{"objectType":"annotation","classification":{"name":"Ignore*","color":[180, 180, 180]},"isLocked":true}},{"type":"Feature","id":"567d36df-8ccf-4bd5-b39e-d7a12e4a773f","geometry":{"type":"Polygon","coordinates":[[[34040, 25480],[34040, 25528],[34048, 25528],[34048, 25536],[34064, 25536],[34064, 25544],[34088, 25544],[34088, 25536],[34096, 25536],[34096, 25528],[34104, 25528],[34104, 25456],[34096, 25456],[34096, 25440],[34088, 25440],[34088, 25432],[34056, 25432],[34056, 25440],[34048, 25440],[34048, 25480],[34040, 25480]]]},"properties":{"objectType":"annotation","classification":{"name":"Ignore*","color":[180, 180, 180]},"isLocked":true}},{"type":"Feature","id":"6f69eece-a414-48a1-a934-395c21bf5399","geometry":{"type":"Polygon","coordinates":[[[27696, 25472],[27696, 25496],[27704, 25496],[27704, 25504],[27728, 25504],[27728, 25512],[27752, 25512],[27752, 25520],[27768, 25520],[27768, 25528],[27784, 25528],[27784, 25536],[27792, 25536],[27792, 25544],[27808, 25544],[27808, 25552],[27824, 25552],[27824, 25560],[27832, 25560],[27832, 25568],[27848, 25568],[27848, 25576],[27856, 25576],[27856, 25584],[27864, 25584],[27864, 25592],[27880, 25592],[27880, 25600],[27888, 25600],[27888, 25584],[27880, 25584],[27880, 25568],[27872, 25568],[27872, 25560],[27864, 25560],[27864, 25552],[27856, 25552],[27856, 25536],[27848, 25536],[27848, 25528],[27840, 25528],[27840, 25520],[27832, 25520],[27832, 25512],[27824, 25512],[27824, 25504],[27808, 25504],[27808, 25496],[27800, 25496],[27800, 25488],[27792, 25488],[27792, 25480],[27776, 25480],[27776, 25472],[27768, 25472],[27768, 25464],[27752, 25464],[27752, 25456],[27712, 25456],[27712, 25464],[27704, 25464],[27704, 25472],[27696, 25472]]]},"properties":{"objectType":"annotation","classification":{"name":"Ignore*","color":[180, 180, 180]},"isLocked":true}},{"type":"Feature","id":"015627df-23a1-46bd-9daf-b7f0c79ab14e","geometry":{"type":"Polygon","coordinates":[[[35008, 25688],[35008, 25704],[35016, 25704],[35016, 25720],[35024, 25720],[35024, 25728],[35032, 25728],[35032, 25736],[35048, 25736],[35048, 25728],[35056, 25728],[35056, 25712],[35064, 25712],[35064, 25704],[35072, 25704],[35072, 25680],[35080, 25680],[35080, 25640],[35072, 25640],[35072, 25624],[35064, 25624],[35064, 25616],[35056, 25616],[35056, 25608],[35040, 25608],[35040, 25616],[35032, 25616],[35032, 25632],[35024, 25632],[35024, 25656],[35016, 25656],[35016, 25688],[35008, 25688]]]},"properties":{"objectType":"annotation","classification":{"name":"Ignore*","color":[180, 180, 180]},"isLocked":true}},{"type":"Feature","id":"a295223a-d9af-4d4d-a42b-e7adb5632478","geometry":{"type":"Polygon","coordinates":[[[28296, 25768],[28296, 25792],[28304, 25792],[28304, 25800],[28312, 25800],[28312, 25808],[28320, 25808],[28320, 25816],[28328, 25816],[28328, 25824],[28336, 25824],[28336, 25832],[28344, 25832],[28344, 25840],[28352, 25840],[28352, 25848],[28360, 25848],[28360, 25856],[28376, 25856],[28376, 25864],[28384, 25864],[28384, 25872],[28392, 25872],[28392, 25880],[28400, 25880],[28400, 25888],[28416, 25888],[28416, 25896],[28432, 25896],[28432, 25904],[28448, 25904],[28448, 25912],[28472, 25912],[28472, 25920],[28520, 25920],[28520, 25912],[28528, 25912],[28528, 25896],[28536, 25896],[28536, 25848],[28552, 25848],[28552, 25840],[28576, 25840],[28576, 25832],[28584, 25832],[28584, 25800],[28576, 25800],[28576, 25792],[28568, 25792],[28568, 25784],[28560, 25784],[28560, 25776],[28552, 25776],[28552, 25768],[28544, 25768],[28544, 25760],[28536, 25760],[28536, 25752],[28528, 25752],[28528, 25744],[28520, 25744],[28520, 25728],[28512, 25728],[28512, 25720],[28504, 25720],[28504, 25712],[28496, 25712],[28496, 25704],[28488, 25704],[28488, 25680],[28480, 25680],[28480, 25656],[28472, 25656],[28472, 25608],[28464, 25608],[28464, 25592],[28456, 25592],[28456, 25584],[28448, 25584],[28448, 25576],[28440, 25576],[28440, 25568],[28432, 25568],[28432, 25560],[28416, 25560],[28416, 25552],[28400, 25552],[28400, 25544],[28376, 25544],[28376, 25536],[28368, 25536],[28368, 25544],[28344, 25544],[28344, 25552],[28336, 25552],[28336, 25568],[28328, 25568],[28328, 25576],[28336, 25576],[28336, 25608],[28344, 25608],[28344, 25632],[28352, 25632],[28352, 25640],[28360, 25640],[28360, 25656],[28368, 25656],[28368, 25664],[28376, 25664],[28376, 25672],[28384, 25672],[28384, 25688],[28392, 25688],[28392, 25704],[28400, 25704],[28400, 25720],[28408, 25720],[28408, 25728],[28424, 25728],[28424, 25736],[28440, 25736],[28440, 25744],[28456, 25744],[28456, 25752],[28464, 25752],[28464, 25768],[28472, 25768],[28472, 25784],[28480, 25784],[28480, 25800],[28488, 25800],[28488, 25808],[28480, 25808],[28480, 25816],[28456, 25816],[28456, 25808],[28424, 25808],[28424, 25800],[28408, 25800],[28408, 25792],[28392, 25792],[28392, 25784],[28384, 25784],[28384, 25776],[28352, 25776],[28352, 25768],[28328, 25768],[28328, 25760],[28304, 25760],[28304, 25768],[28296, 25768]]]},"properties":{"objectType":"annotation","classification":{"name":"Ignore*","color":[180, 180, 180]},"isLocked":true}},{"type":"Feature","id":"5fbda344-6999-469a-985e-0b9618c45874","geometry":{"type":"Polygon","coordinates":[[[30064, 25560],[30064, 25576],[30072, 25576],[30072, 25592],[30080, 25592],[30080, 25600],[30088, 25600],[30088, 25616],[30096, 25616],[30096, 25632],[30104, 25632],[30104, 25648],[30112, 25648],[30112, 25664],[30120, 25664],[30120, 25672],[30128, 25672],[30128, 25688],[30136, 25688],[30136, 25696],[30144, 25696],[30144, 25712],[30152, 25712],[30152, 25720],[30160, 25720],[30160, 25728],[30168, 25728],[30168, 25736],[30176, 25736],[30176, 25744],[30184, 25744],[30184, 25768],[30192, 25768],[30192, 25776],[30184, 25776],[30184, 25792],[30176, 25792],[30176, 25808],[30168, 25808],[30168, 25824],[30160, 25824],[30160, 25840],[30152, 25840],[30152, 25864],[30144, 25864],[30144, 25880],[30136, 25880],[30136, 25896],[30128, 25896],[30128, 25904],[30120, 25904],[30120, 25936],[30128, 25936],[30128, 25944],[30136, 25944],[30136, 25952],[30208, 25952],[30208, 25944],[30216, 25944],[30216, 25936],[30224, 25936],[30224, 25920],[30232, 25920],[30232, 25904],[30224, 25904],[30224, 25864],[30216, 25864],[30216, 25856],[30224, 25856],[30224, 25840],[30232, 25840],[30232, 25832],[30240, 25832],[30240, 25840],[30256, 25840],[30256, 25848],[30264, 25848],[30264, 25856],[30280, 25856],[30280, 25864],[30296, 25864],[30296, 25872],[30304, 25872],[30304, 25864],[30320, 25864],[30320, 25856],[30328, 25856],[30328, 25848],[30336, 25848],[30336, 25840],[30344, 25840],[30344, 25832],[30352, 25832],[30352, 25816],[30368, 25816],[30368, 25808],[30376, 25808],[30376, 25824],[30384, 25824],[30384, 25832],[30392, 25832],[30392, 25840],[30400, 25840],[30400, 25848],[30408, 25848],[30408, 25856],[30424, 25856],[30424, 25864],[30448, 25864],[30448, 25856],[30456, 25856],[30456, 25848],[30464, 25848],[30464, 25800],[30456, 25800],[30456, 25784],[30448, 25784],[30448, 25768],[30440, 25768],[30440, 25752],[30448, 25752],[30448, 25744],[30456, 25744],[30456, 25736],[30472, 25736],[30472, 25728],[30576, 25728],[30576, 25712],[30568, 25712],[30568, 25664],[30560, 25664],[30560, 25656],[30552, 25656],[30552, 25648],[30528, 25648],[30528, 25640],[30504, 25640],[30504, 25632],[30456, 25632],[30456, 25640],[30440, 25640],[30440, 25656],[30432, 25656],[30432, 25664],[30424, 25664],[30424, 25680],[30416, 25680],[30416, 25688],[30408, 25688],[30408, 25704],[30400, 25704],[30400, 25720],[30392, 25720],[30392, 25736],[30384, 25736],[30384, 25744],[30304, 25744],[30304, 25736],[30288, 25736],[30288, 25728],[30280, 25728],[30280, 25720],[30272, 25720],[30272, 25704],[30264, 25704],[30264, 25688],[30256, 25688],[30256, 25672],[30248, 25672],[30248, 25664],[30240, 25664],[30240, 25656],[30224, 25656],[30224, 25648],[30208, 25648],[30208, 25640],[30200, 25640],[30200, 25632],[30184, 25632],[30184, 25624],[30176, 25624],[30176, 25616],[30152, 25616],[30152, 25608],[30136, 25608],[30136, 25600],[30120, 25600],[30120, 25592],[30112, 25592],[30112, 25584],[30104, 25584],[30104, 25576],[30096, 25576],[30096, 25568],[30088, 25568],[30088, 25560],[30064, 25560]]]},"properties":{"objectType":"annotation","classification":{"name":"Ignore*","color":[180, 180, 180]},"isLocked":true}},{"type":"Feature","id":"7758e238-d344-4f78-bc95-df4ed331cee1","geometry":{"type":"Polygon","coordinates":[[[33560, 25768],[33560, 25808],[33568, 25808],[33568, 25816],[33600, 25816],[33600, 25824],[33656, 25824],[33656, 25832],[33672, 25832],[33672, 25840],[33680, 25840],[33680, 25848],[33688, 25848],[33688, 25856],[33728, 25856],[33728, 25848],[33736, 25848],[33736, 25832],[33744, 25832],[33744, 25816],[33736, 25816],[33736, 25800],[33728, 25800],[33728, 25784],[33720, 25784],[33720, 25776],[33704, 25776],[33704, 25768],[33688, 25768],[33688, 25760],[33680, 25760],[33680, 25744],[33664, 25744],[33664, 25736],[33632, 25736],[33632, 25744],[33624, 25744],[33624, 25752],[33568, 25752],[33568, 25768],[33560, 25768]]]},"properties":{"objectType":"annotation","classification":{"name":"Ignore*","color":[180, 180, 180]},"isLocked":true}},{"type":"Feature","id":"3eac9889-5f5a-46f4-94de-8026c62cc2d9","geometry":{"type":"Polygon","coordinates":[[[26336, 25776],[26336, 25808],[26344, 25808],[26344, 25816],[26352, 25816],[26352, 25824],[26360, 25824],[26360, 25832],[26384, 25832],[26384, 25840],[26416, 25840],[26416, 25832],[26440, 25832],[26440, 25824],[26456, 25824],[26456, 25808],[26464, 25808],[26464, 25768],[26448, 25768],[26448, 25760],[26408, 25760],[26408, 25752],[26376, 25752],[26376, 25760],[26352, 25760],[26352, 25768],[26344, 25768],[26344, 25776],[26336, 25776]]]},"properties":{"objectType":"annotation","classification":{"name":"Ignore*","color":[180, 180, 180]},"isLocked":true}},{"type":"Feature","id":"f9228ea2-9ca0-4a49-830f-d2cba40c4ed2","geometry":{"type":"Polygon","coordinates":[[[34536, 25736],[34536, 25744],[34544, 25744],[34544, 25760],[34552, 25760],[34552, 25784],[34560, 25784],[34560, 25792],[34568, 25792],[34568, 25800],[34576, 25800],[34576, 25808],[34584, 25808],[34584, 25816],[34592, 25816],[34592, 25832],[34600, 25832],[34600, 25888],[34592, 25888],[34592, 25904],[34576, 25904],[34576, 25912],[34568, 25912],[34568, 25920],[34560, 25920],[34560, 25928],[34552, 25928],[34552, 25960],[34560, 25960],[34560, 25968],[34576, 25968],[34576, 25976],[34584, 25976],[34584, 25968],[34608, 25968],[34608, 25960],[34624, 25960],[34624, 25952],[34632, 25952],[34632, 25944],[34640, 25944],[34640, 25880],[34648, 25880],[34648, 25848],[34640, 25848],[34640, 25816],[34632, 25816],[34632, 25800],[34640, 25800],[34640, 25776],[34648, 25776],[34648, 25752],[34656, 25752],[34656, 25712],[34664, 25712],[34664, 25688],[34672, 25688],[34672, 25664],[34664, 25664],[34664, 25648],[34640, 25648],[34640, 25656],[34632, 25656],[34632, 25664],[34624, 25664],[34624, 25672],[34616, 25672],[34616, 25680],[34600, 25680],[34600, 25688],[34576, 25688],[34576, 25696],[34560, 25696],[34560, 25704],[34552, 25704],[34552, 25712],[34544, 25712],[34544, 25736],[34536, 25736]]]},"properties":{"objectType":"annotation","classification":{"name":"Ignore*","color":[180, 180, 180]},"isLocked":true}},{"type":"Feature","id":"b45ba77f-d5f3-4b1a-9878-080eee01881a","geometry":{"type":"Polygon","coordinates":[[[30632, 25728],[30632, 25744],[30640, 25744],[30640, 25760],[30648, 25760],[30648, 25768],[30656, 25768],[30656, 25784],[30664, 25784],[30664, 25792],[30672, 25792],[30672, 25800],[30680, 25800],[30680, 25808],[30688, 25808],[30688, 25816],[30696, 25816],[30696, 25824],[30704, 25824],[30704, 25840],[30712, 25840],[30712, 25856],[30720, 25856],[30720, 25864],[30728, 25864],[30728, 25872],[30736, 25872],[30736, 25880],[30744, 25880],[30744, 25888],[30752, 25888],[30752, 25896],[30768, 25896],[30768, 25904],[30784, 25904],[30784, 25872],[30776, 25872],[30776, 25856],[30768, 25856],[30768, 25840],[30760, 25840],[30760, 25816],[30752, 25816],[30752, 25808],[30744, 25808],[30744, 25792],[30728, 25792],[30728, 25784],[30720, 25784],[30720, 25776],[30712, 25776],[30712, 25768],[30704, 25768],[30704, 25760],[30696, 25760],[30696, 25752],[30688, 25752],[30688, 25744],[30672, 25744],[30672, 25736],[30656, 25736],[30656, 25728],[30632, 25728]]]},"properties":{"objectType":"annotation","classification":{"name":"Ignore*","color":[180, 180, 180]},"isLocked":true}},{"type":"Feature","id":"d67dce88-0e17-4f4e-b3c0-4097d93ca6df","geometry":{"type":"Polygon","coordinates":[[[29456, 26072],[29456, 26096],[29464, 26096],[29464, 26104],[29488, 26104],[29488, 26096],[29496, 26096],[29496, 26088],[29504, 26088],[29504, 26072],[29512, 26072],[29512, 26056],[29520, 26056],[29520, 26040],[29528, 26040],[29528, 26032],[29536, 26032],[29536, 26024],[29544, 26024],[29544, 26016],[29560, 26016],[29560, 26008],[29568, 26008],[29568, 26000],[29640, 26000],[29640, 26008],[29664, 26008],[29664, 26016],[29680, 26016],[29680, 26008],[29696, 26008],[29696, 26000],[29712, 26000],[29712, 25992],[29720, 25992],[29720, 25984],[29728, 25984],[29728, 25976],[29736, 25976],[29736, 25968],[29744, 25968],[29744, 25960],[29752, 25960],[29752, 25952],[29760, 25952],[29760, 25944],[29768, 25944],[29768, 25936],[29784, 25936],[29784, 25928],[29840, 25928],[29840, 25936],[29904, 25936],[29904, 25928],[29920, 25928],[29920, 25904],[29912, 25904],[29912, 25896],[29896, 25896],[29896, 25888],[29872, 25888],[29872, 25880],[29816, 25880],[29816, 25888],[29792, 25888],[29792, 25896],[29728, 25896],[29728, 25904],[29704, 25904],[29704, 25912],[29688, 25912],[29688, 25920],[29664, 25920],[29664, 25928],[29648, 25928],[29648, 25936],[29632, 25936],[29632, 25944],[29616, 25944],[29616, 25952],[29608, 25952],[29608, 25960],[29600, 25960],[29600, 25968],[29584, 25968],[29584, 25976],[29568, 25976],[29568, 25984],[29552, 25984],[29552, 25992],[29544, 25992],[29544, 26000],[29528, 26000],[29528, 26008],[29520, 26008],[29520, 26016],[29512, 26016],[29512, 26024],[29496, 26024],[29496, 26032],[29488, 26032],[29488, 26040],[29472, 26040],[29472, 26056],[29464, 26056],[29464, 26072],[29456, 26072]]]},"properties":{"objectType":"annotation","classification":{"name":"Ignore*","color":[180, 180, 180]},"isLocked":true}},{"type":"Feature","id":"85fa7cd5-2b8c-474e-9470-2cf0bec04e0d","geometry":{"type":"Polygon","coordinates":[[[35952, 26008],[35952, 26024],[35960, 26024],[35960, 26040],[35976, 26040],[35976, 26048],[35992, 26048],[35992, 26040],[36008, 26040],[36008, 26032],[36024, 26032],[36024, 26024],[36040, 26024],[36040, 26016],[36048, 26016],[36048, 26008],[36056, 26008],[36056, 26000],[36064, 26000],[36064, 25960],[36056, 25960],[36056, 25952],[36016, 25952],[36016, 25960],[36008, 25960],[36008, 25968],[36000, 25968],[36000, 25976],[35992, 25976],[35992, 25984],[35976, 25984],[35976, 25992],[35968, 25992],[35968, 26000],[35960, 26000],[35960, 26008],[35952, 26008]]]},"properties":{"objectType":"annotation","classification":{"name":"Ignore*","color":[180, 180, 180]},"isLocked":true}},{"type":"Feature","id":"7971f337-3719-4b01-aa3f-c81de029a3ec","geometry":{"type":"Polygon","coordinates":[[[34624, 26000],[34624, 26032],[34632, 26032],[34632, 26048],[34640, 26048],[34640, 26064],[34648, 26064],[34648, 26080],[34680, 26080],[34680, 26072],[34688, 26072],[34688, 26064],[34696, 26064],[34696, 26056],[34704, 26056],[34704, 26048],[34720, 26048],[34720, 26040],[34736, 26040],[34736, 26032],[34744, 26032],[34744, 26000],[34736, 26000],[34736, 25992],[34728, 25992],[34728, 25984],[34720, 25984],[34720, 25992],[34712, 25992],[34712, 26000],[34704, 26000],[34704, 26008],[34696, 26008],[34696, 26016],[34688, 26016],[34688, 26024],[34672, 26024],[34672, 26016],[34664, 26016],[34664, 26008],[34656, 26008],[34656, 26000],[34624, 26000]]]},"properties":{"objectType":"annotation","classification":{"name":"Ignore*","color":[180, 180, 180]},"isLocked":true}},{"type":"Feature","id":"b2b052f8-5591-444d-9809-4a6c04907a40","geometry":{"type":"Polygon","coordinates":[[[28616, 26016],[28616, 26024],[28624, 26024],[28624, 26032],[28632, 26032],[28632, 26040],[28640, 26040],[28640, 26048],[28648, 26048],[28648, 26056],[28672, 26056],[28672, 26064],[28688, 26064],[28688, 26072],[28696, 26072],[28696, 26080],[28712, 26080],[28712, 26088],[28720, 26088],[28720, 26096],[28728, 26096],[28728, 26104],[28736, 26104],[28736, 26112],[28752, 26112],[28752, 26120],[28760, 26120],[28760, 26128],[28776, 26128],[28776, 26136],[28784, 26136],[28784, 26144],[28792, 26144],[28792, 26152],[28800, 26152],[28800, 26168],[28808, 26168],[28808, 26184],[28816, 26184],[28816, 26192],[28832, 26192],[28832, 26200],[28856, 26200],[28856, 26192],[28864, 26192],[28864, 26160],[28856, 26160],[28856, 26152],[28848, 26152],[28848, 26144],[28840, 26144],[28840, 26136],[28824, 26136],[28824, 26128],[28816, 26128],[28816, 26120],[28808, 26120],[28808, 26112],[28792, 26112],[28792, 26104],[28784, 26104],[28784, 26088],[28776, 26088],[28776, 26072],[28768, 26072],[28768, 26064],[28760, 26064],[28760, 26056],[28752, 26056],[28752, 26048],[28720, 26048],[28720, 26040],[28696, 26040],[28696, 26032],[28688, 26032],[28688, 26024],[28672, 26024],[28672, 26016],[28656, 26016],[28656, 26008],[28624, 26008],[28624, 26016],[28616, 26016]]]},"properties":{"objectType":"annotation","classification":{"name":"Ignore*","color":[180, 180, 180]},"isLocked":true}},{"type":"Feature","id":"ea6a77e8-ec82-4278-87c0-9efd64d4a9bf","geometry":{"type":"Polygon","coordinates":[[[40456, 26064],[40456, 26080],[40464, 26080],[40464, 26096],[40472, 26096],[40472, 26104],[40480, 26104],[40480, 26112],[40488, 26112],[40488, 26120],[40504, 26120],[40504, 26128],[40512, 26128],[40512, 26136],[40520, 26136],[40520, 26144],[40528, 26144],[40528, 26152],[40544, 26152],[40544, 26160],[40552, 26160],[40552, 26168],[40568, 26168],[40568, 26176],[40576, 26176],[40576, 26184],[40584, 26184],[40584, 26192],[40600, 26192],[40600, 26200],[40616, 26200],[40616, 26184],[40624, 26184],[40624, 26168],[40616, 26168],[40616, 26152],[40608, 26152],[40608, 26144],[40600, 26144],[40600, 26136],[40592, 26136],[40592, 26128],[40576, 26128],[40576, 26120],[40568, 26120],[40568, 26112],[40552, 26112],[40552, 26104],[40536, 26104],[40536, 26096],[40520, 26096],[40520, 26088],[40504, 26088],[40504, 26080],[40496, 26080],[40496, 26072],[40480, 26072],[40480, 26064],[40456, 26064]]]},"properties":{"objectType":"annotation","classification":{"name":"Ignore*","color":[180, 180, 180]},"isLocked":true}},{"type":"Feature","id":"7247faec-144d-4c0c-8dc8-2b75cb9dd727","geometry":{"type":"Polygon","coordinates":[[[31528, 26128],[31528, 26152],[31536, 26152],[31536, 26160],[31544, 26160],[31544, 26168],[31552, 26168],[31552, 26176],[31560, 26176],[31560, 26184],[31568, 26184],[31568, 26192],[31576, 26192],[31576, 26200],[31584, 26200],[31584, 26208],[31592, 26208],[31592, 26216],[31600, 26216],[31600, 26224],[31632, 26224],[31632, 26200],[31624, 26200],[31624, 26184],[31616, 26184],[31616, 26176],[31608, 26176],[31608, 26168],[31600, 26168],[31600, 26152],[31592, 26152],[31592, 26136],[31584, 26136],[31584, 26128],[31568, 26128],[31568, 26120],[31544, 26120],[31544, 26128],[31528, 26128]]]},"properties":{"objectType":"annotation","classification":{"name":"Ignore*","color":[180, 180, 180]},"isLocked":true}},{"type":"Feature","id":"fff8666b-4183-444f-b92c-aba8bee5aebd","geometry":{"type":"Polygon","coordinates":[[[34024, 26184],[34024, 26208],[34032, 26208],[34032, 26224],[34048, 26224],[34048, 26232],[34056, 26232],[34056, 26240],[34064, 26240],[34064, 26256],[34072, 26256],[34072, 26264],[34080, 26264],[34080, 26272],[34136, 26272],[34136, 26280],[34152, 26280],[34152, 26288],[34160, 26288],[34160, 26296],[34192, 26296],[34192, 26288],[34200, 26288],[34200, 26280],[34208, 26280],[34208, 26264],[34200, 26264],[34200, 26248],[34192, 26248],[34192, 26240],[34144, 26240],[34144, 26248],[34136, 26248],[34136, 26240],[34128, 26240],[34128, 26232],[34120, 26232],[34120, 26208],[34112, 26208],[34112, 26192],[34104, 26192],[34104, 26184],[34096, 26184],[34096, 26176],[34088, 26176],[34088, 26168],[34080, 26168],[34080, 26160],[34048, 26160],[34048, 26168],[34032, 26168],[34032, 26184],[34024, 26184]]]},"properties":{"objectType":"annotation","classification":{"name":"Ignore*","color":[180, 180, 180]},"isLocked":true}},{"type":"Feature","id":"57855c5e-b8ce-416d-b70d-55395dc58bde","geometry":{"type":"Polygon","coordinates":[[[30544, 26160],[30544, 26216],[30552, 26216],[30552, 26264],[30560, 26264],[30560, 26280],[30568, 26280],[30568, 26288],[30576, 26288],[30576, 26296],[30592, 26296],[30592, 26288],[30600, 26288],[30600, 26280],[30608, 26280],[30608, 26256],[30616, 26256],[30616, 26216],[30608, 26216],[30608, 26208],[30600, 26208],[30600, 26200],[30592, 26200],[30592, 26192],[30584, 26192],[30584, 26184],[30576, 26184],[30576, 26176],[30560, 26176],[30560, 26168],[30552, 26168],[30552, 26160],[30544, 26160]]]},"properties":{"objectType":"annotation","classification":{"name":"Ignore*","color":[180, 180, 180]},"isLocked":true}},{"type":"Feature","id":"f52526c2-aee4-44aa-8878-5e998eb97716","geometry":{"type":"Polygon","coordinates":[[[39712, 26280],[39784, 26328],[39840, 26272],[39808, 26208],[39736, 26208],[39712, 26280]]]},"properties":{"objectType":"annotation","classification":{"name":"Tumor","color":[102, 77, 179]}}},{"type":"Feature","id":"5775bf31-9382-4e36-9e10-910dc6a6023f","geometry":{"type":"Polygon","coordinates":[[[32504, 26256],[32504, 26288],[32512, 26288],[32512, 26296],[32552, 26296],[32552, 26288],[32576, 26288],[32576, 26296],[32624, 26296],[32624, 26288],[32640, 26288],[32640, 26248],[32632, 26248],[32632, 26240],[32616, 26240],[32616, 26232],[32600, 26232],[32600, 26240],[32520, 26240],[32520, 26248],[32512, 26248],[32512, 26256],[32504, 26256]]]},"properties":{"objectType":"annotation","classification":{"name":"Ignore*","color":[180, 180, 180]},"isLocked":true}},{"type":"Feature","id":"8c65d16d-9adc-4ca3-bbc6-7d78088d73cd","geometry":{"type":"Polygon","coordinates":[[[29376, 26184],[29376, 26232],[29384, 26232],[29384, 26264],[29392, 26264],[29392, 26272],[29400, 26272],[29400, 26288],[29408, 26288],[29408, 26296],[29416, 26296],[29416, 26304],[29424, 26304],[29424, 26312],[29440, 26312],[29440, 26320],[29456, 26320],[29456, 26328],[29480, 26328],[29480, 26336],[29496, 26336],[29496, 26344],[29512, 26344],[29512, 26352],[29528, 26352],[29528, 26344],[29536, 26344],[29536, 26304],[29528, 26304],[29528, 26296],[29520, 26296],[29520, 26288],[29512, 26288],[29512, 26280],[29504, 26280],[29504, 26272],[29496, 26272],[29496, 26264],[29488, 26264],[29488, 26256],[29480, 26256],[29480, 26248],[29472, 26248],[29472, 26240],[29464, 26240],[29464, 26224],[29456, 26224],[29456, 26216],[29448, 26216],[29448, 26208],[29440, 26208],[29440, 26200],[29432, 26200],[29432, 26192],[29424, 26192],[29424, 26184],[29400, 26184],[29400, 26176],[29392, 26176],[29392, 26184],[29376, 26184]]]},"properties":{"objectType":"annotation","classification":{"name":"Ignore*","color":[180, 180, 180]},"isLocked":true}},{"type":"Feature","id":"2c1547f9-04e1-4c4c-9f62-d4535611a944","geometry":{"type":"Polygon","coordinates":[[[39144, 26376],[39168, 26432],[39160, 26536],[39184, 26568],[39224, 26544],[39232, 26488],[39304, 26448],[39368, 26376],[39400, 26256],[39464, 26200],[39464, 26136],[39408, 26088],[39328, 26088],[39312, 26144],[39272, 26176],[39312, 26296],[39296, 26368],[39208, 26400],[39240, 26352],[39232, 26312],[39192, 26312],[39176, 26368],[39144, 26376]]]},"properties":{"objectType":"annotation","classification":{"name":"Tumor","color":[102, 77, 179]}}},{"type":"Feature","id":"aec41038-1523-4461-963a-06baf0458d50","geometry":{"type":"Polygon","coordinates":[[[32016, 26432],[32016, 26456],[32024, 26456],[32024, 26464],[32072, 26464],[32072, 26456],[32088, 26456],[32088, 26448],[32104, 26448],[32104, 26440],[32112, 26440],[32112, 26432],[32120, 26432],[32120, 26392],[32128, 26392],[32128, 26384],[32160, 26384],[32160, 26392],[32176, 26392],[32176, 26400],[32184, 26400],[32184, 26408],[32192, 26408],[32192, 26424],[32200, 26424],[32200, 26432],[32208, 26432],[32208, 26440],[32216, 26440],[32216, 26448],[32240, 26448],[32240, 26456],[32264, 26456],[32264, 26448],[32280, 26448],[32280, 26440],[32288, 26440],[32288, 26424],[32296, 26424],[32296, 26400],[32288, 26400],[32288, 26392],[32272, 26392],[32272, 26384],[32240, 26384],[32240, 26376],[32224, 26376],[32224, 26368],[32216, 26368],[32216, 26360],[32208, 26360],[32208, 26352],[32192, 26352],[32192, 26344],[32184, 26344],[32184, 26336],[32176, 26336],[32176, 26328],[32168, 26328],[32168, 26312],[32160, 26312],[32160, 26296],[32152, 26296],[32152, 26280],[32144, 26280],[32144, 26264],[32136, 26264],[32136, 26256],[32120, 26256],[32120, 26264],[32112, 26264],[32112, 26272],[32104, 26272],[32104, 26288],[32096, 26288],[32096, 26320],[32104, 26320],[32104, 26352],[32096, 26352],[32096, 26368],[32088, 26368],[32088, 26376],[32080, 26376],[32080, 26384],[32072, 26384],[32072, 26392],[32064, 26392],[32064, 26400],[32048, 26400],[32048, 26408],[32040, 26408],[32040, 26416],[32032, 26416],[32032, 26424],[32024, 26424],[32024, 26432],[32016, 26432]]]},"properties":{"objectType":"annotation","classification":{"name":"Ignore*","color":[180, 180, 180]},"isLocked":true}},{"type":"Feature","id":"753f94e2-c745-474d-90ea-6909b5717c25","geometry":{"type":"Polygon","coordinates":[[[29496, 26496],[29496, 26544],[29512, 26544],[29512, 26552],[29528, 26552],[29528, 26560],[29536, 26560],[29536, 26568],[29544, 26568],[29544, 26576],[29568, 26576],[29568, 26560],[29576, 26560],[29576, 26528],[29568, 26528],[29568, 26464],[29576, 26464],[29576, 26456],[29584, 26456],[29584, 26440],[29592, 26440],[29592, 26416],[29584, 26416],[29584, 26408],[29576, 26408],[29576, 26400],[29560, 26400],[29560, 26392],[29528, 26392],[29528, 26400],[29520, 26400],[29520, 26456],[29512, 26456],[29512, 26480],[29504, 26480],[29504, 26496],[29496, 26496]]]},"properties":{"objectType":"annotation","classification":{"name":"Ignore*","color":[180, 180, 180]},"isLocked":true}},{"type":"Feature","id":"ff845377-940a-4a1b-a2f2-1500a5f55281","geometry":{"type":"Polygon","coordinates":[[[31312, 26456],[31312, 26488],[31320, 26488],[31320, 26504],[31328, 26504],[31328, 26520],[31336, 26520],[31336, 26528],[31344, 26528],[31344, 26536],[31352, 26536],[31352, 26544],[31360, 26544],[31360, 26552],[31368, 26552],[31368, 26560],[31376, 26560],[31376, 26568],[31392, 26568],[31392, 26576],[31400, 26576],[31400, 26568],[31408, 26568],[31408, 26544],[31400, 26544],[31400, 26520],[31392, 26520],[31392, 26472],[31384, 26472],[31384, 26464],[31368, 26464],[31368, 26456],[31352, 26456],[31352, 26448],[31320, 26448],[31320, 26456],[31312, 26456]]]},"properties":{"objectType":"annotation","classification":{"name":"Ignore*","color":[180, 180, 180]},"isLocked":true}},{"type":"Feature","id":"9e0bdcd8-b596-46c5-9533-542fa620af43","geometry":{"type":"Polygon","coordinates":[[[33728, 26552],[33728, 26656],[33752, 26656],[33752, 26648],[33760, 26648],[33760, 26640],[33768, 26640],[33768, 26608],[33776, 26608],[33776, 26568],[33784, 26568],[33784, 26544],[33792, 26544],[33792, 26488],[33784, 26488],[33784, 26472],[33752, 26472],[33752, 26488],[33744, 26488],[33744, 26520],[33736, 26520],[33736, 26552],[33728, 26552]]]},"properties":{"objectType":"annotation","classification":{"name":"Ignore*","color":[180, 180, 180]},"isLocked":true}},{"type":"Feature","id":"a344ad0e-17ec-4725-851f-cc32aef216e8","geometry":{"type":"Polygon","coordinates":[[[28536, 26504],[28536, 26520],[28544, 26520],[28544, 26528],[28552, 26528],[28552, 26544],[28560, 26544],[28560, 26560],[28568, 26560],[28568, 26576],[28576, 26576],[28576, 26592],[28584, 26592],[28584, 26608],[28592, 26608],[28592, 26616],[28688, 26616],[28688, 26600],[28696, 26600],[28696, 26584],[28688, 26584],[28688, 26576],[28664, 26576],[28664, 26568],[28648, 26568],[28648, 26560],[28632, 26560],[28632, 26552],[28624, 26552],[28624, 26544],[28616, 26544],[28616, 26528],[28608, 26528],[28608, 26520],[28600, 26520],[28600, 26504],[28592, 26504],[28592, 26488],[28576, 26488],[28576, 26480],[28568, 26480],[28568, 26488],[28552, 26488],[28552, 26496],[28544, 26496],[28544, 26504],[28536, 26504]]]},"properties":{"objectType":"annotation","classification":{"name":"Ignore*","color":[180, 180, 180]},"isLocked":true}},{"type":"Feature","id":"80577af0-9c5b-47ad-8181-aeaf1478c43f","geometry":{"type":"Polygon","coordinates":[[[39616, 26664],[39664, 26712],[39728, 26712],[39904, 26648],[39928, 26592],[39976, 26592],[39952, 26440],[39904, 26416],[39848, 26448],[39816, 26536],[39744, 26512],[39648, 26536],[39616, 26664]]]},"properties":{"objectType":"annotation","classification":{"name":"Tumor","color":[102, 77, 179]}}},{"type":"Feature","id":"844734ad-7c2a-488f-9b50-8e1e71da1db9","geometry":{"type":"Polygon","coordinates":[[[33336, 26584],[33336, 26600],[33344, 26600],[33344, 26624],[33352, 26624],[33352, 26632],[33360, 26632],[33360, 26640],[33400, 26640],[33400, 26624],[33408, 26624],[33408, 26560],[33400, 26560],[33400, 26552],[33360, 26552],[33360, 26560],[33352, 26560],[33352, 26568],[33344, 26568],[33344, 26584],[33336, 26584]]]},"properties":{"objectType":"annotation","classification":{"name":"Ignore*","color":[180, 180, 180]},"isLocked":true}},{"type":"Feature","id":"4420e185-4a0f-4b38-adcd-baeeff8b9f2a","geometry":{"type":"Polygon","coordinates":[[[27856, 26512],[27856, 26552],[27864, 26552],[27864, 26560],[27872, 26560],[27872, 26576],[27880, 26576],[27880, 26584],[27888, 26584],[27888, 26592],[27896, 26592],[27896, 26608],[27904, 26608],[27904, 26616],[27912, 26616],[27912, 26624],[27920, 26624],[27920, 26640],[27928, 26640],[27928, 26656],[27936, 26656],[27936, 26680],[27944, 26680],[27944, 26688],[27952, 26688],[27952, 26696],[27960, 26696],[27960, 26704],[27968, 26704],[27968, 26712],[28000, 26712],[28000, 26704],[28008, 26704],[28008, 26680],[28000, 26680],[28000, 26656],[27992, 26656],[27992, 26640],[27984, 26640],[27984, 26616],[27976, 26616],[27976, 26592],[27968, 26592],[27968, 26568],[27960, 26568],[27960, 26560],[27952, 26560],[27952, 26552],[27944, 26552],[27944, 26544],[27928, 26544],[27928, 26536],[27920, 26536],[27920, 26528],[27912, 26528],[27912, 26520],[27896, 26520],[27896, 26512],[27880, 26512],[27880, 26504],[27872, 26504],[27872, 26512],[27856, 26512]]]},"properties":{"objectType":"annotation","classification":{"name":"Ignore*","color":[180, 180, 180]},"isLocked":true}},{"type":"Feature","id":"cdfde9ca-79e5-4f42-b77c-929756075712","geometry":{"type":"Polygon","coordinates":[[[39984, 26640],[40152, 26888],[40400, 26624],[40072, 26584],[39984, 26640]]]},"properties":{"objectType":"annotation","classification":{"name":"Tumor","color":[102, 77, 179]}}},{"type":"Feature","id":"5ba564a8-8c3f-40cf-89e1-56b59abb1b8c","geometry":{"type":"Polygon","coordinates":[[[30840, 26648],[30840, 26672],[30848, 26672],[30848, 26688],[30856, 26688],[30856, 26712],[30864, 26712],[30864, 26736],[30872, 26736],[30872, 26752],[30880, 26752],[30880, 26760],[30928, 26760],[30928, 26752],[30936, 26752],[30936, 26728],[30944, 26728],[30944, 26720],[30952, 26720],[30952, 26704],[30960, 26704],[30960, 26688],[30952, 26688],[30952, 26672],[30920, 26672],[30920, 26664],[30904, 26664],[30904, 26656],[30896, 26656],[30896, 26648],[30880, 26648],[30880, 26640],[30848, 26640],[30848, 26648],[30840, 26648]]]},"properties":{"objectType":"annotation","classification":{"name":"Ignore*","color":[180, 180, 180]},"isLocked":true}},{"type":"Feature","id":"620107c6-12ae-4fde-a34e-9e01699b2a19","geometry":{"type":"Polygon","coordinates":[[[33768, 26728],[33768, 26744],[33776, 26744],[33776, 26760],[33784, 26760],[33784, 26768],[33792, 26768],[33792, 26776],[33832, 26776],[33832, 26784],[33864, 26784],[33864, 26792],[33936, 26792],[33936, 26784],[33944, 26784],[33944, 26768],[33952, 26768],[33952, 26752],[33944, 26752],[33944, 26744],[33936, 26744],[33936, 26736],[33912, 26736],[33912, 26728],[33888, 26728],[33888, 26720],[33872, 26720],[33872, 26712],[33848, 26712],[33848, 26704],[33832, 26704],[33832, 26696],[33800, 26696],[33800, 26704],[33784, 26704],[33784, 26712],[33776, 26712],[33776, 26728],[33768, 26728]]]},"properties":{"objectType":"annotation","classification":{"name":"Ignore*","color":[180, 180, 180]},"isLocked":true}},{"type":"Feature","id":"e5049848-1656-4bb9-8baf-c0c4ba644772","geometry":{"type":"Polygon","coordinates":[[[34224, 26792],[34224, 26832],[34232, 26832],[34232, 26856],[34240, 26856],[34240, 26896],[34248, 26896],[34248, 26904],[34256, 26904],[34256, 26912],[34288, 26912],[34288, 26904],[34312, 26904],[34312, 26896],[34328, 26896],[34328, 26888],[34336, 26888],[34336, 26856],[34328, 26856],[34328, 26848],[34320, 26848],[34320, 26840],[34312, 26840],[34312, 26832],[34296, 26832],[34296, 26824],[34280, 26824],[34280, 26816],[34272, 26816],[34272, 26808],[34264, 26808],[34264, 26800],[34256, 26800],[34256, 26792],[34248, 26792],[34248, 26784],[34232, 26784],[34232, 26792],[34224, 26792]]]},"properties":{"objectType":"annotation","classification":{"name":"Ignore*","color":[180, 180, 180]},"isLocked":true}},{"type":"Feature","id":"90153a18-a572-40af-9c7b-6b3c72af61a5","geometry":{"type":"Polygon","coordinates":[[[28200, 26872],[28200, 26904],[28208, 26904],[28208, 26912],[28216, 26912],[28216, 26920],[28224, 26920],[28224, 26928],[28232, 26928],[28232, 26936],[28248, 26936],[28248, 26944],[28264, 26944],[28264, 26952],[28288, 26952],[28288, 26960],[28312, 26960],[28312, 26968],[28336, 26968],[28336, 26976],[28352, 26976],[28352, 26984],[28368, 26984],[28368, 26992],[28384, 26992],[28384, 27000],[28392, 27000],[28392, 27008],[28416, 27008],[28416, 27000],[28432, 27000],[28432, 26984],[28440, 26984],[28440, 26976],[28448, 26976],[28448, 26936],[28440, 26936],[28440, 26920],[28432, 26920],[28432, 26904],[28424, 26904],[28424, 26896],[28416, 26896],[28416, 26888],[28376, 26888],[28376, 26880],[28320, 26880],[28320, 26872],[28200, 26872]]]},"properties":{"objectType":"annotation","classification":{"name":"Ignore*","color":[180, 180, 180]},"isLocked":true}},{"type":"Feature","id":"59d86156-7f93-4fb6-a53b-e19a9b91dd29","geometry":{"type":"Polygon","coordinates":[[[27816, 26928],[27816, 26968],[27824, 26968],[27824, 26976],[27856, 26976],[27856, 26968],[27864, 26968],[27864, 26952],[27888, 26952],[27888, 26960],[27896, 26960],[27896, 26968],[27904, 26968],[27904, 26976],[27912, 26976],[27912, 26984],[27928, 26984],[27928, 26992],[27944, 26992],[27944, 26984],[27952, 26984],[27952, 26960],[27944, 26960],[27944, 26944],[27936, 26944],[27936, 26936],[27928, 26936],[27928, 26928],[27920, 26928],[27920, 26920],[27912, 26920],[27912, 26912],[27880, 26912],[27880, 26920],[27848, 26920],[27848, 26912],[27832, 26912],[27832, 26920],[27824, 26920],[27824, 26928],[27816, 26928]]]},"properties":{"objectType":"annotation","classification":{"name":"Ignore*","color":[180, 180, 180]},"isLocked":true}},{"type":"Feature","id":"94785eb6-d802-4426-8fcd-d2d196c07ffd","geometry":{"type":"Polygon","coordinates":[[[39560, 26968],[39560, 27000],[39568, 27000],[39568, 27032],[39576, 27032],[39576, 27048],[39584, 27048],[39584, 27064],[39592, 27064],[39592, 27072],[39600, 27072],[39600, 27080],[39624, 27080],[39624, 27072],[39632, 27072],[39632, 27064],[39640, 27064],[39640, 27056],[39648, 27056],[39648, 27000],[39680, 27000],[39680, 27008],[39760, 27008],[39760, 27016],[39776, 27016],[39776, 27024],[39792, 27024],[39792, 27032],[39816, 27032],[39816, 27024],[39824, 27024],[39824, 27016],[39832, 27016],[39832, 26976],[39816, 26976],[39816, 26968],[39784, 26968],[39784, 26960],[39736, 26960],[39736, 26952],[39712, 26952],[39712, 26944],[39656, 26944],[39656, 26936],[39600, 26936],[39600, 26944],[39584, 26944],[39584, 26952],[39576, 26952],[39576, 26960],[39568, 26960],[39568, 26968],[39560, 26968]]]},"properties":{"objectType":"annotation","classification":{"name":"Ignore*","color":[180, 180, 180]},"isLocked":true}},{"type":"Feature","id":"ad8af93e-ebaa-4120-ab2e-de2f9d5c18ec","geometry":{"type":"Polygon","coordinates":[[[28160, 26960],[28160, 26992],[28176, 26992],[28176, 27000],[28216, 27000],[28216, 27008],[28232, 27008],[28232, 27024],[28248, 27024],[28248, 27032],[28264, 27032],[28264, 27040],[28296, 27040],[28296, 27032],[28312, 27032],[28312, 27024],[28320, 27024],[28320, 27008],[28312, 27008],[28312, 27000],[28304, 27000],[28304, 26992],[28280, 26992],[28280, 26984],[28224, 26984],[28224, 26968],[28216, 26968],[28216, 26960],[28208, 26960],[28208, 26952],[28176, 26952],[28176, 26960],[28160, 26960]]]},"properties":{"objectType":"annotation","classification":{"name":"Ignore*","color":[180, 180, 180]},"isLocked":true}},{"type":"Feature","id":"6fee59d9-b2f5-4c97-8b48-6eec20c3e0a3","geometry":{"type":"Polygon","coordinates":[[[39352, 26928],[39352, 26944],[39360, 26944],[39360, 26960],[39368, 26960],[39368, 26984],[39376, 26984],[39376, 27000],[39368, 27000],[39368, 27048],[39376, 27048],[39376, 27064],[39384, 27064],[39384, 27080],[39392, 27080],[39392, 27096],[39400, 27096],[39400, 27112],[39408, 27112],[39408, 27128],[39424, 27128],[39424, 27136],[39456, 27136],[39456, 27128],[39472, 27128],[39472, 27088],[39480, 27088],[39480, 27072],[39488, 27072],[39488, 27064],[39496, 27064],[39496, 27056],[39504, 27056],[39504, 27040],[39496, 27040],[39496, 27032],[39480, 27032],[39480, 27024],[39448, 27024],[39448, 27016],[39440, 27016],[39440, 27008],[39432, 27008],[39432, 27000],[39424, 27000],[39424, 26976],[39416, 26976],[39416, 26944],[39408, 26944],[39408, 26920],[39400, 26920],[39400, 26912],[39368, 26912],[39368, 26920],[39360, 26920],[39360, 26928],[39352, 26928]]]},"properties":{"objectType":"annotation","classification":{"name":"Ignore*","color":[180, 180, 180]},"isLocked":true}},{"type":"Feature","id":"9f6b20cd-bee9-473a-bdf8-1e6cea612d3d","geometry":{"type":"Polygon","coordinates":[[[30432, 27072],[30432, 27112],[30440, 27112],[30440, 27120],[30448, 27120],[30448, 27128],[30464, 27128],[30464, 27136],[30480, 27136],[30480, 27144],[30504, 27144],[30504, 27152],[30512, 27152],[30512, 27160],[30528, 27160],[30528, 27168],[30536, 27168],[30536, 27176],[30560, 27176],[30560, 27184],[30576, 27184],[30576, 27176],[30624, 27176],[30624, 27168],[30632, 27168],[30632, 27160],[30648, 27160],[30648, 27152],[30656, 27152],[30656, 27144],[30664, 27144],[30664, 27136],[30672, 27136],[30672, 27128],[30680, 27128],[30680, 27112],[30688, 27112],[30688, 27080],[30656, 27080],[30656, 27088],[30640, 27088],[30640, 27096],[30632, 27096],[30632, 27104],[30616, 27104],[30616, 27112],[30600, 27112],[30600, 27120],[30560, 27120],[30560, 27112],[30520, 27112],[30520, 27104],[30504, 27104],[30504, 27096],[30488, 27096],[30488, 27088],[30480, 27088],[30480, 27080],[30472, 27080],[30472, 27072],[30432, 27072]]]},"properties":{"objectType":"annotation","classification":{"name":"Ignore*","color":[180, 180, 180]},"isLocked":true}},{"type":"Feature","id":"030bdaf3-4e1d-437f-8cb6-b590acdb8bde","geometry":{"type":"Polygon","coordinates":[[[34720, 27152],[34720, 27208],[34728, 27208],[34728, 27232],[34736, 27232],[34736, 27248],[34752, 27248],[34752, 27256],[34776, 27256],[34776, 27240],[34784, 27240],[34784, 27200],[34776, 27200],[34776, 27160],[34768, 27160],[34768, 27152],[34760, 27152],[34760, 27144],[34736, 27144],[34736, 27152],[34720, 27152]]]},"properties":{"objectType":"annotation","classification":{"name":"Ignore*","color":[180, 180, 180]},"isLocked":true}},{"type":"Feature","id":"7525aaa1-88b5-44e3-af15-615068f4b514","geometry":{"type":"Polygon","coordinates":[[[32496, 27224],[32496, 27248],[32504, 27248],[32504, 27264],[32512, 27264],[32512, 27272],[32520, 27272],[32520, 27280],[32536, 27280],[32536, 27288],[32552, 27288],[32552, 27296],[32568, 27296],[32568, 27304],[32576, 27304],[32576, 27312],[32592, 27312],[32592, 27320],[32600, 27320],[32600, 27328],[32608, 27328],[32608, 27344],[32616, 27344],[32616, 27352],[32624, 27352],[32624, 27376],[32632, 27376],[32632, 27392],[32640, 27392],[32640, 27400],[32648, 27400],[32648, 27408],[32680, 27408],[32680, 27400],[32688, 27400],[32688, 27392],[32696, 27392],[32696, 27296],[32704, 27296],[32704, 27272],[32712, 27272],[32712, 27256],[32720, 27256],[32720, 27240],[32728, 27240],[32728, 27208],[32720, 27208],[32720, 27200],[32704, 27200],[32704, 27208],[32696, 27208],[32696, 27216],[32688, 27216],[32688, 27256],[32680, 27256],[32680, 27264],[32672, 27264],[32672, 27272],[32656, 27272],[32656, 27280],[32640, 27280],[32640, 27272],[32632, 27272],[32632, 27264],[32624, 27264],[32624, 27248],[32616, 27248],[32616, 27232],[32608, 27232],[32608, 27224],[32600, 27224],[32600, 27216],[32592, 27216],[32592, 27208],[32576, 27208],[32576, 27200],[32520, 27200],[32520, 27208],[32504, 27208],[32504, 27224],[32496, 27224]]]},"properties":{"objectType":"annotation","classification":{"name":"Ignore*","color":[180, 180, 180]},"isLocked":true}},{"type":"Feature","id":"f5e69980-d1c5-468a-9e0e-c817944e289b","geometry":{"type":"Polygon","coordinates":[[[35280, 27504],[35280, 27536],[35288, 27536],[35288, 27544],[35296, 27544],[35296, 27552],[35312, 27552],[35312, 27560],[35320, 27560],[35320, 27552],[35336, 27552],[35336, 27544],[35344, 27544],[35344, 27520],[35352, 27520],[35352, 27512],[35360, 27512],[35360, 27504],[35408, 27504],[35408, 27496],[35424, 27496],[35424, 27488],[35440, 27488],[35440, 27496],[35448, 27496],[35448, 27512],[35456, 27512],[35456, 27520],[35472, 27520],[35472, 27528],[35488, 27528],[35488, 27520],[35504, 27520],[35504, 27512],[35512, 27512],[35512, 27480],[35504, 27480],[35504, 27472],[35496, 27472],[35496, 27464],[35488, 27464],[35488, 27456],[35464, 27456],[35464, 27464],[35448, 27464],[35448, 27472],[35432, 27472],[35432, 27464],[35416, 27464],[35416, 27456],[35368, 27456],[35368, 27464],[35352, 27464],[35352, 27472],[35344, 27472],[35344, 27480],[35328, 27480],[35328, 27488],[35296, 27488],[35296, 27496],[35288, 27496],[35288, 27504],[35280, 27504]]]},"properties":{"objectType":"annotation","classification":{"name":"Ignore*","color":[180, 180, 180]},"isLocked":true}},{"type":"Feature","id":"2a7c7324-2122-4160-8c84-95cc64a0d526","geometry":{"type":"Polygon","coordinates":[[[32512, 27640],[32512, 27656],[32520, 27656],[32520, 27672],[32528, 27672],[32528, 27688],[32536, 27688],[32536, 27696],[32544, 27696],[32544, 27704],[32552, 27704],[32552, 27712],[32568, 27712],[32568, 27720],[32592, 27720],[32592, 27728],[32600, 27728],[32600, 27720],[32616, 27720],[32616, 27704],[32624, 27704],[32624, 27672],[32616, 27672],[32616, 27656],[32608, 27656],[32608, 27640],[32600, 27640],[32600, 27632],[32584, 27632],[32584, 27624],[32568, 27624],[32568, 27616],[32536, 27616],[32536, 27624],[32528, 27624],[32528, 27632],[32520, 27632],[32520, 27640],[32512, 27640]]]},"properties":{"objectType":"annotation","classification":{"name":"Ignore*","color":[180, 180, 180]},"isLocked":true}},{"type":"Feature","id":"6a43fa91-e0f5-4cfe-8bf1-253e0e87f160","geometry":{"type":"Polygon","coordinates":[[[32800, 27696],[32800, 27808],[32808, 27808],[32808, 27816],[32832, 27816],[32832, 27808],[32840, 27808],[32840, 27800],[32848, 27800],[32848, 27784],[32856, 27784],[32856, 27760],[32848, 27760],[32848, 27720],[32840, 27720],[32840, 27704],[32832, 27704],[32832, 27696],[32824, 27696],[32824, 27688],[32808, 27688],[32808, 27696],[32800, 27696]]]},"properties":{"objectType":"annotation","classification":{"name":"Ignore*","color":[180, 180, 180]},"isLocked":true}},{"type":"Feature","id":"ab9f2bf0-408a-4c38-a75f-70df5906d137","geometry":{"type":"Polygon","coordinates":[[[33168, 27720],[33168, 27752],[33184, 27752],[33184, 27760],[33208, 27760],[33208, 27768],[33224, 27768],[33224, 27776],[33240, 27776],[33240, 27784],[33248, 27784],[33248, 27792],[33256, 27792],[33256, 27800],[33264, 27800],[33264, 27808],[33272, 27808],[33272, 27816],[33280, 27816],[33280, 27824],[33312, 27824],[33312, 27816],[33320, 27816],[33320, 27792],[33312, 27792],[33312, 27768],[33304, 27768],[33304, 27752],[33296, 27752],[33296, 27744],[33288, 27744],[33288, 27736],[33280, 27736],[33280, 27728],[33264, 27728],[33264, 27720],[33224, 27720],[33224, 27712],[33176, 27712],[33176, 27720],[33168, 27720]]]},"properties":{"objectType":"annotation","classification":{"name":"Ignore*","color":[180, 180, 180]},"isLocked":true}},{"type":"Feature","id":"035431ed-6775-4215-8795-9a37f248313f","geometry":{"type":"Polygon","coordinates":[[[36184, 27792],[36184, 27824],[36192, 27824],[36192, 27832],[36208, 27832],[36208, 27840],[36224, 27840],[36224, 27848],[36232, 27848],[36232, 27856],[36240, 27856],[36240, 27864],[36272, 27864],[36272, 27856],[36280, 27856],[36280, 27848],[36288, 27848],[36288, 27832],[36296, 27832],[36296, 27800],[36288, 27800],[36288, 27792],[36280, 27792],[36280, 27784],[36256, 27784],[36256, 27792],[36240, 27792],[36240, 27784],[36192, 27784],[36192, 27792],[36184, 27792]]]},"properties":{"objectType":"annotation","classification":{"name":"Ignore*","color":[180, 180, 180]},"isLocked":true}},{"type":"Feature","id":"e0d0141b-be72-4fb2-add9-e87a42203670","geometry":{"type":"Polygon","coordinates":[[[31416, 27848],[31416, 27896],[31424, 27896],[31424, 27904],[31432, 27904],[31432, 27912],[31456, 27912],[31456, 27904],[31464, 27904],[31464, 27896],[31472, 27896],[31472, 27888],[31480, 27888],[31480, 27824],[31472, 27824],[31472, 27816],[31464, 27816],[31464, 27808],[31448, 27808],[31448, 27816],[31440, 27816],[31440, 27824],[31432, 27824],[31432, 27832],[31424, 27832],[31424, 27848],[31416, 27848]]]},"properties":{"objectType":"annotation","classification":{"name":"Ignore*","color":[180, 180, 180]},"isLocked":true}},{"type":"Feature","id":"56199e15-c0fb-4bad-a07f-a4dafb88ca46","geometry":{"type":"Polygon","coordinates":[[[30800, 27736],[30800, 27856],[30824, 27920],[30920, 28032],[30904, 28120],[30960, 28144],[31008, 28088],[31000, 27936],[30944, 27840],[30952, 27704],[30920, 27664],[30872, 27664],[30800, 27736]]]},"properties":{"objectType":"annotation","classification":{"name":"Tumor","color":[102, 77, 179]}}},{"type":"Feature","id":"03016a39-99a8-4af8-94e0-a18c996b9a09","geometry":{"type":"Polygon","coordinates":[[[38240, 27872],[38240, 27888],[38248, 27888],[38248, 27896],[38256, 27896],[38256, 27904],[38272, 27904],[38272, 27912],[38280, 27912],[38280, 27920],[38296, 27920],[38296, 27928],[38352, 27928],[38352, 27936],[38384, 27936],[38384, 27944],[38448, 27944],[38448, 27952],[38464, 27952],[38464, 27944],[38488, 27944],[38488, 27952],[38496, 27952],[38496, 27960],[38504, 27960],[38504, 27968],[38552, 27968],[38552, 27976],[38560, 27976],[38560, 27984],[38568, 27984],[38568, 28000],[38576, 28000],[38576, 28008],[38592, 28008],[38592, 28016],[38608, 28016],[38608, 28008],[38616, 28008],[38616, 27960],[38608, 27960],[38608, 27952],[38600, 27952],[38600, 27944],[38584, 27944],[38584, 27936],[38568, 27936],[38568, 27928],[38552, 27928],[38552, 27920],[38536, 27920],[38536, 27912],[38512, 27912],[38512, 27920],[38496, 27920],[38496, 27928],[38472, 27928],[38472, 27920],[38456, 27920],[38456, 27912],[38440, 27912],[38440, 27904],[38432, 27904],[38432, 27896],[38424, 27896],[38424, 27888],[38360, 27888],[38360, 27880],[38352, 27880],[38352, 27872],[38336, 27872],[38336, 27864],[38328, 27864],[38328, 27856],[38272, 27856],[38272, 27864],[38248, 27864],[38248, 27872],[38240, 27872]]]},"properties":{"objectType":"annotation","classification":{"name":"Ignore*","color":[180, 180, 180]},"isLocked":true}},{"type":"Feature","id":"3ca4fed8-2416-455a-b30b-594a8e1297df","geometry":{"type":"Polygon","coordinates":[[[35408, 27896],[35408, 27944],[35416, 27944],[35416, 27960],[35424, 27960],[35424, 27976],[35432, 27976],[35432, 27992],[35440, 27992],[35440, 28000],[35448, 28000],[35448, 28016],[35456, 28016],[35456, 28024],[35464, 28024],[35464, 28032],[35472, 28032],[35472, 28040],[35480, 28040],[35480, 28048],[35496, 28048],[35496, 28040],[35504, 28040],[35504, 28008],[35496, 28008],[35496, 27984],[35488, 27984],[35488, 27968],[35480, 27968],[35480, 27952],[35472, 27952],[35472, 27936],[35464, 27936],[35464, 27928],[35456, 27928],[35456, 27920],[35448, 27920],[35448, 27912],[35440, 27912],[35440, 27904],[35432, 27904],[35432, 27896],[35424, 27896],[35424, 27888],[35416, 27888],[35416, 27896],[35408, 27896]]]},"properties":{"objectType":"annotation","classification":{"name":"Ignore*","color":[180, 180, 180]},"isLocked":true}},{"type":"Feature","id":"1d6c3a47-b418-4c23-9b8a-8c2f63e7bd7d","geometry":{"type":"Polygon","coordinates":[[[36752, 28048],[36752, 28056],[36760, 28056],[36760, 28064],[36768, 28064],[36768, 28072],[36784, 28072],[36784, 28064],[36808, 28064],[36808, 28056],[36816, 28056],[36816, 28048],[36840, 28048],[36840, 28040],[36864, 28040],[36864, 28032],[36872, 28032],[36872, 28016],[36880, 28016],[36880, 27992],[36872, 27992],[36872, 27984],[36840, 27984],[36840, 27992],[36816, 27992],[36816, 28000],[36800, 28000],[36800, 28008],[36784, 28008],[36784, 28016],[36776, 28016],[36776, 28024],[36768, 28024],[36768, 28032],[36760, 28032],[36760, 28048],[36752, 28048]]]},"properties":{"objectType":"annotation","classification":{"name":"Ignore*","color":[180, 180, 180]},"isLocked":true}},{"type":"Feature","id":"455d0f99-20b5-444c-832d-0471767e4b8f","geometry":{"type":"Polygon","coordinates":[[[31648, 28000],[31648, 28032],[31656, 28032],[31656, 28048],[31664, 28048],[31664, 28136],[31656, 28136],[31656, 28144],[31664, 28144],[31664, 28160],[31672, 28160],[31672, 28176],[31680, 28176],[31680, 28192],[31688, 28192],[31688, 28208],[31696, 28208],[31696, 28224],[31704, 28224],[31704, 28232],[31736, 28232],[31736, 28224],[31744, 28224],[31744, 28208],[31752, 28208],[31752, 28184],[31760, 28184],[31760, 28176],[31768, 28176],[31768, 28160],[31776, 28160],[31776, 28128],[31768, 28128],[31768, 28112],[31760, 28112],[31760, 28088],[31752, 28088],[31752, 28072],[31744, 28072],[31744, 28064],[31736, 28064],[31736, 28056],[31728, 28056],[31728, 28048],[31712, 28048],[31712, 28040],[31704, 28040],[31704, 28032],[31696, 28032],[31696, 28024],[31688, 28024],[31688, 28008],[31680, 28008],[31680, 28000],[31672, 28000],[31672, 27992],[31656, 27992],[31656, 28000],[31648, 28000]]]},"properties":{"objectType":"annotation","classification":{"name":"Ignore*","color":[180, 180, 180]},"isLocked":true}},{"type":"Feature","id":"0e9c4b90-5fd4-45ab-8566-f9ab56a03d3b","geometry":{"type":"Polygon","coordinates":[[[32320, 28184],[32320, 28296],[32328, 28296],[32328, 28304],[32344, 28304],[32344, 28312],[32360, 28312],[32360, 28304],[32384, 28304],[32384, 28296],[32392, 28296],[32392, 28280],[32400, 28280],[32400, 28256],[32408, 28256],[32408, 28240],[32416, 28240],[32416, 28200],[32424, 28200],[32424, 28168],[32432, 28168],[32432, 28144],[32440, 28144],[32440, 28112],[32448, 28112],[32448, 28104],[32456, 28104],[32456, 28088],[32472, 28088],[32472, 28080],[32488, 28080],[32488, 28072],[32504, 28072],[32504, 28032],[32496, 28032],[32496, 28016],[32488, 28016],[32488, 28008],[32472, 28008],[32472, 28000],[32464, 28000],[32464, 27992],[32416, 27992],[32416, 27984],[32384, 27984],[32384, 27992],[32368, 27992],[32368, 28000],[32360, 28000],[32360, 28008],[32352, 28008],[32352, 28016],[32344, 28016],[32344, 28032],[32336, 28032],[32336, 28152],[32328, 28152],[32328, 28184],[32320, 28184]]]},"properties":{"objectType":"annotation","classification":{"name":"Ignore*","color":[180, 180, 180]},"isLocked":true}},{"type":"Feature","id":"eff84970-1c4b-4c9f-9c6b-06134241298f","geometry":{"type":"Polygon","coordinates":[[[34984, 28200],[34984, 28248],[34992, 28248],[34992, 28264],[35000, 28264],[35000, 28272],[35008, 28272],[35008, 28280],[35032, 28280],[35032, 28272],[35040, 28272],[35040, 28256],[35048, 28256],[35048, 28248],[35056, 28248],[35056, 28232],[35064, 28232],[35064, 28224],[35072, 28224],[35072, 28216],[35080, 28216],[35080, 28208],[35112, 28208],[35112, 28216],[35120, 28216],[35120, 28224],[35128, 28224],[35128, 28232],[35136, 28232],[35136, 28256],[35144, 28256],[35144, 28264],[35152, 28264],[35152, 28272],[35160, 28272],[35160, 28280],[35184, 28280],[35184, 28272],[35192, 28272],[35192, 28248],[35184, 28248],[35184, 28240],[35176, 28240],[35176, 28232],[35168, 28232],[35168, 28224],[35160, 28224],[35160, 28208],[35152, 28208],[35152, 28192],[35144, 28192],[35144, 28176],[35136, 28176],[35136, 28168],[35128, 28168],[35128, 28160],[35120, 28160],[35120, 28152],[35104, 28152],[35104, 28144],[35064, 28144],[35064, 28152],[35040, 28152],[35040, 28160],[35024, 28160],[35024, 28168],[35008, 28168],[35008, 28176],[35000, 28176],[35000, 28184],[34992, 28184],[34992, 28200],[34984, 28200]]]},"properties":{"objectType":"annotation","classification":{"name":"Ignore*","color":[180, 180, 180]},"isLocked":true}},{"type":"Feature","id":"c395fd99-c338-41fa-ac30-6821c6d54c88","geometry":{"type":"Polygon","coordinates":[[[33928, 28232],[34032, 28336],[34128, 28312],[34144, 28248],[34088, 28112],[34008, 28088],[33936, 28152],[33928, 28232]]]},"properties":{"objectType":"annotation","classification":{"name":"Tumor","color":[102, 77, 179]}}},{"type":"Feature","id":"3e479697-89ca-4f51-be66-954c3bede1b9","geometry":{"type":"Polygon","coordinates":[[[31224, 28184],[31224, 28216],[31232, 28216],[31232, 28224],[31240, 28224],[31240, 28232],[31248, 28232],[31248, 28240],[31256, 28240],[31256, 28248],[31264, 28248],[31264, 28256],[31272, 28256],[31272, 28264],[31280, 28264],[31280, 28280],[31288, 28280],[31288, 28288],[31296, 28288],[31296, 28296],[31304, 28296],[31304, 28304],[31312, 28304],[31312, 28312],[31360, 28312],[31360, 28304],[31376, 28304],[31376, 28296],[31384, 28296],[31384, 28272],[31376, 28272],[31376, 28264],[31368, 28264],[31368, 28248],[31360, 28248],[31360, 28240],[31368, 28240],[31368, 28224],[31376, 28224],[31376, 28216],[31400, 28216],[31400, 28208],[31416, 28208],[31416, 28200],[31424, 28200],[31424, 28192],[31416, 28192],[31416, 28184],[31408, 28184],[31408, 28168],[31400, 28168],[31400, 28160],[31392, 28160],[31392, 28152],[31384, 28152],[31384, 28144],[31368, 28144],[31368, 28152],[31352, 28152],[31352, 28160],[31344, 28160],[31344, 28168],[31336, 28168],[31336, 28176],[31328, 28176],[31328, 28184],[31256, 28184],[31256, 28176],[31232, 28176],[31232, 28184],[31224, 28184]]]},"properties":{"objectType":"annotation","classification":{"name":"Ignore*","color":[180, 180, 180]},"isLocked":true}},{"type":"Feature","id":"d2be4938-5519-46b0-bde5-cfe6ac94194c","geometry":{"type":"Polygon","coordinates":[[[35720, 28216],[35720, 28248],[35728, 28248],[35728, 28272],[35736, 28272],[35736, 28280],[35744, 28280],[35744, 28288],[35752, 28288],[35752, 28296],[35760, 28296],[35760, 28304],[35784, 28304],[35784, 28312],[35824, 28312],[35824, 28304],[35840, 28304],[35840, 28296],[35848, 28296],[35848, 28288],[35856, 28288],[35856, 28272],[35864, 28272],[35864, 28224],[35856, 28224],[35856, 28216],[35824, 28216],[35824, 28208],[35816, 28208],[35816, 28200],[35808, 28200],[35808, 28184],[35800, 28184],[35800, 28176],[35792, 28176],[35792, 28160],[35784, 28160],[35784, 28152],[35776, 28152],[35776, 28144],[35760, 28144],[35760, 28160],[35752, 28160],[35752, 28184],[35744, 28184],[35744, 28200],[35736, 28200],[35736, 28208],[35728, 28208],[35728, 28216],[35720, 28216]]]},"properties":{"objectType":"annotation","classification":{"name":"Ignore*","color":[180, 180, 180]},"isLocked":true}},{"type":"Feature","id":"678bf722-5d31-4017-a283-7b7d770e28df","geometry":{"type":"Polygon","coordinates":[[[36864, 28408],[36864, 28416],[36872, 28416],[36872, 28432],[36880, 28432],[36880, 28440],[36896, 28440],[36896, 28448],[36904, 28448],[36904, 28440],[36920, 28440],[36920, 28432],[36936, 28432],[36936, 28424],[36944, 28424],[36944, 28416],[36960, 28416],[36960, 28408],[36984, 28408],[36984, 28424],[36976, 28424],[36976, 28472],[36984, 28472],[36984, 28488],[36992, 28488],[36992, 28512],[36984, 28512],[36984, 28528],[36976, 28528],[36976, 28536],[36968, 28536],[36968, 28552],[36960, 28552],[36960, 28584],[36968, 28584],[36968, 28592],[36992, 28592],[36992, 28584],[37000, 28584],[37000, 28568],[37008, 28568],[37008, 28544],[37016, 28544],[37016, 28536],[37032, 28536],[37032, 28528],[37048, 28528],[37048, 28520],[37056, 28520],[37056, 28512],[37072, 28512],[37072, 28504],[37080, 28504],[37080, 28496],[37096, 28496],[37096, 28488],[37112, 28488],[37112, 28480],[37120, 28480],[37120, 28472],[37128, 28472],[37128, 28448],[37120, 28448],[37120, 28360],[37096, 28360],[37096, 28368],[37088, 28368],[37088, 28384],[37080, 28384],[37080, 28392],[37072, 28392],[37072, 28400],[37064, 28400],[37064, 28408],[37040, 28408],[37040, 28392],[37032, 28392],[37032, 28352],[37024, 28352],[37024, 28336],[37016, 28336],[37016, 28328],[37008, 28328],[37008, 28320],[37000, 28320],[37000, 28312],[36992, 28312],[36992, 28296],[36960, 28296],[36960, 28312],[36952, 28312],[36952, 28328],[36944, 28328],[36944, 28336],[36936, 28336],[36936, 28344],[36920, 28344],[36920, 28352],[36912, 28352],[36912, 28360],[36896, 28360],[36896, 28368],[36888, 28368],[36888, 28376],[36880, 28376],[36880, 28384],[36872, 28384],[36872, 28408],[36864, 28408]]]},"properties":{"objectType":"annotation","classification":{"name":"Ignore*","color":[180, 180, 180]},"isLocked":true}},{"type":"Feature","id":"e7a9d124-5cf5-4191-a84c-55d26b03f91c","geometry":{"type":"Polygon","coordinates":[[[35720, 28424],[35720, 28480],[35728, 28480],[35728, 28496],[35736, 28496],[35736, 28504],[35744, 28504],[35744, 28512],[35768, 28512],[35768, 28504],[35776, 28504],[35776, 28480],[35784, 28480],[35784, 28456],[35792, 28456],[35792, 28408],[35784, 28408],[35784, 28400],[35768, 28400],[35768, 28392],[35760, 28392],[35760, 28400],[35744, 28400],[35744, 28408],[35728, 28408],[35728, 28424],[35720, 28424]]]},"properties":{"objectType":"annotation","classification":{"name":"Ignore*","color":[180, 180, 180]},"isLocked":true}},{"type":"Feature","id":"f0b63fba-1e73-4c2a-bf0e-4a593a3856df","geometry":{"type":"Polygon","coordinates":[[[34640, 28432],[34640, 28480],[34648, 28480],[34648, 28496],[34656, 28496],[34656, 28512],[34664, 28512],[34664, 28528],[34680, 28528],[34680, 28536],[34696, 28536],[34696, 28528],[34704, 28528],[34704, 28520],[34712, 28520],[34712, 28504],[34760, 28504],[34760, 28464],[34752, 28464],[34752, 28448],[34736, 28448],[34736, 28440],[34728, 28440],[34728, 28432],[34720, 28432],[34720, 28424],[34704, 28424],[34704, 28408],[34696, 28408],[34696, 28392],[34688, 28392],[34688, 28384],[34680, 28384],[34680, 28376],[34664, 28376],[34664, 28384],[34656, 28384],[34656, 28416],[34648, 28416],[34648, 28432],[34640, 28432]]]},"properties":{"objectType":"annotation","classification":{"name":"Ignore*","color":[180, 180, 180]},"isLocked":true}},{"type":"Feature","id":"e04cf0c4-21db-4622-9571-40023eeaad8b","geometry":{"type":"Polygon","coordinates":[[[30632, 28088],[30672, 28160],[30640, 28304],[30672, 28376],[30752, 28448],[30824, 28464],[30864, 28504],[30856, 28544],[30816, 28496],[30736, 28504],[30712, 28600],[30744, 28640],[30736, 28712],[30832, 28808],[30952, 28792],[31040, 28752],[31056, 28824],[31120, 28840],[31152, 28800],[31168, 28696],[31136, 28664],[31032, 28744],[31024, 28688],[31064, 28640],[31048, 28560],[30848, 28352],[30840, 28152],[30792, 28120],[30792, 28056],[30744, 27976],[30640, 28008],[30632, 28088]]]},"properties":{"objectType":"annotation","classification":{"name":"Tumor","color":[102, 77, 179]}}},{"type":"Feature","id":"56e579ab-58ee-48b5-a729-c68e3bde530b","geometry":{"type":"Polygon","coordinates":[[[25976, 28072],[25976, 28104],[25984, 28104],[25984, 28120],[25992, 28120],[25992, 28144],[26000, 28144],[26000, 28248],[26008, 28248],[26008, 28264],[26016, 28264],[26016, 28280],[26024, 28280],[26024, 28288],[26032, 28288],[26032, 28304],[26040, 28304],[26040, 28360],[26032, 28360],[26032, 28448],[26040, 28448],[26040, 28480],[26048, 28480],[26048, 28504],[26056, 28504],[26056, 28536],[26064, 28536],[26064, 28560],[26072, 28560],[26072, 28568],[26080, 28568],[26080, 28584],[26088, 28584],[26088, 28600],[26096, 28600],[26096, 28608],[26104, 28608],[26104, 28616],[26112, 28616],[26112, 28624],[26120, 28624],[26120, 28632],[26128, 28632],[26128, 28640],[26136, 28640],[26136, 28648],[26144, 28648],[26144, 28656],[26152, 28656],[26152, 28664],[26168, 28664],[26168, 28672],[26176, 28672],[26176, 28680],[26184, 28680],[26184, 28688],[26192, 28688],[26192, 28696],[26200, 28696],[26200, 28704],[26208, 28704],[26208, 28712],[26224, 28712],[26224, 28720],[26264, 28720],[26264, 28728],[26280, 28728],[26280, 28736],[26288, 28736],[26288, 28744],[26304, 28744],[26304, 28752],[26320, 28752],[26320, 28760],[26336, 28760],[26336, 28768],[26352, 28768],[26352, 28776],[26368, 28776],[26368, 28784],[26384, 28784],[26384, 28792],[26456, 28792],[26456, 28800],[26472, 28800],[26472, 28808],[26488, 28808],[26488, 28816],[26616, 28816],[26616, 28808],[26632, 28808],[26632, 28800],[26648, 28800],[26648, 28792],[26664, 28792],[26664, 28784],[26680, 28784],[26680, 28776],[26696, 28776],[26696, 28768],[26720, 28768],[26720, 28760],[26736, 28760],[26736, 28752],[26744, 28752],[26744, 28744],[26760, 28744],[26760, 28736],[26776, 28736],[26776, 28728],[26792, 28728],[26792, 28720],[26808, 28720],[26808, 28712],[26840, 28712],[26840, 28704],[26864, 28704],[26864, 28696],[26888, 28696],[26888, 28688],[26896, 28688],[26896, 28680],[26912, 28680],[26912, 28672],[26928, 28672],[26928, 28664],[26952, 28664],[26952, 28656],[26992, 28656],[26992, 28648],[27000, 28648],[27000, 28616],[27008, 28616],[27008, 28592],[27016, 28592],[27016, 28576],[27024, 28576],[27024, 28568],[27032, 28568],[27032, 28560],[27048, 28560],[27048, 28552],[27056, 28552],[27056, 28544],[27072, 28544],[27072, 28536],[27080, 28536],[27080, 28448],[27088, 28448],[27088, 28408],[27096, 28408],[27096, 28400],[27104, 28400],[27104, 28384],[27112, 28384],[27112, 28376],[27120, 28376],[27120, 28368],[27128, 28368],[27128, 28352],[27136, 28352],[27136, 28336],[27144, 28336],[27144, 28312],[27152, 28312],[27152, 28296],[27160, 28296],[27160, 28280],[27168, 28280],[27168, 28264],[27176, 28264],[27176, 28232],[27168, 28232],[27168, 28200],[27176, 28200],[27176, 28160],[27184, 28160],[27184, 28104],[27192, 28104],[27192, 28080],[27200, 28080],[27200, 28064],[27208, 28064],[27208, 28056],[27216, 28056],[27216, 28040],[27224, 28040],[27224, 28032],[27232, 28032],[27232, 28024],[27240, 28024],[27240, 27992],[27232, 27992],[27232, 27984],[27216, 27984],[27216, 27992],[27200, 27992],[27200, 28000],[27176, 28000],[27176, 27992],[27168, 27992],[27168, 27984],[27144, 27984],[27144, 27992],[27152, 27992],[27152, 28008],[27160, 28008],[27160, 28032],[27168, 28032],[27168, 28072],[27160, 28072],[27160, 28088],[27152, 28088],[27152, 28096],[27144, 28096],[27144, 28112],[27136, 28112],[27136, 28136],[27128, 28136],[27128, 28200],[27136, 28200],[27136, 28280],[27128, 28280],[27128, 28312],[27120, 28312],[27120, 28328],[27104, 28328],[27104, 28336],[27080, 28336],[27080, 28328],[27072, 28328],[27072, 28320],[27064, 28320],[27064, 28312],[27056, 28312],[27056, 28304],[27040, 28304],[27040, 28320],[27048, 28320],[27048, 28360],[27056, 28360],[27056, 28384],[27064, 28384],[27064, 28416],[27056, 28416],[27056, 28456],[27048, 28456],[27048, 28472],[27040, 28472],[27040, 28480],[27008, 28480],[27008, 28472],[27000, 28472],[27000, 28464],[26992, 28464],[26992, 28456],[26984, 28456],[26984, 28416],[26976, 28416],[26976, 28408],[26968, 28408],[26968, 28400],[26960, 28400],[26960, 28432],[26968, 28432],[26968, 28448],[26976, 28448],[26976, 28464],[26968, 28464],[26968, 28480],[26960, 28480],[26960, 28496],[26952, 28496],[26952, 28576],[26944, 28576],[26944, 28584],[26936, 28584],[26936, 28592],[26928, 28592],[26928, 28600],[26920, 28600],[26920, 28608],[26912, 28608],[26912, 28616],[26904, 28616],[26904, 28624],[26888, 28624],[26888, 28632],[26856, 28632],[26856, 28624],[26848, 28624],[26848, 28608],[26840, 28608],[26840, 28576],[26832, 28576],[26832, 28536],[26840, 28536],[26840, 28504],[26832, 28504],[26832, 28488],[26824, 28488],[26824, 28480],[26816, 28480],[26816, 28472],[26800, 28472],[26800, 28480],[26792, 28480],[26792, 28496],[26784, 28496],[26784, 28528],[26792, 28528],[26792, 28600],[26784, 28600],[26784, 28624],[26776, 28624],[26776, 28640],[26768, 28640],[26768, 28648],[26760, 28648],[26760, 28656],[26752, 28656],[26752, 28664],[26744, 28664],[26744, 28672],[26728, 28672],[26728, 28680],[26704, 28680],[26704, 28672],[26696, 28672],[26696, 28664],[26688, 28664],[26688, 28648],[26680, 28648],[26680, 28584],[26672, 28584],[26672, 28568],[26664, 28568],[26664, 28560],[26648, 28560],[26648, 28592],[26640, 28592],[26640, 28632],[26648, 28632],[26648, 28664],[26640, 28664],[26640, 28728],[26632, 28728],[26632, 28736],[26624, 28736],[26624, 28744],[26616, 28744],[26616, 28752],[26608, 28752],[26608, 28760],[26600, 28760],[26600, 28768],[26568, 28768],[26568, 28776],[26496, 28776],[26496, 28768],[26480, 28768],[26480, 28760],[26472, 28760],[26472, 28720],[26480, 28720],[26480, 28704],[26488, 28704],[26488, 28680],[26496, 28680],[26496, 28672],[26504, 28672],[26504, 28664],[26512, 28664],[26512, 28648],[26520, 28648],[26520, 28632],[26528, 28632],[26528, 28552],[26520, 28552],[26520, 28528],[26512, 28528],[26512, 28512],[26504, 28512],[26504, 28496],[26496, 28496],[26496, 28488],[26488, 28488],[26488, 28480],[26480, 28480],[26480, 28472],[26472, 28472],[26472, 28456],[26464, 28456],[26464, 28448],[26456, 28448],[26456, 28440],[26448, 28440],[26448, 28432],[26416, 28432],[26416, 28424],[26360, 28424],[26360, 28432],[26352, 28432],[26352, 28440],[26344, 28440],[26344, 28448],[26336, 28448],[26336, 28456],[26328, 28456],[26328, 28464],[26320, 28464],[26320, 28480],[26312, 28480],[26312, 28488],[26296, 28488],[26296, 28496],[26288, 28496],[26288, 28504],[26280, 28504],[26280, 28512],[26272, 28512],[26272, 28528],[26264, 28528],[26264, 28544],[26256, 28544],[26256, 28568],[26248, 28568],[26248, 28584],[26240, 28584],[26240, 28592],[26232, 28592],[26232, 28600],[26200, 28600],[26200, 28592],[26184, 28592],[26184, 28584],[26176, 28584],[26176, 28576],[26168, 28576],[26168, 28552],[26160, 28552],[26160, 28512],[26168, 28512],[26168, 28456],[26160, 28456],[26160, 28440],[26152, 28440],[26152, 28424],[26160, 28424],[26160, 28400],[26168, 28400],[26168, 28384],[26160, 28384],[26160, 28376],[26128, 28376],[26128, 28368],[26120, 28368],[26120, 28312],[26112, 28312],[26112, 28288],[26120, 28288],[26120, 28272],[26128, 28272],[26128, 28264],[26136, 28264],[26136, 28256],[26144, 28256],[26144, 28248],[26152, 28248],[26152, 28240],[26160, 28240],[26160, 28232],[26168, 28232],[26168, 28216],[26176, 28216],[26176, 28192],[26184, 28192],[26184, 28160],[26176, 28160],[26176, 28152],[26168, 28152],[26168, 28160],[26152, 28160],[26152, 28168],[26144, 28168],[26144, 28176],[26136, 28176],[26136, 28192],[26128, 28192],[26128, 28200],[26120, 28200],[26120, 28208],[26112, 28208],[26112, 28216],[26104, 28216],[26104, 28224],[26088, 28224],[26088, 28232],[26072, 28232],[26072, 28224],[26064, 28224],[26064, 28216],[26056, 28216],[26056, 28200],[26048, 28200],[26048, 28160],[26056, 28160],[26056, 28144],[26064, 28144],[26064, 28136],[26072, 28136],[26072, 28120],[26080, 28120],[26080, 28096],[26088, 28096],[26088, 28040],[26096, 28040],[26096, 28024],[26104, 28024],[26104, 28008],[26112, 28008],[26112, 28000],[26104, 28000],[26104, 27992],[26080, 27992],[26080, 28000],[26072, 28000],[26072, 28008],[26064, 28008],[26064, 28024],[26056, 28024],[26056, 28032],[26048, 28032],[26048, 28040],[26040, 28040],[26040, 28048],[26024, 28048],[26024, 28056],[26008, 28056],[26008, 28064],[25992, 28064],[25992, 28072],[25976, 28072]]]},"properties":{"objectType":"annotation","classification":{"name":"Ignore*","color":[180, 180, 180]},"isLocked":true}},{"type":"Feature","id":"9e8eef42-c7fb-4323-9c6a-9fb39f1e1162","geometry":{"type":"Polygon","coordinates":[[[35864, 28592],[35864, 28624],[35872, 28624],[35872, 28640],[35880, 28640],[35880, 28648],[35896, 28648],[35896, 28656],[35928, 28656],[35928, 28664],[35952, 28664],[35952, 28656],[35960, 28656],[35960, 28648],[35968, 28648],[35968, 28616],[35960, 28616],[35960, 28608],[35952, 28608],[35952, 28600],[35936, 28600],[35936, 28592],[35912, 28592],[35912, 28584],[35880, 28584],[35880, 28592],[35864, 28592]]]},"properties":{"objectType":"annotation","classification":{"name":"Ignore*","color":[180, 180, 180]},"isLocked":true}},{"type":"Feature","id":"d8d954d1-0360-4332-aaf6-9fc150a4e847","geometry":{"type":"Polygon","coordinates":[[[34304, 28656],[34304, 28696],[34312, 28696],[34312, 28712],[34320, 28712],[34320, 28776],[34328, 28776],[34328, 28784],[34352, 28784],[34352, 28776],[34368, 28776],[34368, 28768],[34376, 28768],[34376, 28752],[34392, 28752],[34392, 28744],[34408, 28744],[34408, 28736],[34424, 28736],[34424, 28728],[34432, 28728],[34432, 28720],[34448, 28720],[34448, 28712],[34456, 28712],[34456, 28696],[34464, 28696],[34464, 28680],[34456, 28680],[34456, 28672],[34448, 28672],[34448, 28664],[34440, 28664],[34440, 28656],[34432, 28656],[34432, 28648],[34400, 28648],[34400, 28656],[34360, 28656],[34360, 28648],[34312, 28648],[34312, 28656],[34304, 28656]]]},"properties":{"objectType":"annotation","classification":{"name":"Ignore*","color":[180, 180, 180]},"isLocked":true}},{"type":"Feature","id":"84825c92-3782-4eb4-8083-2071a05b0844","geometry":{"type":"Polygon","coordinates":[[[32064, 28704],[32064, 28744],[32072, 28744],[32072, 28752],[32088, 28752],[32088, 28760],[32112, 28760],[32112, 28768],[32128, 28768],[32128, 28776],[32144, 28776],[32144, 28784],[32152, 28784],[32152, 28800],[32168, 28800],[32168, 28808],[32184, 28808],[32184, 28816],[32192, 28816],[32192, 28824],[32200, 28824],[32200, 28832],[32208, 28832],[32208, 28840],[32216, 28840],[32216, 28856],[32224, 28856],[32224, 28872],[32232, 28872],[32232, 28888],[32240, 28888],[32240, 28904],[32248, 28904],[32248, 28928],[32256, 28928],[32256, 28984],[32264, 28984],[32264, 29000],[32272, 29000],[32272, 29016],[32280, 29016],[32280, 29024],[32312, 29024],[32312, 29016],[32320, 29016],[32320, 28944],[32312, 28944],[32312, 28928],[32304, 28928],[32304, 28904],[32296, 28904],[32296, 28888],[32288, 28888],[32288, 28872],[32280, 28872],[32280, 28848],[32272, 28848],[32272, 28832],[32264, 28832],[32264, 28800],[32272, 28800],[32272, 28784],[32280, 28784],[32280, 28776],[32288, 28776],[32288, 28744],[32280, 28744],[32280, 28736],[32224, 28736],[32224, 28744],[32184, 28744],[32184, 28736],[32176, 28736],[32176, 28728],[32168, 28728],[32168, 28720],[32160, 28720],[32160, 28712],[32152, 28712],[32152, 28704],[32128, 28704],[32128, 28696],[32104, 28696],[32104, 28688],[32080, 28688],[32080, 28696],[32072, 28696],[32072, 28704],[32064, 28704]]]},"properties":{"objectType":"annotation","classification":{"name":"Ignore*","color":[180, 180, 180]},"isLocked":true}},{"type":"Feature","id":"04a682e8-4559-49de-a276-970c4d45866b","geometry":{"type":"Polygon","coordinates":[[[35944, 28744],[35944, 28760],[35952, 28760],[35952, 28784],[35960, 28784],[35960, 28808],[35968, 28808],[35968, 28824],[35976, 28824],[35976, 28832],[35984, 28832],[35984, 28848],[35992, 28848],[35992, 28856],[36000, 28856],[36000, 28872],[35992, 28872],[35992, 28888],[35984, 28888],[35984, 28912],[35992, 28912],[35992, 28920],[36000, 28920],[36000, 28928],[36008, 28928],[36008, 28936],[36024, 28936],[36024, 28944],[36040, 28944],[36040, 28936],[36056, 28936],[36056, 28928],[36064, 28928],[36064, 28864],[36056, 28864],[36056, 28856],[36048, 28856],[36048, 28840],[36040, 28840],[36040, 28816],[36032, 28816],[36032, 28800],[36024, 28800],[36024, 28776],[36016, 28776],[36016, 28752],[36008, 28752],[36008, 28744],[36000, 28744],[36000, 28736],[35952, 28736],[35952, 28744],[35944, 28744]]]},"properties":{"objectType":"annotation","classification":{"name":"Ignore*","color":[180, 180, 180]},"isLocked":true}},{"type":"Feature","id":"451dddfa-5e51-40cb-8324-3cb0512c472c","geometry":{"type":"Polygon","coordinates":[[[34800, 28904],[34800, 28936],[34808, 28936],[34808, 28952],[34816, 28952],[34816, 28968],[34824, 28968],[34824, 28984],[34832, 28984],[34832, 29000],[34840, 29000],[34840, 29008],[34848, 29008],[34848, 29016],[34856, 29016],[34856, 29024],[34864, 29024],[34864, 29032],[34888, 29032],[34888, 29024],[34896, 29024],[34896, 29016],[34888, 29016],[34888, 28968],[34880, 28968],[34880, 28944],[34872, 28944],[34872, 28936],[34864, 28936],[34864, 28928],[34856, 28928],[34856, 28912],[34848, 28912],[34848, 28904],[34832, 28904],[34832, 28896],[34808, 28896],[34808, 28904],[34800, 28904]]]},"properties":{"objectType":"annotation","classification":{"name":"Ignore*","color":[180, 180, 180]},"isLocked":true}},{"type":"Feature","id":"ab7e287f-f9f1-4c44-bcdd-87f4086f2cf2","geometry":{"type":"Polygon","coordinates":[[[32072, 29064],[32072, 29080],[32080, 29080],[32080, 29088],[32088, 29088],[32088, 29096],[32136, 29096],[32136, 29104],[32200, 29104],[32200, 29080],[32192, 29080],[32192, 29064],[32176, 29064],[32176, 29056],[32160, 29056],[32160, 29048],[32088, 29048],[32088, 29056],[32080, 29056],[32080, 29064],[32072, 29064]]]},"properties":{"objectType":"annotation","classification":{"name":"Ignore*","color":[180, 180, 180]},"isLocked":true}},{"type":"Feature","id":"9d0db5e4-5eb6-4962-8907-a9144cd5161c","geometry":{"type":"Polygon","coordinates":[[[31808, 29104],[31808, 29120],[31816, 29120],[31816, 29128],[31824, 29128],[31824, 29136],[31832, 29136],[31832, 29144],[31856, 29144],[31856, 29136],[31872, 29136],[31872, 29128],[31888, 29128],[31888, 29120],[31896, 29120],[31896, 29104],[31904, 29104],[31904, 29064],[31896, 29064],[31896, 29056],[31872, 29056],[31872, 29064],[31848, 29064],[31848, 29072],[31840, 29072],[31840, 29080],[31824, 29080],[31824, 29088],[31816, 29088],[31816, 29104],[31808, 29104]]]},"properties":{"objectType":"annotation","classification":{"name":"Ignore*","color":[180, 180, 180]},"isLocked":true}},{"type":"Feature","id":"b34c9927-67f4-4074-b3ef-5ca3cb324f4c","geometry":{"type":"Polygon","coordinates":[[[31728, 29144],[31728, 29192],[31736, 29192],[31736, 29208],[31744, 29208],[31744, 29224],[31760, 29224],[31760, 29232],[31776, 29232],[31776, 29224],[31784, 29224],[31784, 29216],[31792, 29216],[31792, 29152],[31784, 29152],[31784, 29136],[31776, 29136],[31776, 29120],[31744, 29120],[31744, 29128],[31736, 29128],[31736, 29144],[31728, 29144]]]},"properties":{"objectType":"annotation","classification":{"name":"Ignore*","color":[180, 180, 180]},"isLocked":true}},{"type":"Feature","id":"40dfd14c-3fd1-4174-9802-8dcc52fba764","geometry":{"type":"Polygon","coordinates":[[[32512, 29208],[32512, 29240],[32520, 29240],[32520, 29264],[32528, 29264],[32528, 29280],[32536, 29280],[32536, 29288],[32544, 29288],[32544, 29296],[32552, 29296],[32552, 29304],[32576, 29304],[32576, 29264],[32584, 29264],[32584, 29232],[32592, 29232],[32592, 29224],[32600, 29224],[32600, 29216],[32608, 29216],[32608, 29208],[32632, 29208],[32632, 29200],[32648, 29200],[32648, 29192],[32656, 29192],[32656, 29168],[32664, 29168],[32664, 29128],[32656, 29128],[32656, 29120],[32648, 29120],[32648, 29112],[32632, 29112],[32632, 29104],[32608, 29104],[32608, 29096],[32568, 29096],[32568, 29104],[32560, 29104],[32560, 29112],[32552, 29112],[32552, 29128],[32544, 29128],[32544, 29144],[32536, 29144],[32536, 29176],[32528, 29176],[32528, 29192],[32520, 29192],[32520, 29208],[32512, 29208]]]},"properties":{"objectType":"annotation","classification":{"name":"Ignore*","color":[180, 180, 180]},"isLocked":true}},{"type":"Feature","id":"5e88e9c1-b81f-45d8-a3b4-e8f11372a1c1","geometry":{"type":"Polygon","coordinates":[[[33448, 29200],[33448, 29232],[33456, 29232],[33456, 29280],[33464, 29280],[33464, 29296],[33496, 29296],[33496, 29288],[33504, 29288],[33504, 29280],[33512, 29280],[33512, 29272],[33520, 29272],[33520, 29256],[33528, 29256],[33528, 29216],[33536, 29216],[33536, 29160],[33528, 29160],[33528, 29144],[33520, 29144],[33520, 29136],[33504, 29136],[33504, 29128],[33496, 29128],[33496, 29136],[33488, 29136],[33488, 29144],[33480, 29144],[33480, 29168],[33472, 29168],[33472, 29184],[33464, 29184],[33464, 29192],[33456, 29192],[33456, 29200],[33448, 29200]]]},"properties":{"objectType":"annotation","classification":{"name":"Ignore*","color":[180, 180, 180]},"isLocked":true}},{"type":"Feature","id":"cc28aa24-de49-4e0e-ac67-d3d69a8e63cf","geometry":{"type":"Polygon","coordinates":[[[29352, 29224],[29352, 29264],[29360, 29264],[29360, 29312],[29384, 29312],[29384, 29320],[29392, 29320],[29392, 29312],[29432, 29312],[29432, 29272],[29440, 29272],[29440, 29176],[29432, 29176],[29432, 29168],[29416, 29168],[29416, 29176],[29408, 29176],[29408, 29184],[29400, 29184],[29400, 29192],[29392, 29192],[29392, 29200],[29376, 29200],[29376, 29208],[29368, 29208],[29368, 29216],[29360, 29216],[29360, 29224],[29352, 29224]]]},"properties":{"objectType":"annotation","classification":{"name":"Ignore*","color":[180, 180, 180]},"isLocked":true}},{"type":"Feature","id":"261b8fb2-a5c0-4577-ae03-8bba1aaad8b3","geometry":{"type":"Polygon","coordinates":[[[35408, 29264],[35408, 29304],[35416, 29304],[35416, 29312],[35456, 29312],[35456, 29304],[35480, 29304],[35480, 29312],[35496, 29312],[35496, 29320],[35512, 29320],[35512, 29312],[35520, 29312],[35520, 29272],[35512, 29272],[35512, 29264],[35504, 29264],[35504, 29256],[35488, 29256],[35488, 29248],[35480, 29248],[35480, 29240],[35472, 29240],[35472, 29232],[35440, 29232],[35440, 29240],[35424, 29240],[35424, 29248],[35416, 29248],[35416, 29264],[35408, 29264]]]},"properties":{"objectType":"annotation","classification":{"name":"Ignore*","color":[180, 180, 180]},"isLocked":true}},{"type":"Feature","id":"1b7db47f-dbe3-4d86-a533-d4783cbd19be","geometry":{"type":"Polygon","coordinates":[[[34872, 29240],[34872, 29280],[34880, 29280],[34880, 29288],[34888, 29288],[34888, 29296],[34896, 29296],[34896, 29304],[34904, 29304],[34904, 29312],[34912, 29312],[34912, 29328],[34920, 29328],[34920, 29344],[34928, 29344],[34928, 29352],[34936, 29352],[34936, 29368],[34944, 29368],[34944, 29376],[34952, 29376],[34952, 29384],[34968, 29384],[34968, 29392],[34984, 29392],[34984, 29384],[34992, 29384],[34992, 29296],[34984, 29296],[34984, 29288],[34976, 29288],[34976, 29280],[34968, 29280],[34968, 29272],[34960, 29272],[34960, 29264],[34952, 29264],[34952, 29256],[34944, 29256],[34944, 29248],[34936, 29248],[34936, 29240],[34920, 29240],[34920, 29232],[34880, 29232],[34880, 29240],[34872, 29240]]]},"properties":{"objectType":"annotation","classification":{"name":"Ignore*","color":[180, 180, 180]},"isLocked":true}},{"type":"Feature","id":"d34b5738-93d6-4be5-9f3c-1d20bb7345ed","geometry":{"type":"Polygon","coordinates":[[[37632, 29288],[37632, 29360],[37688, 29416],[37736, 29416],[37784, 29368],[37784, 29296],[37728, 29248],[37672, 29248],[37632, 29288]]]},"properties":{"objectType":"annotation","classification":{"name":"Tumor","color":[102, 77, 179]}}},{"type":"Feature","id":"9cff4a18-63d2-450c-ba74-d39c645fc5df","geometry":{"type":"Polygon","coordinates":[[[37824, 29376],[37824, 29416],[37832, 29416],[37832, 29432],[37840, 29432],[37840, 29448],[37880, 29448],[37880, 29440],[37896, 29440],[37896, 29432],[37904, 29432],[37904, 29424],[37912, 29424],[37912, 29392],[37904, 29392],[37904, 29384],[37896, 29384],[37896, 29376],[37888, 29376],[37888, 29360],[37872, 29360],[37872, 29352],[37848, 29352],[37848, 29360],[37840, 29360],[37840, 29368],[37832, 29368],[37832, 29376],[37824, 29376]]]},"properties":{"objectType":"annotation","classification":{"name":"Ignore*","color":[180, 180, 180]},"isLocked":true}},{"type":"Feature","id":"f15297bc-cdbc-41e4-af58-d13317ea1951","geometry":{"type":"Polygon","coordinates":[[[31720, 29440],[31720, 29456],[31728, 29456],[31728, 29448],[31744, 29448],[31744, 29456],[31760, 29456],[31760, 29472],[31768, 29472],[31768, 29480],[31776, 29480],[31776, 29488],[31792, 29488],[31792, 29496],[31824, 29496],[31824, 29488],[31832, 29488],[31832, 29480],[31840, 29480],[31840, 29448],[31832, 29448],[31832, 29440],[31816, 29440],[31816, 29432],[31808, 29432],[31808, 29424],[31792, 29424],[31792, 29416],[31776, 29416],[31776, 29408],[31760, 29408],[31760, 29416],[31752, 29416],[31752, 29424],[31744, 29424],[31744, 29432],[31736, 29432],[31736, 29440],[31720, 29440]]]},"properties":{"objectType":"annotation","classification":{"name":"Ignore*","color":[180, 180, 180]},"isLocked":true}},{"type":"Feature","id":"7f4da148-c3af-4c85-aaa1-20e91f33acde","geometry":{"type":"Polygon","coordinates":[[[34488, 29488],[34488, 29512],[34496, 29512],[34496, 29520],[34512, 29520],[34512, 29528],[34536, 29528],[34536, 29520],[34544, 29520],[34544, 29512],[34560, 29512],[34560, 29504],[34576, 29504],[34576, 29512],[34592, 29512],[34592, 29520],[34616, 29520],[34616, 29528],[34632, 29528],[34632, 29536],[34688, 29536],[34688, 29512],[34680, 29512],[34680, 29504],[34672, 29504],[34672, 29496],[34656, 29496],[34656, 29488],[34640, 29488],[34640, 29480],[34624, 29480],[34624, 29472],[34616, 29472],[34616, 29464],[34576, 29464],[34576, 29472],[34504, 29472],[34504, 29480],[34496, 29480],[34496, 29488],[34488, 29488]]]},"properties":{"objectType":"annotation","classification":{"name":"Ignore*","color":[180, 180, 180]},"isLocked":true}},{"type":"Feature","id":"f8336e88-d1f2-4e5e-9188-06b2305ea0ca","geometry":{"type":"Polygon","coordinates":[[[37672, 29600],[37712, 29680],[37840, 29744],[37896, 29744],[37952, 29696],[37904, 29624],[37912, 29552],[37856, 29488],[37808, 29520],[37712, 29512],[37672, 29600]]]},"properties":{"objectType":"annotation","classification":{"name":"Tumor","color":[102, 77, 179]}}},{"type":"Feature","id":"539ac552-1ccc-4db6-b4a3-8fc4b0e0a7d5","geometry":{"type":"Polygon","coordinates":[[[32720, 29528],[32720, 29544],[32728, 29544],[32728, 29560],[32736, 29560],[32736, 29568],[32744, 29568],[32744, 29576],[32760, 29576],[32760, 29584],[32768, 29584],[32768, 29592],[32776, 29592],[32776, 29600],[32784, 29600],[32784, 29608],[32792, 29608],[32792, 29616],[32800, 29616],[32800, 29624],[32808, 29624],[32808, 29632],[32816, 29632],[32816, 29640],[32832, 29640],[32832, 29648],[32840, 29648],[32840, 29656],[32848, 29656],[32848, 29664],[32864, 29664],[32864, 29672],[32872, 29672],[32872, 29680],[32880, 29680],[32880, 29688],[32888, 29688],[32888, 29696],[32896, 29696],[32896, 29704],[32904, 29704],[32904, 29712],[32912, 29712],[32912, 29720],[32920, 29720],[32920, 29728],[32928, 29728],[32928, 29736],[32936, 29736],[32936, 29744],[32944, 29744],[32944, 29752],[32960, 29752],[32960, 29760],[32968, 29760],[32968, 29768],[32976, 29768],[32976, 29776],[32984, 29776],[32984, 29784],[32992, 29784],[32992, 29792],[33000, 29792],[33000, 29800],[33008, 29800],[33008, 29808],[33016, 29808],[33016, 29824],[33024, 29824],[33024, 29832],[33040, 29832],[33040, 29840],[33048, 29840],[33048, 29848],[33064, 29848],[33064, 29856],[33080, 29856],[33080, 29864],[33088, 29864],[33088, 29872],[33104, 29872],[33104, 29880],[33112, 29880],[33112, 29888],[33128, 29888],[33128, 29896],[33136, 29896],[33136, 29904],[33144, 29904],[33144, 29912],[33152, 29912],[33152, 29920],[33160, 29920],[33160, 29928],[33168, 29928],[33168, 29936],[33176, 29936],[33176, 29944],[33184, 29944],[33184, 29952],[33192, 29952],[33192, 29960],[33200, 29960],[33200, 29968],[33208, 29968],[33208, 29976],[33216, 29976],[33216, 29992],[33224, 29992],[33224, 30000],[33240, 30000],[33240, 30008],[33248, 30008],[33248, 30016],[33264, 30016],[33264, 30024],[33272, 30024],[33272, 30032],[33280, 30032],[33280, 30048],[33288, 30048],[33288, 30080],[33296, 30080],[33296, 30096],[33304, 30096],[33304, 30104],[33312, 30104],[33312, 30112],[33320, 30112],[33320, 30128],[33328, 30128],[33328, 30136],[33336, 30136],[33336, 30144],[33352, 30144],[33352, 30152],[33360, 30152],[33360, 30144],[33368, 30144],[33368, 30136],[33376, 30136],[33376, 30112],[33368, 30112],[33368, 30096],[33360, 30096],[33360, 30080],[33352, 30080],[33352, 30064],[33344, 30064],[33344, 30056],[33336, 30056],[33336, 30040],[33328, 30040],[33328, 30032],[33320, 30032],[33320, 30024],[33312, 30024],[33312, 30008],[33304, 30008],[33304, 29984],[33296, 29984],[33296, 29952],[33288, 29952],[33288, 29912],[33280, 29912],[33280, 29888],[33272, 29888],[33272, 29872],[33264, 29872],[33264, 29848],[33256, 29848],[33256, 29824],[33248, 29824],[33248, 29800],[33240, 29800],[33240, 29760],[33248, 29760],[33248, 29752],[33264, 29752],[33264, 29744],[33272, 29744],[33272, 29736],[33280, 29736],[33280, 29712],[33272, 29712],[33272, 29704],[33264, 29704],[33264, 29696],[33248, 29696],[33248, 29704],[33240, 29704],[33240, 29720],[33232, 29720],[33232, 29736],[33224, 29736],[33224, 29744],[33216, 29744],[33216, 29752],[33208, 29752],[33208, 29760],[33192, 29760],[33192, 29768],[33176, 29768],[33176, 29784],[33168, 29784],[33168, 29800],[33128, 29800],[33128, 29792],[33112, 29792],[33112, 29784],[33096, 29784],[33096, 29776],[33088, 29776],[33088, 29768],[33072, 29768],[33072, 29760],[33064, 29760],[33064, 29752],[33048, 29752],[33048, 29744],[33040, 29744],[33040, 29736],[33024, 29736],[33024, 29728],[33016, 29728],[33016, 29720],[33008, 29720],[33008, 29712],[32992, 29712],[32992, 29704],[32984, 29704],[32984, 29696],[32976, 29696],[32976, 29688],[32968, 29688],[32968, 29680],[32960, 29680],[32960, 29672],[32952, 29672],[32952, 29664],[32944, 29664],[32944, 29656],[32936, 29656],[32936, 29648],[32928, 29648],[32928, 29640],[32912, 29640],[32912, 29632],[32888, 29632],[32888, 29624],[32880, 29624],[32880, 29616],[32872, 29616],[32872, 29608],[32864, 29608],[32864, 29600],[32856, 29600],[32856, 29592],[32848, 29592],[32848, 29584],[32840, 29584],[32840, 29576],[32832, 29576],[32832, 29568],[32824, 29568],[32824, 29560],[32816, 29560],[32816, 29552],[32808, 29552],[32808, 29544],[32800, 29544],[32800, 29536],[32792, 29536],[32792, 29528],[32784, 29528],[32784, 29520],[32768, 29520],[32768, 29512],[32736, 29512],[32736, 29520],[32728, 29520],[32728, 29528],[32720, 29528]]]},"properties":{"objectType":"annotation","classification":{"name":"Ignore*","color":[180, 180, 180]},"isLocked":true}},{"type":"Feature","id":"022a5c70-4f78-4e8d-9bc2-b9e71737f130","geometry":{"type":"Polygon","coordinates":[[[36232, 29832],[36232, 29864],[36240, 29864],[36240, 29872],[36256, 29872],[36256, 29880],[36272, 29880],[36272, 29888],[36280, 29888],[36280, 29896],[36296, 29896],[36296, 29904],[36312, 29904],[36312, 29912],[36336, 29912],[36336, 29904],[36344, 29904],[36344, 29880],[36336, 29880],[36336, 29864],[36328, 29864],[36328, 29856],[36320, 29856],[36320, 29848],[36304, 29848],[36304, 29840],[36288, 29840],[36288, 29832],[36232, 29832]]]},"properties":{"objectType":"annotation","classification":{"name":"Ignore*","color":[180, 180, 180]},"isLocked":true}},{"type":"Feature","id":"f7d37ae8-37de-44ec-bab0-e1f510d38e25","geometry":{"type":"Polygon","coordinates":[[[33416, 29904],[33416, 29920],[33424, 29920],[33424, 29928],[33480, 29928],[33480, 29920],[33592, 29920],[33592, 29912],[33608, 29912],[33608, 29904],[33624, 29904],[33624, 29896],[33640, 29896],[33640, 29888],[33648, 29888],[33648, 29880],[33656, 29880],[33656, 29848],[33648, 29848],[33648, 29840],[33640, 29840],[33640, 29832],[33552, 29832],[33552, 29840],[33520, 29840],[33520, 29848],[33496, 29848],[33496, 29840],[33472, 29840],[33472, 29832],[33448, 29832],[33448, 29840],[33440, 29840],[33440, 29848],[33432, 29848],[33432, 29880],[33424, 29880],[33424, 29904],[33416, 29904]]]},"properties":{"objectType":"annotation","classification":{"name":"Ignore*","color":[180, 180, 180]},"isLocked":true}},{"type":"Feature","id":"a4d3c2ea-3c51-4053-9caf-4578c759fab2","geometry":{"type":"Polygon","coordinates":[[[36664, 29920],[36664, 29928],[36672, 29928],[36672, 29944],[36680, 29944],[36680, 29952],[36688, 29952],[36688, 29960],[36696, 29960],[36696, 29968],[36712, 29968],[36712, 29976],[36728, 29976],[36728, 29984],[36744, 29984],[36744, 29992],[36768, 29992],[36768, 29984],[36776, 29984],[36776, 29960],[36768, 29960],[36768, 29944],[36760, 29944],[36760, 29936],[36752, 29936],[36752, 29928],[36744, 29928],[36744, 29920],[36728, 29920],[36728, 29912],[36712, 29912],[36712, 29904],[36672, 29904],[36672, 29920],[36664, 29920]]]},"properties":{"objectType":"annotation","classification":{"name":"Ignore*","color":[180, 180, 180]},"isLocked":true}},{"type":"Feature","id":"ef5e77f3-11bf-4292-872d-1a3d33392cd5","geometry":{"type":"Polygon","coordinates":[[[38920, 29944],[38920, 29976],[38928, 29976],[38928, 29984],[38936, 29984],[38936, 29992],[38960, 29992],[38960, 29984],[38984, 29984],[38984, 29976],[39008, 29976],[39008, 29968],[39016, 29968],[39016, 29936],[39008, 29936],[39008, 29920],[39000, 29920],[39000, 29912],[38992, 29912],[38992, 29904],[38952, 29904],[38952, 29912],[38944, 29912],[38944, 29920],[38936, 29920],[38936, 29928],[38928, 29928],[38928, 29944],[38920, 29944]]]},"properties":{"objectType":"annotation","classification":{"name":"Ignore*","color":[180, 180, 180]},"isLocked":true}},{"type":"Feature","id":"4135a107-07fd-4fe8-93b1-69900b56f52b","geometry":{"type":"Polygon","coordinates":[[[28536, 30080],[28536, 30104],[28544, 30104],[28544, 30128],[28552, 30128],[28552, 30136],[28560, 30136],[28560, 30144],[28568, 30144],[28568, 30152],[28576, 30152],[28576, 30160],[28592, 30160],[28592, 30168],[28640, 30168],[28640, 30160],[28648, 30160],[28648, 30152],[28656, 30152],[28656, 30144],[28664, 30144],[28664, 30128],[28672, 30128],[28672, 30080],[28664, 30080],[28664, 30064],[28656, 30064],[28656, 30056],[28648, 30056],[28648, 30048],[28632, 30048],[28632, 30040],[28576, 30040],[28576, 30048],[28560, 30048],[28560, 30056],[28552, 30056],[28552, 30064],[28544, 30064],[28544, 30080],[28536, 30080]]]},"properties":{"objectType":"annotation","classification":{"name":"Ignore*","color":[180, 180, 180]},"isLocked":true}},{"type":"Feature","id":"3911184a-11ab-4aad-9d01-85aac440f784","geometry":{"type":"Polygon","coordinates":[[[34528, 30072],[34536, 30160],[34568, 30192],[34648, 30192],[34688, 30216],[34760, 30184],[34760, 30144],[34800, 30136],[34816, 30024],[34736, 30008],[34672, 30048],[34552, 30048],[34528, 30072]]]},"properties":{"objectType":"annotation","classification":{"name":"Tumor","color":[102, 77, 179]}}},{"type":"Feature","id":"407ed5a7-ca6f-4723-95d7-5f905449db94","geometry":{"type":"Polygon","coordinates":[[[37184, 30208],[37184, 30224],[37192, 30224],[37192, 30240],[37200, 30240],[37200, 30248],[37240, 30248],[37240, 30240],[37248, 30240],[37248, 30232],[37256, 30232],[37256, 30160],[37264, 30160],[37264, 30144],[37272, 30144],[37272, 30096],[37280, 30096],[37280, 30072],[37328, 30072],[37328, 30064],[37336, 30064],[37336, 30056],[37344, 30056],[37344, 30032],[37336, 30032],[37336, 30024],[37328, 30024],[37328, 30016],[37304, 30016],[37304, 30024],[37288, 30024],[37288, 30032],[37272, 30032],[37272, 30024],[37264, 30024],[37264, 30016],[37232, 30016],[37232, 30024],[37224, 30024],[37224, 30032],[37216, 30032],[37216, 30040],[37208, 30040],[37208, 30048],[37200, 30048],[37200, 30064],[37192, 30064],[37192, 30112],[37200, 30112],[37200, 30128],[37208, 30128],[37208, 30144],[37216, 30144],[37216, 30152],[37208, 30152],[37208, 30160],[37200, 30160],[37200, 30176],[37192, 30176],[37192, 30208],[37184, 30208]]]},"properties":{"objectType":"annotation","classification":{"name":"Ignore*","color":[180, 180, 180]},"isLocked":true}},{"type":"Feature","id":"96746ac9-1850-48ba-aabc-cf440adb9090","geometry":{"type":"Polygon","coordinates":[[[33504, 30216],[33504, 30240],[33512, 30240],[33512, 30248],[33520, 30248],[33520, 30256],[33560, 30256],[33560, 30248],[33592, 30248],[33592, 30256],[33624, 30256],[33624, 30264],[33664, 30264],[33664, 30272],[33728, 30272],[33728, 30264],[33736, 30264],[33736, 30248],[33744, 30248],[33744, 30232],[33752, 30232],[33752, 30184],[33744, 30184],[33744, 30160],[33736, 30160],[33736, 30152],[33728, 30152],[33728, 30144],[33688, 30144],[33688, 30152],[33664, 30152],[33664, 30160],[33632, 30160],[33632, 30168],[33616, 30168],[33616, 30176],[33600, 30176],[33600, 30184],[33584, 30184],[33584, 30192],[33560, 30192],[33560, 30200],[33536, 30200],[33536, 30208],[33520, 30208],[33520, 30216],[33504, 30216]]]},"properties":{"objectType":"annotation","classification":{"name":"Ignore*","color":[180, 180, 180]},"isLocked":true}},{"type":"Feature","id":"d0749c99-1a8f-48ce-89c1-5b438722548d","geometry":{"type":"Polygon","coordinates":[[[38832, 30424],[38832, 30472],[38872, 30472],[38872, 30464],[38888, 30464],[38888, 30456],[38896, 30456],[38896, 30448],[38904, 30448],[38904, 30440],[38912, 30440],[38912, 30424],[38920, 30424],[38920, 30400],[38928, 30400],[38928, 30392],[38936, 30392],[38936, 30384],[38968, 30384],[38968, 30376],[38984, 30376],[38984, 30360],[38992, 30360],[38992, 30352],[38984, 30352],[38984, 30344],[38976, 30344],[38976, 30336],[38952, 30336],[38952, 30344],[38936, 30344],[38936, 30352],[38928, 30352],[38928, 30360],[38920, 30360],[38920, 30368],[38896, 30368],[38896, 30376],[38872, 30376],[38872, 30384],[38856, 30384],[38856, 30392],[38848, 30392],[38848, 30400],[38840, 30400],[38840, 30424],[38832, 30424]]]},"properties":{"objectType":"annotation","classification":{"name":"Ignore*","color":[180, 180, 180]},"isLocked":true}},{"type":"Feature","id":"da63cbd4-fdfc-4421-a4d8-8f59c8e9669b","geometry":{"type":"Polygon","coordinates":[[[38240, 30392],[38240, 30424],[38248, 30424],[38248, 30440],[38256, 30440],[38256, 30448],[38272, 30448],[38272, 30456],[38280, 30456],[38280, 30464],[38288, 30464],[38288, 30472],[38296, 30472],[38296, 30480],[38304, 30480],[38304, 30488],[38312, 30488],[38312, 30496],[38320, 30496],[38320, 30504],[38336, 30504],[38336, 30512],[38368, 30512],[38368, 30504],[38392, 30504],[38392, 30496],[38408, 30496],[38408, 30488],[38416, 30488],[38416, 30480],[38424, 30480],[38424, 30440],[38416, 30440],[38416, 30432],[38408, 30432],[38408, 30424],[38376, 30424],[38376, 30432],[38328, 30432],[38328, 30424],[38320, 30424],[38320, 30416],[38312, 30416],[38312, 30408],[38304, 30408],[38304, 30400],[38296, 30400],[38296, 30392],[38272, 30392],[38272, 30384],[38248, 30384],[38248, 30392],[38240, 30392]]]},"properties":{"objectType":"annotation","classification":{"name":"Ignore*","color":[180, 180, 180]},"isLocked":true}},{"type":"Feature","id":"e65fded2-1c2b-4c58-93f9-a257ef76597c","geometry":{"type":"Polygon","coordinates":[[[34856, 30888],[34856, 30928],[34864, 30928],[34864, 30944],[34880, 30944],[34880, 30952],[34904, 30952],[34904, 30944],[34912, 30944],[34912, 30936],[34920, 30936],[34920, 30928],[34928, 30928],[34928, 30912],[34936, 30912],[34936, 30896],[34944, 30896],[34944, 30888],[34952, 30888],[34952, 30880],[34960, 30880],[34960, 30872],[34976, 30872],[34976, 30864],[34984, 30864],[34984, 30832],[34976, 30832],[34976, 30816],[34968, 30816],[34968, 30800],[34960, 30800],[34960, 30776],[34952, 30776],[34952, 30760],[34944, 30760],[34944, 30752],[34936, 30752],[34936, 30744],[34928, 30744],[34928, 30736],[34920, 30736],[34920, 30728],[34904, 30728],[34904, 30720],[34888, 30720],[34888, 30728],[34880, 30728],[34880, 30736],[34872, 30736],[34872, 30808],[34880, 30808],[34880, 30848],[34872, 30848],[34872, 30864],[34864, 30864],[34864, 30888],[34856, 30888]]]},"properties":{"objectType":"annotation","classification":{"name":"Ignore*","color":[180, 180, 180]},"isLocked":true}},{"type":"Feature","id":"36d752bb-5a7c-4ab2-ab42-fa32f74b1817","geometry":{"type":"Polygon","coordinates":[[[33608, 30816],[33608, 30864],[33616, 30864],[33616, 30880],[33624, 30880],[33624, 30888],[33632, 30888],[33632, 30896],[33648, 30896],[33648, 30912],[33656, 30912],[33656, 30920],[33664, 30920],[33664, 30936],[33672, 30936],[33672, 30944],[33688, 30944],[33688, 30952],[33704, 30952],[33704, 30944],[33712, 30944],[33712, 30936],[33720, 30936],[33720, 30888],[33712, 30888],[33712, 30864],[33704, 30864],[33704, 30848],[33696, 30848],[33696, 30824],[33688, 30824],[33688, 30808],[33680, 30808],[33680, 30800],[33672, 30800],[33672, 30792],[33664, 30792],[33664, 30784],[33656, 30784],[33656, 30776],[33632, 30776],[33632, 30792],[33624, 30792],[33624, 30800],[33616, 30800],[33616, 30816],[33608, 30816]]]},"properties":{"objectType":"annotation","classification":{"name":"Ignore*","color":[180, 180, 180]},"isLocked":true}},{"type":"Feature","id":"42c01e5c-5a1a-46ec-b7a4-aeb47277465b","geometry":{"type":"Polygon","coordinates":[[[35184, 30760],[35184, 30776],[35192, 30776],[35192, 30792],[35200, 30792],[35200, 30800],[35208, 30800],[35208, 30808],[35216, 30808],[35216, 30816],[35224, 30816],[35224, 30824],[35240, 30824],[35240, 30832],[35256, 30832],[35256, 30840],[35264, 30840],[35264, 30848],[35280, 30848],[35280, 30856],[35288, 30856],[35288, 30872],[35296, 30872],[35296, 30880],[35304, 30880],[35304, 30896],[35312, 30896],[35312, 30904],[35320, 30904],[35320, 30920],[35328, 30920],[35328, 30928],[35336, 30928],[35336, 30936],[35352, 30936],[35352, 30944],[35384, 30944],[35384, 30952],[35408, 30952],[35408, 30960],[35416, 30960],[35416, 30968],[35432, 30968],[35432, 30976],[35448, 30976],[35448, 30984],[35464, 30984],[35464, 30992],[35472, 30992],[35472, 31000],[35504, 31000],[35504, 31008],[35536, 31008],[35536, 31016],[35552, 31016],[35552, 31000],[35544, 31000],[35544, 30992],[35536, 30992],[35536, 30976],[35528, 30976],[35528, 30968],[35520, 30968],[35520, 30952],[35512, 30952],[35512, 30936],[35504, 30936],[35504, 30920],[35496, 30920],[35496, 30896],[35488, 30896],[35488, 30888],[35472, 30888],[35472, 30880],[35376, 30880],[35376, 30872],[35368, 30872],[35368, 30864],[35360, 30864],[35360, 30856],[35352, 30856],[35352, 30848],[35344, 30848],[35344, 30840],[35336, 30840],[35336, 30832],[35320, 30832],[35320, 30824],[35312, 30824],[35312, 30816],[35296, 30816],[35296, 30808],[35288, 30808],[35288, 30800],[35280, 30800],[35280, 30792],[35272, 30792],[35272, 30784],[35264, 30784],[35264, 30776],[35256, 30776],[35256, 30768],[35240, 30768],[35240, 30760],[35232, 30760],[35232, 30752],[35216, 30752],[35216, 30744],[35200, 30744],[35200, 30752],[35192, 30752],[35192, 30760],[35184, 30760]]]},"properties":{"objectType":"annotation","classification":{"name":"Ignore*","color":[180, 180, 180]},"isLocked":true}},{"type":"Feature","id":"e3372078-a608-466d-882d-fcbf488a8458","geometry":{"type":"Polygon","coordinates":[[[34272, 31016],[34272, 31048],[34280, 31048],[34280, 31056],[34296, 31056],[34296, 31064],[34312, 31064],[34312, 31072],[34328, 31072],[34328, 31080],[34352, 31080],[34352, 31072],[34360, 31072],[34360, 31064],[34368, 31064],[34368, 31024],[34360, 31024],[34360, 30976],[34352, 30976],[34352, 30960],[34344, 30960],[34344, 30952],[34320, 30952],[34320, 30960],[34312, 30960],[34312, 30976],[34304, 30976],[34304, 30984],[34296, 30984],[34296, 30992],[34288, 30992],[34288, 31000],[34280, 31000],[34280, 31016],[34272, 31016]]]},"properties":{"objectType":"annotation","classification":{"name":"Ignore*","color":[180, 180, 180]},"isLocked":true}},{"type":"Feature","id":"ff9c623a-9b5d-47b5-a596-3084e6b79abc","geometry":{"type":"Polygon","coordinates":[[[33376, 31120],[33376, 31144],[33408, 31144],[33408, 31136],[33424, 31136],[33424, 31128],[33432, 31128],[33432, 31112],[33440, 31112],[33440, 31104],[33448, 31104],[33448, 31096],[33456, 31096],[33456, 31088],[33464, 31088],[33464, 31080],[33472, 31080],[33472, 31072],[33480, 31072],[33480, 31056],[33488, 31056],[33488, 31048],[33496, 31048],[33496, 31040],[33504, 31040],[33504, 31032],[33512, 31032],[33512, 31024],[33520, 31024],[33520, 31016],[33528, 31016],[33528, 31000],[33536, 31000],[33536, 30960],[33528, 30960],[33528, 30944],[33520, 30944],[33520, 30936],[33496, 30936],[33496, 30944],[33488, 30944],[33488, 30952],[33480, 30952],[33480, 30968],[33472, 30968],[33472, 30984],[33464, 30984],[33464, 31000],[33456, 31000],[33456, 31008],[33448, 31008],[33448, 31024],[33440, 31024],[33440, 31032],[33432, 31032],[33432, 31048],[33424, 31048],[33424, 31056],[33416, 31056],[33416, 31072],[33408, 31072],[33408, 31088],[33400, 31088],[33400, 31096],[33392, 31096],[33392, 31104],[33384, 31104],[33384, 31120],[33376, 31120]]]},"properties":{"objectType":"annotation","classification":{"name":"Ignore*","color":[180, 180, 180]},"isLocked":true}},{"type":"Feature","id":"5fef9aed-1cb3-4bbd-9b77-0f610d3400d8","geometry":{"type":"Polygon","coordinates":[[[39696, 30936],[39704, 31032],[39752, 31120],[39800, 31160],[39872, 31160],[39888, 31232],[39952, 31272],[40120, 31280],[40176, 31232],[40184, 31176],[40128, 31112],[40128, 31064],[40008, 31016],[40016, 31088],[39928, 31032],[39928, 30960],[39896, 30960],[39872, 31024],[39832, 31000],[39832, 30944],[39760, 30912],[39696, 30936]]]},"properties":{"objectType":"annotation","classification":{"name":"Tumor","color":[102, 77, 179]}}},{"type":"Feature","id":"8f097a39-a761-43ec-a3c5-d3955f7c684b","geometry":{"type":"Polygon","coordinates":[[[36792, 31104],[36792, 31216],[36800, 31216],[36800, 31232],[36808, 31232],[36808, 31248],[36816, 31248],[36816, 31256],[36824, 31256],[36824, 31264],[36864, 31264],[36864, 31256],[36872, 31256],[36872, 31192],[36880, 31192],[36880, 31168],[36888, 31168],[36888, 31160],[36896, 31160],[36896, 31152],[36904, 31152],[36904, 31144],[36912, 31144],[36912, 31136],[36920, 31136],[36920, 31112],[36912, 31112],[36912, 31104],[36904, 31104],[36904, 31096],[36872, 31096],[36872, 31104],[36864, 31104],[36864, 31112],[36816, 31112],[36816, 31104],[36792, 31104]]]},"properties":{"objectType":"annotation","classification":{"name":"Ignore*","color":[180, 180, 180]},"isLocked":true}},{"type":"Feature","id":"e9ec396e-a724-4575-9adc-98717ba4ba2f","geometry":{"type":"Polygon","coordinates":[[[38976, 31200],[39000, 31296],[39112, 31296],[39192, 31224],[39144, 31112],[39032, 31112],[38976, 31200]]]},"properties":{"objectType":"annotation","classification":{"name":"Tumor","color":[102, 77, 179]}}},{"type":"Feature","id":"0fb447e6-80e2-44f0-951d-29ecf4534f9c","geometry":{"type":"Polygon","coordinates":[[[37384, 31264],[37472, 31312],[37528, 31272],[37528, 31208],[37464, 31168],[37392, 31192],[37384, 31264]]]},"properties":{"objectType":"annotation","classification":{"name":"Tumor","color":[102, 77, 179]}}},{"type":"Feature","id":"8b16e96a-9e3e-4eba-8e04-e953a3509502","geometry":{"type":"Polygon","coordinates":[[[33176, 31440],[33176, 31464],[33184, 31464],[33184, 31472],[33192, 31472],[33192, 31480],[33224, 31480],[33224, 31488],[33232, 31488],[33232, 31496],[33256, 31496],[33256, 31488],[33264, 31488],[33264, 31480],[33272, 31480],[33272, 31464],[33280, 31464],[33280, 31440],[33288, 31440],[33288, 31424],[33296, 31424],[33296, 31408],[33304, 31408],[33304, 31392],[33312, 31392],[33312, 31376],[33320, 31376],[33320, 31360],[33328, 31360],[33328, 31304],[33296, 31304],[33296, 31312],[33288, 31312],[33288, 31328],[33280, 31328],[33280, 31344],[33272, 31344],[33272, 31352],[33264, 31352],[33264, 31368],[33256, 31368],[33256, 31376],[33248, 31376],[33248, 31392],[33240, 31392],[33240, 31416],[33232, 31416],[33232, 31424],[33216, 31424],[33216, 31416],[33184, 31416],[33184, 31440],[33176, 31440]]]},"properties":{"objectType":"annotation","classification":{"name":"Ignore*","color":[180, 180, 180]},"isLocked":true}},{"type":"Feature","id":"9bc0a0f2-754f-40a7-b659-55ea7433eb5e","geometry":{"type":"Polygon","coordinates":[[[37384, 31712],[37384, 31744],[37392, 31744],[37392, 31760],[37400, 31760],[37400, 31768],[37448, 31768],[37448, 31776],[37456, 31776],[37456, 31784],[37464, 31784],[37464, 31792],[37480, 31792],[37480, 31800],[37488, 31800],[37488, 31792],[37496, 31792],[37496, 31776],[37488, 31776],[37488, 31768],[37480, 31768],[37480, 31760],[37472, 31760],[37472, 31752],[37456, 31752],[37456, 31736],[37448, 31736],[37448, 31720],[37440, 31720],[37440, 31704],[37432, 31704],[37432, 31696],[37424, 31696],[37424, 31688],[37416, 31688],[37416, 31680],[37400, 31680],[37400, 31688],[37392, 31688],[37392, 31712],[37384, 31712]]]},"properties":{"objectType":"annotation","classification":{"name":"Ignore*","color":[180, 180, 180]},"isLocked":true}},{"type":"Feature","id":"f9c6e8b7-1bd0-48b8-8948-6e6a65594a78","geometry":{"type":"Polygon","coordinates":[[[39736, 31776],[39736, 31872],[39816, 31912],[39848, 31784],[39816, 31760],[39736, 31776]]]},"properties":{"objectType":"annotation","classification":{"name":"Tumor","color":[102, 77, 179]}}},{"type":"Feature","id":"ee0a5f7d-122e-48a6-bfdd-d2676f9d0c5d","geometry":{"type":"Polygon","coordinates":[[[34976, 32152],[34976, 32248],[34984, 32248],[34984, 32256],[35000, 32256],[35000, 32264],[35008, 32264],[35008, 32272],[35024, 32272],[35024, 32280],[35048, 32280],[35048, 32288],[35080, 32288],[35080, 32296],[35096, 32296],[35096, 32304],[35104, 32304],[35104, 32312],[35112, 32312],[35112, 32328],[35128, 32328],[35128, 32336],[35152, 32336],[35152, 32328],[35160, 32328],[35160, 32312],[35168, 32312],[35168, 32264],[35160, 32264],[35160, 32256],[35152, 32256],[35152, 32248],[35136, 32248],[35136, 32240],[35120, 32240],[35120, 32232],[35096, 32232],[35096, 32224],[35064, 32224],[35064, 32216],[35048, 32216],[35048, 32208],[35040, 32208],[35040, 32176],[35048, 32176],[35048, 32168],[35056, 32168],[35056, 32152],[35064, 32152],[35064, 32136],[35072, 32136],[35072, 32104],[35064, 32104],[35064, 32096],[35024, 32096],[35024, 32104],[35016, 32104],[35016, 32112],[35008, 32112],[35008, 32120],[35000, 32120],[35000, 32128],[34992, 32128],[34992, 32136],[34984, 32136],[34984, 32152],[34976, 32152]]]},"properties":{"objectType":"annotation","classification":{"name":"Ignore*","color":[180, 180, 180]},"isLocked":true}},{"type":"Feature","id":"41cd0892-3d39-4469-9240-5fde448fbd7f","geometry":{"type":"Polygon","coordinates":[[[35600, 32232],[35600, 32256],[35608, 32256],[35608, 32272],[35616, 32272],[35616, 32288],[35624, 32288],[35624, 32312],[35632, 32312],[35632, 32328],[35640, 32328],[35640, 32336],[35656, 32336],[35656, 32344],[35664, 32344],[35664, 32352],[35680, 32352],[35680, 32360],[35688, 32360],[35688, 32368],[35696, 32368],[35696, 32384],[35712, 32384],[35712, 32392],[35720, 32392],[35720, 32400],[35736, 32400],[35736, 32408],[35760, 32408],[35760, 32416],[35776, 32416],[35776, 32424],[35792, 32424],[35792, 32432],[35800, 32432],[35800, 32440],[35816, 32440],[35816, 32448],[35832, 32448],[35832, 32456],[35864, 32456],[35864, 32416],[35856, 32416],[35856, 32400],[35848, 32400],[35848, 32392],[35840, 32392],[35840, 32384],[35824, 32384],[35824, 32376],[35800, 32376],[35800, 32368],[35776, 32368],[35776, 32360],[35760, 32360],[35760, 32352],[35744, 32352],[35744, 32344],[35712, 32344],[35712, 32336],[35696, 32336],[35696, 32328],[35688, 32328],[35688, 32320],[35680, 32320],[35680, 32304],[35672, 32304],[35672, 32224],[35664, 32224],[35664, 32200],[35656, 32200],[35656, 32184],[35632, 32184],[35632, 32192],[35624, 32192],[35624, 32200],[35616, 32200],[35616, 32208],[35608, 32208],[35608, 32232],[35600, 32232]]]},"properties":{"objectType":"annotation","classification":{"name":"Ignore*","color":[180, 180, 180]},"isLocked":true}},{"type":"Feature","id":"2a09fe8b-5da2-42fa-97d0-bdffe1288cc0","geometry":{"type":"Polygon","coordinates":[[[33760, 32368],[33760, 32384],[33768, 32384],[33768, 32400],[33776, 32400],[33776, 32416],[33784, 32416],[33784, 32424],[33792, 32424],[33792, 32432],[33800, 32432],[33800, 32440],[33808, 32440],[33808, 32448],[33816, 32448],[33816, 32456],[33824, 32456],[33824, 32472],[33832, 32472],[33832, 32504],[33840, 32504],[33840, 32528],[33848, 32528],[33848, 32544],[33864, 32544],[33864, 32552],[33920, 32552],[33920, 32560],[33936, 32560],[33936, 32568],[33944, 32568],[33944, 32576],[33952, 32576],[33952, 32584],[33960, 32584],[33960, 32592],[34008, 32592],[34008, 32544],[34000, 32544],[34000, 32536],[33992, 32536],[33992, 32520],[33984, 32520],[33984, 32512],[33968, 32512],[33968, 32504],[33960, 32504],[33960, 32496],[33952, 32496],[33952, 32488],[33936, 32488],[33936, 32480],[33928, 32480],[33928, 32464],[33920, 32464],[33920, 32416],[33912, 32416],[33912, 32408],[33904, 32408],[33904, 32400],[33840, 32400],[33840, 32392],[33824, 32392],[33824, 32384],[33816, 32384],[33816, 32376],[33800, 32376],[33800, 32368],[33784, 32368],[33784, 32360],[33776, 32360],[33776, 32368],[33760, 32368]]]},"properties":{"objectType":"annotation","classification":{"name":"Ignore*","color":[180, 180, 180]},"isLocked":true}},{"type":"Feature","id":"5b7ce72d-e0ab-4b92-a388-01c51723a0e5","geometry":{"type":"Polygon","coordinates":[[[41024, 32384],[41024, 32408],[41032, 32408],[41032, 32416],[41040, 32416],[41040, 32424],[41048, 32424],[41048, 32432],[41064, 32432],[41064, 32440],[41088, 32440],[41088, 32448],[41096, 32448],[41096, 32456],[41104, 32456],[41104, 32464],[41112, 32464],[41112, 32472],[41120, 32472],[41120, 32480],[41128, 32480],[41128, 32488],[41136, 32488],[41136, 32496],[41144, 32496],[41144, 32512],[41152, 32512],[41152, 32528],[41160, 32528],[41160, 32536],[41168, 32536],[41168, 32544],[41176, 32544],[41176, 32552],[41184, 32552],[41184, 32560],[41192, 32560],[41192, 32568],[41208, 32568],[41208, 32576],[41216, 32576],[41216, 32584],[41232, 32584],[41232, 32592],[41248, 32592],[41248, 32600],[41264, 32600],[41264, 32608],[41280, 32608],[41280, 32616],[41296, 32616],[41296, 32624],[41304, 32624],[41304, 32640],[41312, 32640],[41312, 32648],[41320, 32648],[41320, 32656],[41344, 32656],[41344, 32664],[41360, 32664],[41360, 32672],[41376, 32672],[41376, 32680],[41392, 32680],[41392, 32656],[41384, 32656],[41384, 32648],[41368, 32648],[41368, 32632],[41360, 32632],[41360, 32624],[41352, 32624],[41352, 32608],[41336, 32608],[41336, 32600],[41320, 32600],[41320, 32592],[41312, 32592],[41312, 32576],[41304, 32576],[41304, 32568],[41296, 32568],[41296, 32552],[41288, 32552],[41288, 32544],[41280, 32544],[41280, 32536],[41272, 32536],[41272, 32520],[41264, 32520],[41264, 32512],[41256, 32512],[41256, 32504],[41248, 32504],[41248, 32496],[41240, 32496],[41240, 32488],[41232, 32488],[41232, 32480],[41224, 32480],[41224, 32472],[41216, 32472],[41216, 32464],[41208, 32464],[41208, 32456],[41200, 32456],[41200, 32448],[41192, 32448],[41192, 32440],[41184, 32440],[41184, 32432],[41176, 32432],[41176, 32408],[41168, 32408],[41168, 32392],[41160, 32392],[41160, 32384],[41128, 32384],[41128, 32376],[41088, 32376],[41088, 32384],[41024, 32384]]]},"properties":{"objectType":"annotation","classification":{"name":"Ignore*","color":[180, 180, 180]},"isLocked":true}},{"type":"Feature","id":"79c7a642-efb6-40db-91ed-aa7edb97f696","geometry":{"type":"Polygon","coordinates":[[[40200, 32688],[40200, 32696],[40208, 32696],[40208, 32704],[40216, 32704],[40216, 32712],[40224, 32712],[40224, 32720],[40248, 32720],[40248, 32728],[40272, 32728],[40272, 32736],[40304, 32736],[40304, 32728],[40312, 32728],[40312, 32696],[40304, 32696],[40304, 32688],[40296, 32688],[40296, 32680],[40288, 32680],[40288, 32672],[40216, 32672],[40216, 32680],[40208, 32680],[40208, 32688],[40200, 32688]]]},"properties":{"objectType":"annotation","classification":{"name":"Ignore*","color":[180, 180, 180]},"isLocked":true}},{"type":"Feature","id":"90191c65-28bb-43e5-ab34-20dec9b9e49d","geometry":{"type":"Polygon","coordinates":[[[37904, 32696],[37904, 32712],[37912, 32712],[37912, 32720],[37928, 32720],[37928, 32728],[38000, 32728],[38000, 32736],[38040, 32736],[38040, 32744],[38104, 32744],[38104, 32736],[38120, 32736],[38120, 32728],[38144, 32728],[38144, 32736],[38152, 32736],[38152, 32744],[38168, 32744],[38168, 32752],[38216, 32752],[38216, 32744],[38224, 32744],[38224, 32728],[38216, 32728],[38216, 32720],[38208, 32720],[38208, 32712],[38192, 32712],[38192, 32704],[38144, 32704],[38144, 32712],[38120, 32712],[38120, 32704],[38112, 32704],[38112, 32696],[38104, 32696],[38104, 32688],[38088, 32688],[38088, 32680],[38080, 32680],[38080, 32672],[38040, 32672],[38040, 32664],[38024, 32664],[38024, 32656],[37960, 32656],[37960, 32648],[37928, 32648],[37928, 32656],[37920, 32656],[37920, 32664],[37912, 32664],[37912, 32696],[37904, 32696]]]},"properties":{"objectType":"annotation","classification":{"name":"Ignore*","color":[180, 180, 180]},"isLocked":true}},{"type":"Feature","id":"0e1f987a-2aaa-4b57-9642-7a2c024ed90c","geometry":{"type":"Polygon","coordinates":[[[35192, 32760],[35192, 32784],[35200, 32784],[35200, 32824],[35208, 32824],[35208, 32832],[35216, 32832],[35216, 32840],[35224, 32840],[35224, 32848],[35232, 32848],[35232, 32856],[35240, 32856],[35240, 32864],[35264, 32864],[35264, 32856],[35272, 32856],[35272, 32848],[35296, 32848],[35296, 32840],[35312, 32840],[35312, 32832],[35320, 32832],[35320, 32824],[35328, 32824],[35328, 32800],[35320, 32800],[35320, 32792],[35312, 32792],[35312, 32784],[35288, 32784],[35288, 32792],[35264, 32792],[35264, 32784],[35256, 32784],[35256, 32776],[35248, 32776],[35248, 32744],[35256, 32744],[35256, 32736],[35264, 32736],[35264, 32728],[35272, 32728],[35272, 32696],[35264, 32696],[35264, 32688],[35224, 32688],[35224, 32696],[35216, 32696],[35216, 32720],[35208, 32720],[35208, 32736],[35200, 32736],[35200, 32760],[35192, 32760]]]},"properties":{"objectType":"annotation","classification":{"name":"Ignore*","color":[180, 180, 180]},"isLocked":true}},{"type":"Feature","id":"6d37d9cc-1190-4d95-be45-7aee9748fc19","geometry":{"type":"Polygon","coordinates":[[[34600, 32968],[34600, 33000],[34608, 33000],[34608, 33008],[34648, 33008],[34648, 33000],[34656, 33000],[34656, 32992],[34672, 32992],[34672, 32984],[34696, 32984],[34696, 32976],[34712, 32976],[34712, 32968],[34720, 32968],[34720, 32944],[34728, 32944],[34728, 32936],[34720, 32936],[34720, 32928],[34712, 32928],[34712, 32920],[34664, 32920],[34664, 32928],[34648, 32928],[34648, 32936],[34640, 32936],[34640, 32944],[34624, 32944],[34624, 32952],[34616, 32952],[34616, 32960],[34608, 32960],[34608, 32968],[34600, 32968]]]},"properties":{"objectType":"annotation","classification":{"name":"Ignore*","color":[180, 180, 180]},"isLocked":true}},{"type":"Feature","id":"5663dfcb-9a46-4b82-add7-498b10fbfe1d","geometry":{"type":"Polygon","coordinates":[[[40040, 33112],[40040, 33128],[40048, 33128],[40048, 33136],[40056, 33136],[40056, 33144],[40072, 33144],[40072, 33152],[40096, 33152],[40096, 33144],[40128, 33144],[40128, 33152],[40136, 33152],[40136, 33144],[40160, 33144],[40160, 33136],[40168, 33136],[40168, 33120],[40160, 33120],[40160, 33112],[40152, 33112],[40152, 33104],[40136, 33104],[40136, 33096],[40112, 33096],[40112, 33088],[40072, 33088],[40072, 33096],[40056, 33096],[40056, 33104],[40048, 33104],[40048, 33112],[40040, 33112]]]},"properties":{"objectType":"annotation","classification":{"name":"Ignore*","color":[180, 180, 180]},"isLocked":true}},{"type":"Feature","id":"b10c4351-1473-454f-bfd0-e2b9ca0ce4ab","geometry":{"type":"Polygon","coordinates":[[[36504, 33184],[36504, 33200],[36512, 33200],[36512, 33208],[36520, 33208],[36520, 33216],[36528, 33216],[36528, 33224],[36576, 33224],[36576, 33184],[36584, 33184],[36584, 33176],[36600, 33176],[36600, 33184],[36616, 33184],[36616, 33192],[36632, 33192],[36632, 33200],[36640, 33200],[36640, 33216],[36648, 33216],[36648, 33232],[36656, 33232],[36656, 33240],[36664, 33240],[36664, 33248],[36672, 33248],[36672, 33256],[36688, 33256],[36688, 33264],[36704, 33264],[36704, 33256],[36720, 33256],[36720, 33208],[36712, 33208],[36712, 33200],[36704, 33200],[36704, 33192],[36696, 33192],[36696, 33176],[36688, 33176],[36688, 33168],[36680, 33168],[36680, 33152],[36672, 33152],[36672, 33144],[36656, 33144],[36656, 33136],[36640, 33136],[36640, 33128],[36624, 33128],[36624, 33120],[36600, 33120],[36600, 33128],[36592, 33128],[36592, 33136],[36584, 33136],[36584, 33160],[36560, 33160],[36560, 33152],[36544, 33152],[36544, 33144],[36528, 33144],[36528, 33152],[36520, 33152],[36520, 33168],[36512, 33168],[36512, 33184],[36504, 33184]]]},"properties":{"objectType":"annotation","classification":{"name":"Ignore*","color":[180, 180, 180]},"isLocked":true}},{"type":"Feature","id":"2a74bee3-6c49-4aef-96f9-3c25beb3b828","geometry":{"type":"Polygon","coordinates":[[[40432, 33208],[40432, 33224],[40440, 33224],[40440, 33232],[40472, 33232],[40472, 33240],[40528, 33240],[40528, 33248],[40552, 33248],[40552, 33240],[40608, 33240],[40608, 33248],[40616, 33248],[40616, 33256],[40624, 33256],[40624, 33264],[40632, 33264],[40632, 33272],[40648, 33272],[40648, 33280],[40672, 33280],[40672, 33288],[40688, 33288],[40688, 33296],[40704, 33296],[40704, 33304],[40720, 33304],[40720, 33312],[40736, 33312],[40736, 33320],[40760, 33320],[40760, 33328],[40784, 33328],[40784, 33336],[40808, 33336],[40808, 33344],[40816, 33344],[40816, 33352],[40840, 33352],[40840, 33336],[40832, 33336],[40832, 33328],[40824, 33328],[40824, 33320],[40816, 33320],[40816, 33312],[40808, 33312],[40808, 33304],[40800, 33304],[40800, 33296],[40784, 33296],[40784, 33288],[40752, 33288],[40752, 33280],[40728, 33280],[40728, 33272],[40712, 33272],[40712, 33264],[40696, 33264],[40696, 33256],[40680, 33256],[40680, 33248],[40664, 33248],[40664, 33240],[40648, 33240],[40648, 33232],[40640, 33232],[40640, 33224],[40624, 33224],[40624, 33216],[40616, 33216],[40616, 33208],[40608, 33208],[40608, 33200],[40600, 33200],[40600, 33192],[40568, 33192],[40568, 33184],[40544, 33184],[40544, 33176],[40528, 33176],[40528, 33168],[40480, 33168],[40480, 33176],[40472, 33176],[40472, 33184],[40464, 33184],[40464, 33192],[40456, 33192],[40456, 33200],[40440, 33200],[40440, 33208],[40432, 33208]]]},"properties":{"objectType":"annotation","classification":{"name":"Ignore*","color":[180, 180, 180]},"isLocked":true}},{"type":"Feature","id":"39aea196-6962-42c0-8091-7955627bbaa7","geometry":{"type":"Polygon","coordinates":[[[36744, 33336],[36744, 33352],[36752, 33352],[36752, 33360],[36760, 33360],[36760, 33368],[36800, 33368],[36800, 33376],[36840, 33376],[36840, 33384],[36856, 33384],[36856, 33392],[36872, 33392],[36872, 33400],[36912, 33400],[36912, 33392],[36920, 33392],[36920, 33368],[36912, 33368],[36912, 33360],[36904, 33360],[36904, 33352],[36896, 33352],[36896, 33344],[36888, 33344],[36888, 33336],[36872, 33336],[36872, 33328],[36848, 33328],[36848, 33320],[36760, 33320],[36760, 33328],[36752, 33328],[36752, 33336],[36744, 33336]]]},"properties":{"objectType":"annotation","classification":{"name":"Ignore*","color":[180, 180, 180]},"isLocked":true}},{"type":"Feature","id":"09c04001-fe24-4258-983e-d01982611fcb","geometry":{"type":"Polygon","coordinates":[[[41008, 33392],[41008, 33432],[41016, 33432],[41016, 33440],[41024, 33440],[41024, 33448],[41032, 33448],[41032, 33456],[41040, 33456],[41040, 33464],[41048, 33464],[41048, 33472],[41064, 33472],[41064, 33480],[41072, 33480],[41072, 33488],[41096, 33488],[41096, 33480],[41112, 33480],[41112, 33432],[41104, 33432],[41104, 33424],[41096, 33424],[41096, 33416],[41088, 33416],[41088, 33408],[41072, 33408],[41072, 33400],[41056, 33400],[41056, 33392],[41040, 33392],[41040, 33384],[41024, 33384],[41024, 33392],[41008, 33392]]]},"properties":{"objectType":"annotation","classification":{"name":"Ignore*","color":[180, 180, 180]},"isLocked":true}},{"type":"Feature","id":"3f76c5f7-c3f3-4082-8c5f-2fac0c7cb22a","geometry":{"type":"Polygon","coordinates":[[[40672, 33992],[40672, 34024],[40680, 34024],[40680, 34032],[40696, 34032],[40696, 34040],[40752, 34040],[40752, 34032],[40768, 34032],[40768, 34024],[40776, 34024],[40776, 34016],[40784, 34016],[40784, 33984],[40792, 33984],[40792, 33968],[40808, 33968],[40808, 33960],[40816, 33960],[40816, 33952],[40832, 33952],[40832, 33944],[40840, 33944],[40840, 33936],[40856, 33936],[40856, 33928],[40880, 33928],[40880, 33920],[40968, 33920],[40968, 33912],[40976, 33912],[40976, 33904],[40984, 33904],[40984, 33896],[40976, 33896],[40976, 33888],[40968, 33888],[40968, 33880],[40944, 33880],[40944, 33872],[40896, 33872],[40896, 33880],[40872, 33880],[40872, 33888],[40856, 33888],[40856, 33896],[40760, 33896],[40760, 33888],[40728, 33888],[40728, 33896],[40720, 33896],[40720, 33912],[40728, 33912],[40728, 33920],[40736, 33920],[40736, 33952],[40728, 33952],[40728, 33960],[40712, 33960],[40712, 33968],[40688, 33968],[40688, 33976],[40680, 33976],[40680, 33992],[40672, 33992]]]},"properties":{"objectType":"annotation","classification":{"name":"Ignore*","color":[180, 180, 180]},"isLocked":true}},{"type":"Feature","id":"a07dedc4-c0f1-4ec9-bbb3-67fa1208f4e3","geometry":{"type":"Polygon","coordinates":[[[41440, 34520],[41440, 34552],[41448, 34552],[41448, 34560],[41464, 34560],[41464, 34568],[41488, 34568],[41488, 34560],[41496, 34560],[41496, 34552],[41504, 34552],[41504, 34544],[41512, 34544],[41512, 34536],[41544, 34536],[41544, 34528],[41560, 34528],[41560, 34520],[41568, 34520],[41568, 34512],[41576, 34512],[41576, 34488],[41584, 34488],[41584, 34464],[41592, 34464],[41592, 34440],[41584, 34440],[41584, 34432],[41576, 34432],[41576, 34424],[41544, 34424],[41544, 34432],[41520, 34432],[41520, 34440],[41504, 34440],[41504, 34448],[41496, 34448],[41496, 34456],[41488, 34456],[41488, 34464],[41480, 34464],[41480, 34472],[41472, 34472],[41472, 34480],[41464, 34480],[41464, 34504],[41456, 34504],[41456, 34512],[41448, 34512],[41448, 34520],[41440, 34520]]]},"properties":{"objectType":"annotation","classification":{"name":"Ignore*","color":[180, 180, 180]},"isLocked":true}},{"type":"Feature","id":"510ea237-6a0b-4059-95c4-9f493731ee46","geometry":{"type":"Polygon","coordinates":[[[41840, 34760],[41840, 34792],[41848, 34792],[41848, 34800],[41856, 34800],[41856, 34808],[41888, 34808],[41888, 34800],[41912, 34800],[41912, 34792],[41928, 34792],[41928, 34744],[41920, 34744],[41920, 34736],[41904, 34736],[41904, 34728],[41896, 34728],[41896, 34720],[41864, 34720],[41864, 34728],[41856, 34728],[41856, 34736],[41848, 34736],[41848, 34760],[41840, 34760]]]},"properties":{"objectType":"annotation","classification":{"name":"Ignore*","color":[180, 180, 180]},"isLocked":true}},{"type":"Feature","id":"1bc2236f-45aa-4a13-a8ea-21b100879116","geometry":{"type":"Polygon","coordinates":[[[32413, 23176],[32413, 23182],[32416, 23185],[32416, 23191],[32416, 23195],[32419, 23198],[32419, 23204],[32420, 23204],[32420, 23205],[32422.25, 23206.5],[32423, 23207.33],[32423, 23211],[32424, 23211],[32424, 23212],[32427, 23212],[32427.11, 23211.89],[32429, 23214],[32430, 23214],[32431, 23215],[32444, 23215],[32444, 23214],[32445, 23214],[32445, 23211],[32447.87, 23208],[32451, 23208],[32458, 23201],[32458, 23198],[32467, 23189],[32470, 23189],[32470, 23188],[32471, 23188],[32474, 23185],[32477, 23185],[32480, 23182],[32484, 23182],[32487, 23179],[32487, 23178],[32488, 23177],[32488, 23175],[32490, 23172],[32491, 23171],[32491, 23168],[32491, 23144],[32490, 23144],[32490, 23143],[32488, 23141],[32488, 23138],[32487, 23138],[32487, 23137],[32481, 23130],[32477, 23130],[32474, 23127],[32470, 23127],[32468, 23124],[32461, 23124],[32460, 23123],[32446, 23123],[32446, 23124],[32442, 23124],[32439, 23127],[32439, 23130],[32439, 23130.67],[32436, 23134],[32435, 23134],[32435, 23137],[32435, 23138],[32433, 23140],[32432, 23141],[32432, 23144],[32429, 23147],[32429, 23150],[32429, 23154],[32426, 23157],[32426, 23160],[32423, 23163],[32416, 23170],[32416, 23173],[32413, 23176]]]},"properties":{"objectType":"annotation","classification":{"name":"Ignore*","color":[180, 180, 180]}}},{"type":"Feature","id":"1e788c5d-3ec7-4bc7-b4d5-4fd98d1b72c8","geometry":{"type":"Polygon","coordinates":[[[31865, 23188],[31869, 23192],[31869, 23195],[31872, 23198],[31872, 23199],[31872, 23202],[31873, 23203],[31871, 23203],[31871, 23206],[31871, 23209],[31871, 23212],[31871, 23218],[31874, 23221],[31874, 23224],[31875, 23224],[31875, 23225],[31891, 23241],[31895, 23241],[31910, 23257],[31911, 23257],[31912, 23258],[31915, 23258],[31915, 23257],[31916, 23257],[31923, 23251],[31923, 23248],[31923, 23241],[31926, 23238],[31926, 23237],[31929, 23234],[31929, 23233],[31930, 23233],[31930, 23231],[31932, 23228],[31936, 23228],[31939, 23225],[31945, 23219],[31947, 23219],[31948, 23218],[31949, 23218],[31949, 23215],[31949, 23214],[31952, 23212],[31952, 23196],[31949, 23193],[31949, 23190],[31949, 23186],[31946, 23186],[31946, 23184],[31945, 23184],[31945, 23183],[31944, 23183],[31943, 23183],[31943, 23184],[31943, 23190],[31940, 23187],[31940, 23183],[31940, 23180],[31937, 23177],[31937, 23174],[31936, 23174],[31936, 23173],[31934, 23171],[31934, 23168],[31933, 23168],[31933, 23167],[31920, 23154],[31892, 23154],[31889, 23157],[31885, 23157],[31882, 23160],[31879, 23160],[31873, 23167],[31869, 23167],[31865, 23171],[31865, 23174],[31862, 23177],[31862, 23179],[31865, 23182],[31865, 23188]],[[31899, 23222],[31901, 23225],[31917, 23225],[31920, 23222],[31923, 23222],[31923, 23221],[31926, 23219],[31930, 23219],[31927, 23222],[31924, 23222],[31924, 23223],[31923, 23223],[31921, 23226],[31917, 23226],[31914, 23229],[31906, 23229],[31903, 23226],[31900, 23226],[31899, 23225],[31898.14, 23225],[31894.33, 23220.56],[31895, 23221],[31896, 23222],[31899, 23222]],[[31939, 23212.86],[31939, 23213],[31934, 23219],[31933, 23219],[31932, 23219],[31932, 23218],[31933, 23218],[31939, 23212.86]],[[31943, 23207],[31940, 23210],[31940, 23208],[31943, 23205],[31943, 23207]]]},"properties":{"objectType":"annotation","classification":{"name":"Ignore*","color":[180, 180, 180]}}},{"type":"Feature","id":"b9a73892-b3d6-410c-bc26-cb85718c56ea","geometry":{"type":"Polygon","coordinates":[[[31492, 22384],[31492, 22403],[31495, 22406],[31495, 22410],[31499, 22410],[31502, 22413],[31524, 22413],[31527, 22410],[31537, 22410],[31540, 22407],[31543, 22407],[31543, 22406],[31553, 22397],[31553, 22396],[31554, 22395],[31556, 22393],[31556, 22392],[31557, 22392],[31557, 22389],[31557, 22386],[31557, 22385],[31556, 22385],[31556, 22384],[31550, 22378],[31547.33, 22378],[31546, 22377],[31543, 22377],[31540, 22374],[31536, 22374],[31533, 22371],[31533, 22370],[31530, 22370],[31527, 22367],[31508, 22367],[31495, 22380],[31495, 22384],[31492, 22384]]]},"properties":{"objectType":"annotation","classification":{"name":"Ignore*","color":[180, 180, 180]}}},{"type":"Feature","id":"109d29b2-15a4-4479-a463-8e9ecd1e0015","geometry":{"type":"Polygon","coordinates":[[[32994, 23104],[32994, 23127],[32994, 23128],[32995, 23128],[32998, 23131],[32998, 23132],[32998, 23138],[33001, 23141],[33001, 23144],[33001, 23148],[33004, 23148],[33006, 23145],[33016, 23145],[33016, 23144],[33017, 23144],[33019, 23142],[33022, 23142],[33022, 23141],[33023, 23141],[33025, 23139],[33026, 23138],[33028, 23136],[33029, 23136],[33029, 23135],[33033, 23135],[33036, 23132],[33039, 23132],[33040, 23131],[33046, 23125],[33046, 23118],[33049, 23115],[33049, 23114],[33050, 23114],[33050, 23112],[33052, 23109],[33053, 23108],[33053, 23105],[33065, 23093],[33065, 23092],[33066, 23092],[33066, 23089],[33069, 23086],[33069, 23083],[33069, 23082],[33072, 23080],[33072, 23079],[33072, 23077],[33072, 23074],[33072, 23071],[33072, 23064],[33069, 23061],[33069, 23057],[33066, 23057],[33066, 23058],[33059, 23051],[33058.7, 23051],[33056, 23048],[33056, 23045],[33050, 23039],[33050, 23036],[33049, 23036],[33049, 23035],[33045, 23031],[33041, 23031],[33040, 23032],[33036, 23032],[33035, 23031],[33031, 23031],[33031, 23032],[33024, 23032],[33024, 23035],[33021, 23035],[33014, 23041],[33014, 23042],[33013, 23042],[33013, 23041],[33011, 23041],[33011, 23045],[33011, 23048],[33010, 23049],[33010, 23048],[33008, 23048],[33007, 23049],[33007, 23052],[33007, 23055],[33007, 23058],[33006, 23057],[33005, 23057],[33005, 23058],[33004, 23058],[33004, 23061],[33004, 23070],[33007, 23073],[33007, 23087],[33001.6, 23093],[32998, 23093],[32998, 23097],[32998, 23100],[32994, 23104]]]},"properties":{"objectType":"annotation","classification":{"name":"Ignore*","color":[180, 180, 180]}}},{"type":"Feature","id":"d0b47099-5ec6-4b5c-ad06-1bf33e71b64f","geometry":{"type":"Polygon","coordinates":[[[30192, 23301],[30202, 23397],[30264, 23488],[30296, 23486],[30304, 23520],[30416, 23528],[30496, 23456],[30512, 23376],[30464, 23288],[30380, 23236],[30304, 23209],[30248, 23208],[30192, 23301]]]},"properties":{"objectType":"annotation","classification":{"name":"Tumor","color":[102, 77, 179]}}},{"type":"Feature","id":"1f276fa2-c3f4-4cc9-9199-49d2d811327d","geometry":{"type":"Polygon","coordinates":[[[31462, 24557],[31462, 24566],[31465, 24569],[31465, 24572],[31468, 24575],[31468, 24581],[31482, 24595],[31483, 24595],[31483, 24596],[31485, 24596],[31488, 24598],[31489, 24599],[31506, 24599],[31507, 24598],[31507, 24595],[31510, 24592],[31510, 24591],[31511, 24591],[31511, 24574],[31510, 24574],[31510, 24573],[31507, 24570],[31507, 24567],[31501, 24561],[31501, 24558],[31500, 24557],[31497, 24557],[31491, 24550],[31469, 24550],[31462, 24557]]]},"properties":{"objectType":"annotation","classification":{"name":"Ignore*","color":[180, 180, 180]}}},{"type":"Feature","id":"a0977c3c-2b8b-4350-a696-09299bc5917e","geometry":{"type":"Polygon","coordinates":[[[31442, 24502],[31442, 24519],[31443, 24519],[31443, 24520],[31446, 24520],[31449, 24523],[31487, 24523],[31491, 24520],[31491, 24517],[31488, 24514],[31488, 24511],[31487, 24511],[31478, 24501],[31478, 24498],[31474, 24494],[31449, 24494],[31443, 24501],[31442, 24502]]]},"properties":{"objectType":"annotation","classification":{"name":"Ignore*","color":[180, 180, 180]}}},{"type":"Feature","id":"758958c8-2071-4faa-9d08-02fefb830ad1","geometry":{"type":"Polygon","coordinates":[[[30769, 24518],[30769, 24521],[30769, 24522],[30770, 24523],[30772, 24525],[30772, 24526],[30773, 24526.67],[30773, 24529],[30773, 24532],[30775, 24534],[30775, 24538],[30776, 24538],[30776, 24539],[30776, 24542],[30778, 24544],[30778, 24545],[30779, 24546],[30779, 24548],[30779, 24549],[30779, 24551],[30779, 24552],[30786, 24559],[30798, 24559],[30798, 24558],[30801, 24556],[30820, 24556],[30820, 24555],[30821, 24555],[30823, 24553],[30826, 24553],[30826, 24552],[30831, 24552],[30834, 24549],[30837, 24546],[30844, 24539],[30850, 24533],[30853, 24533],[30854, 24532],[30856, 24530],[30868, 24530],[30869, 24529],[30870, 24529],[30871.33, 24527],[30875, 24527],[30875, 24526],[30879, 24526],[30883, 24523],[30883, 24520],[30883, 24519],[30886, 24516],[30886, 24515],[30887, 24515],[30887, 24511],[30887, 24501.33],[30889, 24500],[30889, 24497],[30887, 24495],[30887, 24492],[30886, 24492],[30886, 24491],[30886, 24488],[30885, 24488],[30885, 24487],[30882, 24487],[30879, 24484],[30876, 24481],[30873, 24481],[30870, 24478],[30869, 24477],[30865, 24477],[30863, 24475],[30862, 24474],[30855, 24474],[30853, 24472],[30853, 24471],[30839, 24471],[30835, 24475],[30833, 24477],[30832, 24477],[30832, 24478],[30828, 24478],[30825, 24481],[30822, 24484],[30819, 24484],[30816.43, 24487],[30815, 24487],[30812.43, 24490],[30812, 24490],[30812, 24490.5],[30811.57, 24491],[30809, 24491],[30805, 24494],[30802, 24497],[30799, 24497],[30796, 24500],[30793, 24500],[30792, 24501],[30790, 24503],[30787, 24503],[30786, 24504],[30783, 24507],[30779, 24507],[30776.3, 24510],[30776, 24510],[30773, 24513],[30773, 24513.67],[30770, 24517],[30769, 24518]]]},"properties":{"objectType":"annotation","classification":{"name":"Ignore*","color":[180, 180, 180]}}},{"type":"Feature","id":"53495c00-41d9-4054-ba92-89ec30d91680","geometry":{"type":"Polygon","coordinates":[[[31660, 24554],[31660, 24565],[31661, 24565],[31661, 24566],[31667, 24572],[31668, 24572],[31668, 24573],[31681, 24573],[31682, 24572],[31683, 24572],[31685, 24569],[31689, 24569],[31696, 24562],[31696, 24559],[31699, 24556],[31699, 24547],[31692, 24540],[31677, 24540],[31674, 24543],[31671, 24543],[31671, 24544],[31670, 24544],[31661, 24553],[31661, 24554],[31660, 24554]]]},"properties":{"objectType":"annotation","classification":{"name":"Ignore*","color":[180, 180, 180]}}},{"type":"Feature","id":"c74c3c80-8e72-442a-9404-09d7f9dab312","geometry":{"type":"Polygon","coordinates":[[[31289, 23976],[31295, 24010],[31319, 23989],[31341, 24009],[31333, 24050],[31351, 24090],[31345, 24055],[31355, 24046],[31349, 24001],[31370, 23988],[31401, 24020],[31489, 24024],[31523, 23980],[31527, 23896],[31507, 23878],[31429, 23862],[31387, 23892],[31353, 23926],[31367, 23945],[31365, 23977],[31327, 23991],[31303, 23950],[31289, 23976]]]},"properties":{"objectType":"annotation","classification":{"name":"Tumor","color":[102, 77, 179]}}},{"type":"Feature","id":"6d857298-5823-43f3-9866-8bad46db5f2c","geometry":{"type":"Polygon","coordinates":[[[31469, 24178],[31505, 24215],[31621, 24228],[31726, 24145],[31627, 23985],[31575, 23971],[31512, 24040],[31537, 24084],[31469, 24178]]]},"properties":{"objectType":"annotation","classification":{"name":"Tumor","color":[102, 77, 179]}}},{"type":"Feature","id":"cab0436e-1e12-4942-a3ef-bea500e5f234","geometry":{"type":"Polygon","coordinates":[[[37850, 24170],[37868, 24221],[37946, 24275],[37997, 24272],[38096, 24188],[38048, 24110],[37919, 24074],[37877, 24098],[37850, 24170]]]},"properties":{"objectType":"annotation","classification":{"name":"Tumor","color":[102, 77, 179]}}},{"type":"Feature","id":"8f7b9f63-9072-4a0b-aceb-00e3a373922b","geometry":{"type":"Polygon","coordinates":[[[38299, 23721],[38299, 23724],[38299, 23736],[38299, 23739],[38302, 23741],[38302, 23745],[38302, 23748],[38305, 23750],[38305, 23754],[38305, 23757],[38308, 23759],[38308, 23763],[38311, 23766],[38311, 23769],[38320, 23777.25],[38320, 23778],[38320, 23781],[38323, 23783],[38323, 23787],[38323, 23790],[38326, 23792],[38326, 23793],[38326, 23799],[38326, 23802],[38329, 23804],[38329, 23805],[38329, 23808],[38332, 23811],[38335, 23814],[38344, 23814],[38347, 23811],[38350, 23808],[38350, 23805],[38350, 23804.5],[38353, 23802],[38353, 23799],[38353, 23798],[38356, 23796],[38356, 23793],[38356, 23784],[38356, 23781],[38356, 23778],[38353, 23776],[38353, 23775],[38353, 23772],[38350, 23769.17],[38350, 23769],[38347, 23766],[38344, 23763],[38343.57, 23763],[38335, 23755],[38335, 23754],[38335, 23751],[38332, 23749],[38332, 23748],[38332, 23745],[38332, 23742],[38329, 23739.5],[38329, 23739],[38329, 23736],[38326, 23733.5],[38326, 23733],[38323, 23730.5],[38323, 23727],[38320, 23724],[38317, 23721],[38314, 23718],[38302, 23718],[38299, 23721]]]},"properties":{"objectType":"annotation","classification":{"name":"Ignore*","color":[180, 180, 180]}}},{"type":"Feature","id":"4827f378-1bfc-4b15-8536-61d78c6218ac","geometry":{"type":"Polygon","coordinates":[[[39239, 26016],[39239, 26022],[39241, 26022],[39239, 26023],[39239, 26025],[39239, 26026],[39239, 26032],[39239, 26033],[39241, 26034],[39241, 26036],[39241, 26037],[39241, 26038],[39243, 26040],[39245, 26042],[39247, 26044],[39250, 26044],[39251, 26046],[39263, 26046],[39263.5, 26045],[39265, 26045],[39265.88, 26044],[39267, 26044],[39270.5, 26040],[39271, 26040],[39271.83, 26039],[39273, 26039],[39274.5, 26037],[39275, 26037],[39276, 26036],[39277, 26036],[39278, 26035],[39279, 26035],[39281, 26033],[39285, 26029],[39285, 26028],[39287, 26026],[39287, 26025],[39287, 26024.5],[39289, 26023],[39289, 26026],[39291, 26026],[39291, 26023],[39293, 26022],[39293, 26013],[39295, 26012],[39295, 25996],[39293, 25995],[39293, 25992],[39289, 25988],[39286, 25988],[39285, 25986],[39277, 25986],[39276, 25988],[39267, 25988],[39266, 25990],[39261, 25990],[39260, 25992],[39255, 25992],[39254, 25994],[39251, 25994],[39250, 25996],[39247, 25996],[39245, 25998],[39245, 26001],[39243, 26002],[39243, 26005],[39241, 26006],[39241, 26015],[39239, 26016]]]},"properties":{"objectType":"annotation","classification":{"name":"Ignore*","color":[180, 180, 180]}}},{"type":"Feature","id":"588cac6b-f74e-4f6c-8bef-bc9abf34691d","geometry":{"type":"Polygon","coordinates":[[[39562, 26106],[39562, 26108],[39564, 26109],[39564, 26110],[39564, 26112],[39568, 26115.5],[39568, 26116],[39572, 26119.33],[39572, 26122],[39574, 26123],[39574, 26124],[39574, 26126],[39576, 26127],[39576, 26132],[39576, 26142],[39578, 26143],[39578, 26144],[39578, 26146],[39600, 26146],[39603, 26142],[39606, 26142],[39606, 26139.78],[39609.4, 26136],[39612, 26136],[39615, 26132],[39618, 26132],[39619.5, 26130],[39620, 26130],[39622, 26128],[39624, 26128],[39624, 26126],[39626, 26124],[39626, 26123.5],[39628, 26122],[39628, 26120],[39628, 26119],[39630, 26118],[39630, 26116],[39630, 26112],[39630, 26110],[39627, 26110],[39626, 26108],[39621, 26108],[39620, 26106],[39617, 26106],[39616, 26105],[39616, 26102],[39614, 26101],[39614, 26092],[39614, 26090],[39612, 26088],[39605, 26088],[39604, 26086],[39595, 26086],[39594, 26084],[39587, 26084],[39586, 26082],[39582, 26082],[39581, 26084],[39576, 26084],[39574, 26086],[39572, 26086],[39570, 26088],[39570, 26090],[39568, 26092],[39568, 26092.5],[39566, 26094],[39566, 26096],[39566, 26097],[39564, 26098],[39564, 26102],[39564, 26105],[39562, 26106]]]},"properties":{"objectType":"annotation","classification":{"name":"Ignore*","color":[180, 180, 180]}}},{"type":"Feature","id":"54b19d3e-9f3d-426a-b54d-25f0fd22a5bb","geometry":{"type":"Polygon","coordinates":[[[38352, 25667],[38352, 25669],[38352, 25671],[38352, 25675],[38352, 25677],[38352, 25679],[38354, 25680],[38354, 25681],[38354, 25683],[38358, 25687],[38361, 25687],[38362, 25689],[38365, 25689],[38368, 25692],[38368, 25695],[38370, 25696],[38370, 25697],[38370, 25701],[38372, 25702],[38372, 25705],[38386, 25705],[38387, 25703],[38393, 25703],[38394, 25705],[38397, 25705],[38400, 25708],[38400, 25709],[38402, 25710],[38402, 25711],[38402, 25713],[38404, 25715],[38404, 25717],[38406, 25719],[38408, 25719],[38410, 25721],[38410.5, 25721],[38412, 25723],[38417, 25723],[38418, 25725],[38425, 25725],[38426, 25727],[38436, 25727],[38438, 25725],[38438, 25723],[38438, 25721],[38438, 25718],[38440, 25717],[38440, 25715],[38440, 25713],[38440, 25712],[38442, 25711],[38442, 25709],[38442, 25708],[38444, 25707],[38444, 25703],[38444, 25702],[38446, 25701],[38446, 25693],[38444, 25691],[38426, 25691],[38425, 25693],[38417, 25693],[38416, 25691],[38413, 25691],[38412, 25689],[38411.5, 25689],[38410, 25687],[38407.33, 25687],[38404, 25683],[38403.67, 25683],[38402, 25681],[38399.5, 25681],[38398, 25679],[38395, 25679],[38394, 25677],[38383, 25677],[38382, 25675],[38379, 25675],[38378, 25674],[38378, 25669],[38378, 25668],[38380, 25667],[38380, 25665],[38380, 25664.5],[38382, 25663],[38382, 25660.5],[38384, 25659],[38384, 25657],[38384, 25653],[38384, 25651],[38384, 25649],[38384, 25647],[38382, 25646],[38382, 25645],[38382, 25643],[38380, 25641],[38372, 25641],[38370, 25643],[38364, 25649],[38358, 25655],[38358, 25657],[38358, 25659],[38358, 25660],[38356, 25661],[38356, 25663],[38354, 25663],[38354, 25665],[38354, 25666],[38352, 25667]]]},"properties":{"objectType":"annotation","classification":{"name":"Ignore*","color":[180, 180, 180]}}},{"type":"Feature","id":"7159d7ea-2bd6-4b46-97b2-bb5f88fc4c29","geometry":{"type":"Polygon","coordinates":[[[37505, 25186],[37523, 25262],[37579, 25335],[37623, 25344],[37640, 25368],[37688, 25352],[37728, 25360],[37736, 25336],[37768, 25336],[37824, 25280],[37816, 25240],[37832, 25224],[37816, 25144],[37785, 25108],[37739, 25085],[37737, 25034],[37709, 25022],[37698, 25050],[37687, 25014],[37658, 25037],[37597, 25042],[37576, 25058],[37555, 25018],[37523, 25056],[37549, 25069],[37517, 25117],[37505, 25186]]]},"properties":{"objectType":"annotation","classification":{"name":"Tumor","color":[102, 77, 179]}}},{"type":"Feature","id":"b22d5b66-9362-4cbe-a111-e08756fa4d54","geometry":{"type":"Polygon","coordinates":[[[37592, 27280],[37592, 27392],[37648, 27472],[37680, 27472],[37742, 27513],[37816, 27512],[37835, 27488],[37896, 27480],[37896, 27544],[37960, 27600],[38000, 27600],[38008, 27616],[38080, 27616],[38120, 27624],[38144, 27608],[38160, 27568],[38176, 27568],[38200, 27512],[38240, 27528],[38240, 27552],[38288, 27600],[38312, 27600],[38368, 27576],[38392, 27536],[38392, 27336],[38384, 27296],[38352, 27272],[38200, 27272],[38200, 27312],[38176, 27312],[38176, 27280],[38144, 27264],[38120, 27296],[38080, 27296],[38016, 27328],[37976, 27360],[37968, 27440],[37880, 27456],[37896, 27416],[37920, 27416],[37904, 27392],[37912, 27328],[37880, 27264],[37856, 27248],[37856, 27208],[37832, 27176],[37800, 27176],[37760, 27104],[37720, 27131.93],[37653, 27147],[37616, 27208],[37624, 27256],[37592, 27280]]]},"properties":{"objectType":"annotation","classification":{"name":"Tumor","color":[102, 77, 179]}}},{"type":"Feature","id":"e975ad3e-d5f7-4866-8af8-649b3de92657","geometry":{"type":"Polygon","coordinates":[[[38678, 27461],[38687, 27489],[38707, 27513],[38747, 27530],[38777, 27528],[38796.67, 27520],[38832, 27520],[38840, 27496],[38840, 27520],[38864, 27520],[38864, 27512],[38888, 27512],[38896, 27496],[38920, 27496],[38920, 27488],[38944, 27488],[38968, 27472],[38960, 27454.6],[39000, 27448],[39016, 27416],[39032, 27416],[39032, 27352],[39008, 27352],[39024, 27304],[39040, 27304],[39024, 27288],[39000, 27288],[38978.67, 27280],[38976, 27240],[38952, 27224],[38952, 27208],[38928, 27200],[38912, 27184],[38880, 27184],[38880, 27176],[38848, 27176],[38832, 27184],[38832, 27208],[38790, 27236],[38735, 27299],[38706, 27354],[38695.73, 27384],[38688, 27384],[38688, 27411.33],[38680, 27431],[38678, 27461]]]},"properties":{"objectType":"annotation","classification":{"name":"Tumor","color":[102, 77, 179]}}},{"type":"Feature","id":"b8989d66-9247-45e6-a872-cb4c74b617a4","geometry":{"type":"Polygon","coordinates":[[[35104, 26528],[35104, 26560],[35120, 26584],[35128, 26672],[35144, 26680],[35144, 26720],[35176, 26736],[35216, 26784],[35232, 26784],[35272, 26824],[35320, 26840],[35440, 26840],[35472, 26824],[35472, 26760],[35480, 26784],[35544, 26824],[35552, 26840],[35616, 26816],[35632, 26800],[35632, 26768],[35648, 26752],[35648, 26704],[35688, 26704],[35696, 26688],[35736, 26680],[35736, 26696],[35704, 26720],[35704, 26760],[35680, 26792],[35696, 26904],[35736, 26928],[35736, 26968],[35776, 26976],[35784, 26992],[35840, 26992],[35896, 26944],[35880, 26968],[35872, 27032],[35880, 27064],[35904, 27080],[35936, 27128],[35968, 27128],[35976, 27144],[36008, 27144],[36056, 27120],[36072, 27088],[36096, 27104],[36080, 27080],[36080, 27016],[36088, 27016],[36088, 26928],[36056, 26912],[36056, 26888],[36016, 26872],[35992, 26840],[36008, 26808],[35968, 26776],[35960, 26704],[35912, 26624],[35872, 26624],[35848, 26648],[35856, 26600],[35912, 26584],[35896, 26568],[35896, 26472],[35880, 26432],[35840, 26400],[35816, 26400],[35768, 26376],[35736, 26376],[35720, 26392],[35664, 26384],[35680, 26416],[35632, 26424],[35632, 26480],[35616, 26480],[35608, 26536],[35568, 26512],[35568, 26496],[35600, 26472],[35600, 26432],[35584, 26416],[35576, 26376],[35536, 26360],[35520, 26336],[35480, 26336],[35472, 26312],[35448, 26328],[35360, 26336],[35368, 26376],[35352, 26400],[35352, 26472],[35344, 26480],[35304, 26456],[35264, 26360],[35232, 26368],[35192, 26400],[35200, 26432],[35168, 26464],[35136, 26480],[35136, 26496],[35104, 26528]]]},"properties":{"objectType":"annotation","classification":{"name":"Tumor","color":[102, 77, 179]}}},{"type":"Feature","id":"b26619e8-b762-4c13-868f-7ac1125a4b83","geometry":{"type":"Polygon","coordinates":[[[36037, 26739],[36065, 26822],[36114, 26830],[36172, 26736],[36149, 26673],[36158, 26616],[36128, 26605],[36048, 26685],[36037, 26739]]]},"properties":{"objectType":"annotation","classification":{"name":"Tumor","color":[102, 77, 179]}}},{"type":"Feature","id":"137747b0-ec58-4639-b419-40be4b2cfb5e","geometry":{"type":"Polygon","coordinates":[[[36463, 26660],[36475, 26728],[36540, 26739],[36573, 26705],[36534, 26618],[36463, 26660]]]},"properties":{"objectType":"annotation","classification":{"name":"Tumor","color":[102, 77, 179]}}},{"type":"Feature","id":"c3ae2b31-2f7e-4810-b160-c0eb95513402","geometry":{"type":"Polygon","coordinates":[[[37918, 29266],[37969, 29319.27],[38074, 29469.33],[38064, 29568],[38080, 29588],[38088, 29648],[38104, 29656],[38104, 29728],[38120, 29752],[38192, 29784],[38240, 29720],[38240, 29608],[38320, 29600],[38360, 29568],[38360, 29536],[38312, 29536],[38352, 29520],[38312, 29472],[38314, 29413],[38264, 29297.89],[38266, 29219],[38215, 29131],[38168, 29104],[38160, 29080],[38096, 29088],[38080, 29104],[38084, 29196],[38048, 29224],[38050, 29264],[37998, 29284],[38026, 29251],[38026, 29179],[37984, 29152],[37944, 29160],[37920, 29192],[37918, 29266]]]},"properties":{"objectType":"annotation","classification":{"name":"Tumor","color":[102, 77, 179]}}},{"type":"Feature","id":"799bc7b3-036f-4c81-bead-38d59cdbe529","geometry":{"type":"Polygon","coordinates":[[[36728, 28992],[36768, 29056],[36792, 29056],[36816, 29080],[36840, 29080],[36864, 29112],[36864, 29144],[36920, 29144],[36928, 29168],[36952, 29168],[37000, 29200],[37056, 29184],[37072, 29160],[37112, 29160],[37128, 29120],[37176, 29088],[37176, 29024],[37160, 28976],[37136, 28944],[37104, 28928],[37056, 28944],[37048, 28960],[37008, 28952],[37000, 28936],[36960, 28920],[36920, 28920],[36888, 28904],[36888, 28872],[36872, 28888],[36768, 28888],[36736, 28920],[36728, 28992]]]},"properties":{"objectType":"annotation","classification":{"name":"Tumor","color":[102, 77, 179]}}},{"type":"Feature","id":"55c93baf-9393-48b6-9965-afb378fc334d","geometry":{"type":"Polygon","coordinates":[[[36293, 27726],[36293, 27736],[36296, 27740],[36298, 27740],[36300, 27741],[36300, 27742],[36312, 27742],[36314, 27743],[36314, 27744],[36316, 27744],[36319, 27746],[36319, 27748],[36328, 27757],[36328, 27758],[36330, 27758],[36340, 27767],[36340, 27770],[36342, 27770],[36349, 27776],[36349, 27777],[36351, 27777],[36361, 27787],[36361, 27789],[36372, 27799],[36372, 27800],[36374, 27800],[36375, 27801],[36377, 27801],[36379, 27803],[36381, 27803],[36384, 27806],[36384, 27807],[36386, 27807],[36387, 27808],[36391, 27808],[36393, 27810],[36395, 27810],[36397, 27808],[36399, 27808],[36402, 27804],[36403, 27804],[36403, 27802],[36405, 27800],[36405, 27799],[36406, 27797],[36406, 27794],[36408, 27792],[36408, 27774],[36406, 27772],[36406, 27770],[36384, 27748],[36384, 27746],[36383, 27746],[36378, 27740],[36376, 27740],[36374, 27739],[36374, 27738],[36372, 27738],[36371, 27737],[36367, 27737],[36366, 27735],[36364, 27735],[36359, 27730],[36357, 27730],[36355, 27728],[36353, 27728],[36352, 27726],[36337, 27726],[36335, 27728],[36329, 27728],[36327, 27726],[36325, 27726],[36324, 27725],[36324, 27724],[36320, 27724],[36318, 27723],[36315, 27723],[36313, 27721],[36300, 27721],[36298, 27723],[36296, 27723],[36293, 27726]]]},"properties":{"objectType":"annotation","classification":{"name":"Ignore*","color":[180, 180, 180]}}},{"type":"Feature","id":"a29078bd-2940-4fa2-a088-7f3cb2c2f25a","geometry":{"type":"Polygon","coordinates":[[[36489, 27652],[36489, 27662],[36491, 27663],[36491, 27667],[36493, 27669],[36493, 27671],[36494, 27672],[36494, 27674],[36495, 27674],[36496, 27676],[36496, 27678],[36498, 27679],[36498, 27690],[36500, 27692],[36500, 27693],[36500, 27694],[36501, 27695],[36501, 27697],[36502, 27697],[36505, 27700],[36505, 27702],[36507, 27704],[36508, 27705],[36508, 27707],[36509, 27707],[36512, 27711],[36514, 27713],[36515, 27713],[36515, 27712.33],[36517, 27715],[36518, 27715],[36519.17, 27715.58],[36520, 27716.5],[36520, 27717],[36520.45, 27717],[36525, 27722],[36527, 27722],[36529, 27724],[36531, 27724],[36532, 27725],[36532, 27726],[36534, 27726],[36536, 27727],[36536, 27728],[36538, 27728],[36539, 27729],[36541, 27729],[36542, 27730],[36542, 27731],[36543, 27731],[36544, 27732],[36544, 27733],[36549, 27733],[36549, 27735],[36555, 27735],[36555, 27734],[36559, 27731],[36559, 27724],[36557, 27723],[36557, 27722],[36557, 27721],[36556, 27719],[36556, 27718],[36556, 27716],[36555, 27716],[36555, 27715],[36554, 27714],[36552, 27712],[36552, 27710],[36550, 27709],[36550, 27707],[36549, 27705],[36549, 27704],[36549, 27702],[36547, 27700],[36547, 27698],[36546, 27698],[36545, 27697],[36545, 27696],[36543, 27694],[36542, 27694],[36539, 27691],[36539, 27690],[36537, 27690],[36535, 27687],[36535, 27674],[36535, 27670],[36534, 27670],[36533, 27668],[36533, 27666],[36532, 27666],[36531, 27665],[36531, 27663],[36525, 27657],[36522, 27657],[36520, 27656],[36520, 27655],[36518, 27655],[36517, 27654],[36515, 27654],[36506, 27645],[36504, 27643],[36496, 27643],[36495, 27645],[36493, 27645],[36493, 27647],[36491, 27649],[36491, 27651],[36489, 27652]]]},"properties":{"objectType":"annotation","classification":{"name":"Ignore*","color":[180, 180, 180]}}},{"type":"Feature","id":"a02dd14c-49da-44d1-b625-bd13f695f44f","geometry":{"type":"Polygon","coordinates":[[[36658, 27786],[36658, 27792],[36659, 27792],[36660, 27794],[36660, 27796],[36662, 27797],[36662, 27801],[36664, 27803],[36664, 27809],[36664, 27816],[36664, 27817],[36667, 27820],[36667, 27821],[36677, 27821],[36677, 27820],[36679, 27819],[36714, 27819],[36719, 27813],[36720, 27813],[36720, 27811],[36721, 27810],[36721, 27805],[36722, 27804],[36722, 27803.5],[36723, 27803],[36723, 27791],[36721, 27790],[36721, 27788],[36714, 27781],[36712, 27781],[36709, 27777],[36707, 27777],[36703, 27774],[36701, 27774],[36700, 27772],[36699, 27772],[36699, 27771],[36697, 27771],[36696, 27770],[36694, 27770],[36692, 27768],[36689, 27765],[36687, 27765],[36686, 27763],[36678, 27763],[36676, 27765],[36676, 27768],[36678, 27769],[36678, 27773],[36678, 27778],[36676, 27779],[36674, 27779],[36673, 27781],[36664, 27781],[36662, 27782],[36660, 27782],[36660, 27785],[36659, 27786],[36658, 27786]]]},"properties":{"objectType":"annotation","classification":{"name":"Ignore*","color":[180, 180, 180]}}},{"type":"Feature","id":"ff0cf7ad-57d5-4c48-acd6-5bea93e2db7b","geometry":{"type":"Polygon","coordinates":[[[37663, 28114],[37663, 28120],[37665, 28122],[37665, 28124],[37667, 28124],[37670, 28127],[37671, 28127],[37671, 28128],[37674, 28128],[37676, 28129],[37678, 28129],[37679, 28131],[37682, 28131],[37683, 28129],[37696, 28129],[37697, 28128],[37702, 28128],[37703, 28127],[37703, 28125],[37705, 28124],[37705, 28112],[37705, 28111],[37706, 28110],[37707, 28110],[37707, 28108],[37708, 28106],[37709, 28106],[37709, 28103],[37709, 28101],[37709, 28100],[37708, 28100],[37707, 28099],[37706, 28098],[37705, 28097],[37696.5, 28097],[37696, 28096],[37695, 28096],[37694, 28095],[37693, 28095],[37691, 28093],[37691, 28092],[37689, 28090],[37687, 28088],[37685, 28086],[37672, 28086],[37670, 28088],[37669, 28089],[37668, 28089],[37668, 28092],[37668, 28105],[37667, 28107],[37667, 28109],[37665, 28110],[37665, 28112],[37663, 28114]]]},"properties":{"objectType":"annotation","classification":{"name":"Ignore*","color":[180, 180, 180]}}},{"type":"Feature","id":"48f94480-41d9-4b01-8ed0-420671fd6178","geometry":{"type":"Polygon","coordinates":[[[33032, 24157],[33117, 24254],[33187, 24262],[33311, 24193],[33328, 24079],[33267, 23991],[33173, 23958],[33049, 24067],[33032, 24157]]]},"properties":{"objectType":"annotation","classification":{"name":"Tumor","color":[102, 77, 179]}}},{"type":"Feature","id":"7d4b9a76-3568-42c9-8d8a-7ccd2636c4ec","geometry":{"type":"Polygon","coordinates":[[[36692, 26596],[36723, 26646],[36876, 26712],[36930, 26663],[37016, 26704],[37191, 26676],[37267, 26566],[37272, 26478],[37161, 26313],[37066, 26252],[36912, 26227],[36793, 26278],[36702, 26403],[36692, 26596]]]},"properties":{"objectType":"annotation","classification":{"name":"Tumor","color":[102, 77, 179]}}},{"type":"Feature","id":"73513899-8d06-4667-8167-3f083d572418","geometry":{"type":"Polygon","coordinates":[[[44302, 27737],[44373, 27768],[44457, 27712],[44598, 27562],[44626, 27497],[44716, 27481],[44737, 27442],[44848, 27358],[44848, 27308],[44799, 27250],[44733, 27222],[44647, 27250],[44625, 27183],[44674.92, 27125],[44790, 27074],[44820, 27035],[44856, 26900],[44837, 26823],[44779, 26783],[44683, 26783],[44614, 26852],[44587, 26834],[44607, 26734],[44671, 26632],[44671, 26517],[44595, 26441],[44535, 26450],[44459, 26526],[44404, 26698],[44404, 26920],[44386, 27054],[44423, 27146],[44477, 27209],[44469, 27271],[44413, 27374],[44302, 27737]]]},"properties":{"objectType":"annotation","classification":{"name":"Tumor","color":[102, 77, 179]}}},{"type":"Feature","id":"deb15901-06ee-4352-8ab0-18c1a341b59f","geometry":{"type":"Polygon","coordinates":[[[37499, 25781],[37499, 25847],[37561, 25922],[37627, 25970],[37685, 25979],[37798, 25929],[37848, 25984],[37832, 26040],[37800, 26048],[37760, 26080],[37744, 26168],[37744, 26216],[37712, 26216],[37632, 26421],[37608, 26472],[37608, 26519.43],[37587, 26594],[37616, 26688],[37616, 26720],[37639.64, 26728],[37624, 26784],[37648, 26816],[37664, 26888],[37704, 26928],[37704, 26960],[37832, 27056],[37856, 27096],[37880, 27096],[37928, 27128],[37984, 27136],[38120, 27136],[38176, 27112],[38224, 27072],[38256, 27011],[38304, 26992],[38344, 26928],[38339, 26888],[38368, 26872],[38368, 26816],[38384, 26792],[38384, 26624],[38364, 26615],[38360, 26548],[38329.54, 26462.66],[38328, 26392],[38304, 26344],[38304, 26288],[38256, 26288],[38256, 26248],[38176, 26152],[38120, 26144.13],[38072, 26120],[38016, 26128],[37968, 26112],[37968, 26064],[38016, 25984],[38050, 26008],[38072, 25986],[38138, 26037],[38160, 26040],[38224, 26112],[38240, 26152],[38296, 26184],[38288, 26208],[38320, 26256],[38352, 26328],[38376, 26344],[38376, 26376],[38397.45, 26368],[38424, 26472],[38437, 26472],[38456, 26536],[38480, 26552],[38488, 26592],[38528, 26603.29],[38544, 26656],[38579.78, 26648],[38576, 26688],[38616, 26720],[38648, 26712],[38720, 26768],[38824, 26804],[38906, 26805],[38940.09, 26768],[39000, 26760],[39024, 26736],[39024, 26696],[39064, 26664],[39064, 26640],[39024, 26624],[39056, 26608],[39056, 26536],[39032, 26504],[39032, 26432],[39008, 26432],[39000, 26400],[38968, 26376],[38936, 26320],[38888, 26280],[38888, 26256],[38816, 26200],[38800, 26168],[38764, 26176],[38721, 26126],[38672, 26102.67],[38656, 26064],[38632, 26064],[38632, 26032],[38592, 26016],[38568, 25976],[38544, 25976],[38496, 25944],[38448, 25952],[38448, 25920],[38416, 25888],[38384, 25904],[38368, 25864],[38336, 25864],[38336, 25840],[38304, 25848],[38296, 25824],[38248, 25824],[38216, 25792],[38145, 25768],[38064, 25713],[38006, 25720],[37890, 25666],[37816, 25673],[37743, 25660],[37699, 25642],[37638, 25647],[37543, 25707],[37536, 25739.18],[37499, 25781]]]},"properties":{"objectType":"annotation","classification":{"name":"Tumor","color":[102, 77, 179]}}},{"type":"Feature","id":"e5fc5d26-ee56-4fc8-8866-640375868564","geometry":{"type":"Polygon","coordinates":[[[37240, 27144],[37256, 27240],[37272, 27296],[37344, 27352],[37376, 27368],[37472, 27368],[37552, 27312],[37576, 27240],[37576, 27152],[37560, 27136],[37584, 27128],[37584, 27104],[37560, 27072],[37560, 27048],[37464, 26992],[37384, 26999],[37280, 27056],[37264, 27120],[37240, 27144]]]},"properties":{"objectType":"annotation","classification":{"name":"Tumor","color":[102, 77, 179]}}},{"type":"Feature","id":"afd11275-35b6-4ac4-8c39-cf08020a61ca","geometry":{"type":"Polygon","coordinates":[[[39168, 31320],[39168, 31400],[39216, 31472],[39256, 31504],[39360, 31504],[39416, 31464],[39424, 31424],[39368, 31416],[39368, 31376],[39400, 31368],[39392, 31328],[39336, 31264],[39280, 31256],[39168, 31320]]]},"properties":{"objectType":"annotation","classification":{"name":"Tumor","color":[102, 77, 179]}}},{"type":"Feature","id":"58f131e3-a77f-452a-bb75-b2a99c6a51da","geometry":{"type":"Polygon","coordinates":[[[34627, 24059],[34664, 24144],[34720, 24160],[34792, 24160],[34864, 24112],[34872, 24144],[34976, 24144],[35080, 24072],[35112, 24008],[35112, 23944],[35160, 23944],[35208, 23912],[35208, 23824],[35152, 23800],[35056, 23824],[34984, 23872],[34904, 23872],[34864, 23920],[34832, 23920],[34864, 23888],[34832, 23864],[34696, 23904],[34640, 23976],[34627, 24059]]]},"properties":{"objectType":"annotation","classification":{"name":"Tumor","color":[102, 77, 179]}}},{"type":"Feature","id":"a983b25d-373c-4ffc-aff3-0d268f6eb1d7","geometry":{"type":"Polygon","coordinates":[[[38416, 27248],[38544, 27376],[38648, 27376],[38720, 27312],[38760, 27208],[38728, 27016],[38600, 27000],[38432, 27136],[38416, 27248]]]},"properties":{"objectType":"annotation","classification":{"name":"Tumor","color":[102, 77, 179]}}},{"type":"Feature","id":"3bdb2c55-4ba7-4b53-b30d-3c912f8589a3","geometry":{"type":"Polygon","coordinates":[[[35392, 29920],[35400, 30024],[35504, 30152],[35632, 30232],[35832, 30296],[35856, 30328],[36064, 30384],[36352, 30520],[36592, 30576],[36504, 30504],[36216, 30376],[36136, 30304],[36048, 30160],[35936, 30088],[35704, 29992],[35536, 29880],[35424, 29880],[35392, 29920]]]},"properties":{"objectType":"annotation","classification":{"name":"Tumor","color":[102, 77, 179]}}},{"type":"Feature","id":"1c303ca1-1994-4b82-828c-a0dc5f0a6aba","geometry":{"type":"Polygon","coordinates":[[[36874, 23955],[36886.71, 23978],[36890, 24010],[36897, 24027],[36929, 24060],[36943.4, 24066.8],[36962, 24095],[37005, 24132],[37023.62, 24141],[37032, 24174],[37042, 24193],[37050, 24224],[37050, 24250.33],[37037, 24268],[37044, 24282],[37034, 24296],[37028, 24322],[37059, 24334],[37064, 24320],[37094, 24333],[37109, 24330],[37154, 24307],[37144, 24295],[37191, 24288],[37203, 24267],[37216, 24259],[37205, 24251],[37221, 24247],[37209, 24220],[37196, 24225],[37197, 24257],[37174, 24247],[37176, 24231],[37192, 24213],[37183, 24199],[37155, 24205],[37182, 24196],[37211, 24201],[37221, 24213],[37227, 24254.5],[37217, 24265],[37220, 24286],[37213, 24298],[37286, 24309],[37300, 24297],[37315, 24295],[37327, 24277],[37325, 24227],[37341, 24212],[37376, 24141],[37376, 24108],[37367, 24081],[37315, 24008],[37265, 23917],[37233, 23878],[37193, 23863],[37163, 23847.6],[37114, 23813],[37094, 23807],[37064, 23806],[37064, 23800],[37007, 23800],[36969, 23797],[36928, 23812],[36915, 23824],[36904, 23852],[36887, 23865],[36879, 23886],[36874, 23955]]]},"properties":{"objectType":"annotation","classification":{"name":"Tumor","color":[102, 77, 179]}}},{"type":"Feature","id":"a3cb8292-fbd3-452e-b825-da71cdeefd3e","geometry":{"type":"Polygon","coordinates":[[[38944, 28248],[38944, 28304],[38960, 28320],[38952, 28368],[38968, 28376],[38976, 28464],[38992, 28488],[39016, 28632],[39048, 28664],[39040, 28696],[39064, 28744],[39104, 28752],[39120, 28776],[39168, 28784],[39192, 28760],[39240, 28752],[39242.5, 28730],[39267, 28729],[39319.21, 28701],[39369, 28688],[39394, 28663],[39405.26, 28636.25],[39445, 28618],[39473, 28590],[39488, 28536],[39520, 28512],[39520, 28472],[39552, 28456],[39552, 28416],[39536, 28408],[39536, 28376],[39552, 28360],[39544, 28328],[39528, 28328],[39520, 28304],[39520, 28248],[39496, 28224],[39472, 28224],[39488, 28208],[39472, 28192],[39472, 28160],[39424, 28144],[39400, 28120],[39384, 28080],[39288, 28064],[39272, 28048],[39232, 28056],[39160, 28040],[39152, 28056],[39096, 28064],[39064, 28080],[39064, 28104],[39016, 28144],[39000, 28192],[38968, 28208],[38960, 28240],[38944, 28248]]]},"properties":{"objectType":"annotation","classification":{"name":"Tumor","color":[102, 77, 179]}}},{"type":"Feature","id":"0085eaf7-daed-4d8c-a8b1-f4ae0eaa7270","geometry":{"type":"Polygon","coordinates":[[[22184, 17800],[22216, 17864],[22184, 17872],[22184, 17920],[22264, 17968],[22384, 17968],[22520, 17912],[22624, 17936],[22744, 17904],[22776, 17880],[22760, 17824],[22728, 17816],[22752, 17768],[22744, 17640],[22696, 17664],[22584, 17800],[22512, 17816],[22512, 17704],[22560, 17624],[22536, 17480],[22464, 17480],[22448, 17432],[22472, 17408],[22448, 17312],[22496, 17328],[22496, 17368],[22544, 17400],[22592, 17352],[22656, 17328],[22744, 17256],[22760, 17200],[22744, 17064],[22688, 17000],[22568, 16984],[22440, 17048],[22432, 17072],[22344, 17128],[22328, 17240],[22280, 17280],[22264, 17376],[22296, 17456],[22336, 17488],[22280, 17536],[22264, 17664],[22200, 17736],[22184, 17800]]]},"properties":{"objectType":"annotation","classification":{"name":"Tumor","color":[102, 77, 179]}}},{"type":"Feature","id":"982f7be3-2450-4770-aa6e-104f5238b0b4","geometry":{"type":"Polygon","coordinates":[[[23840, 20344],[23872, 20400],[23968, 20424],[24152, 20424],[24200, 20368],[24232, 20224],[24280, 20176],[24344, 20248],[24408, 20264],[24504, 20184],[24504, 20112],[24424, 20040],[24328, 20000],[24296, 20024],[24240, 19976],[24168, 19976],[24064, 20080],[23976, 20136],[23928, 20272],[23856, 20272],[23840, 20344]]]},"properties":{"objectType":"annotation","classification":{"name":"Tumor","color":[102, 77, 179]}}},{"type":"Feature","id":"bf01f4e3-edc1-4ec0-8278-da5452714644","geometry":{"type":"Polygon","coordinates":[[[37920, 28024],[37920, 28120],[37968, 28176],[38072, 28176],[38200, 28056],[38296, 28048],[38296, 28016],[38376, 28008],[38336, 27952],[38208, 27920],[38048, 27928],[37920, 28024]]]},"properties":{"objectType":"annotation","classification":{"name":"Tumor","color":[102, 77, 179]}}},{"type":"Feature","id":"4284be1d-5708-4065-989c-5332cb2800f7","geometry":{"type":"Polygon","coordinates":[[[33928, 27552],[33928, 27560],[33904, 27560],[33904, 27568],[33868, 27572],[33850, 27586],[33832, 27607],[33815, 27617],[33801, 27649],[33804, 27689.5],[33824, 27738],[33834, 27747.5],[33842, 27770],[33868, 27797],[33874, 27809],[33874, 27834],[33893, 27840],[33910, 27856],[33925, 27844],[33940.5, 27840],[33942, 27849],[33929, 27861],[33929, 27875],[33939, 27888.25],[33947, 27911],[33960, 27917],[33975, 27935],[34007, 27952],[34009, 27981],[34015, 27994],[34019, 28033],[34035, 28048],[34047, 28067],[34072, 28077],[34095, 28099],[34091, 28120],[34107, 28122],[34136, 28104],[34138, 28125],[34165, 28141],[34182, 28159],[34204, 28168],[34232, 28166],[34277, 28120],[34286, 28123],[34288, 28106],[34303, 28086],[34320, 28075],[34305, 28064],[34320, 28064],[34320, 28048],[34332, 28044.25],[34333, 28056],[34352, 28054],[34330, 28024],[34322, 27997],[34324, 27983],[34352, 27952],[34352, 27936],[34360, 27936],[34360, 27888],[34352, 27888],[34352, 27840],[34360, 27840],[34360, 27824],[34368, 27824],[34368, 27808],[34416, 27768],[34416, 27752],[34424, 27752],[34424, 27704],[34416, 27704],[34416, 27688],[34368, 27648],[34368, 27632],[34360, 27632],[34360, 27616],[34344, 27616],[34336, 27600],[34320, 27600],[34320, 27592],[34280, 27592],[34280, 27600],[34256, 27600],[34256, 27592],[34240, 27592],[34240, 27584],[34216, 27584],[34216, 27576],[34184, 27576],[34184, 27568],[34136, 27568],[34128, 27576],[34128, 27608],[34136, 27608],[34136, 27624],[34160, 27640],[34160, 27648],[34176, 27648],[34176, 27656],[34192, 27656],[34200, 27664],[34200, 27680],[34208, 27680],[34208, 27704],[34216, 27704],[34216, 27744],[34205, 27749],[34207, 27722],[34203, 27716],[34203, 27765],[34199, 27786],[34205, 27765],[34220, 27762],[34233, 27771],[34232, 27800],[34208, 27800],[34182, 27792],[34171, 27775],[34159, 27726],[34143, 27717],[34135, 27692],[34103, 27677],[34103, 27654],[34080, 27656],[34080, 27640],[34072, 27640],[34072, 27624],[34048, 27608],[34048, 27592],[34040, 27592],[34024, 27568],[34008, 27568],[34008, 27560],[33968, 27560],[33968, 27552],[33928, 27552]],[[34312, 28007],[34312.5, 28008],[34312, 28008],[34312, 28007]],[[34320, 28017.5],[34321, 28023],[34320, 28024],[34320, 28017.5]]]},"properties":{"objectType":"annotation","classification":{"name":"Tumor","color":[102, 77, 179]}}},{"type":"Feature","id":"44b0a1c3-fcb1-48f8-b8a4-21f87db2342c","geometry":{"type":"Polygon","coordinates":[[[39118, 33745],[39194, 33880],[39372, 33956],[39407, 33921],[39483, 33915],[39472, 33877],[39377, 33821],[39283, 33792],[39192, 33716],[39129, 33711],[39118, 33745]]]},"properties":{"objectType":"annotation","classification":{"name":"Tumor","color":[102, 77, 179]}}},{"type":"Feature","id":"3eb768b4-cadc-435a-b62d-ce191709ab7f","geometry":{"type":"Polygon","coordinates":[[[39507, 33489],[39596, 33663],[39663, 33720],[39782, 33755],[40020, 33769],[40146, 33709],[40182, 33601],[40170, 33544],[40319, 33612],[40444, 33612],[40536, 33571],[40586, 33481],[40562, 33383],[40372, 33198],[40362, 33237],[40212, 33202],[39969, 33217],[39899, 33257],[39812, 33231],[39708, 33240],[39608, 33296],[39507, 33489]]]},"properties":{"objectType":"annotation","classification":{"name":"Tumor","color":[102, 77, 179]}}},{"type":"Feature","id":"3938bbae-d274-4ed2-befa-960fff6837a0","geometry":{"type":"Polygon","coordinates":[[[38056, 32336],[38002, 32434],[38012, 32517],[38053, 32608],[38118, 32633],[38176, 32617],[38241, 32547],[38256, 32456],[38096, 32336],[38056, 32336]],[[38136, 32416],[38136, 32419],[38133, 32416],[38136, 32416]],[[38152, 32424],[38152, 32440],[38142, 32424],[38152, 32424]],[[38016, 32437],[38016, 32448],[38012, 32448],[38016, 32437]],[[38040, 32378.25],[38040, 32384],[38037, 32384],[38040, 32378.25]],[[38192, 32448],[38193, 32449],[38192, 32449.8],[38192, 32448]]]},"properties":{"objectType":"annotation","classification":{"name":"Tumor","color":[102, 77, 179]}}},{"type":"Feature","id":"cacdff7a-68cb-4594-844e-21f8f53507ac","geometry":{"type":"Polygon","coordinates":[[[37894, 32119],[37894, 32177],[37944, 32216],[38040, 32216],[38059, 32203],[38072, 32232],[38106, 32240],[38112, 32296],[38184, 32328],[38184, 32350],[38256, 32408],[38288, 32408],[38291.4, 32312],[38314, 32285],[38362.5, 32272],[38405, 32290],[38459, 32334],[38464, 32368],[38509, 32404],[38512, 32424],[38568, 32488],[38624, 32528],[38665, 32526],[38688, 32552],[38752, 32520],[38768, 32496],[38749, 32382],[38712, 32339.89],[38712, 32320],[38568, 32255],[38560, 32232],[38518, 32235],[38484, 32196],[38488, 32152],[38458.75, 32131],[38456, 32072],[38392, 32024],[38328, 32038],[38296, 32032],[38224, 32088],[38159, 32118],[38096, 32096],[38056, 32096],[38000, 32072],[37952, 32072],[37894, 32119]]]},"properties":{"objectType":"annotation","classification":{"name":"Tumor","color":[102, 77, 179]}}},{"type":"Feature","id":"7b6f1954-f033-400e-b27f-1d4de544ba81","geometry":{"type":"Polygon","coordinates":[[[36554, 32147],[36281, 32172],[36197, 32207],[36113, 32320],[36109, 32447],[36200, 32549],[36348, 32634],[36565, 32637],[36688, 32584],[36776, 32416],[36760, 32288],[36680, 32268],[36697, 32215],[36554, 32147]],[[36200, 32223.14],[36200, 32224],[36199, 32224],[36200, 32223.14]],[[36144, 32346],[36161, 32379],[36144, 32389],[36144, 32346]],[[36176, 32262],[36176, 32264],[36173.29, 32264],[36176, 32262]],[[36152, 32327.33],[36152, 32328],[36151.43, 32328],[36152, 32327.33]],[[36224, 32211],[36224, 32216],[36216, 32216],[36224, 32211]],[[36192, 32231],[36192, 32232],[36191.1, 32232],[36192, 32231]]]},"properties":{"objectType":"annotation","classification":{"name":"Tumor","color":[102, 77, 179]}}},{"type":"Feature","id":"b5139a87-91eb-46d3-bbe3-0c2855a93ff7","geometry":{"type":"Polygon","coordinates":[[[36078, 32713],[36015, 32748],[35886, 32856],[35817, 32974],[35794, 32908],[35708, 32861],[35594, 32851],[35495, 32924],[35507, 32987],[35558, 33036],[35632, 33079],[35669, 33069],[35669, 33102],[35733, 33189],[35785, 33236],[35902, 33208],[36017, 33205],[36049, 33177],[36089, 33095],[36081, 32960],[36209, 32885],[36246, 32841],[36239, 32774],[36150, 32713],[36078, 32713]],[[35562, 33031],[35564, 33032],[35564, 33033],[35562, 33031]]]},"properties":{"objectType":"annotation","classification":{"name":"Tumor","color":[102, 77, 179]}}},{"type":"Feature","id":"3b96725a-76bc-4051-a7d2-a325149ca7c2","geometry":{"type":"Polygon","coordinates":[[[34975, 33220],[35006, 33299],[35055, 33330],[35153, 33332],[35195, 33291],[35198, 33198],[35150, 33156],[35027, 33129],[35033, 33163],[34975, 33220]]]},"properties":{"objectType":"annotation","classification":{"name":"Tumor","color":[102, 77, 179]}}},{"type":"Feature","id":"80aeb71c-f746-43b9-a021-577485ef0051","geometry":{"type":"Polygon","coordinates":[[[34782, 33214],[34809, 33244],[34831, 33212],[34892, 33218],[34941, 33195],[34972, 33139],[34939, 33097],[34870, 33088],[34821, 33121],[34782, 33214]]]},"properties":{"objectType":"annotation","classification":{"name":"Tumor","color":[102, 77, 179]}}},{"type":"Feature","id":"f97dd338-f7d0-4949-9ae3-99ce47279669","geometry":{"type":"Polygon","coordinates":[[[37086, 29387],[37122, 29471],[37171, 29508],[37352, 29514],[37416, 29496],[37505, 29429],[37536, 29393],[37536, 29344],[37596, 29249],[37592, 29224],[37552, 29192],[37492, 29184],[37456, 29165],[37480, 29156],[37423, 29133],[37417, 29102],[37390, 29096],[37399, 29136],[37359, 29165],[37313, 29142],[37249, 29142],[37219, 29161],[37153, 29233],[37092, 29335],[37086, 29387]]]},"properties":{"objectType":"annotation","classification":{"name":"Tumor","color":[102, 77, 179]}}},{"type":"Feature","id":"1cf168db-22bb-40e0-a21c-f677cde5ce78","geometry":{"type":"Polygon","coordinates":[[[35059, 30142],[35059, 30236],[35239, 30431],[35144, 30502],[35131, 30566],[35204, 30674],[35370, 30699],[35395, 30644],[35371, 30541],[35401, 30488],[35401, 30346],[35232, 30160],[35124, 30123],[35059, 30142]]]},"properties":{"objectType":"annotation","classification":{"name":"Tumor","color":[102, 77, 179]}}},{"type":"Feature","id":"a4935c32-eb66-4acf-9f02-586283f5fdf9","geometry":{"type":"Polygon","coordinates":[[[35867, 30770],[35916, 30831],[36100, 30873],[36176, 30792],[36167, 30712],[36100, 30634],[35958, 30597],[35873, 30688],[35867, 30770]]]},"properties":{"objectType":"annotation","classification":{"name":"Tumor","color":[102, 77, 179]}}},{"type":"Feature","id":"16043090-559f-40e1-b2fa-7217edd9ca56","geometry":{"type":"Polygon","coordinates":[[[39480, 32210],[39480, 32268],[39523, 32322],[39727, 32437],[39776, 32437],[39881, 32473],[39917, 32448],[39911, 32414],[39856, 32377],[39792, 32264],[39624, 32160],[39535, 32161],[39480, 32210]]]},"properties":{"objectType":"annotation","classification":{"name":"Tumor","color":[102, 77, 179]}}},{"type":"Feature","id":"e56daf2d-a690-4426-8fce-8aa808f0df56","geometry":{"type":"Polygon","coordinates":[[[39488, 31816],[39544, 31872],[39608, 31864],[39630, 31805],[39704, 31728],[39654, 31641],[39672, 31624],[39618, 31514],[39565, 31507],[39528, 31562],[39516, 31701],[39488, 31816]]]},"properties":{"objectType":"annotation","classification":{"name":"Tumor","color":[102, 77, 179]}}},{"type":"Feature","id":"e1f9c084-e7d9-42f4-98a7-78acb531af11","geometry":{"type":"Polygon","coordinates":[[[32256, 22400],[32280, 22392],[32304, 22440],[32352, 22416],[32352, 22400],[32392, 22408],[32424, 22376],[32540, 22296],[32568, 22296],[32624, 22264],[32640, 22240],[32702, 22228],[32687, 22200],[32755, 22123],[32810, 22039],[32820, 21954],[32869, 21914],[32862, 21882],[32917, 21815],[32930.75, 21785],[32976, 21768],[33008, 21732],[33032, 21682],[33056, 21664],[33065.42, 21616],[33096, 21616],[33128, 21576],[33176, 21568],[33176, 21504],[33224, 21472],[33224, 21432],[33208, 21392],[33056, 21376],[33040, 21352],[32986.52, 21354.52],[32910, 21333],[32862, 21363],[32813, 21408],[32752, 21504],[32758, 21525],[32719, 21588],[32719, 21654],[32660, 21792],[32648, 21833],[32615, 21864],[32618, 21910],[32585, 21948],[32552, 21920],[32488, 21920],[32440, 21952],[32392, 21952],[32328, 22024],[32320, 22064],[32288, 22104],[32288, 22160],[32344, 22176],[32392, 22160],[32400, 22192],[32360, 22216],[32360, 22240],[32320, 22240],[32272, 22304],[32272, 22368],[32256, 22400]]]},"properties":{"objectType":"annotation","classification":{"name":"Tumor","color":[102, 77, 179]}}},{"type":"Feature","id":"b34ce838-f1a4-45c7-ae9b-65c7c1c50155","geometry":{"type":"Polygon","coordinates":[[[27003, 24134],[27016, 24184],[27029, 24191],[27040, 24248],[27071, 24317],[27064, 24440],[27080, 24472],[27080, 24504],[27112, 24552],[27184, 24560],[27200, 24544],[27248, 24544],[27328, 24512],[27336, 24469],[27375, 24465],[27424, 24556],[27424, 24600],[27457, 24618],[27456, 24664],[27528, 24704],[27520, 24736],[27560, 24744],[27592, 24784],[27624, 24792],[27656, 24848],[27704, 24864],[27744, 24912],[27752, 24944],[27720, 24960],[27672, 24912],[27624, 24912],[27592, 24960],[27592, 25024],[27616, 25072],[27632, 25072],[27672, 25120],[27728, 25152],[27784, 25160],[27824, 25104],[27800, 25040],[27776, 25032],[27760, 24984],[27784, 24984],[27832, 25072],[27880, 25112],[27912, 25120],[27912, 25168],[27960, 25152],[28032, 25152],[28072, 25120],[28088, 25088],[28080, 25032],[28120, 25032],[28152, 25088],[28176, 25112],[28200, 25112],[28224, 25072],[28280, 25064],[28280, 25016],[28232, 24968],[28208, 24968],[28120, 24888],[28104, 24832],[28128, 24832],[28160, 24872],[28176, 24920],[28208, 24928],[28240, 24960],[28288, 24976],[28304, 24952],[28296, 24936],[28304, 24896],[28256, 24840],[28224, 24824],[28176, 24784],[28176, 24704],[28240, 24696],[28296, 24712],[28312, 24736],[28352, 24752],[28392, 24752],[28408, 24768],[28464, 24768],[28480, 24784],[28520, 24784],[28576, 24760],[28600, 24768],[28592, 24728],[28608, 24712],[28608, 24680],[28648, 24688],[28680, 24664],[28672, 24696],[28688, 24688],[28688, 24616],[28696, 24576],[28680, 24552],[28632, 24576],[28640, 24544],[28608, 24536],[28600, 24520],[28576, 24528],[28552, 24512],[28544, 24472],[28520, 24496],[28456, 24488],[28488, 24504],[28480, 24544],[28504, 24560],[28504, 24584],[28528, 24616],[28584, 24624],[28584, 24664],[28552, 24688],[28520, 24688],[28512, 24704],[28440, 24688],[28432, 24664],[28400, 24656],[28400, 24640],[28288, 24568],[28296, 24544],[28272, 24560],[28208, 24544],[28160, 24520],[28104, 24520],[28080, 24536],[28072, 24600],[28040, 24608],[28040, 24552],[28016, 24552],[27984, 24520],[27904, 24512],[27904, 24544],[27888, 24528],[27840, 24528],[27848, 24568],[27832, 24560],[27832, 24528],[27768, 24528],[27760, 24560],[27736, 24584],[27704, 24584],[27704, 24520],[27662, 24446],[27657, 24385],[27704, 24368],[27720, 24352],[27736, 24304],[27736, 24264],[27720, 24240],[27686, 24224],[27643, 24249],[27625, 24231],[27625, 24199],[27578, 24131],[27576, 24056],[27568, 24056],[27568, 23976],[27543, 23976],[27503, 23951],[27464, 23904],[27408, 23896],[27376, 23928],[27378, 23995],[27353, 24031],[27307, 24120],[27304, 24144],[27334, 24199.5],[27342, 24299],[27314, 24303],[27273, 24252],[27272, 24192],[27256, 24152],[27235, 24161],[27240, 24104],[27226, 24096],[27226, 24036],[27184, 23960],[27184, 23912],[27138, 23888],[27093, 23888],[27048, 23928],[27050, 24000],[27016, 24032],[27024, 24084],[27008, 24080],[27003, 24134]]]},"properties":{"objectType":"annotation","classification":{"name":"Tumor","color":[102, 77, 179]}}},{"type":"Feature","id":"fff4cfce-53a2-4faa-bdeb-58be21ec3194","geometry":{"type":"Polygon","coordinates":[[[28472, 23848],[28496, 23904],[28496, 23952],[28573, 24018],[28578, 24097],[28614, 24185],[28661, 24216],[28664, 24240],[28726, 24255],[28825, 24318],[28940, 24417],[29025, 24449],[29114, 24533],[29152, 24552],[29256, 24560],[29320, 24544],[29392, 24488],[29440, 24432],[29440, 24376],[29488, 24312],[29488, 24256],[29512, 24248],[29456, 24224],[29456, 24192],[29376, 24184],[29344, 24152],[29264, 24168],[29239, 24203],[29254, 24277],[29205, 24286],[29184, 24232],[29152, 24208],[29080, 24202],[29040, 24152],[28981, 24109],[28939, 24045.2],[28913, 23972],[28808, 23864],[28744, 23862],[28608, 23776],[28572, 23784],[28528, 23760],[28480, 23768],[28472, 23848]]]},"properties":{"objectType":"annotation","classification":{"name":"Tumor","color":[102, 77, 179]}}},{"type":"Feature","id":"7feaafa0-587b-45e7-9031-6b969b74bcd4","geometry":{"type":"Polygon","coordinates":[[[27872, 22168],[27840, 22192],[27840, 22224],[27808, 22224],[27808, 22248],[27784, 22264],[27768, 22376],[27824, 22408],[27840, 22432],[27928, 22464],[28008, 22548],[28016, 22568],[28060, 22566],[28055, 22606],[28001, 22636],[27966, 22665],[27936, 22665],[27877, 22698],[27854, 22688],[27844.8, 22709],[27772, 22750],[27738, 22760],[27737, 22776],[27673, 22845],[27670, 22917.25],[27636, 22961],[27640, 23017.25],[27579.75, 23077],[27552, 23091],[27493, 23146],[27463, 23146],[27397, 23196],[27403.56, 23210.44],[27372, 23245],[27368, 23312],[27378, 23329],[27432, 23352],[27418, 23364],[27352, 23360],[27290, 23449],[27290, 23512],[27320, 23536],[27376, 23536],[27416, 23560],[27463, 23561],[27496, 23589],[27536, 23656],[27573, 23656],[27584, 23672],[27624, 23672],[27672, 23632],[27687, 23601],[27743, 23589],[27757, 23598],[27752, 23632],[27792, 23632],[27792, 23617.1],[27840, 23591],[27880, 23608],[27880, 23584],[27920, 23560],[27928, 23512],[27960, 23496],[28000, 23448],[28005, 23400],[28056, 23376],[28072, 23344],[28096, 23328],[28112, 23296],[28112, 23257],[28160, 23208],[28176, 23144],[28192, 23136],[28208, 23061.5],[28224, 23040],[28234, 22950],[28304, 22912],[28362, 22859],[28400, 22872],[28494, 22884],[28552, 22904],[28560, 22836],[28582, 22819],[28622, 22869],[28651, 22889],[28652, 22969],[28682, 22990],[28707, 22990],[28747, 23015],[28792, 23030],[28827, 23030],[28886, 23074],[28881, 23114],[28907, 23125],[29002, 23225],[29024, 23256],[29104, 23336],[29144, 23368],[29171, 23374],[29208, 23408],[29264, 23432],[29312, 23433],[29352, 23456],[29376, 23456],[29369, 23402],[29384, 23368],[29364, 23349],[29364, 23317],[29384, 23304],[29384, 23264],[29305, 23205],[29275, 23145],[29280, 23096],[29255, 23085],[29256, 23048],[29208, 22984],[29171, 22961.22],[29184, 22920],[29157, 22915],[29130, 22930],[29104, 22919],[29030, 22865],[28950, 22855],[28910, 22830],[28862, 22830],[28822, 22845],[28795, 22840],[28705, 22800],[28665, 22790],[28613, 22744],[28578, 22694.98],[28536, 22652.02],[28518, 22610],[28464, 22565],[28448, 22580.47],[28417, 22568],[28424, 22536],[28400, 22496],[28384, 22496],[28360, 22464],[28328, 22448],[28320, 22416],[28296, 22416],[28272, 22392],[28221, 22294],[28200.2, 22294],[28186, 22269],[28148, 22269],[28100, 22218],[28064, 22216],[28032, 22176],[27944, 22176],[27928, 22192],[27920, 22168],[27872, 22168]],[[28132, 22280],[28128, 22284],[28122, 22280],[28132, 22280]]]},"properties":{"objectType":"annotation","classification":{"name":"Tumor","color":[102, 77, 179]}}},{"type":"Feature","id":"be57fecb-ff34-4012-bc50-d89440d951d4","geometry":{"type":"Polygon","coordinates":[[[29481, 23416],[29481, 23458],[29496, 23475],[29496, 23608],[29504, 23648],[29520, 23648],[29552, 23704],[29576, 23728],[29616, 23728],[29648, 23760],[29664, 23760],[29712, 23808],[29760, 23808],[29792, 23832],[29832, 23832],[29856, 23872],[29896, 23880],[29960, 23920],[30008, 23920],[30032, 23936],[30120, 23936],[30168, 23944],[30176, 23920],[30232, 23920],[30264, 23904],[30288, 23936],[30288, 23984],[30352, 24048],[30352, 24104],[30368, 24120],[30368, 24152],[30408, 24168],[30408, 24184],[30440, 24184],[30456, 24216],[30488, 24224],[30496, 24248],[30544, 24256],[30544, 24280],[30520, 24272],[30520, 24296],[30496, 24288],[30488, 24312],[30440, 24328],[30376, 24360],[30360, 24408],[30360, 24440],[30376, 24456],[30384, 24496],[30416, 24504],[30424, 24520],[30472, 24528],[30528, 24504],[30536, 24488],[30568, 24480],[30568, 24456],[30600, 24448],[30632, 24400],[30696, 24408],[30728, 24376],[30720, 24280],[30744, 24272],[30792, 24320],[30792, 24336],[30832, 24328],[30864, 24336],[30904, 24304],[30928, 24304],[30936, 24280],[30960, 24280],[31000, 24200],[31000, 24136],[30968, 24096],[30920, 24088],[30904, 24072],[30832, 24072],[30808, 24040],[30760, 24048],[30704, 24088],[30688, 24128],[30656, 24136],[30648, 24176],[30648, 24096],[30672, 24088],[30672, 24064],[30648, 24064],[30648, 24032],[30608, 24000],[30584, 23960],[30552, 23944],[30496, 23952],[30440, 23952],[30432, 23968],[30384, 23968],[30360, 23944],[30360, 23920],[30440, 23888],[30464, 23872],[30472, 23888],[30504, 23896],[30520, 23920],[30520, 23888],[30536, 23904],[30648, 23904],[30688, 23912],[30712, 23904],[30720, 23928],[30776, 23944],[30784, 23920],[30832, 23920],[30864, 23896],[30912, 23896],[30912, 23920],[30864, 23936],[30816, 23968],[30816, 24024],[30848, 24032],[30880, 24056],[30960, 24056],[30992, 24048],[31008, 24072],[31040, 24080],[31040, 24120],[31072, 24136],[31072, 24152],[31136, 24152],[31152, 24128],[31176, 24128],[31192, 24104],[31232, 24120],[31232, 24160],[31280, 24176],[31280, 24144],[31304, 24144],[31296, 24112],[31312, 24128],[31336, 24128],[31344, 24112],[31344, 24048],[31352, 24048],[31344, 24000],[31328, 24000],[31288, 23936],[31248, 23944],[31232, 23920],[31184, 23904],[31176, 23872],[31160, 23864],[31152, 23824],[31120, 23800],[31080, 23784],[31096, 23752],[31104, 23776],[31152, 23768],[31152, 23728],[31176, 23728],[31192, 23704],[31176, 23680],[31144, 23704],[31120, 23688],[31064, 23696],[31024, 23672],[30968, 23672],[30952, 23656],[30880, 23656],[30832, 23672],[30752, 23672],[30728, 23688],[30616, 23688],[30600, 23680],[30528, 23680],[30528, 23664],[30488, 23656],[30384, 23656],[30352, 23616],[30240, 23552],[30144, 23536],[30128, 23504],[30088, 23496],[30080, 23464],[30024, 23464],[30016, 23448],[29984, 23472],[29976, 23496],[29952, 23480],[29952, 23360],[29936, 23344],[29904, 23344],[29896, 23367.41],[29807, 23368],[29777.67, 23353],[29751, 23317],[29652, 23299],[29631, 23308],[29643, 23372],[29630, 23374],[29589, 23329],[29541, 23338],[29496, 23383],[29481, 23416]]]},"properties":{"objectType":"annotation","classification":{"name":"Tumor","color":[102, 77, 179]}}},{"type":"Feature","id":"8f82a1e8-f85f-4675-873c-cb5a2a1f3846","geometry":{"type":"Polygon","coordinates":[[[28928, 23862],[28943, 23955],[29016, 24040],[29160, 24032],[29200, 23976],[29216, 23832],[29160, 23768],[29026, 23742],[28928, 23862]]]},"properties":{"objectType":"annotation","classification":{"name":"Tumor","color":[102, 77, 179]}}},{"type":"Feature","id":"a06520d3-03bb-4047-83cc-f0a2873a3510","geometry":{"type":"Polygon","coordinates":[[[27641, 23951],[27656, 24040],[27728, 24088],[27824, 24080],[27888, 24040],[27912, 23984],[27912, 23808],[27850, 23748],[27808, 23744],[27795, 23786],[27713, 23741],[27649, 23778],[27660, 23869],[27641, 23951]]]},"properties":{"objectType":"annotation","classification":{"name":"Tumor","color":[102, 77, 179]}}},{"type":"Feature","id":"38926a76-6fcb-4a6a-b0a0-9e0a5395d3f9","geometry":{"type":"Polygon","coordinates":[[[30040, 20334],[29889, 20370],[29736, 20421],[29684, 20473],[29668, 20511],[29683, 20615],[29705, 20651],[29726, 20764],[29712, 20909],[29683, 20974],[29676, 21043],[29734, 21195],[29758, 21226],[29784, 21216],[29800, 21248],[29848, 21257.5],[29928, 21304],[30040, 21304],[30072, 21264],[30081, 21147],[30045, 21082],[29985, 21015],[29922, 20966],[29941, 20928],[29992, 20928],[30040, 20888],[30064, 20800],[30060, 20757],[30024, 20713],[30002, 20650],[30072, 20594],[30142.17, 20595],[30208, 20632],[30279, 20710],[30368, 20718],[30437, 20692],[30456, 20544],[30440, 20488],[30376, 20392],[30311, 20370],[30188, 20370],[30115, 20341],[30040, 20334]],[[29776, 21211],[29776, 21212],[29775.14, 21211],[29776, 21211]]]},"properties":{"objectType":"annotation","classification":{"name":"Tumor","color":[102, 77, 179]}}},{"type":"Feature","id":"78827d0d-ace8-4a6e-96b7-4077d6a50f45","geometry":{"type":"Polygon","coordinates":[[[29608, 20128],[29528, 20216],[29488, 20310],[29512, 20424],[29601, 20456],[29598, 20427],[29735, 20370],[29792, 20296],[29784, 20208],[29696, 20128],[29608, 20128]],[[29520, 20404],[29520, 20408],[29519, 20408],[29520, 20404]],[[29609.57, 20416],[29608.43, 20417],[29608, 20416],[29609.57, 20416]],[[29723, 20368],[29719, 20370],[29712, 20368],[29723, 20368]],[[29512, 20376],[29512, 20380],[29510, 20379],[29512, 20376]]]},"properties":{"objectType":"annotation","classification":{"name":"Tumor","color":[102, 77, 179]}}},{"type":"Feature","id":"95a65c70-bec6-4f60-8722-e20230292702","geometry":{"type":"Polygon","coordinates":[[[36112, 27048],[36112, 27184],[36128, 27200],[36160, 27192],[36152, 27240],[36168, 27272],[36192, 27280],[36224, 27320],[36304, 27384],[36384, 27392],[36416, 27384],[36448, 27329.6],[36472, 27360],[36520, 27392],[36616, 27392],[36640, 27368],[36664, 27368],[36688, 27344],[36688, 27320],[36720, 27264],[36712, 27176],[36683, 27119],[36696, 27080],[36696, 26984],[36667, 26940],[36664, 26904],[36592, 26864],[36528, 26864],[36464, 26896],[36432, 26944],[36416, 26992],[36424, 27096],[36441, 27109],[36403, 27112],[36368, 27072],[36368, 27037],[36394, 27006],[36392, 26928],[36312, 26880],[36296, 26832],[36315.25, 26816],[36352, 26816],[36361, 26792],[36384, 26792],[36416, 26768],[36425, 26722],[36459, 26688],[36496, 26719],[36544, 26724],[36562, 26701],[36561, 26666],[36458, 26666],[36440, 26682],[36456, 26632],[36456, 26584],[36472, 26560],[36416, 26464],[36368, 26448],[36280, 26448],[36216, 26480],[36192, 26544],[36160, 26568],[36160, 26600],[36192, 26608],[36200, 26656],[36232, 26704],[36224, 26768],[36240, 26792],[36168, 26824],[36168, 26880],[36200, 26880],[36221, 26912],[36215, 26962],[36176, 26968],[36147, 26987],[36112, 27048]]]},"properties":{"objectType":"annotation","classification":{"name":"Tumor","color":[102, 77, 179]}}},{"type":"Feature","id":"3adf1040-c688-4505-ba3c-7224d815fb55","geometry":{"type":"Polygon","coordinates":[[[28631, 22666],[28670, 22719],[28840, 22785],[28930, 22747],[28930, 22668],[28853, 22586],[28734, 22538],[28659, 22573],[28631, 22666]]]},"properties":{"objectType":"annotation","classification":{"name":"Tumor","color":[102, 77, 179]}}},{"type":"Feature","id":"783331b9-d7b1-47c4-a2d8-3b678db79769","geometry":{"type":"Polygon","coordinates":[[[28961, 22583],[28994, 22673],[29115, 22708],[29158, 22656],[29225, 22708],[29368, 22703],[29460, 22606],[29456, 22488],[29352, 22416],[29194, 22399],[29133, 22423],[29111, 22493],[29043, 22470],[28980, 22519],[28961, 22583]]]},"properties":{"objectType":"annotation","classification":{"name":"Tumor","color":[102, 77, 179]}}},{"type":"Feature","id":"850db152-3d01-40db-98dd-a72fa858a945","geometry":{"type":"Polygon","coordinates":[[[31621, 21429],[31587, 21440],[31502, 21489],[31469, 21462],[31443, 21492],[31417, 21481],[31344, 21474],[31302, 21485],[31256, 21512],[31272, 21560],[31272, 21616],[31248, 21616],[31248, 21640],[31283, 21652],[31283, 21685],[31208, 21736],[31208, 21768],[31240, 21760],[31248, 21816],[31312, 21856],[31344, 21904],[31368, 21888],[31432, 21904],[31448, 21928],[31440, 21960],[31472, 21976],[31472, 22000],[31440, 22008],[31472, 22016],[31504, 22064],[31528, 22048],[31608, 22048],[31648, 22008],[31688, 22008],[31744, 21968],[31768, 21960],[31792, 21928],[31800, 21880],[31816, 21872],[31800, 21840],[31800, 21800],[31760, 21752],[31679, 21717],[31639, 21725],[31638, 21742],[31578, 21813],[31550, 21860],[31526, 21843],[31533, 21819],[31571, 21799],[31594, 21750],[31628, 21723],[31633, 21696],[31673, 21688],[31688, 21702],[31733, 21687],[31816, 21728],[31848, 21728],[31856, 21704],[31896, 21712],[31944, 21680],[31936, 21640],[31952, 21632],[31936, 21576],[31888, 21536],[31872, 21488],[31848, 21488],[31832, 21464],[31777, 21455],[31728, 21432],[31697, 21447],[31668, 21432],[31621, 21429]],[[31768, 21786],[31771, 21792],[31768, 21792],[31768, 21786]],[[31824, 21680],[31824, 21688],[31819, 21688],[31824, 21680]]]},"properties":{"objectType":"annotation","classification":{"name":"Tumor","color":[102, 77, 179]}}},{"type":"Feature","id":"9ece65ae-693a-46ca-b49b-e6aba186a766","geometry":{"type":"Polygon","coordinates":[[[16582, 15287],[16626, 15311],[16687, 15413],[16697, 15493],[16750, 15525],[16750, 15551],[16704, 15640],[16731, 15632],[16771, 15693],[16750, 15754],[16764, 15798],[16906, 15807],[16936, 15824],[17020, 15808],[17080, 15840],[17184, 15834],[17256, 15840],[17256, 15819],[17328, 15816],[17352, 15779],[17400, 15792],[17456, 15752],[17440, 15728],[17520, 15720],[17497, 15704],[17529, 15665],[17576, 15664],[17592, 15640],[17681, 15654],[17737, 15598],[17799, 15584],[17837, 15554],[17844, 15519],[17891, 15493],[17926, 15423],[17968, 15409],[18003, 15360],[18115, 15297],[18164, 15297],[18227, 15276],[18296, 15220],[18344, 15208],[18396, 15162],[18424, 15057],[18424, 14991],[18347, 14893],[18347, 14809],[18268, 14758],[18184, 14758],[18165, 14746],[18186, 14655],[18176, 14608],[18128, 14536],[18104, 14536],[18104, 14496],[18040, 14456],[18000, 14456],[17984, 14416],[17824, 14400],[17784, 14432],[17697, 14396],[17592, 14403],[17550, 14388],[17449, 14388],[17447, 14403],[17288, 14409],[17174, 14496],[17111, 14608],[17083, 14636],[17118, 14723],[17104, 14776],[17065, 14794],[16969, 14891],[16894, 14916],[16891, 14955],[16848, 14975],[16840, 14952],[16800, 14960],[16673, 15026],[16624, 15173],[16596, 15208],[16582, 15287]]]},"properties":{"objectType":"annotation","classification":{"name":"Tumor","color":[102, 77, 179]}}},{"type":"Feature","id":"77ba1af6-dd56-4f0f-bdac-4f7ff77fff37","geometry":{"type":"Polygon","coordinates":[[[16596, 10979],[16645, 11096],[16749, 11126],[16775, 11096],[16839, 11109.14],[16810, 11220],[16840, 11280],[16923, 11321],[17029, 11324],[17105, 11278],[17124, 11229],[17116, 11148],[17047, 11095],[16938, 11089],[16915, 11065],[16934, 11013],[16887, 10800],[16710, 10779],[16646, 10805],[16604, 10861],[16596, 10979]]]},"properties":{"objectType":"annotation","classification":{"name":"Tumor","color":[102, 77, 179]}}},{"type":"Feature","id":"220c3a60-821b-4f0a-9e7f-07780c38b843","geometry":{"type":"Polygon","coordinates":[[[15400, 11201.13],[15432, 11200],[15440, 11216],[15424, 11240],[15448, 11264],[15472, 11264],[15504, 11304],[15536, 11312],[15536, 11336],[15512, 11336],[15504, 11360],[15472, 11368],[15464, 11408],[15480, 11416],[15536, 11416],[15544, 11424],[15584, 11392],[15568, 11376],[15584, 11344],[15656, 11344],[15688, 11368],[15744, 11368],[15784, 11376],[15808, 11392],[15840, 11392],[15848, 11416],[15880, 11440],[15880, 11488],[15920, 11528],[15960, 11528],[15984, 11512],[15984, 11496],[16008, 11496],[16016, 11512],[16050, 11504],[16080, 11536],[16096, 11536],[16120, 11560],[16200, 11576],[16200, 11568],[16248, 11568],[16283, 11536],[16304, 11536],[16328, 11512],[16331, 11480],[16359, 11455],[16399, 11471],[16392, 11528],[16404, 11528],[16432, 11568],[16476, 11560],[16535.33, 11560],[16552, 11574],[16541, 11596],[16504, 11592],[16400, 11592],[16360, 11608],[16360, 11624],[16296, 11680],[16240, 11720],[16224, 11768],[16200, 11792],[16200, 11840],[16216, 11856],[16216, 11904],[16248, 11912],[16256, 11928],[16280, 11928],[16296, 11960],[16352, 11976],[16352, 11984],[16488, 11984],[16520, 11960],[16552, 11960],[16576, 11936],[16600, 11928],[16632, 11896],[16640, 11864],[16672, 11848],[16712, 11856],[16736, 11872],[16736, 11952],[16776, 11976],[16776, 12000],[16816, 12000],[16832, 12016],[16896, 12024],[16920, 12048],[17000, 12048],[17040, 12032],[17040, 11976],[17056, 11944],[17096, 11944],[17112, 11976],[17128, 11976],[17128, 12016],[17152, 12040],[17144, 12080],[17176, 12080],[17200, 12112],[17232, 12112],[17280, 12136],[17328, 12136],[17328, 12128],[17440, 12128],[17448, 12096],[17472, 12096],[17504, 12048],[17528, 12056],[17528, 12032],[17512, 12032],[17512, 11984],[17496, 11976],[17504, 11936],[17472, 11912],[17424, 11904],[17424, 11824],[17440, 11816],[17440, 11720],[17416, 11712],[17400, 11688],[17352, 11680],[17328, 11664],[17264, 11696],[17224, 11696],[17232, 11728],[17200, 11760],[17144, 11720],[17152, 11664],[17176, 11648],[17192, 11600],[17248, 11592],[17256, 11576],[17276.92, 11576.61],[17288, 11608],[17328, 11600],[17344, 11624],[17376, 11624],[17400, 11640],[17400, 11608],[17448, 11624],[17448, 11600],[17472, 11600],[17480, 11584],[17511, 11612],[17539, 11626],[17576, 11623],[17608, 11641],[17680, 11659],[17744.33, 11659],[17809, 11677],[17860.33, 11671],[17937, 11674],[17963, 11667],[18056, 11664],[18077, 11658],[18152, 11656],[18166.4, 11640],[18208, 11648],[18248, 11640],[18264, 11624],[18304, 11616],[18368, 11616],[18408, 11592],[18440, 11584],[18496, 11584],[18528, 11576],[18544, 11552],[18576, 11560],[18632, 11512],[18640, 11528],[18688, 11536],[18696, 11520],[18728, 11520],[18752, 11552],[18792, 11544],[18792, 11528],[18768, 11512],[18768, 11496],[18736, 11496],[18712, 11472],[18696, 11480],[18696, 11456],[18648, 11432],[18656, 11392],[18704, 11392],[18718, 11384],[18720, 11416],[18760, 11408],[18768, 11424],[18798, 11420],[18872, 11464],[18880, 11480],[18932, 11472],[18968, 11488],[19127.67, 11488],[19176, 11504],[19184, 11488],[19255.67, 11448],[19287.33, 11448],[19312, 11460],[19309, 11509],[19320, 11528],[19416, 11560],[19432, 11584],[19472, 11592],[19488, 11608],[19536, 11600],[19576, 11552],[19576, 11520],[19600, 11496],[19600, 11424],[19592, 11400],[19624, 11400],[19640, 11384],[19632, 11360],[19648, 11352],[19632, 11272],[19584, 11216],[19552, 11216],[19552, 11192],[19496, 11176],[19448, 11184],[19448, 11160],[19424, 11160],[19416, 11128],[19432, 11152],[19456, 11144],[19448, 11096],[19416, 11072],[19416, 11048],[19400, 11024],[19368, 11024],[19288, 10976],[19248, 10976],[19248, 10960],[19208, 10952],[19152, 10904],[19144, 10864],[19104, 10847],[19096, 10832],[19044, 10814],[18984, 10814],[18984, 10824],[18928, 10848],[18914, 10864],[18856, 10888],[18825, 10909],[18798, 10942],[18792, 10976],[18774, 11000],[18774, 11060],[18800, 11096.33],[18801, 11114],[18757, 11143],[18696, 11152],[18668.67, 11176],[18644, 11184],[18624, 11160],[18566, 11135],[18528, 11112],[18544, 11088],[18520, 11088],[18505.67, 11104],[18456, 11087],[18389, 11052],[18344, 11050],[18352, 11024],[18320, 11024],[18283, 11052],[18240, 11056],[18216, 11089],[18177, 11106],[18135, 11133],[18100, 11172],[18055, 11196],[17999, 11202],[17986, 11223],[17955, 11229],[17935, 11250],[17880, 11256],[17816, 11280],[17768, 11280],[17744, 11248],[17688, 11224],[17601, 11224],[17518, 11192],[17509, 11144],[17488, 11112],[17452, 11101],[17404, 11101],[17384, 11117.36],[17301, 11154],[17295, 11182],[17272, 11208],[17277, 11260],[17253, 11289],[17195, 11310],[17189, 11332],[17172, 11340],[17111, 11346],[17091, 11358],[16978, 11370],[16952, 11355.18],[16944, 11336],[16885, 11327],[16873, 11317],[16817.33, 11305],[16801, 11295],[16803, 11261],[16755, 11270],[16720, 11237],[16632, 11184],[16620, 11185],[16602, 11153],[16586, 11152],[16560, 11120],[16496, 11107],[16457, 11081],[16419, 11073],[16385, 11043],[16360, 11035],[16334, 11009],[16300, 11020],[16225, 11020],[16204, 11035],[16195, 11106],[16203, 11126],[16199, 11167],[16183, 11179],[16126, 11162],[16096, 11145],[16008, 11168],[15992, 11183],[15960, 11184],[15936, 11200],[15912, 11192],[15880, 11216],[15840, 11216],[15832, 11192],[15784, 11192],[15768, 11208],[15672, 11208],[15672, 11200],[15608, 11200],[15608, 11208],[15536, 11224],[15520, 11200],[15504, 11200],[15512, 11232],[15472, 11232],[15440, 11184],[15417.26, 11184],[15400, 11201.13]]]},"properties":{"objectType":"annotation","classification":{"name":"Tumor","color":[102, 77, 179]}}},{"type":"Feature","id":"caacf25c-d268-4c7e-92c4-800748cad26c","geometry":{"type":"Polygon","coordinates":[[[15627, 11746],[15802, 11865],[15973, 11887],[16035, 11833],[16026, 11721],[15842, 11580],[15747, 11589],[15699, 11692],[15627, 11746]]]},"properties":{"objectType":"annotation","classification":{"name":"Tumor","color":[102, 77, 179]}}},{"type":"Feature","id":"a02320be-2a39-4e47-ba8b-ad1ff186ad28","geometry":{"type":"Polygon","coordinates":[[[36078, 33283],[36106, 33350],[36183, 33398],[36177, 33487],[36295, 33571],[36391, 33526],[36441, 33370],[36511, 33284],[36500, 33185],[36431, 33143],[36431, 33089],[36151, 33142],[36078, 33283]]]},"properties":{"objectType":"annotation","classification":{"name":"Tumor","color":[102, 77, 179]}}},{"type":"Feature","id":"85a8ce38-8f7e-4c0f-9d6e-3166adaa2abd","geometry":{"type":"Polygon","coordinates":[[[35912, 31120],[35808, 31128],[35784, 31144],[35776, 31200],[35808, 31240],[35900, 31301],[36122, 31401],[36176, 31401],[36256, 31475],[36241, 31505],[36145, 31472],[36046, 31472],[35920, 31428],[35789, 31428],[35748, 31450],[35568, 31471],[35472, 31498],[35418, 31536],[35244, 31498],[35135, 31448],[35010, 31465],[34962, 31492],[34880, 31503],[34848, 31472],[34777, 31520],[34739, 31509],[34693, 31557],[34698, 31652],[34748, 31776],[34759, 31827],[34795, 31838],[34795, 31870],[34894, 31965],[34974, 31993],[35107, 31943],[35203, 31949],[35254, 31912],[35297, 31927],[35346, 31905],[35397, 31916],[35542, 31860],[35606, 31802],[35739, 31877],[35836, 31901],[35952, 31888],[35994, 31865],[36056, 31864],[36101, 31813],[36223, 31763],[36277, 31720],[36320, 31726],[36368, 31770],[36440, 31808],[36504, 31809],[36589, 31790],[36626, 31839],[36640, 31809],[36793, 31809],[36816, 31832],[36872, 31824],[36880, 31768],[36842, 31669],[36814, 31653],[36813, 31611],[36689, 31466],[36559, 31417],[36491.2, 31411],[36409.4, 31379],[36282, 31230],[36211, 31224],[36172, 31180],[36064, 31136],[35946, 31136],[35912, 31120]],[[36816, 31808],[36816, 31813.95],[36811.64, 31809.36],[36816, 31808]]]},"properties":{"objectType":"annotation","classification":{"name":"Tumor","color":[102, 77, 179]}}},{"type":"Feature","id":"18e2efec-7b4e-4c75-b46e-c506fe623d58","geometry":{"type":"Polygon","coordinates":[[[39493, 34145],[39518, 34218],[39587, 34293],[39616, 34298],[39686, 34333],[39716, 34358],[39761, 34358],[39866, 34393],[39956, 34388],[39975, 34402],[39995, 34447],[40010, 34597],[40056, 34648],[40097, 34681],[40097, 34716],[40117, 34737],[40117, 34701],[40133, 34692],[40167, 34717],[40203, 34772],[40271, 34792],[40337, 34747],[40302, 34684],[40302, 34444],[40287, 34402],[40303, 34393],[40378, 34428],[40532, 34466],[40539, 34456],[40664, 34476],[40736, 34476],[40822, 34501],[41016, 34504],[41040, 34512],[41040, 34536],[41080, 34544],[41080, 34520],[41120, 34536],[41120, 34552],[41208, 34552],[41240, 34584],[41272, 34576],[41288, 34600],[41336, 34592],[41360, 34608],[41416, 34608],[41440, 34624],[41440, 34592],[41408, 34568],[41336, 34568],[41304, 34560],[41280, 34536],[41248, 34528],[41152, 34472],[41112, 34472],[41096, 34456],[41040, 34456],[41024, 34440],[40936, 34424],[40960, 34415],[40939, 34401],[40854, 34401],[40764, 34386],[40719, 34361],[40624, 34356],[40599, 34331],[40519, 34321],[40445, 34321],[40415, 34301],[40344, 34276],[40304, 34251],[40236.25, 34248],[40215, 34233],[40165, 34233],[40115, 34197],[40063.75, 34197],[39994, 34164],[39949, 34164],[39889, 34131],[39840, 34142],[39805, 34133],[39730, 34098],[39677, 34104],[39561, 34082],[39493, 34145]]]},"properties":{"objectType":"annotation","classification":{"name":"Tumor","color":[102, 77, 179]}}},{"type":"Feature","id":"11c96fd7-33e8-483e-9e1b-d3a81eea2572","geometry":{"type":"Polygon","coordinates":[[[37387, 33353],[37409, 33472],[37443, 33566],[37534, 33640],[37659, 33662],[37778, 33624],[37826, 33678],[37894.25, 33689],[37931, 33715],[38044, 33759],[38145, 33759],[38193, 33734],[38308, 33794],[38368, 33799],[38423, 33854],[38552, 33840],[38607, 33793],[38672, 33792],[38728, 33752],[38776, 33752],[38800, 33688],[38744, 33536],[38599, 33433],[38518, 33494],[38518, 33534],[38456, 33554],[38432, 33480],[38335, 33377],[38280, 33264],[38141, 33205],[37890, 33206],[37796, 33189],[37705, 33115],[37632, 33080],[37520, 33098],[37489, 33154],[37507, 33191],[37468, 33184],[37441, 33268],[37387, 33353]]]},"properties":{"objectType":"annotation","classification":{"name":"Tumor","color":[102, 77, 179]}}},{"type":"Feature","id":"07c0909b-13d0-47ee-a124-e449d6780527","geometry":{"type":"Polygon","coordinates":[[[34508, 31445],[34472, 31450],[34307, 31450],[34241, 31472],[34208, 31472],[34170, 31505],[34115, 31533],[34031, 31544],[33979, 31581],[33937, 31635.72],[33858, 31686],[33803, 31686],[33749, 31707],[33655, 31808],[33660, 31834.81],[33637, 31857],[33632, 31893],[33660, 31954],[33687, 31987],[33687, 32047],[33715, 32081],[33761, 32104],[33798, 32104],[33869, 32153],[33904, 32154],[33943, 32126],[34113, 32121],[34164, 32076],[34271, 32022],[34319, 32017],[34387, 31978],[34420, 31978],[34447, 31945],[34563, 31923],[34584, 31904],[34571, 31872],[34600, 31896],[34632, 31896],[34672, 31840],[34680, 31776],[34664, 31736],[34696, 31720],[34696, 31696],[34656, 31640],[34648, 31576],[34590, 31494],[34508, 31445]],[[33919, 32120],[33912, 32127.4],[33912, 32124.8],[33919, 32120]],[[33701, 32040],[33701, 32048],[33699, 32045],[33701, 32040]],[[33911.44, 32128],[33911, 32128.47],[33911, 32128],[33911.44, 32128]]]},"properties":{"objectType":"annotation","classification":{"name":"Tumor","color":[102, 77, 179]}}},{"type":"Feature","id":"8af1a857-8593-4f9c-a711-f3212d0d67a7","geometry":{"type":"Polygon","coordinates":[[[34420, 28547],[34420, 28566],[34424, 28570],[34424, 28574],[34424, 28583],[34424, 28587],[34424, 28596],[34425, 28596],[34429, 28600.5],[34429, 28601],[34429.44, 28601],[34433, 28605],[34434, 28605],[34435, 28606],[34439, 28606],[34440, 28605],[34441, 28605],[34443.25, 28602],[34444, 28602],[34445, 28601],[34449, 28601],[34453, 28597],[34454, 28597],[34458, 28592],[34459, 28592],[34459, 28591],[34462, 28588],[34462, 28587],[34463, 28587],[34463, 28586],[34467, 28582],[34467, 28579],[34467, 28578],[34467, 28575],[34467, 28572],[34467, 28565],[34467, 28560],[34466, 28559],[34463, 28555],[34463, 28552],[34462, 28551],[34462, 28550],[34458, 28546],[34458, 28543],[34458, 28542],[34455, 28539],[34454, 28538],[34454, 28534],[34453, 28534],[34451, 28531.75],[34451, 28531],[34450.33, 28531],[34450, 28530.63],[34450, 28530],[34449, 28529],[34445, 28525],[34434, 28525],[34434, 28526],[34431, 28529],[34430, 28529],[34430, 28530],[34429, 28530],[34429, 28531],[34426, 28534],[34425, 28534],[34425, 28538],[34424, 28539],[34421, 28542],[34421, 28543],[34421, 28547],[34420, 28547]]]},"properties":{"objectType":"annotation","classification":{"name":"Ignore*","color":[180, 180, 180]}}},{"type":"Feature","id":"464266a9-5122-4c11-97d8-d754a0ee0e7c","geometry":{"type":"Polygon","coordinates":[[[34877, 27486],[34877, 27513],[34882, 27518],[34882, 27523],[34886, 27527],[34887, 27527],[34888, 27528],[34913, 27528],[34914, 27527],[34915, 27527],[34923, 27518],[34924, 27518],[34924, 27514],[34928, 27510],[34928, 27477],[34924, 27473],[34924, 27469],[34923, 27469],[34919, 27464],[34914, 27464],[34911, 27460],[34903, 27460],[34900, 27464],[34895, 27464],[34891, 27468],[34887, 27468],[34886, 27469],[34886, 27473],[34882, 27477],[34882, 27482],[34878, 27486],[34877, 27486]]]},"properties":{"objectType":"annotation","classification":{"name":"Ignore*","color":[180, 180, 180]}}},{"type":"Feature","id":"33384186-d37a-4ea9-a046-420f550362ec","geometry":{"type":"Polygon","coordinates":[[[34747, 27309],[34747, 27314],[34747, 27315],[34747, 27319],[34747, 27324],[34747, 27325],[34747, 27329],[34748, 27329],[34752, 27333.33],[34752, 27334],[34752.62, 27334],[34760, 27342],[34761, 27342],[34761, 27343],[34765, 27343],[34769, 27346.5],[34769, 27347],[34769.57, 27347],[34773, 27350],[34773, 27351],[34778, 27351],[34782, 27355],[34793, 27355],[34797, 27350],[34798, 27350],[34798, 27343],[34797, 27343],[34794, 27339],[34794, 27331],[34793, 27331],[34793, 27330],[34790, 27327],[34790, 27323],[34789, 27323],[34789, 27322],[34786, 27319],[34786, 27315],[34785, 27314],[34785, 27313],[34785, 27309],[34781, 27305],[34781, 27301],[34780, 27301],[34780, 27300],[34779.2, 27300],[34776, 27296],[34765, 27296],[34761, 27300],[34756, 27300],[34756, 27301],[34748, 27309],[34747, 27309]]]},"properties":{"objectType":"annotation","classification":{"name":"Ignore*","color":[180, 180, 180]}}},{"type":"Feature","id":"105005c1-641e-4c28-b4f0-a4253b3062f9","geometry":{"type":"Polygon","coordinates":[[[36420, 27482],[36420, 27502],[36425, 27506],[36426, 27506],[36426, 27507],[36429, 27507],[36433, 27510],[36434, 27511],[36452, 27511],[36453, 27510],[36457, 27507],[36460, 27507],[36461, 27506],[36462, 27506],[36479, 27489],[36479, 27480],[36483, 27476],[36483, 27475],[36484, 27475],[36484, 27466],[36483, 27466],[36483, 27465],[36474, 27456],[36470, 27456],[36465, 27451],[36447, 27451],[36442, 27456],[36437, 27456],[36433, 27460],[36433, 27465],[36425, 27473],[36424, 27473],[36424, 27478],[36420, 27482]]]},"properties":{"objectType":"annotation","classification":{"name":"Ignore*","color":[180, 180, 180]}}},{"type":"Feature","id":"f72a8d0f-05c6-462f-a3b0-c08cbe94002e","geometry":{"type":"Polygon","coordinates":[[[38635, 24289],[38635, 24297],[38639, 24301],[38639, 24311],[38640, 24311],[38640, 24312],[38649, 24321],[38650, 24321],[38650, 24322],[38655, 24322],[38659, 24326],[38660, 24326],[38661, 24327],[38665, 24327],[38666, 24326],[38667, 24326],[38671, 24322],[38676, 24322],[38676, 24321],[38677, 24321],[38681, 24316],[38682, 24316],[38682, 24304],[38677, 24299],[38677, 24294],[38662, 24280],[38662, 24279],[38657, 24279],[38653, 24275],[38652, 24275],[38652, 24274],[38650, 24274],[38650, 24275],[38649, 24275],[38645, 24279],[38640, 24279],[38640, 24280],[38639, 24280],[38639, 24285],[38635, 24289]]]},"properties":{"objectType":"annotation","classification":{"name":"Ignore*","color":[180, 180, 180]}}},{"type":"Feature","id":"a3ae167c-222c-4cc8-9780-69cdef9a2de9","geometry":{"type":"Polygon","coordinates":[[[32005, 25893],[32005, 25910],[32006, 25910],[32010, 25914],[32010, 25919],[32015, 25924],[32015, 25934],[32020, 25938],[32020, 25948],[32024, 25952],[32024, 25962],[32025, 25962],[32025, 25963],[32029, 25967],[32029, 25972],[32030, 25972],[32039, 25982],[32045, 25982],[32049, 25986],[32049, 25987],[32056, 25987],[32061, 25982],[32066, 25982],[32076, 25972],[32076, 25971],[32077, 25970],[32077, 25967],[32081, 25963],[32081, 25935],[32077, 25931],[32077, 25923],[32076, 25922],[32076, 25921],[32072, 25917],[32072, 25912],[32071, 25912],[32057, 25897],[32051, 25897],[32047, 25893],[32047, 25892],[32037, 25892],[32032, 25887],[32011, 25887],[32011, 25888],[32006, 25893],[32005, 25893]]]},"properties":{"objectType":"annotation","classification":{"name":"Ignore*","color":[180, 180, 180]}}},{"type":"Feature","id":"4f27d72c-db7a-41e1-9724-1206166187d2","geometry":{"type":"Polygon","coordinates":[[[32659, 28881],[32659, 28897],[32660, 28897],[32660, 28898],[32664, 28902],[32664, 28907],[32665, 28907],[32674, 28917],[32675, 28917],[32676, 28918],[32700, 28918],[32700, 28917],[32701, 28917],[32702, 28916],[32702, 28911],[32706, 28907],[32707, 28907],[32707, 28890],[32706, 28890],[32697, 28880],[32686, 28880],[32682, 28875],[32665, 28875],[32660, 28880],[32660, 28881],[32659, 28881]]]},"properties":{"objectType":"annotation","classification":{"name":"Ignore*","color":[180, 180, 180]}}},{"type":"Feature","id":"692c0f29-c157-4646-b7d3-78ad2bc19b47","geometry":{"type":"Polygon","coordinates":[[[32578, 28837],[32578, 28845],[32593, 28859],[32593, 28860],[32610, 28860],[32610, 28859],[32615, 28855],[32615, 28854],[32616, 28854],[32616, 28842],[32615, 28842],[32611, 28838],[32611, 28833],[32610, 28832],[32606, 28827],[32588, 28827],[32578, 28837]]]},"properties":{"objectType":"annotation","classification":{"name":"Ignore*","color":[180, 180, 180]}}},{"type":"Feature","id":"e6a95bfc-5131-4d1c-98ce-370582304a20","geometry":{"type":"Polygon","coordinates":[[[32096, 28255],[32096, 28282],[32097, 28283],[32106, 28292],[32107, 28292],[32107, 28293],[32127, 28293],[32127, 28292],[32128, 28292],[32132, 28288],[32133, 28288],[32168, 28253],[32168, 28252],[32172, 28248],[32172, 28245],[32172, 28244],[32173, 28243],[32176, 28240],[32176, 28238],[32177, 28238],[32177, 28230],[32177, 28229],[32181, 28225],[32181, 28203],[32180, 28203],[32180, 28202],[32164, 28202],[32159, 28207],[32154, 28207],[32149, 28212],[32144, 28212],[32140, 28217],[32134, 28217],[32125.64, 28226],[32122, 28226],[32117, 28231],[32115, 28231],[32101, 28246],[32101, 28247],[32097, 28251],[32097, 28254.2],[32096, 28255]]]},"properties":{"objectType":"annotation","classification":{"name":"Ignore*","color":[180, 180, 180]}}},{"type":"Feature","id":"12502460-e042-4426-9947-ad4e4cae9a5b","geometry":{"type":"Polygon","coordinates":[[[33458, 32104],[33458, 32111],[33458, 32117],[33458, 32125],[33461, 32127.25],[33461, 32128],[33462, 32128],[33462, 32133],[33469, 32139.36],[33469, 32140],[33473, 32143.64],[33473, 32148],[33480, 32155],[33480, 32158],[33484, 32162],[33487, 32165],[33488, 32166],[33488, 32170],[33491, 32173],[33495, 32177],[33495, 32181],[33496, 32181],[33496, 32182],[33500, 32182],[33503, 32185],[33511, 32193],[33515, 32193],[33519, 32197],[33544, 32222],[33551, 32229],[33559, 32237],[33559, 32241],[33565.26, 32246.74],[33571, 32253],[33575, 32253],[33578, 32256],[33579, 32257],[33582, 32257],[33586, 32260],[33586, 32261],[33590, 32261],[33593, 32264],[33594, 32264],[33595, 32265],[33598, 32265],[33601, 32268],[33604, 32271],[33605, 32271],[33606, 32272],[33609, 32272],[33612, 32275],[33619, 32282],[33620, 32283],[33624, 32283],[33627, 32286],[33627, 32287],[33662, 32287],[33662, 32286],[33663, 32286],[33667, 32282],[33667, 32281],[33668, 32281],[33668, 32275],[33668, 32273],[33668, 32270],[33667, 32269],[33667, 32268],[33664, 32265],[33664, 32261],[33663, 32261],[33660, 32258],[33659, 32257],[33638, 32236],[33637, 32235],[33634, 32232],[33634, 32228],[33633, 32228],[33630, 32224.5],[33630, 32224],[33629, 32223],[33627, 32220.67],[33627, 32218],[33626, 32217],[33626, 32216],[33623, 32213],[33622, 32212],[33619, 32209],[33619, 32205],[33618, 32205],[33615, 32202],[33614, 32201],[33611, 32197.73],[33611, 32197],[33610.33, 32197],[33610, 32196.64],[33610, 32196],[33609.42, 32196],[33603, 32189],[33602, 32189],[33596, 32183],[33596, 32182],[33592, 32182],[33591, 32181],[33588, 32178],[33587.71, 32178],[33577, 32168],[33577, 32167],[33573, 32167],[33572, 32166],[33566, 32160],[33565, 32159],[33561.3, 32159],[33558, 32156],[33558, 32155],[33557, 32155],[33547, 32145],[33543, 32141],[33543, 32140],[33539, 32140],[33536, 32137],[33532, 32133],[33528, 32133],[33514, 32119],[33514, 32115],[33513, 32115],[33510, 32111],[33510, 32108],[33510, 32107],[33509.25, 32107],[33507, 32104],[33507, 32101],[33506, 32101],[33506, 32100],[33505, 32099],[33502, 32096],[33501, 32095],[33497, 32095],[33494, 32092],[33477, 32092],[33477, 32093],[33475, 32095],[33474, 32095],[33473, 32096],[33470, 32096],[33467, 32099],[33466, 32099],[33466, 32100],[33462, 32100],[33458, 32104]]]},"properties":{"objectType":"annotation","classification":{"name":"Ignore*","color":[180, 180, 180]}}},{"type":"Feature","id":"965da387-b31b-4d00-946b-3ea71ecdce0f","geometry":{"type":"Polygon","coordinates":[[[33213, 31687],[33213, 31718],[33214, 31718],[33214, 31719],[33217, 31722],[33217, 31745],[33218, 31745],[33221, 31748],[33221, 31756],[33225, 31759],[33225, 31767],[33228, 31771],[33228, 31774],[33232, 31778],[33232, 31782],[33233, 31782],[33236, 31786],[33237, 31786],[33237, 31787],[33253, 31787],[33254, 31786],[33254, 31785],[33255, 31785],[33255, 31782],[33258, 31779],[33258, 31761],[33255, 31758],[33255, 31747],[33254, 31747],[33254, 31746],[33251, 31743],[33251, 31698],[33250, 31698],[33250, 31697],[33247, 31694],[33247, 31690],[33246, 31690],[33243, 31687],[33243, 31682],[33239, 31679],[33239, 31678],[33222, 31678],[33213, 31687]]]},"properties":{"objectType":"annotation","classification":{"name":"Ignore*","color":[180, 180, 180]}}},{"type":"Feature","id":"8e260143-36bd-46f1-b711-4c0b899610bd","geometry":{"type":"Polygon","coordinates":[[[34389, 30446],[34389, 30459],[34390, 30459],[34397, 30467],[34401, 30467],[34401, 30468],[34402.33, 30468],[34405, 30470],[34405, 30471],[34409, 30471],[34409, 30472],[34409, 30475],[34413, 30478],[34413, 30479],[34417, 30479],[34420, 30482],[34421, 30482],[34421, 30483],[34430, 30483],[34430, 30482],[34437, 30475],[34442, 30475],[34445, 30471],[34446, 30471],[34446, 30467],[34449, 30463],[34450, 30463],[34450, 30458],[34446, 30454],[34446, 30446],[34445, 30446],[34442, 30442],[34441, 30442],[34438, 30438],[34438, 30435],[34429, 30426],[34412, 30426],[34412, 30427],[34405, 30434],[34401, 30434],[34389, 30446]]]},"properties":{"objectType":"annotation","classification":{"name":"Ignore*","color":[180, 180, 180]}}},{"type":"Feature","id":"48ef202a-3ae4-4f78-9a52-0bc400757302","geometry":{"type":"Polygon","coordinates":[[[35498, 29697],[35498, 29701],[35498, 29702],[35498, 29719],[35498, 29722],[35498, 29723],[35502, 29726],[35502, 29727],[35502, 29730],[35505, 29733],[35505, 29734],[35506, 29734],[35509, 29737],[35509, 29738],[35510, 29738],[35513, 29741],[35513, 29745],[35517, 29748],[35517, 29749],[35517, 29762],[35517, 29765],[35513, 29769],[35513, 29773],[35510, 29776],[35509, 29776],[35509, 29777],[35506, 29780],[35505, 29780],[35505, 29781],[35505, 29784],[35505, 29785],[35505, 29788],[35502, 29791],[35502, 29792],[35502, 29796],[35502, 29798],[35502, 29802],[35502, 29805],[35505, 29808],[35505, 29809],[35505, 29812],[35506, 29812],[35509, 29815.43],[35509, 29816],[35509.5, 29816],[35513, 29820],[35514, 29820],[35514, 29821],[35518, 29821],[35521, 29824],[35526, 29824],[35526, 29825],[35552, 29825],[35553, 29824],[35557, 29824],[35560, 29821],[35567, 29821],[35572, 29816],[35573, 29816],[35573, 29812],[35576, 29809],[35576, 29808],[35577, 29807],[35577, 29804],[35580, 29801],[35580, 29794],[35580, 29776],[35580, 29772],[35576, 29769],[35576, 29768],[35572, 29768],[35568, 29765],[35568, 29764],[35564, 29764],[35561, 29761],[35557, 29761],[35550, 29754],[35550, 29748],[35553, 29745],[35554, 29745],[35554, 29741],[35557, 29737],[35558, 29737],[35558, 29735],[35557, 29735],[35554, 29732],[35554, 29726],[35554, 29724],[35554, 29717],[35554, 29716],[35554, 29713],[35553, 29712],[35552.25, 29712],[35550, 29709],[35550, 29706],[35550, 29705],[35547, 29702],[35547, 29699],[35546, 29698],[35546, 29697],[35543, 29694],[35543, 29691],[35543, 29690],[35542, 29690],[35538, 29686],[35534, 29686],[35531, 29682],[35517, 29682],[35514, 29686],[35510, 29686],[35506.73, 29689],[35506, 29689],[35506, 29689.67],[35505.64, 29690],[35505, 29690],[35505, 29690.58],[35498, 29697]]]},"properties":{"objectType":"annotation","classification":{"name":"Ignore*","color":[180, 180, 180]}}},{"type":"Feature","id":"43033c92-934c-4a61-985b-122c14d46076","geometry":{"type":"Polygon","coordinates":[[[35442, 29588],[35442, 29589],[35442, 29606],[35442, 29607],[35446, 29610.5],[35446, 29614],[35450, 29614],[35450, 29615],[35451.33, 29615],[35454, 29617],[35454, 29618],[35467, 29618],[35467, 29617],[35471, 29613],[35472, 29613],[35472, 29610],[35472, 29609],[35475, 29606],[35475, 29605],[35476, 29605],[35476, 29601],[35475, 29601],[35475, 29600],[35472, 29596],[35472, 29593],[35464, 29585],[35463, 29584],[35446, 29584],[35446, 29585],[35442, 29588]]]},"properties":{"objectType":"annotation","classification":{"name":"Ignore*","color":[180, 180, 180]}}},{"type":"Feature","id":"5fedec06-de57-4772-a3d5-c011c1d2580a","geometry":{"type":"Polygon","coordinates":[[[36348, 29671],[36348, 29673],[36351, 29676],[36351, 29677],[36352, 29678],[36352, 29681],[36355, 29684],[36355, 29685],[36378, 29708],[36378, 29711],[36379, 29711],[36381, 29713],[36381, 29715],[36382, 29715],[36382, 29719],[36385, 29719],[36385, 29723],[36389, 29723],[36389, 29726],[36389, 29727],[36392, 29730],[36392, 29734],[36393, 29734],[36393, 29738],[36401, 29745],[36401, 29746],[36405, 29746],[36409, 29750],[36416, 29750],[36419, 29753],[36420, 29753],[36421, 29754],[36424, 29754],[36425, 29753],[36426, 29753],[36429, 29750],[36433, 29750],[36433, 29749],[36434, 29749],[36434, 29745],[36437, 29742],[36437, 29741],[36438, 29740],[36438, 29734],[36441, 29730],[36441, 29720],[36438, 29717],[36438, 29714],[36437, 29714],[36437, 29713],[36430, 29706],[36425, 29701],[36421, 29701],[36419, 29699],[36419, 29697],[36401, 29679],[36401, 29676],[36400, 29676],[36400, 29675],[36392, 29667],[36388, 29667],[36385, 29664],[36385, 29663],[36381, 29663],[36377, 29660],[36377, 29659],[36373, 29659],[36370, 29656],[36360, 29656],[36356, 29660],[36355, 29660],[36355, 29661],[36352, 29664],[36352, 29668],[36351, 29668],[36351, 29669],[36349, 29671],[36348, 29671]]]},"properties":{"objectType":"annotation","classification":{"name":"Ignore*","color":[180, 180, 180]}}},{"type":"Feature","id":"439f96df-690d-4194-a4a8-dd05b360de14","geometry":{"type":"Polygon","coordinates":[[[36919, 31581],[36919, 31590],[36920, 31590],[36920, 31591],[36923, 31594],[36923, 31598],[36924, 31598],[36927, 31601],[36927, 31602],[36927, 31606],[36935, 31613],[36935, 31614],[36939, 31614],[36942, 31617],[36943, 31617],[36944, 31618],[36947, 31618],[36948, 31617],[36949, 31617],[36952, 31614],[36956, 31614],[36956, 31613],[36957, 31613],[36957, 31609],[36960, 31606],[36960, 31605],[36961, 31604],[36961, 31586],[36960, 31585],[36960, 31584],[36957, 31581],[36957, 31577],[36956, 31577],[36956, 31576],[36952, 31576],[36949, 31573],[36945, 31573],[36944, 31572],[36935, 31572],[36935, 31573],[36927, 31573],[36920, 31581],[36919, 31581]]]},"properties":{"objectType":"annotation","classification":{"name":"Ignore*","color":[180, 180, 180]}}},{"type":"Feature","id":"a59d6ec4-89d0-4062-848a-4c2b83e2c1fa","geometry":{"type":"Polygon","coordinates":[[[36780, 31475],[36780, 31476],[36780, 31479],[36780, 31489],[36780, 31493],[36791, 31504],[36791, 31507],[36792, 31508],[36793, 31508],[36793, 31509],[36796, 31509],[36799, 31512],[36804, 31512],[36807, 31515],[36807, 31516],[36809, 31516],[36809, 31515],[36813, 31512],[36817, 31512],[36817, 31511],[36818, 31510],[36818, 31507],[36821, 31504],[36821, 31500],[36821, 31496],[36821, 31491],[36821, 31490],[36821, 31487],[36818, 31483],[36818, 31480],[36817, 31480],[36817, 31479],[36809, 31471],[36806, 31468],[36805, 31468],[36805, 31467],[36801, 31467],[36798, 31464],[36796, 31464],[36792, 31467],[36788, 31467],[36788, 31468],[36784, 31471],[36784, 31471.5],[36780, 31475]]]},"properties":{"objectType":"annotation","classification":{"name":"Ignore*","color":[180, 180, 180]}}},{"type":"Feature","id":"a430e652-3c70-490e-8d31-4da66b7bc54d","geometry":{"type":"Polygon","coordinates":[[[35224, 29965],[35224, 29967],[35225, 29967],[35228, 29970],[35228, 29974],[35240, 29986],[35244, 29986],[35247, 29989],[35247, 29990],[35251, 29990],[35255, 29993],[35255, 29994],[35264, 29994],[35264, 29993],[35265, 29993],[35265, 29983],[35262, 29980],[35262, 29977],[35261, 29977],[35261, 29976],[35258, 29972],[35258, 29969],[35245, 29956],[35229, 29956],[35229, 29957],[35228, 29957],[35228, 29961],[35224, 29965]]]},"properties":{"objectType":"annotation","classification":{"name":"Ignore*","color":[180, 180, 180]}}},{"type":"Feature","id":"b5deb7e4-4fef-45fe-986a-f96f2814d422","geometry":{"type":"Polygon","coordinates":[[[36921, 32761],[36921, 32767],[36923, 32769],[36923, 32771],[36926, 32774.75],[36926, 32776],[36927, 32777],[36927, 32778],[36928, 32778],[36928, 32779],[36929, 32779],[36930, 32780],[36930, 32781],[36932, 32781],[36934, 32783],[36935, 32783],[36937, 32785],[36939, 32785],[36941, 32787],[36941, 32789],[36943, 32791],[36943, 32792],[36945, 32794],[36945, 32796],[36946, 32796],[36948, 32798],[36950, 32800],[36950, 32801],[36951, 32801],[36952, 32802],[36952, 32803],[36953, 32803],[36955, 32805],[36955, 32806],[36957, 32806],[36959, 32807],[36959, 32808],[36962, 32808],[36964, 32810],[36966, 32810],[36968, 32812],[36975, 32819],[36975, 32821],[36980, 32825],[36980, 32826],[36981, 32826],[36982, 32827],[36982, 32828],[36984.5, 32828],[36987, 32830],[36992, 32830],[36992, 32831],[36997, 32831],[36997, 32830],[37002, 32830],[37004, 32828],[37004, 32827],[37006, 32825],[37006, 32823],[37006, 32821],[37006, 32819],[37006, 32817],[37005, 32816],[37005, 32815],[37004, 32815],[37004, 32814],[37004, 32813],[37004, 32812],[37002, 32810],[37002, 32808],[37000, 32806],[36989, 32794.15],[36989, 32791],[36988, 32791],[36988, 32790],[36987, 32789],[36987, 32788],[36986, 32788],[36986, 32787],[36986, 32786],[36986, 32785],[36986, 32783],[36986, 32781],[36985, 32781],[36984, 32779.93],[36984, 32779],[36982, 32777],[36982, 32776],[36982, 32774],[36981, 32774],[36975, 32768],[36975, 32767],[36972, 32767],[36970, 32765],[36968, 32765],[36966, 32763],[36963, 32763],[36961, 32761],[36953, 32761],[36952, 32760],[36946, 32760],[36945, 32759],[36945, 32758],[36943, 32758],[36941, 32756],[36940, 32756],[36938, 32754],[36925, 32754],[36925, 32754.67],[36923, 32756],[36923, 32759],[36921, 32761]]]},"properties":{"objectType":"annotation","classification":{"name":"Ignore*","color":[180, 180, 180]}}},{"type":"Feature","id":"af40e58d-3528-4a72-8660-9863cd014741","geometry":{"type":"Polygon","coordinates":[[[36902, 33106],[36902, 33125],[36903, 33125],[36905, 33127],[36905, 33130],[36911, 33136],[36911, 33139],[36912, 33139],[36914, 33141],[36914, 33143],[36916, 33145],[36916, 33148],[36918, 33150],[36918, 33152],[36921, 33155],[36923, 33157],[36923, 33159],[36925, 33161],[36934, 33170],[36934, 33171],[36935, 33171],[36937, 33173],[36939, 33173],[36941, 33175],[36957, 33175],[36957, 33176],[36958, 33176],[36960, 33178],[36996, 33178],[36996, 33177],[36998, 33175],[37003, 33175],[37005, 33173],[37014, 33173],[37016, 33171],[37019, 33171],[37019, 33170],[37021, 33169],[37023, 33169],[37023, 33168],[37027, 33164],[37028, 33164],[37033, 33159],[37033, 33157],[37035, 33155],[37035, 33154.18],[37037, 33152],[37038, 33152],[37038, 33150],[37039, 33148],[37040, 33148],[37040, 33147],[37040, 33144],[37040, 33140],[37040, 33134],[37040, 33133],[37039, 33133],[37038, 33131],[37038, 33130],[37039, 33130],[37039, 33129],[37040, 33129],[37040, 33127],[37039, 33127],[37039, 33126],[37038, 33125],[37038, 33124],[37038, 33122],[37037, 33122],[37037, 33119],[37036, 33118],[37035, 33117],[37035, 33115],[37033, 33113],[37031, 33110.5],[37031, 33109],[37030, 33109],[37030, 33108],[37029, 33107],[37028, 33106],[37028, 33104],[37026, 33101.5],[37026, 33101],[37024, 33099],[37024, 33097],[37023, 33097],[37022, 33096],[37022, 33095],[37021, 33095],[37019, 33092.5],[37019, 33090],[37017, 33088],[37017, 33086],[37008, 33077],[37008, 33076],[37005, 33076],[36995, 33066],[36995, 33065],[36995, 33060],[37000.33, 33054],[37001, 33054],[37001, 33053.25],[37003, 33051],[37004, 33051],[37004, 33050],[37004, 33046],[37003, 33046],[37003, 33045],[36999, 33041],[36999, 33040],[36988, 33040],[36988, 33041],[36986, 33043],[36986, 33050],[36986, 33054],[36984, 33056],[36981, 33056],[36979, 33058],[36971, 33058],[36969, 33056],[36945, 33056],[36943, 33058],[36941, 33058],[36941, 33059],[36939, 33061],[36936, 33061],[36934, 33063],[36932, 33065],[36930, 33065],[36921, 33074],[36918, 33074],[36916.29, 33076],[36916, 33076],[36916, 33076.33],[36912, 33081],[36911, 33081],[36911, 33084],[36909, 33086],[36909, 33088],[36907, 33090],[36907, 33092],[36907, 33095],[36905, 33097],[36905, 33099],[36905, 33101],[36905, 33104],[36903, 33106],[36902, 33106]]]},"properties":{"objectType":"annotation","classification":{"name":"Ignore*","color":[180, 180, 180]}}},{"type":"Feature","id":"2694cf9f-20ed-4e1c-8b18-e92be0931e24","geometry":{"type":"Polygon","coordinates":[[[37257, 32886],[37257, 32901],[37259, 32903],[37259, 32906],[37260, 32906],[37263, 32909],[37264, 32909],[37266, 32910],[37266, 32911],[37275, 32911],[37275, 32910],[37277, 32909],[37278, 32909],[37281, 32906],[37284, 32906],[37286, 32904],[37293, 32904],[37295, 32902],[37302, 32902],[37302, 32901],[37304, 32900],[37310, 32900],[37310, 32899],[37311, 32899],[37313, 32897],[37314, 32897],[37317, 32900],[37328, 32900],[37328, 32899],[37329, 32899],[37331, 32897],[37335, 32897],[37337, 32895],[37340, 32895],[37344, 32891],[37346, 32891],[37346, 32890],[37347, 32890],[37351, 32886],[37353, 32886],[37358, 32882],[37359, 32882],[37362, 32879],[37363, 32879],[37363, 32876],[37365, 32874],[37365, 32862],[37363, 32860],[37363, 32857],[37362, 32857],[37351, 32846],[37341, 32846],[37339, 32848],[37334, 32848],[37332, 32850],[37327, 32850],[37325, 32852],[37318, 32852],[37318, 32853],[37316, 32855],[37311, 32855],[37309, 32857],[37307, 32857],[37305, 32859],[37302, 32859],[37298, 32864],[37296, 32864],[37294, 32866],[37291, 32866],[37287, 32870],[37284, 32870],[37284, 32871],[37280, 32875],[37278, 32875],[37276, 32877],[37273, 32877],[37271, 32879],[37266, 32879],[37266, 32880],[37264, 32882],[37262, 32882],[37257, 32886]]]},"properties":{"objectType":"annotation","classification":{"name":"Ignore*","color":[180, 180, 180]}}},{"type":"Feature","id":"bf544a4d-60d4-4fa5-81f9-201d41d58845","geometry":{"type":"Polygon","coordinates":[[[36850, 32562],[36850, 32565],[36852, 32567],[36852, 32577],[36857, 32581],[36857, 32582],[36878, 32582],[36878, 32581],[36880, 32579],[36883, 32579],[36885, 32577],[36887, 32577],[36889, 32575],[36892, 32575],[36892, 32574],[36894, 32573],[36896, 32573],[36896, 32572],[36898, 32570],[36903, 32570],[36905, 32568],[36908, 32568],[36910, 32565],[36910, 32563],[36912, 32561],[36912, 32560],[36913, 32560],[36913, 32556],[36910, 32553],[36910, 32550],[36908, 32548],[36905, 32548],[36901, 32544],[36901, 32543],[36898, 32543],[36896, 32541],[36892, 32541],[36890, 32539],[36887, 32539],[36885, 32537],[36883, 32537],[36881, 32535],[36881, 32534],[36876, 32534],[36874, 32532],[36863, 32532],[36859, 32537],[36859, 32539],[36857, 32541],[36856, 32541],[36856, 32546],[36854, 32548],[36854, 32553],[36852, 32555],[36852, 32560],[36850, 32562]]]},"properties":{"objectType":"annotation","classification":{"name":"Ignore*","color":[180, 180, 180]}}},{"type":"Feature","id":"42ffedbe-2705-47d3-9230-9f05b3f6be10","geometry":{"type":"Polygon","coordinates":[[[37027, 32622],[37027, 32630],[37031, 32634],[37031, 32635],[37044, 32635],[37044, 32634],[37046, 32633],[37052, 32633],[37053, 32632],[37058, 32628],[37058, 32626],[37056, 32624],[37056, 32619],[37055, 32619],[37054, 32617],[37054, 32611],[37053, 32611],[37053, 32610],[37051, 32608],[37045, 32608],[37043, 32610],[37040, 32610],[37038, 32612],[37036, 32612],[37036, 32613],[37034, 32615],[37031, 32615],[37029, 32617],[37029, 32620],[37027, 32622]]]},"properties":{"objectType":"annotation","classification":{"name":"Ignore*","color":[180, 180, 180]}}},{"type":"Feature","id":"1b5e4340-3be1-4811-b005-6ccd6f50276e","geometry":{"type":"Polygon","coordinates":[[[37062, 32467],[37062, 32469],[37064, 32471],[37064, 32476],[37065, 32476],[37067, 32478],[37067, 32480],[37074, 32487],[37107, 32487],[37109, 32485],[37111, 32485],[37116, 32480],[37116, 32478],[37118, 32476],[37118, 32473],[37121, 32470],[37121, 32460],[37122, 32458],[37123, 32458],[37123, 32454],[37122, 32454],[37121, 32452],[37121, 32446],[37118, 32443],[37118, 32436],[37116, 32434],[37116, 32425],[37114, 32423],[37114, 32418],[37113, 32418],[37112, 32416],[37112, 32414],[37111, 32414],[37111, 32413],[37109, 32411],[37109, 32409],[37100, 32400],[37097, 32400],[37095, 32398],[37095, 32397],[37093, 32397],[37089, 32393],[37084, 32393],[37082, 32391],[37080, 32391],[37076, 32395],[37076, 32409],[37074, 32411],[37073, 32411],[37073, 32418],[37071, 32420],[37071, 32425],[37069, 32427],[37069, 32442],[37071, 32444],[37071, 32452],[37069, 32454],[37069, 32459],[37065, 32463],[37064, 32463],[37064, 32465],[37062, 32467]]]},"properties":{"objectType":"annotation","classification":{"name":"Ignore*","color":[180, 180, 180]}}},{"type":"Feature","id":"b849de54-26c2-4a17-b1e0-e1f20258b6e4","geometry":{"type":"Polygon","coordinates":[[[39006, 32359],[39006, 32382],[39009, 32385],[39009, 32386],[39010, 32387],[39010, 32390],[39015, 32395],[39016, 32396],[39017, 32397],[39023, 32403],[39027, 32403],[39029, 32406],[39046, 32406],[39049, 32409],[39050, 32409],[39050, 32410],[39056, 32410],[39059, 32412],[39059, 32413],[39062, 32413],[39065, 32416],[39071, 32416],[39074, 32412],[39074, 32411],[39075, 32411],[39075, 32405],[39074, 32404],[39074, 32403],[39071, 32401],[39071, 32361],[39068, 32358],[39068, 32355],[39064, 32351],[39061, 32351],[39055, 32345],[39051, 32345],[39047, 32341],[39044, 32341],[39042, 32338],[39038, 32338],[39035, 32335],[39026, 32335],[39023, 32338],[39020, 32338],[39016, 32342],[39016, 32345],[39013, 32348],[39013, 32352],[39006, 32359]]]},"properties":{"objectType":"annotation","classification":{"name":"Ignore*","color":[180, 180, 180]}}},{"type":"Feature","id":"241979ee-a138-42c4-a2df-eb780eafca55","geometry":{"type":"Polygon","coordinates":[[[39278, 32195],[39278, 32199],[39281, 32202],[39281, 32203],[39282, 32203],[39282, 32207],[39285, 32210],[39288, 32213],[39289, 32213],[39290, 32214],[39292, 32214],[39295, 32216],[39296, 32217],[39310, 32217],[39310, 32216],[39314, 32213],[39314, 32206],[39314, 32205],[39314, 32198],[39310, 32194],[39307, 32191],[39304, 32188],[39282, 32188],[39282, 32192],[39279, 32194],[39279, 32195],[39278, 32195]]]},"properties":{"objectType":"annotation","classification":{"name":"Ignore*","color":[180, 180, 180]}}},{"type":"Feature","id":"ad7f6983-d45d-4ca9-9231-3034835d25f9","geometry":{"type":"Polygon","coordinates":[[[37320, 30576],[37320, 30585],[37323, 30588],[37327, 30592],[37331, 30592],[37333, 30595],[37333.87, 30595],[37343, 30604.55],[37343, 30605],[37346.13, 30607.81],[37353, 30615],[37365, 30615],[37368, 30611],[37369, 30611],[37369, 30610],[37369, 30608],[37372, 30605],[37372, 30588],[37375, 30585],[37375, 30576],[37372, 30573],[37372, 30570],[37368, 30566],[37342, 30566],[37339, 30563],[37337, 30563],[37334, 30566],[37330, 30566],[37326.25, 30570.38],[37320, 30576]]]},"properties":{"objectType":"annotation","classification":{"name":"Ignore*","color":[180, 180, 180]}}},{"type":"Feature","id":"17ec603c-e405-4084-b409-708a66d6ff85","geometry":{"type":"Polygon","coordinates":[[[37227, 30630],[37227, 30642],[37234, 30649],[37237, 30649],[37240, 30652],[37249, 30652],[37256, 30645],[37256, 30630],[37253, 30627],[37253, 30621],[37249, 30617],[37240, 30617],[37237, 30620],[37234, 30620],[37230, 30623],[37230, 30627],[37227, 30630]]]},"properties":{"objectType":"annotation","classification":{"name":"Ignore*","color":[180, 180, 180]}}},{"type":"Feature","id":"b38db3cb-7470-4557-bdcb-3e1f3ea19163","geometry":{"type":"Polygon","coordinates":[[[35507, 24608],[35562, 24714],[35640, 24716],[35699, 24678],[35704, 24579],[35672, 24528],[35604, 24500],[35542, 24521],[35507, 24608]]]},"properties":{"objectType":"annotation","classification":{"name":"Tumor","color":[102, 77, 179]}}},{"type":"Feature","id":"25a17ef8-8351-4f75-999d-df65f883c73c","geometry":{"type":"Polygon","coordinates":[[[33670, 21377],[33696, 21488],[33756, 21525],[33856, 21475],[33888, 21384],[33862, 21298],[33771, 21223],[33670, 21377]]]},"properties":{"objectType":"annotation","classification":{"name":"Tumor","color":[102, 77, 179]}}},{"type":"Feature","id":"b66e8adb-3d41-43ba-8cc6-2d18f9ee0f99","geometry":{"type":"Polygon","coordinates":[[[33715, 23616],[33715, 23624],[33715, 23654],[33715, 23662],[33716, 23662],[33719, 23666],[33719, 23688],[33719, 23696],[33719, 23704],[33716, 23708],[33715, 23708],[33715, 23738],[33716, 23738],[33719, 23742],[33719, 23746],[33720, 23746],[33723, 23750],[33723, 23754],[33724, 23754],[33727, 23758],[33727, 23762],[33728, 23762],[33731, 23765.43],[33731, 23766],[33731.5, 23766],[33735, 23770],[33735, 23774],[33736, 23774],[33738.24, 23776.99],[33739, 23780.02],[33739, 23786],[33740, 23786],[33740.75, 23786.99],[33740.75, 23787],[33743, 23796],[33743, 23798],[33743.5, 23798],[33744, 23800],[33751, 23807],[33751, 23810],[33752, 23810],[33755, 23813],[33755, 23814],[33756, 23814],[33763, 23821],[33763, 23822],[33764, 23822],[33768, 23826],[33768, 23827],[33769, 23827],[33780, 23838],[33780, 23839],[33781, 23839],[33784, 23842],[33784, 23843],[33788, 23843],[33796, 23850.33],[33796, 23851],[33796.73, 23851],[33800, 23854],[33800, 23855],[33800.8, 23855],[33800, 23856],[33807.26, 23857.45],[33807.27, 23857.45],[33808, 23858],[33808, 23859],[33812, 23859],[33816, 23862],[33816, 23863],[33828, 23863],[33832, 23866],[33832, 23867],[33836, 23867],[33840, 23870],[33840, 23871],[33848, 23871],[33852, 23874],[33852, 23875],[33872, 23875],[33876, 23878],[33876, 23879],[33878, 23879],[33878, 23878],[33882, 23875],[33890, 23875],[33890, 23874],[33892.67, 23872],[33925.33, 23872],[33928, 23874],[33928, 23875],[33962, 23875],[33962, 23874],[33964.67, 23872],[33992, 23872],[34021, 23843],[34022, 23843],[34022, 23842],[34025, 23839],[34026, 23839],[34026, 23838],[34033, 23831],[34034, 23831],[34034, 23830],[34037, 23827],[34038, 23827],[34038, 23826],[34045, 23819],[34046, 23819],[34046, 23818],[34047, 23818],[34047, 23817],[34050, 23814],[34051, 23814],[34051, 23813],[34054, 23810],[34055, 23810],[34055, 23809],[34058, 23806],[34059, 23806],[34059, 23805],[34072, 23792],[34072, 23768.67],[34074, 23766],[34075, 23766],[34075, 23762],[34075, 23754],[34078, 23750],[34079, 23750],[34079, 23746],[34079, 23742],[34082, 23738],[34083, 23738],[34083, 23734],[34086, 23730],[34087, 23730],[34087, 23726],[34087, 23725.25],[34104, 23704],[34104, 23668.67],[34106, 23666],[34107, 23666],[34107, 23658],[34110, 23654],[34111, 23654],[34111, 23650],[34111, 23646],[34114, 23642],[34115, 23642],[34115, 23631],[34128, 23592],[34120, 23552],[34115, 23548.67],[34115, 23548],[34114, 23548],[34111, 23544],[34111, 23540],[34110, 23540],[34103, 23532],[34103, 23528],[34102, 23528],[34101.65, 23527.53],[34112, 23512],[34107, 23494.5],[34107, 23494],[34107, 23480],[34107, 23472],[34106, 23472],[34103, 23468],[34103, 23464],[34102, 23464],[34099, 23460],[34099, 23456],[34098, 23456],[34095, 23452],[34095, 23448],[34095, 23444],[34094, 23444],[34091.69, 23440.92],[34091, 23438.5],[34091, 23436],[34091, 23428],[34090, 23428],[34087.03, 23424.61],[34087, 23424.5],[34087, 23424],[34086.86, 23424],[34080, 23400],[33992, 23336],[33961.4, 23338.55],[33958, 23336],[33958, 23335],[33946, 23335],[33942, 23332],[33942, 23331],[33928, 23331],[33928, 23332],[33924, 23335],[33904, 23335],[33904, 23336],[33903, 23336],[33903, 23343.42],[33896, 23344],[33891, 23347],[33888, 23347],[33888, 23348],[33887, 23348],[33887, 23349.4],[33871.01, 23359],[33868, 23359],[33868, 23360],[33867, 23360],[33867, 23361.4],[33864.34, 23363],[33856, 23363],[33856, 23364],[33855, 23364],[33855, 23367],[33852, 23367],[33852, 23368],[33851, 23368],[33851, 23372],[33851, 23379.67],[33847.43, 23388],[33847, 23388],[33847, 23389],[33844.48, 23394.88],[33840, 23400],[33839, 23400],[33839, 23404],[33836, 23408],[33835, 23408],[33835, 23412],[33812, 23436],[33811, 23436],[33811, 23437.13],[33768, 23464],[33755.14, 23500],[33755, 23500],[33755, 23500.39],[33752.64, 23507],[33752, 23507],[33752, 23508],[33751, 23508],[33751, 23511],[33748, 23511],[33748, 23512],[33747, 23512],[33747, 23515],[33744, 23515],[33744, 23516],[33743, 23516],[33743, 23520],[33743, 23524],[33743, 23528],[33743, 23532],[33740, 23536],[33739, 23536],[33739, 23540],[33736, 23544],[33735, 23544],[33735, 23548],[33735, 23552],[33732, 23556],[33731, 23556],[33731, 23560],[33728, 23564],[33727, 23564],[33727, 23568],[33727, 23572],[33727, 23576],[33727, 23580],[33724, 23584],[33723, 23584],[33723, 23588],[33723, 23592],[33723, 23596],[33720, 23600],[33719, 23600],[33719, 23604],[33719, 23608],[33719, 23612],[33716, 23616],[33715, 23616]]]},"properties":{"objectType":"annotation","classification":{"name":"Tumor","color":[102, 77, 179]}}},{"type":"Feature","id":"b7e4a0ff-6444-4a94-a162-b64a70755227","geometry":{"type":"Polygon","coordinates":[[[33344, 23888],[33352, 23893.33],[33352, 23894],[33353, 23894],[33356, 23898],[33356, 23906],[33356, 23910],[33357, 23910],[33360, 23914],[33360, 23932],[33360, 23958],[33360, 23966],[33360, 23968],[33360, 23970],[33360, 23974],[33361, 23974],[33364, 23978],[33364, 23986],[33365, 23986],[33368, 23990],[33368, 24002],[33368, 24010],[33368, 24014],[33369, 24014],[33372, 24018],[33372, 24030],[33372, 24034],[33372, 24038],[33373, 24038],[33376, 24042],[33376, 24046],[33376, 24050],[33376, 24064],[33380, 24068],[33380, 24070],[33381, 24070],[33384, 24074],[33384, 24082],[33385, 24082],[33388, 24086],[33388, 24090],[33389, 24090],[33389, 24091],[33389.75, 24091],[33390.09, 24091.45],[33384, 24128],[33408, 24144],[33400, 24200],[33424, 24240],[33432, 24296],[33472, 24344],[33504, 24360],[33568, 24368],[33592, 24344],[33656, 24328],[33688, 24304],[33711.14, 24250],[33715, 24250],[33715, 24249.5],[33728, 24256],[33824, 24256],[33904, 24224],[33920, 24200],[33944, 24200],[33976, 24160],[33976, 24128],[34008, 24112],[33992, 24056],[33952, 24040],[33928, 24008],[33864, 23984],[33792, 23992],[33784, 23984],[33784, 23983],[33783, 23983],[33783, 23982],[33782, 23982],[33776, 23976],[33748, 23976],[33747, 23975],[33747, 23974],[33733, 23974],[33727, 23970],[33728, 23970],[33728, 23968],[33727, 23968],[33724, 23965],[33724, 23964],[33723, 23964],[33723, 23963],[33719, 23963],[33716, 23960.75],[33716, 23960],[33715, 23960],[33715, 23959],[33691, 23959],[33687, 23956],[33687, 23955],[33667, 23955],[33663, 23952],[33663, 23951],[33659, 23951],[33652, 23944],[33652, 23926],[33655, 23922],[33656, 23922],[33656, 23918],[33659, 23914],[33660, 23914],[33660, 23911.2],[33672, 23904],[33688, 23856],[33688, 23816],[33680, 23808],[33680, 23804],[33679, 23804],[33676, 23800],[33676, 23792],[33676, 23784],[33676, 23780],[33675, 23780],[33672, 23776],[33672, 23752],[33672, 23748],[33671, 23748],[33668, 23744.91],[33668, 23744],[33667.11, 23744],[33660, 23736.69],[33660, 23736],[33659.33, 23736],[33651, 23727.43],[33651, 23727],[33650.58, 23727],[33645.06, 23721.32],[33640, 23716.11],[33640, 23716],[33639.88, 23716],[33638.75, 23714.83],[33636, 23712.01],[33636, 23712],[33636, 23708],[33635, 23708],[33632, 23704.57],[33632, 23704],[33631.5, 23704],[33629.75, 23702],[33628, 23699.2],[33628, 23696],[33627, 23696],[33624.33, 23693.33],[33624.32, 23693.32],[33623, 23691.2],[33623, 23691],[33622.88, 23691],[33616, 23680],[33603.73, 23680],[33603, 23679.33],[33603, 23679],[33602.64, 23679],[33600.65, 23677.18],[33599, 23675.67],[33599, 23675],[33598.27, 23675],[33595, 23672],[33595, 23671],[33591, 23671],[33588.01, 23668.01],[33584, 23656],[33579, 23656],[33575, 23652],[33575, 23651],[33574, 23651],[33571, 23648],[33571, 23647],[33563, 23647],[33559, 23644],[33559, 23643],[33555, 23643],[33551, 23640],[33551, 23639],[33547, 23639],[33543, 23636],[33543, 23635],[33538, 23635],[33536, 23632],[33532, 23632],[33532, 23627],[33531, 23627],[33531, 23626],[33517, 23626],[33517, 23627],[33516, 23627],[33516, 23631],[33515.25, 23632],[33512, 23632],[33510.67, 23634],[33505, 23634],[33505, 23635],[33504, 23635],[33504, 23640.75],[33502.33, 23642],[33493, 23642],[33493, 23643],[33492, 23643],[33492, 23644.88],[33489.57, 23647],[33489, 23647],[33489, 23647.5],[33485, 23651],[33481, 23651],[33481, 23652],[33477, 23655],[33441, 23655],[33441, 23656],[33437, 23659],[33433, 23659],[33433, 23660],[33429.57, 23663],[33429, 23663],[33429, 23663.5],[33428.43, 23664],[33424, 23664],[33423.25, 23667],[33421, 23667],[33421, 23668],[33418, 23671],[33417, 23671],[33417, 23672],[33416, 23672],[33416, 23673],[33413, 23676],[33412, 23676],[33412, 23677],[33409, 23680],[33408, 23680],[33408, 23684],[33408, 23688],[33405, 23692],[33404, 23692],[33404, 23696],[33400.25, 23700],[33400, 23700],[33400, 23700.27],[33389, 23712],[33388, 23712],[33388, 23716],[33384.5, 23720],[33384, 23720],[33384, 23720.57],[33381, 23724],[33380, 23724],[33380, 23724.8],[33376, 23728],[33373, 23752],[33372, 23752],[33372, 23756],[33369, 23760],[33368, 23760],[33368, 23764],[33368, 23768],[33365, 23772],[33364, 23772],[33364, 23776],[33364, 23780],[33361, 23784],[33360, 23784],[33360, 23786],[33360, 23808],[33360, 23816],[33360, 23820],[33357, 23824],[33356, 23824],[33356, 23828],[33356, 23832],[33356, 23836],[33356, 23840],[33353, 23844],[33352, 23844],[33352, 23848],[33352, 23852],[33352, 23855],[33352, 23856],[33349, 23860],[33348, 23860],[33348, 23868],[33348, 23872],[33344, 23888]]]},"properties":{"objectType":"annotation","classification":{"name":"Tumor","color":[102, 77, 179]}}},{"type":"Feature","id":"08c007e2-cd03-4b6d-9a5a-63346a515b0d","geometry":{"type":"Polygon","coordinates":[[[35288, 24088],[35288, 24032],[35264, 24008],[35248, 24016],[35192, 24016],[35168, 24048],[35152, 24048],[35144, 24064],[35120, 24064],[35120, 24080],[35088, 24104],[35088, 24120],[35072, 24136],[35072, 24168],[35096, 24176],[35104, 24200],[35131, 24200],[35120, 24224],[35104, 24224],[35072, 24200],[35048, 24208],[35016, 24208],[34992, 24200],[34976, 24216],[34976, 24240],[34960, 24240],[34952, 24208],[34920, 24208],[34920, 24216],[34888, 24216],[34858, 24232],[34832, 24232],[34824, 24216],[34784, 24216],[34776, 24200],[34728, 24200],[34718.33, 24216],[34688, 24224],[34600, 24224],[34592, 24256],[34568, 24264],[34576, 24280],[34576, 24312],[34540, 24334],[34464, 24368],[34415, 24395],[34376, 24406],[34331, 24451],[34328, 24471],[34312, 24481],[34288, 24467],[34271, 24440],[34308, 24418],[34320, 24387],[34336, 24384],[34372, 24338],[34392, 24304],[34392, 24272],[34403, 24232],[34416, 24224],[34420, 24156],[34456, 24136],[34480, 24144],[34480, 24119],[34520, 24088],[34528, 24048],[34496, 24048],[34536, 24040],[34544, 24032],[34544, 23952],[34504, 23960],[34512, 23920],[34416, 23920],[34384, 23952],[34352, 23960],[34352, 23977],[34322, 23982],[34288, 24010],[34270, 24040],[34248, 24048],[34195, 24093],[34140.73, 24147],[34130, 24147],[34092, 24186],[34052, 24208],[34019, 24241],[33981, 24307],[33932, 24360],[33931, 24391],[33904, 24412],[33872, 24450],[33807, 24450],[33758, 24471],[33722, 24496],[33712, 24520],[33684, 24527],[33639.5, 24554.5],[33562, 24643],[33546, 24675],[33541, 24703],[33515, 24724],[33497, 24714],[33502, 24637],[33468, 24576],[33446, 24559],[33388, 24553],[33381, 24568],[33427, 24575],[33449, 24586],[33475, 24612],[33480, 24654],[33455, 24678],[33445, 24674],[33398, 24626],[33366, 24619],[33348, 24631],[33348, 24667],[33376, 24683],[33376, 24731],[33348, 24752],[33356, 24790],[33402, 24784],[33446, 24767],[33472, 24747],[33486, 24769],[33410, 24839],[33376, 24865],[33330, 24892],[33302, 24896],[33262, 24927],[33256, 24944],[33216, 24984],[33176, 25013],[33153, 25023],[33144, 25064],[33120, 25080],[33120, 25096],[33096, 25112],[33080, 25134],[33066, 25135],[33061, 25172],[33043, 25190],[33016, 25192],[33008, 25215],[32976, 25232],[32959, 25271],[32936, 25272],[32912, 25288],[32912, 25309],[32880, 25320],[32856, 25344],[32857, 25372],[32840, 25384],[32833, 25408],[32800, 25432],[32800, 25445.71],[32757, 25492],[32749, 25520],[32728, 25520],[32720, 25480],[32672, 25480],[32672, 25472],[32624, 25472],[32624, 25464],[32584, 25472],[32568, 25448],[32544, 25448],[32528, 25464],[32488, 25456],[32456, 25416],[32440, 25416],[32432, 25440],[32360, 25440],[32344, 25424],[32336, 25392],[32312, 25352],[32280, 25344],[32200, 25344],[32200, 25336],[32152, 25328],[32128, 25296],[32096, 25280],[32056, 25280],[32056, 25272],[32008, 25264],[31992, 25248],[31952, 25248],[31920, 25238],[31912, 25224],[31800, 25200],[31740, 25205],[31728, 25192],[31648.6, 25192],[31630, 25178],[31606, 25184],[31588, 25179.35],[31588, 25179],[31586.65, 25179],[31517, 25161],[31496, 25178],[31448, 25176],[31424, 25189],[31383, 25189],[31368, 25176],[31312, 25176],[31292.15, 25195],[31264, 25168],[31232, 25184],[31168, 25192],[31156, 25200],[31104, 25200],[31079, 25217],[31016, 25208],[30960, 25240],[30920, 25240],[30928, 25296],[30896, 25304],[30880, 25288],[30880, 25256],[30856, 25256],[30840, 25272],[30792, 25272],[30792, 25280],[30696, 25320],[30696, 25336],[30656, 25352],[30648, 25376],[30608, 25400],[30608, 25416],[30584, 25448],[30584, 25528],[30600, 25528],[30592, 25576],[30632, 25568],[30648, 25552],[30648, 25504],[30616, 25488],[30616, 25464],[30648, 25456],[30688, 25416],[30752, 25416],[30784, 25408],[30800, 25392],[30896, 25392],[30896, 25400],[30936, 25400],[30953, 25426],[30984, 25432],[31000, 25415],[31022, 25420],[31024, 25440],[31048, 25448],[31065, 25480],[31120, 25502],[31152, 25520],[31200, 25520],[31224, 25544],[31257, 25544],[31268, 25548.8],[31268, 25550],[31269, 25550],[31272, 25553],[31272, 25554],[31273, 25554],[31273, 25555],[31274, 25555],[31276, 25557],[31276, 25558],[31277, 25558],[31277, 25559],[31278, 25559],[31280, 25561],[31280, 25562],[31281, 25562],[31281, 25563],[31282, 25563],[31284, 25565],[31284, 25566],[31285, 25566],[31285, 25567],[31286, 25567],[31288, 25569],[31288, 25570],[31289, 25570],[31289, 25571],[31290, 25571],[31293, 25574],[31293, 25575],[31303, 25575],[31303, 25574],[31307, 25571],[31311, 25571],[31315, 25571],[31319, 25571],[31319, 25570],[31323, 25567],[31327, 25567],[31327, 25566],[31331, 25563],[31337, 25563],[31341, 25566],[31341, 25567],[31345, 25567],[31349, 25570],[31349, 25571],[31353, 25571],[31357, 25571],[31361, 25574],[31361, 25575],[31365, 25575],[31369, 25575],[31373, 25575],[31377, 25578],[31377, 25579],[31381, 25579],[31385, 25582],[31385, 25583],[31389, 25583],[31393, 25586],[31393, 25587],[31397, 25587],[31412.06, 25587],[31424, 25592],[31472, 25584],[31472, 25576],[31520, 25576],[31520, 25563],[31523, 25563],[31527, 25563],[31527, 25562],[31530.9, 25559.08],[31568, 25560],[31568, 25555],[31575, 25555],[31581, 25555],[31585, 25558],[31585, 25559],[31589, 25559],[31593, 25559],[31597, 25562],[31597, 25563],[31601, 25563],[31605, 25566.5],[31605, 25567],[31605.57, 25567],[31609, 25570],[31609, 25571],[31613, 25571],[31617, 25574],[31617, 25575],[31617.78, 25575],[31624, 25584],[31639.12, 25584.94],[31641, 25586.67],[31641, 25587],[31641.36, 25587],[31641.44, 25587.07],[31656, 25608],[31678.33, 25608],[31681, 25610],[31681, 25611],[31685, 25611],[31689, 25611],[31693, 25614],[31693, 25615],[31697, 25615],[31701, 25618],[31701, 25619],[31703.35, 25619],[31720, 25632],[31758.33, 25632],[31761, 25634],[31761, 25635],[31765, 25635],[31768, 25635],[31768, 25648],[31793, 25643],[31797, 25646],[31797, 25647],[31801, 25647],[31805, 25647],[31809, 25650],[31809, 25651],[31813, 25651],[31817, 25654],[31817, 25655],[31821, 25655],[31825, 25658.5],[31825, 25659],[31825.57, 25659],[31829, 25662],[31829, 25663],[31833, 25663],[31837, 25666.5],[31837, 25667],[31837.57, 25667],[31841, 25670],[31841, 25671],[31845, 25671],[31849, 25671],[31853, 25674],[31853, 25675],[31856, 25675],[31856, 25680],[31896, 25680],[31896, 25673],[31927, 25673],[31927, 25677],[31928, 25677],[31932, 25681],[31932, 25682],[31940, 25682],[31943, 25684.25],[31943, 25693],[31944, 25693],[31948, 25697],[31948, 25698],[31955.36, 25698],[31960, 25704],[31963, 25704],[31964, 25705],[31964, 25706],[31970, 25706],[31970, 25705],[31971.33, 25704],[31978.67, 25704],[31980, 25705],[31980, 25706],[31986, 25706],[31986, 25705],[31987.33, 25704],[31994.67, 25704],[31996, 25705],[31996, 25706],[31999, 25706],[31999, 25709],[32000, 25709],[32004, 25713],[32004, 25714],[32008, 25714],[32011, 25714],[32011, 25721],[32012, 25721],[32012, 25722],[32015, 25722],[32015, 25725],[32016, 25725],[32016, 25726],[32019, 25726],[32019, 25729],[32020, 25729],[32020, 25730],[32024, 25730],[32028, 25733],[32028, 25734],[32032, 25734],[32036, 25737],[32036, 25738],[32040, 25738],[32044, 25741],[32044, 25742],[32048, 25742],[32052, 25742],[32056, 25745],[32056, 25746],[32060, 25746],[32064, 25749],[32064, 25750],[32068, 25750],[32072, 25753],[32072, 25754],[32076, 25754],[32080, 25754],[32084, 25757],[32084, 25758],[32088, 25758],[32092, 25758],[32104, 25758],[32108, 25761],[32108, 25762],[32112, 25762],[32116, 25762],[32120, 25765],[32120, 25766],[32124, 25766],[32128, 25766],[32150, 25766],[32154, 25766],[32154, 25765],[32158, 25762],[32162, 25762],[32162, 25761],[32166, 25758],[32174, 25758],[32180, 25758],[32184, 25758],[32196, 25758],[32200, 25761],[32200, 25762],[32204, 25762],[32208, 25762],[32218, 25762],[32218, 25761],[32220.32, 25759.26],[32224, 25760],[32224, 25758],[32240, 25758],[32244, 25761],[32244, 25762],[32248, 25762],[32252, 25765],[32252, 25766],[32256, 25766],[32260, 25769],[32260, 25770],[32264, 25770],[32288, 25793],[32288, 25794],[32292, 25794],[32303, 25805],[32303, 25809],[32304, 25809],[32311, 25816.47],[32311, 25817],[32311.5, 25817],[32319, 25825],[32319, 25829],[32320, 25829],[32328, 25837],[32328, 25838],[32332, 25838],[32336, 25841.5],[32336, 25842],[32336.57, 25842],[32340, 25845],[32340, 25846],[32344, 25846],[32348, 25849.5],[32348, 25850],[32348.57, 25850],[32352, 25853],[32352, 25854],[32356, 25854],[32360, 25857.67],[32360, 25858],[32360.36, 25858],[32364, 25861.33],[32364, 25862],[32364.73, 25862],[32368, 25865],[32368, 25866],[32372, 25866],[32376, 25869.5],[32376, 25870],[32376.57, 25870],[32380, 25873],[32380, 25874],[32384, 25874],[32388, 25874],[32392, 25877],[32392, 25878],[32404, 25878],[32408, 25881],[32408, 25882],[32412, 25882],[32416, 25885],[32416, 25886],[32420, 25886],[32424, 25889],[32424, 25890],[32428, 25890],[32432, 25893.5],[32432, 25894],[32432.57, 25894],[32436, 25897],[32436, 25898],[32440, 25898],[32444, 25901],[32444, 25902],[32448, 25902],[32452, 25902],[32456, 25905],[32456, 25906],[32460, 25906],[32468, 25906],[32472, 25909],[32472, 25910],[32476, 25910],[32480, 25910],[32484, 25913],[32484, 25914],[32488, 25914],[32492, 25914],[32512, 25914],[32516, 25917],[32516, 25918],[32528, 25918],[32532, 25921],[32532, 25922],[32534, 25922],[32534, 25921],[32538, 25918],[32546, 25918],[32546, 25917],[32550, 25914],[32554, 25914],[32554, 25913],[32562, 25906],[32566, 25906],[32566, 25905],[32567.33, 25904],[32568, 25904],[32576, 25902],[32578, 25902],[32578, 25901.5],[32600, 25896],[32640, 25864],[32640, 25856],[32680, 25856],[32688, 25840],[32688, 25896],[32696, 25896],[32696, 25936],[32712, 25960],[32696, 25960],[32680, 25984],[32688, 26024],[32720, 26024],[32720, 25968],[32744, 25960],[32760, 25995],[32752, 26015],[32776, 26028.3],[32788, 26048],[32788, 26078],[32824, 26108],[32824, 26120],[32853, 26121],[32880, 26160],[32900, 26163],[32928, 26224],[32948, 26232],[33000, 26280],[33016, 26288],[33216, 26288],[33216, 26280],[33256, 26280],[33280, 26256],[33304, 26256],[33336, 26232],[33342.54, 26216],[33360, 26216],[33384, 26200],[33424, 26160],[33504, 26032],[33520, 25984],[33512, 25928],[33488, 25912],[33456, 25912],[33435, 25932],[33392, 25928],[33360, 25904],[33328, 25904],[33312, 25888],[33240, 25888],[33216, 25896],[33173, 25943],[33122, 25943],[33104, 25896],[33088, 25887],[33080, 25848],[33038, 25843],[33040, 25800],[33016, 25792],[33008, 25768],[32987, 25776],[32976, 25760],[32984, 25728],[32931, 25725],[32936, 25672],[32960, 25656],[32960, 25632],[32984, 25632],[32992.38, 25600],[33016, 25600],[33032, 25584],[33064, 25512],[33064, 25472],[33038, 25460],[33048, 25448],[33072, 25448],[33088, 25432],[33096, 25404.43],[33136, 25360],[33136, 25336],[33160, 25320],[33160, 25287],[33192, 25288],[33210.67, 25264],[33264, 25256],[33272, 25232],[33296, 25216],[33320, 25216],[33320, 25202],[33370, 25198],[33400, 25216],[33442, 25206],[33464, 25216],[33496, 25216],[33546, 25177],[33568, 25176],[33588, 25156],[33624, 25137],[33616, 25095],[33628, 25083],[33699, 25089],[33762, 25061],[33809, 25064],[33828, 25043],[33884, 25036],[33901, 25046],[33929, 25045],[33930, 25012.8],[33966, 25001],[33987, 24987],[34014, 24987],[34053, 24959],[34075, 24959],[34089, 24933.06],[34150, 24907],[34212.83, 24873.75],[34259, 24862],[34343, 24833],[34392.28, 24811],[34434, 24809],[34469.2, 24799],[34498, 24811],[34507, 24856],[34524, 24885],[34509, 24907],[34483, 24903],[34475, 24922],[34521, 24942],[34550, 24949],[34592, 24928],[34595, 24878],[34563, 24859],[34589, 24812],[34604, 24800],[34631, 24796],[34645, 24767],[34687, 24783],[34732, 24783],[34772, 24797],[34796, 24787],[34835, 24783],[34836, 24768],[34856, 24768],[34864, 24752],[34880, 24752],[34888, 24728],[34904, 24728],[34904, 24712],[34936, 24704],[34936, 24680],[35008, 24632],[35016, 24595],[35040, 24589],[35061.8, 24600],[35080, 24621],[35081, 24654],[35101, 24692.6],[35104, 24720],[35126, 24747],[35126, 24777],[35103, 24800],[35096, 24768],[35080, 24760],[35080, 24736],[35056, 24720],[34990, 24781],[34990, 24798],[34974, 24808],[34958, 24859],[34969, 24865],[34969, 24958],[34984, 24994],[34984, 25024],[34952, 25056],[34920, 25072],[34920, 25104],[34912, 25120],[34896, 25120],[34920, 25152],[34920, 25184],[34928, 25200],[34912, 25208],[34880, 25208],[34888, 25232],[34904, 25232],[34904, 25264],[34880, 25272],[34880, 25304],[34872, 25328],[34928, 25376],[34928, 25384],[34984, 25384],[35000, 25392],[35056, 25352],[35056, 25312],[35080, 25304],[35088, 25288],[35120, 25288],[35128, 25272],[35152, 25264],[35152, 25224],[35128, 25197.78],[35128, 25176],[35110, 25160],[35090, 25123],[35088, 25080],[35101, 25065],[35122, 25076],[35184, 25144],[35199, 25153],[35210, 25180],[35240, 25216],[35275.05, 25224],[35304, 25258],[35352, 25296],[35379, 25310],[35421, 25312],[35487.4, 25344],[35541, 25375],[35558, 25380],[35588, 25421],[35588, 25440],[35572, 25470.5],[35525, 25512],[35533, 25517],[35582, 25489],[35603, 25436.1],[35635, 25410],[35635, 25447],[35656, 25436],[35651, 25419],[35656, 25350],[35634, 25333],[35591.2, 25312],[35530, 25214],[35536, 25184],[35536, 25072],[35514, 25056],[35512, 25024],[35498, 25004],[35498, 24976],[35512, 24976],[35509, 24888],[35496, 24840],[35472, 24784],[35458, 24776],[35456, 24728],[35432, 24699],[35432, 24680],[35400.77, 24662],[35400, 24616],[35379, 24563],[35358, 24542],[35353, 24512],[35358, 24460],[35385, 24422],[35385, 24391],[35413, 24352],[35442, 24339],[35523, 24347],[35569, 24361],[35606, 24403],[35629, 24409],[35696, 24408],[35721, 24382],[35736, 24346.25],[35760, 24336],[35762, 24304],[35812, 24297],[35833.75, 24288.62],[35868, 24293],[35922.8, 24292],[35940, 24314],[35978.49, 24341.02],[35975, 24372],[35984, 24384],[36050, 24412],[36124.25, 24424.54],[36183, 24442],[36227, 24468],[36272, 24471],[36339, 24487],[36408, 24491],[36441, 24497],[36478, 24529],[36509, 24529],[36603, 24550],[36650, 24581],[36690, 24587],[36710, 24576],[36762, 24577],[36784, 24566],[36842, 24577],[36876, 24599],[36896, 24622],[36961.25, 24626],[36991, 24635],[37021, 24635],[37045, 24626],[37170, 24626],[37216, 24648],[37253, 24646],[37264, 24656],[37341, 24680],[37395, 24707],[37439, 24746],[37475, 24804],[37475, 24823],[37515, 24884],[37537, 24900],[37569, 24907],[37592, 24928],[37640, 24946],[37658, 24964],[37691, 24960],[37731, 24979],[37787, 25032],[37813, 25040],[37843, 25061],[37883, 25078],[37883, 25092],[37920, 25120],[37938, 25120],[37995, 25154],[37995, 25169],[38024, 25192],[38058, 25190.63],[38058, 25210],[38080, 25232],[38114, 25242],[38159, 25264],[38232, 25320],[38300, 25320],[38326.6, 25328],[38352, 25352],[38389, 25368],[38448, 25376],[38469, 25368],[38480, 25384],[38499, 25384],[38512, 25400],[38537, 25404],[38572, 25439],[38609, 25444],[38626, 25456],[38624, 25472],[38648, 25492],[38656, 25520],[38704, 25540],[38704, 25552],[38732, 25568],[38768, 25608],[38804, 25608],[38808, 25616],[38840, 25616],[38864, 25600],[38864, 25560],[38856, 25559.33],[38856, 25520],[38846, 25510],[38864, 25498],[38880, 25504],[38894, 25489],[38920, 25488],[38925, 25472],[38952, 25472],[38958, 25422],[38920, 25352],[38896, 25324],[38882.21, 25280],[38896, 25272],[38858, 25264],[38792, 25193.33],[38784, 25168],[38761, 25144],[38760, 25128],[38739, 25104],[38736, 25088],[38697, 25063],[38693, 25036],[38657, 25021],[38648, 25005],[38648, 24969],[38624, 24946],[38624, 24928],[38608, 24928],[38576, 24888],[38568, 24856],[38528, 24824],[38503, 24824],[38504, 24792],[38449, 24735],[38435, 24730],[38377, 24672],[38327, 24653],[38305, 24631],[38264, 24608],[38264, 24592],[38248, 24584],[38224, 24590],[38174, 24568],[38130, 24532],[38088, 24532],[38022, 24513],[37968, 24478],[37913, 24466],[37882, 24446],[37876, 24424],[37847, 24418],[37831, 24429],[37807, 24429],[37791, 24418],[37758.75, 24412],[37703, 24382],[37595, 24356],[37569, 24339],[37547, 24314],[37532, 24309],[37471, 24309],[37453.69, 24327.06],[37408, 24297],[37317.83, 24276.88],[37293, 24241],[37273.18, 24225],[37290, 24225],[37337, 24204],[37391, 24192],[37386, 24139],[37396, 24124],[37396, 24063],[37375, 24022],[37375, 24000],[37358, 23972],[37340, 23967],[37324, 23978],[37300.25, 23973],[37249, 23908],[37240.83, 23908],[37206, 23872],[37180.83, 23863],[37138, 23804],[37078, 23810],[37120, 23841],[37101, 23837],[37049, 23811],[36988, 23805],[36947, 23826],[36930, 23874],[36920, 23873],[36892, 23922],[36882, 23966],[36925, 24050],[36961, 24087],[37020, 24114],[37039, 24138],[37039, 24184],[37020.8, 24197],[36980, 24202],[36967.47, 24197],[36938, 24147],[36864, 24067],[36848, 24062],[36801, 24030],[36780, 24025],[36760, 24000],[36722, 23994],[36680, 23978],[36596, 23973],[36581, 23962],[36534, 23952],[36483, 23952],[36456, 23967],[36424, 23952],[36400, 23957],[36307, 23958],[36273, 23953],[36240.19, 23957.98],[36231, 23942],[36207, 23942],[36155, 23968],[36107, 23968],[36102, 23974],[36059, 23974],[36034, 23989],[35981, 23989],[35950, 24010],[35916, 24000],[35865, 24000],[35853, 24022],[35801, 24039],[35768, 24056],[35747, 24047],[35675, 24047],[35658, 24051],[35639, 24021],[35688, 23968],[35696, 23936],[35712, 23920],[35712, 23897.33],[35729, 23880],[35752, 23880],[35753, 23848],[35768, 23800],[35768, 23744],[35760, 23728],[35744, 23728],[35744, 23712],[35760, 23704],[35760, 23672],[35784, 23656],[35784, 23640],[35816, 23616],[35824, 23592],[35824, 23552],[35800, 23528],[35800, 23480],[35808, 23472],[35760, 23472],[35760, 23480],[35704, 23504],[35712, 23520],[35712, 23568],[35696, 23584],[35696, 23616],[35712, 23616],[35712, 23656],[35728, 23664],[35728, 23696],[35704, 23704],[35696, 23720],[35680, 23720],[35656, 23744],[35626, 23742],[35606, 23754],[35600, 23791.8],[35559, 23848],[35539, 23868],[35501, 23865],[35501, 23840],[35512, 23832],[35512, 23798],[35523.33, 23776],[35552, 23768],[35552, 23752],[35568, 23752],[35576, 23736],[35592, 23736],[35608, 23720],[35608, 23688],[35616, 23664],[35632, 23664],[35656, 23648],[35656, 23624],[35672, 23608],[35672, 23560],[35688, 23544],[35656, 23464],[35632, 23456],[35576, 23456],[35576, 23464],[35544, 23456],[35536, 23472],[35520, 23472],[35512, 23496],[35480, 23488],[35472, 23504],[35432, 23520],[35432, 23552],[35392, 23576],[35384, 23616],[35360, 23632],[35384, 23632],[35384, 23648],[35368, 23664],[35368, 23688],[35344, 23688],[35344, 23720],[35320, 23744],[35328, 23768],[35304, 23776],[35312, 23800],[35312, 23888],[35327.59, 23919.59],[35328, 23999],[35350.07, 24048.08],[35357, 24080],[35327, 24135],[35321.62, 24156.19],[35296, 24173],[35246.72, 24226.72],[35233, 24194],[35272, 24136],[35288, 24088]],[[36913, 23912],[36919, 23897],[36919, 23906],[36913, 23912]],[[36193, 23973],[36200, 23968],[36200, 23973],[36193, 23973]],[[36919, 23893],[36924, 23887],[36924, 23890.56],[36919, 23893]],[[36924, 23882],[36929, 23879],[36924, 23886],[36924, 23882]],[[36360, 23963],[36373, 23963],[36368, 23967],[36360, 23963]]]},"properties":{"objectType":"annotation","classification":{"name":"Tumor","color":[102, 77, 179]}}},{"type":"Feature","id":"fbcec8d7-28a7-4107-8313-f97eae15f035","geometry":{"type":"Polygon","coordinates":[[[39123, 30915],[39136, 30979],[39346, 31159],[39453, 31141],[39441, 30993],[39387, 30909],[39244, 30848],[39123, 30915]]]},"properties":{"objectType":"annotation","classification":{"name":"Tumor","color":[102, 77, 179]}}},{"type":"Feature","id":"7ee770ca-9acf-470b-81ac-660a2c3d7ecf","geometry":{"type":"Polygon","coordinates":[[[38200, 30008],[38204, 30014],[38204, 30015],[38205.78, 30016.67],[38206, 30017],[38206, 30031],[38211, 30036],[38211, 30058],[38212, 30059],[38217, 30063],[38217, 30075],[38222, 30080],[38222, 30086],[38222.75, 30086],[38224, 30096],[38261, 30125.6],[38261, 30130],[38266.97, 30135.43],[38280, 30168],[38316, 30174],[38317, 30175],[38321, 30175],[38321, 30176],[38323.8, 30176],[38327, 30180],[38329, 30180],[38329, 30181],[38333, 30181],[38352, 30200],[38408, 30200],[38440, 30208],[38450, 30198],[38453, 30198],[38453, 30197],[38468, 30197],[38473, 30192],[38483, 30192],[38484, 30191],[38485, 30191],[38490, 30186],[38496, 30186],[38496, 30185],[38501, 30181],[38514.38, 30181],[38512, 30200],[38538, 30190.55],[38538, 30191],[38539, 30192],[38558, 30192],[38563, 30187],[38573, 30187],[38574, 30186],[38575, 30186],[38580, 30181],[38586, 30181],[38586, 30180],[38591, 30176],[38595, 30176],[38596, 30175],[38597, 30175],[38618, 30154],[38623, 30154],[38623, 30153],[38625, 30153],[38625, 30151],[38626, 30151],[38626, 30147.2],[38640, 30136],[38640, 30132],[38642, 30130],[38642, 30124],[38652, 30114],[38653, 30114],[38659, 30108],[38660, 30109],[38663, 30109],[38663, 30108],[38680, 30092],[38680, 30090],[38681, 30090],[38681, 30086],[38686, 30081],[38692, 30075],[38692, 30073],[38692, 30069],[38697, 30065],[38697, 30064],[38697, 30063],[38698, 30063],[38698, 30058],[38703, 30053],[38703, 30051],[38703, 30042],[38703, 30034],[38703, 30023],[38703, 30022],[38703, 30006],[38703, 30002],[38702, 30001],[38702, 30000],[38697, 29995],[38692, 29990],[38692, 29985],[38691, 29985],[38691, 29983],[38686, 29979],[38686, 29978],[38686, 29967],[38685, 29967],[38681, 29962],[38681, 29957],[38681, 29935],[38681, 29930],[38680, 29930],[38680, 29928],[38675, 29924],[38675, 29917],[38675, 29912],[38674, 29912],[38670, 29908],[38669, 29907],[38669, 29906],[38664, 29901],[38664, 29896],[38659, 29891],[38659, 29886],[38658, 29886],[38658, 29884],[38654, 29880.8],[38654, 29876],[38653, 29875],[38653, 29874],[38653, 29860],[38658, 29855],[38658, 29854],[38659, 29853],[38659, 29849],[38663, 29844],[38664, 29844],[38664, 29841],[38659, 29836],[38659, 29831],[38658, 29831],[38658, 29829],[38652, 29824],[38652, 29823],[38646, 29823],[38641, 29818],[38631, 29818],[38629, 29818],[38625, 29813],[38624, 29812],[38613, 29812],[38608, 29807],[38603, 29807],[38597, 29807],[38597, 29806],[38596, 29806],[38593, 29803],[38593, 29797],[38592, 29797],[38581, 29786],[38581, 29785],[38567, 29785],[38566, 29786],[38562, 29791],[38526, 29791],[38525, 29790],[38476, 29790],[38460, 29790],[38459, 29790],[38448, 29790],[38444, 29786],[38443, 29785],[38438, 29785],[38437, 29784],[38431, 29784],[38427, 29780],[38421, 29780],[38421, 29779],[38420, 29779],[38416, 29775],[38416, 29774],[38410, 29774],[38405, 29769],[38390, 29769],[38386, 29774],[38385, 29774],[38380, 29774],[38379, 29774],[38374, 29779],[38368, 29779],[38368, 29780],[38363, 29785],[38358, 29785],[38357, 29786],[38353.8, 29790],[38352, 29790],[38351, 29791],[38346, 29791],[38342, 29796],[38340, 29796],[38336, 29796],[38325, 29807],[38324, 29807],[38319, 29807],[38319, 29808],[38315, 29812],[38313, 29812],[38313, 29813],[38308, 29813],[38303, 29818],[38302, 29818],[38296, 29818],[38278, 29818],[38273, 29813],[38267, 29813],[38263, 29809],[38263, 29803],[38258, 29798],[38258, 29788],[38257, 29787],[38257, 29786],[38251, 29780],[38247, 29780],[38247, 29787],[38243, 29791],[38236, 29791],[38231, 29797],[38230, 29797],[38230, 29811],[38231, 29812],[38232, 29812],[38233, 29813],[38237, 29813],[38242, 29817],[38242, 29818],[38248, 29818],[38253, 29823],[38254, 29823],[38255, 29824],[38259, 29824],[38263, 29827],[38263, 29846],[38263, 29852],[38258, 29857],[38257, 29857],[38257, 29866],[38258, 29866],[38258, 29867],[38258, 29872],[38260, 29872],[38258, 29874],[38257, 29874],[38257, 29883],[38258, 29883],[38258, 29884],[38258.66, 29884],[38256, 29888],[38256, 29909.8],[38248, 29917],[38242, 29917],[38242, 29918],[38237, 29923],[38231, 29923],[38226.67, 29927.33],[38224, 29928],[38215, 29928],[38208, 29935],[38208, 29940.2],[38204, 29945],[38203, 29945],[38203, 29946],[38203, 29950],[38198, 29956],[38197, 29956],[38197, 29962],[38192, 29967],[38192, 29977],[38188, 29977],[38188, 29978],[38187, 29978],[38187, 29992],[38194, 29999],[38199.1, 29999],[38200, 29999.82],[38200, 30008]],[[38550.5, 30186],[38551, 30186],[38550, 30187],[38547.75, 30187],[38550.5, 30186]]]},"properties":{"objectType":"annotation","classification":{"name":"Tumor","color":[102, 77, 179]}}},{"type":"Feature","id":"6e967dff-f378-48e8-8c77-3ccf21724937","geometry":{"type":"Polygon","coordinates":[[[37413, 31457],[37413, 31458],[37413, 31477],[37413, 31482],[37414, 31482],[37414, 31483],[37413, 31484],[37413, 31492],[37414, 31493],[37418, 31496.75],[37418, 31498],[37419, 31498],[37419.91, 31499.09],[37419, 31500],[37419, 31504],[37426.54, 31511.07],[37432, 31552],[37462, 31570],[37465.33, 31573.33],[37462, 31576],[37461, 31577],[37461, 31580],[37462, 31580],[37462, 31581],[37469, 31581],[37472, 31584],[37472, 31586],[37473, 31586],[37473, 31587],[37475, 31587],[37476, 31588],[37477, 31591],[37480, 31600],[37493, 31600],[37496, 31603],[37498, 31603],[37498, 31604],[37502, 31604],[37516.67, 31618.67],[37520, 31632],[37553, 31664],[37570.3, 31653],[37573, 31653],[37576.88, 31657.86],[37581, 31675],[37614, 31684],[37617, 31685.89],[37617, 31686],[37617.18, 31686],[37668, 31718],[37739, 31720],[37772, 31740],[37797, 31730],[37809.06, 31730],[37823, 31757],[37804, 31767],[37839, 31781],[37858, 31756],[37901, 31770],[38001, 31784],[38082, 31803],[38098, 31790],[38162, 31807.38],[38162, 31832],[38198, 31863],[38272, 31856],[38304, 31888],[38345, 31888],[38360, 31904],[38417, 31907],[38464, 31936],[38535, 31937],[38560, 31960],[38648, 31968],[38656, 31984],[38712, 31976],[38712, 32000],[38832, 32000],[38856, 31976],[38848, 31880],[38816, 31848],[38824, 31808],[38760, 31768],[38752, 31728],[38720, 31728],[38712, 31688],[38672, 31680],[38672, 31656],[38640, 31632],[38592, 31632],[38552, 31584],[38416, 31544],[38336, 31560],[38280, 31544],[38264, 31520],[38246, 31526.26],[38246, 31526],[38240, 31526],[38203, 31452],[38161, 31447],[38119, 31466],[38079, 31427],[38038.8, 31453.8],[38009, 31438],[37962, 31441],[37935, 31405],[37912, 31422],[37842.94, 31413.94],[37841, 31412],[37841, 31411],[37835, 31411],[37830, 31406],[37824.55, 31406],[37820, 31401],[37819.23, 31401],[37803, 31384],[37832, 31384],[37824, 31368],[37776, 31368],[37776, 31380],[37772, 31380],[37767, 31385],[37761, 31385],[37761, 31386],[37758, 31389],[37746, 31389],[37742, 31384],[37735, 31384],[37735, 31383],[37734.2, 31383],[37731, 31379],[37730, 31378],[37724, 31378],[37720, 31373],[37713, 31373],[37709, 31368],[37708, 31367],[37646, 31367],[37642, 31362],[37631, 31362],[37630, 31361],[37625, 31361],[37621, 31357],[37621, 31356],[37552, 31356],[37551, 31357],[37547, 31362],[37524, 31362],[37519, 31367],[37508, 31367],[37507, 31368],[37503, 31373],[37496, 31373],[37491, 31378],[37480, 31389],[37474, 31389],[37474, 31390],[37468, 31395],[37463, 31395],[37463, 31401],[37460.07, 31404.67],[37458.6, 31406],[37447, 31406],[37447, 31407],[37446.65, 31407.33],[37432, 31400],[37416, 31432],[37417.37, 31442.3],[37414, 31445],[37414, 31446],[37414, 31456],[37413, 31457]]]},"properties":{"objectType":"annotation","classification":{"name":"Tumor","color":[102, 77, 179]}}},{"type":"Feature","id":"dbd2685f-4a4b-4f65-95fe-f5099ba772b1","geometry":{"type":"Polygon","coordinates":[[[44421, 27972],[44430, 28041],[44444, 28055.25],[44444, 28057],[44442, 28059],[44442, 28060],[44447, 28065],[44452, 28065],[44454, 28067],[44454, 28068],[44456, 28068],[44457.02, 28068.51],[44458, 28069.51],[44458, 28077],[44456, 28079],[44456, 28082],[44451, 28086],[44451, 28090],[44456, 28094],[44457, 28095],[44458, 28095],[44463, 28099],[44465, 28099],[44467, 28101],[44472, 28101],[44475, 28104],[44476, 28104],[44480, 28107],[44480, 28112],[44481, 28112],[44482.67, 28113.67],[44475.11, 28167.89],[44474, 28169],[44474, 28171],[44474, 28172],[44473, 28173],[44472, 28174],[44471, 28174],[44471, 28176],[44471, 28178],[44469, 28180],[44469, 28181],[44469, 28185],[44467, 28187],[44467, 28194],[44465, 28196],[44465, 28199],[44465, 28202],[44465, 28203],[44464, 28203],[44464, 28205],[44464, 28209],[44463, 28210],[44462, 28210],[44462, 28220],[44462, 28222],[44463, 28222],[44464, 28223],[44464, 28224],[44465, 28224],[44465, 28225],[44465, 28227],[44467, 28229],[44469, 28231],[44469, 28234],[44471, 28236],[44471, 28238],[44472, 28238],[44474, 28240],[44474, 28241],[44474, 28243],[44476, 28245],[44476, 28250],[44476, 28252],[44478, 28254],[44478, 28260],[44478, 28262],[44478, 28265],[44478, 28267],[44480, 28269],[44480, 28272],[44481, 28272],[44483, 28274],[44483, 28277],[44485, 28277],[44489, 28281],[44490, 28282],[44503, 28295],[44505, 28297],[44508, 28297],[44512, 28301],[44513, 28301],[44513, 28302],[44517, 28302],[44519, 28303],[44519, 28304],[44521, 28304],[44523, 28306],[44526, 28306],[44528, 28308],[44533, 28308],[44535, 28310],[44535, 28311],[44538, 28311],[44538, 28310],[44540, 28308],[44543, 28308],[44545, 28306],[44547, 28306],[44549, 28307],[44549, 28308],[44561, 28308],[44563, 28306],[44565, 28306],[44567, 28304],[44570, 28304],[44570, 28303],[44572, 28302],[44574, 28302],[44574, 28301],[44576.5, 28299],[44577, 28299],[44577, 28298.6],[44579, 28297],[44579, 28292],[44580, 28292],[44580, 28284],[44585, 28279],[44588, 28279],[44591, 28276],[44592, 28275],[44594, 28275],[44594, 28274],[44595, 28274],[44597, 28272],[44597, 28270],[44599, 28268],[44600, 28267],[44602, 28265],[44602, 28264],[44609, 28257],[44610, 28257],[44610, 28256],[44611, 28256],[44617, 28250],[44618, 28249],[44620, 28247],[44620, 28245],[44620, 28244],[44623, 28241],[44623, 28235],[44624, 28234],[44624, 28229],[44625, 28229],[44625, 28224],[44626, 28223],[44626, 28222],[44627, 28222],[44627, 28221],[44628, 28220],[44629, 28220],[44629, 28218],[44631, 28216],[44631, 28213],[44631, 28211],[44631, 28210],[44632, 28210],[44632, 28208],[44633, 28207],[44633, 28192],[44631, 28190],[44631, 28189],[44631, 28187],[44631, 28185],[44631, 28184],[44631, 28183],[44629, 28181],[44629, 28180],[44629, 28179],[44629, 28178],[44629, 28176],[44628, 28176],[44627, 28174],[44627, 28172],[44627, 28170],[44626, 28170],[44626, 28169],[44625, 28168],[44625, 28166],[44624, 28166],[44624, 28164],[44624, 28154],[44625, 28154],[44625, 28151],[44626, 28150],[44627, 28150],[44627, 28148],[44627, 28147],[44627, 28146],[44628, 28144],[44629, 28144],[44629, 28142],[44628, 28142],[44627, 28140],[44627, 28139],[44627, 28138],[44626, 28138],[44626, 28137],[44624, 28135],[44624, 28133],[44622, 28131],[44621, 28130],[44615, 28124],[44612, 28124],[44609, 28121],[44608, 28120],[44608, 28119],[44606, 28119],[44604.74, 28117.83],[44604, 28117],[44603.85, 28117],[44595, 28108.79],[44595, 28108],[44594.15, 28108],[44592, 28106],[44590, 28106],[44588, 28104],[44586, 28102],[44586, 28101],[44583, 28101],[44579, 28097],[44577, 28095],[44576.62, 28095],[44569, 28069],[44686, 28007],[44800, 27892],[44846, 27768],[44788, 27720],[44654, 27739],[44615, 27806],[44488, 27868],[44421, 27972]]]},"properties":{"objectType":"annotation","classification":{"name":"Tumor","color":[102, 77, 179]}}},{"type":"Feature","id":"b0ee412f-bb4a-4220-b44f-6c68e3b5edf4","geometry":{"type":"Polygon","coordinates":[[[44823, 28211],[44823, 28213],[44823, 28215],[44823, 28223],[44823, 28224],[44823, 28229],[44824, 28229],[44826, 28231],[44826, 28232],[44826, 28233],[44828, 28235],[44828, 28238],[44830, 28240],[44830, 28244],[44832, 28246],[44832, 28251],[44833, 28251],[44835, 28253],[44835, 28256],[44839, 28260],[44839, 28262],[44841, 28264],[44841, 28267],[44842, 28267],[44844, 28269],[44846, 28271],[44846, 28274],[44846, 28275],[44847, 28275],[44848, 28276],[44848, 28278],[44849, 28278.8],[44849, 28279],[44849, 28280],[44851, 28282],[44851, 28284],[44852, 28285],[44853, 28286],[44853, 28287],[44853, 28289],[44855, 28291],[44855, 28292],[44855, 28293],[44856, 28293],[44857, 28294.25],[44857, 28295],[44857, 28296],[44858, 28296],[44858, 28297],[44858, 28298],[44860, 28300],[44862, 28302],[44862, 28303],[44864, 28304.86],[44864, 28305],[44864, 28306],[44864, 28307],[44865, 28307],[44866, 28308],[44867, 28309],[44869, 28311],[44871, 28313],[44871, 28315],[44871, 28316],[44872, 28316],[44873, 28317],[44873, 28318],[44876, 28318],[44877, 28319],[44888, 28319],[44890, 28317],[44891, 28317],[44892, 28318],[44893, 28319],[44898, 28319],[44899, 28320],[44901, 28320],[44902, 28321],[44905, 28321],[44905, 28323],[44906, 28323],[44907, 28322],[44907, 28323],[44908, 28323],[44908.5, 28322.5],[44909, 28323],[44910, 28323],[44910, 28324],[44932, 28324],[44934, 28322],[44936, 28322],[44936, 28321],[44940, 28321],[44941, 28320],[44942, 28320],[44942, 28319],[44947, 28319],[44948, 28318],[44949, 28318],[44949, 28317],[44956, 28317],[44956, 28316],[44958, 28315],[44962, 28315],[44962, 28314],[44967, 28310],[44967, 28307],[44970, 28304],[44970, 28303],[44971, 28301],[44972, 28301],[44972, 28298],[44974, 28296],[44974, 28294],[44978, 28289],[44979, 28289],[44979, 28287],[44981, 28285],[44983, 28283],[44985, 28283],[44986, 28282],[44987, 28281],[44988, 28280],[44990, 28280],[44992, 28277],[44993, 28277],[44993, 28275],[44994, 28274],[44994, 28273],[44995, 28273],[44995, 28271],[44995, 28268],[44996, 28267],[44996, 28266],[44997, 28266],[44997, 28260],[44998, 28258],[44999, 28258],[44999, 28255],[45001, 28253],[45001, 28249],[45002, 28248],[45003, 28247],[45003, 28245],[45004, 28244],[45004, 28243],[45006, 28241],[45006, 28239],[45006, 28238],[45007, 28238],[45007, 28236],[45007, 28235],[45008, 28235],[45008, 28233],[45008, 28232],[45009, 28232],[45009, 28230],[45010, 28229],[45010, 28226],[45011, 28226],[45011, 28225],[45011, 28224],[45011, 28221],[45012, 28220],[45012, 28212],[45013, 28212],[45013, 28210],[45013, 28208],[45013, 28207],[45015, 28205],[45015, 28203],[45015, 28201],[45016, 28199],[45017, 28199],[45017, 28197],[45017, 28195],[45019, 28193],[45019, 28188],[45020, 28187],[45021, 28186],[45021, 28179],[45022, 28179],[45022, 28173],[45022, 28172],[45022, 28171],[45022, 28149],[45022, 28146],[45022, 28145],[45022, 28144],[45022, 28141],[45021, 28141],[45020, 28139],[45020, 28138],[45020, 28137],[45020, 28136],[45020, 28132],[45020, 28130],[45020, 28128],[45019, 28128],[45019, 28126],[45017, 28124],[45017, 28123],[45017, 28121],[45016, 28121],[45012, 28117],[45009, 28117],[45007, 28115],[45007, 28114],[45003, 28114],[45001, 28112],[44998, 28112],[44996, 28110],[44994, 28110],[44992, 28108],[44987, 28108],[44985, 28106],[44985, 28105],[44980, 28105],[44978, 28103],[44973, 28103],[44971, 28101],[44969, 28101],[44967, 28099],[44964.5, 28099],[44963, 28097],[44963, 28083],[44962, 28083],[44961, 28081],[44961, 28077],[44960, 28077],[44960, 28076],[44958, 28076],[44957, 28075],[44957, 28073],[44957, 28072],[44956, 28072],[44956, 28071],[44955, 28070],[44955, 28066],[44955, 28065],[44954, 28065],[44954, 28064],[44954, 28062],[44953, 28061],[44953, 28058],[44952, 28058],[44952, 28057],[44950, 28055],[44950, 28053],[44950, 28040],[44950, 28039],[44950, 28038],[44950, 28037],[44951, 28035],[44952, 28035],[44952, 28034],[44952, 28033],[44952, 28028],[44952, 28027],[44953, 28026],[44953, 28025],[44954, 28025],[44954, 28016],[44953, 28016],[44953, 28015],[44952, 28014],[44952, 28012],[44952, 28011],[44952, 28009],[44952, 28005],[44943, 28005],[44942, 28006],[44941, 28006],[44940, 28007],[44939, 28007],[44938, 28008],[44937, 28009],[44936, 28009],[44936, 28011],[44934, 28013],[44932, 28015],[44932, 28016],[44932, 28017],[44928, 28021],[44928, 28020],[44927, 28020],[44927, 28019],[44919, 28019],[44919, 28021],[44914, 28021],[44914, 28023],[44911, 28023],[44911, 28026],[44905, 28026],[44905, 28028],[44905, 28033],[44903, 28035],[44903, 28038],[44901, 28040],[44901, 28041],[44898, 28044],[44898, 28044.85],[44896.93, 28046],[44896, 28046],[44896, 28047],[44894, 28049],[44893, 28050],[44892, 28051],[44891, 28051],[44891, 28054],[44889, 28056],[44887, 28058],[44887, 28059],[44887, 28060],[44885, 28062],[44885, 28064],[44885, 28065],[44883, 28067],[44880, 28067],[44880, 28070],[44878, 28072],[44875, 28072],[44875, 28077],[44869, 28083],[44868, 28083],[44868, 28086],[44867, 28087],[44866, 28087],[44866, 28088],[44865, 28089],[44864, 28089],[44864, 28090],[44864, 28091],[44864, 28092],[44863, 28093],[44862, 28094],[44862, 28095],[44862, 28096],[44862, 28097],[44862, 28112],[44860, 28114],[44860, 28116],[44860, 28119],[44859, 28119],[44859, 28121],[44858, 28122],[44858, 28123],[44858, 28125],[44858, 28126],[44858, 28127],[44857, 28127],[44857, 28128],[44856, 28129],[44856, 28130],[44855, 28130],[44855, 28132],[44855, 28133],[44855, 28134],[44855, 28135],[44854, 28136],[44853, 28136],[44853, 28137],[44853, 28138],[44853, 28139],[44852, 28140],[44851, 28140],[44851, 28143],[44849, 28145],[44849, 28147],[44849, 28148],[44848, 28148],[44848, 28149],[44848, 28150],[44848, 28151],[44847, 28152],[44846, 28152],[44846, 28154],[44846, 28155],[44845, 28156],[44844, 28157],[44844, 28159],[44844, 28161],[44842, 28163],[44842, 28164],[44842, 28169],[44841, 28169],[44841, 28173],[44839, 28175],[44839, 28180],[44837, 28182],[44837, 28185],[44835, 28187],[44835, 28191],[44830, 28196],[44830, 28198],[44828, 28200],[44826, 28202],[44826, 28204],[44826, 28205],[44826, 28206],[44825, 28207],[44824, 28208],[44824, 28209],[44824, 28210],[44824, 28211],[44823, 28211]]]},"properties":{"objectType":"annotation","classification":{"name":"Tumor","color":[102, 77, 179]}}},{"type":"Feature","id":"f40e6a19-b56f-4e04-9635-b3de4b03830e","geometry":{"type":"Polygon","coordinates":[[[44478, 29000],[44468, 29078],[44433.07, 29121.07],[44430, 29118],[44430, 29113],[44423, 29113],[44421, 29115],[44421, 29120],[44413, 29120],[44413, 29122],[44413, 29124],[44412, 29125],[44411, 29125],[44411, 29126],[44411, 29127],[44409, 29129],[44407, 29131],[44407, 29134],[44405, 29136],[44404, 29136],[44404, 29138],[44402, 29140],[44402, 29141],[44402, 29142],[44402, 29143],[44398, 29147],[44396, 29149],[44395, 29149],[44395, 29150],[44395, 29152],[44394, 29153],[44393, 29153],[44384, 29162],[44384, 29163],[44382, 29165],[44373, 29174],[44369, 29178],[44368, 29178],[44368, 29181],[44366, 29183],[44366, 29185],[44364, 29187],[44364, 29190],[44362, 29192],[44362, 29194],[44359, 29197],[44357, 29199],[44357, 29201],[44357, 29203],[44355, 29205],[44355, 29206],[44355, 29208],[44353, 29210],[44353, 29212],[44351, 29214],[44350, 29214],[44350, 29215],[44350, 29216],[44350, 29217],[44348, 29219],[44348, 29221],[44348, 29222],[44348, 29223],[44346, 29225],[44346, 29226],[44346, 29228],[44344, 29230],[44344, 29231],[44344, 29232],[44344, 29235],[44342, 29237],[44341, 29237],[44341, 29239],[44341, 29240],[44341, 29242],[44339, 29244],[44339, 29246],[44339, 29247],[44338, 29248],[44338, 29252],[44337, 29253],[44337, 29255],[44337, 29261],[44337, 29263],[44339, 29265],[44339, 29268],[44339, 29270],[44339, 29273],[44339, 29275],[44339, 29282],[44339, 29285],[44339, 29287],[44337, 29289],[44337, 29293],[44337, 29294],[44337, 29298],[44335, 29300],[44335, 29302],[44335, 29303],[44335, 29305],[44333, 29307],[44333, 29309],[44332, 29309],[44332, 29310],[44331, 29311],[44331, 29315],[44330, 29316],[44330, 29317],[44329, 29318],[44329, 29319],[44328, 29319],[44325, 29321],[44325, 29330],[44324, 29331],[44324, 29338],[44323, 29338],[44323, 29339],[44323, 29340],[44323, 29341],[44323, 29346],[44323, 29353],[44323, 29354],[44323, 29355],[44324, 29355],[44326, 29357],[44326, 29358],[44326, 29362],[44326, 29367],[44328, 29369],[44328, 29371],[44330, 29373],[44330, 29376],[44332, 29378],[44332, 29380],[44332, 29381],[44333, 29381],[44335, 29383],[44335, 29385],[44337, 29387],[44337, 29389],[44339, 29391],[44339, 29392],[44339, 29394],[44346, 29400.22],[44346, 29401],[44348, 29403],[44348, 29405],[44349, 29406],[44349, 29408],[44350, 29408],[44350, 29410],[44350, 29412],[44351, 29412],[44353, 29414],[44353, 29416],[44355, 29418],[44355, 29419],[44358, 29419],[44360, 29421],[44361, 29421],[44362.33, 29419],[44363, 29419],[44365.34, 29417],[44365.84, 29417],[44424, 29482],[44430, 29482],[44431, 29482],[44433, 29484],[44434, 29485],[44434, 29486],[44435, 29487],[44435, 29489],[44441, 29494.63],[44441, 29495],[44443, 29496.6],[44443, 29498],[44444, 29498],[44446, 29500],[44446.73, 29500],[44447, 29500.25],[44447, 29501],[44447.8, 29501],[44451, 29504],[44451, 29505],[44453, 29505],[44455, 29505],[44456, 29505],[44458, 29505],[44460, 29505],[44461, 29505],[44462, 29505],[44463, 29505],[44468, 29505],[44473, 29505],[44473, 29504],[44475, 29503],[44476, 29503],[44478, 29501],[44479, 29500],[44482, 29500],[44488, 29494],[44489, 29494],[44490, 29494],[44490, 29493],[44491, 29493],[44491.67, 29492.33],[44493, 29493],[44493, 29494],[44494, 29494],[44495, 29494],[44498, 29496.25],[44498, 29509],[44498, 29511],[44500, 29513],[44500, 29516],[44503, 29516],[44505, 29518],[44513, 29518],[44515, 29516],[44518, 29516],[44520, 29516],[44528, 29516],[44530, 29518],[44531, 29518],[44532, 29518],[44536, 29522],[44536, 29523],[44537, 29523],[44539, 29523],[44541, 29523],[44542, 29523],[44543, 29523],[44544, 29523],[44544, 29522],[44549, 29518],[44552, 29516],[44552, 29512],[44552, 29510],[44551, 29510],[44550, 29508],[44550, 29505],[44550, 29504],[44548, 29502],[44548, 29497],[44547, 29497],[44547, 29496],[44545, 29494],[44545, 29490],[44546, 29489],[44546, 29487],[44548, 29485],[44550, 29485],[44550, 29484],[44551, 29484],[44553, 29482],[44555, 29482],[44557, 29484],[44557, 29485],[44558, 29485],[44560, 29485],[44566, 29485],[44568, 29483],[44573, 29483],[44575, 29483],[44575, 29482],[44576, 29482],[44577, 29482],[44578, 29482],[44579, 29482],[44586, 29482],[44609.39, 29455],[44610, 29455],[44612, 29453],[44614, 29453],[44616, 29451],[44617, 29451],[44619, 29451],[44619, 29450],[44621, 29449],[44623, 29449],[44623, 29448],[44625, 29446],[44626, 29446],[44628, 29446],[44632, 29441],[44633, 29441],[44633, 29437],[44635, 29435],[44635, 29426],[44635, 29425.44],[44635.38, 29425],[44636, 29425],[44636, 29424.29],[44637.86, 29422.14],[44641, 29419],[44642, 29419],[44644, 29419],[44646, 29417],[44648, 29417],[44650, 29415],[44651, 29415],[44653, 29415],[44653, 29414],[44655, 29413],[44656, 29413],[44659, 29410],[44660, 29410],[44662, 29408],[44662, 29407],[44664, 29405],[44664, 29404],[44663.5, 29403.5],[44664, 29403],[44664, 29402],[44664, 29397],[44662, 29395],[44662, 29394.26],[44709, 29340],[44783, 29129],[44959, 28959],[44950, 28783],[44845, 28724],[44715, 28742],[44681, 28625],[44614, 28540],[44455, 28492],[44267, 28502],[44108, 28624],[44062, 28708],[44052, 28943],[44081, 29038],[44234, 29112],[44327, 29075],[44429, 28992],[44478, 29000]],[[44659.63, 29397],[44660, 29396.57],[44660, 29397],[44659.63, 29397]],[[44656.16, 29401],[44658, 29398.88],[44658, 29399],[44656.29, 29401],[44656.16, 29401]],[[44656, 29401.18],[44656, 29401.33],[44655.19, 29402.28],[44654.59, 29402.81],[44656, 29401.18]]]},"properties":{"objectType":"annotation","classification":{"name":"Tumor","color":[102, 77, 179]}}}]}